#include "lvgl.h"
// Auto-generated from tiltdash_side_105_alpha.png (276x105) by tools/graphics/png_to_lvgl.py
static const LV_ATTRIBUTE_MEM_ALIGN LV_ATTRIBUTE_LARGE_CONST uint8_t tiltdash_side_105_alpha_map[] = {
  0xFF, 0xFF, 0x00, 0xFF, 0xFF, 0x00, 0xFF, 0xFF, 0x00, 0xFF, 0xFF, 0x00, 0xFF, 0xFF, 0x00, 0xFF, 0xFF, 0x00, 0xFF, 0xFF, 0x00, 0xFF, 0xFF, 0x00,
  0xFF, 0xFF, 0x00, 0xFF, 0xFF, 0x00, 0xFF, 0xFF, 0x00, 0xFF, 0xFF, 0x00, 0xFF, 0xFF, 0x00, 0xFF, 0xFF, 0x00, 0xFF, 0xFF, 0x00, 0xFF, 0xFF, 0x00,
  0xFF, 0xFF, 0x00, 0xFF, 0xFF, 0x00, 0xFF, 0xFF, 0x00, 0xFF, 0xFF, 0x00, 0xFF, 0xFF, 0x00, 0xFF, 0xFF, 0x00, 0xFF, 0xFF, 0x00, 0xFF, 0xFF, 0x00,
  0xFF, 0xFF, 0x00, 0xFF, 0xFF, 0x00, 0xFF, 0xFF, 0x00, 0xFF, 0xFF, 0x00, 0xFF, 0xFF, 0x00, 0xFF, 0xFF, 0x00, 0xFF, 0xFF, 0x00, 0xFF, 0xFF, 0x00,
  0xFF, 0xFF, 0x00, 0xFF, 0xFF, 0x00, 0xFF, 0xFF, 0x00, 0xFF, 0xFF, 0x00, 0xFF, 0xFF, 0x00, 0xFF, 0xFF, 0x00, 0xFF, 0xFF, 0x00, 0xFF, 0xFF, 0x00,
  0xFF, 0xFF, 0x00, 0xFF, 0xFF, 0x00, 0xFF, 0xFF, 0x00, 0xFF, 0xFF, 0x00, 0xFF, 0xFF, 0x00, 0xFF, 0xFF, 0x00, 0xFF, 0xFF, 0x00, 0xFF, 0xFF, 0x00,
  0xFF, 0xFF, 0x00, 0xFF, 0xFF, 0x00, 0xFF, 0xFF, 0x00, 0xFF, 0xFF, 0x00, 0xFF, 0xFF, 0x00, 0xFF, 0xFF, 0x00, 0xFF, 0xFF, 0x00, 0xFF, 0xFF, 0x00,
  0xFF, 0xFF, 0x00, 0xFF, 0xFF, 0x00, 0xFF, 0xFF, 0x00, 0xFF, 0xFF, 0x00, 0xFF, 0xFF, 0x00, 0xFF, 0xFF, 0x00, 0xFF, 0xFF, 0x00, 0xFF, 0xFF, 0x00,
  0xFF, 0xFF, 0x00, 0xFF, 0xFF, 0x00, 0xFF, 0xFF, 0x00, 0xFF, 0xFF, 0x00, 0xFF, 0xFF, 0x00, 0xFF, 0xFF, 0x00, 0xFF, 0xFF, 0x00, 0xFF, 0xFF, 0x00,
  0xFF, 0xFF, 0x00, 0xFF, 0xFF, 0x00, 0xFF, 0xFF, 0x00, 0xFF, 0xFF, 0x00, 0xFF, 0xFF, 0x00, 0xFF, 0xFF, 0x00, 0xFF, 0xFF, 0x00, 0xFF, 0xFF, 0x00,
  0xFF, 0xFF, 0x00, 0xFF, 0xFF, 0x00, 0xFF, 0xFF, 0x00, 0xFF, 0xFF, 0x00, 0xFF, 0xFF, 0x00, 0xFF, 0xFF, 0x00, 0xFF, 0xFF, 0x00, 0xFF, 0xFF, 0x00,
  0xFF, 0xFF, 0x00, 0xFF, 0xFF, 0x00, 0xFF, 0xFF, 0x00, 0xFF, 0xFF, 0x00, 0xFF, 0xFF, 0x00, 0xFF, 0xFF, 0x00, 0xFF, 0xFF, 0x00, 0xFF, 0xFF, 0x00,
  0xFF, 0xFF, 0x00, 0xFF, 0xFF, 0x00, 0xFF, 0xFF, 0x00, 0xFF, 0xFF, 0x00, 0xFF, 0xFF, 0x00, 0xFF, 0xFF, 0x00, 0xFF, 0xFF, 0x00, 0xFF, 0xFF, 0x00,
  0xFF, 0xFF, 0x00, 0xFF, 0xFF, 0x00, 0xFF, 0xFF, 0x00, 0xFF, 0xFF, 0x00, 0xFF, 0xFF, 0x00, 0xFF, 0xFF, 0x00, 0xFF, 0xFF, 0x00, 0xFF, 0xFF, 0x00,
  0xFF, 0xFF, 0x00, 0xFF, 0xFF, 0x00, 0xFF, 0xFF, 0x00, 0xFF, 0xFF, 0x00, 0xFF, 0xFF, 0x00, 0xFF, 0xFF, 0x00, 0xFF, 0xFF, 0x00, 0xFF, 0xFF, 0x00,
  0xFF, 0xFF, 0x00, 0xFF, 0xFF, 0x00, 0xFF, 0xFF, 0x00, 0xFF, 0xFF, 0x00, 0xFF, 0xFF, 0x00, 0xFF, 0xFF, 0x00, 0xFF, 0xFF, 0x00, 0xFF, 0xFF, 0x00,
  0xFF, 0xFF, 0x00, 0xFF, 0xFF, 0x00, 0xFF, 0xFF, 0x00, 0xFF, 0xFF, 0x00, 0xFF, 0xFF, 0x00, 0xFF, 0xFF, 0x00, 0xFF, 0xFF, 0x00, 0xFF, 0xFF, 0x00,
  0xFF, 0xFF, 0x00, 0xFF, 0xFF, 0x00, 0xFF, 0xFF, 0x00, 0xFF, 0xFF, 0x00, 0xFF, 0xFF, 0x00, 0xFF, 0xFF, 0x00, 0xFF, 0xFF, 0x00, 0xFF, 0xFF, 0x00,
  0xFF, 0xFF, 0x00, 0xFF, 0xFF, 0x00, 0xFF, 0xFF, 0x00, 0xFF, 0xFF, 0x00, 0xFF, 0xFF, 0x00, 0xFF, 0xFF, 0x00, 0xFF, 0xFF, 0x00, 0xFF, 0xFF, 0x00,
  0xFF, 0xFF, 0x00, 0xFF, 0xFF, 0x00, 0xFF, 0xFF, 0x00, 0xFF, 0xFF, 0x00, 0xFF, 0xFF, 0x00, 0xFF, 0xFF, 0x00, 0xFF, 0xFF, 0x00, 0xFF, 0xFF, 0x00,
  0xFF, 0xFF, 0x00, 0xFF, 0xFF, 0x00, 0xFF, 0xFF, 0x00, 0xFF, 0xFF, 0x00, 0xFF, 0xFF, 0x00, 0xFF, 0xFF, 0x00, 0xFF, 0xFF, 0x00, 0xFF, 0xFF, 0x00,
  0xFF, 0xFF, 0x00, 0xFF, 0xFF, 0x00, 0xFF, 0xFF, 0x00, 0xFF, 0xFF, 0x00, 0xFF, 0xFF, 0x00, 0xFF, 0xFF, 0x00, 0xFF, 0xFF, 0x00, 0xFF, 0xFF, 0x00,
  0xFF, 0xFF, 0x00, 0xFF, 0xFF, 0x00, 0xFF, 0xFF, 0x00, 0xFF, 0xFF, 0x00, 0xFF, 0xFF, 0x00, 0xFF, 0xFF, 0x00, 0xFF, 0xFF, 0x00, 0xFF, 0xFF, 0x00,
  0xFF, 0xFF, 0x00, 0xFF, 0xFF, 0x00, 0xFF, 0xFF, 0x00, 0xFF, 0xFF, 0x00, 0xFF, 0xFF, 0x00, 0xFF, 0xFF, 0x00, 0xFF, 0xFF, 0x00, 0xFF, 0xFF, 0x00,
  0xFF, 0xFF, 0x00, 0xFF, 0xFF, 0x00, 0xFF, 0xFF, 0x00, 0xFF, 0xFF, 0x00, 0xFF, 0xFF, 0x00, 0xFF, 0xFF, 0x00, 0xFF, 0xFF, 0x00, 0xFF, 0xFF, 0x00,
  0xFF, 0xFF, 0x00, 0xFF, 0xFF, 0x00, 0xFF, 0xFF, 0x00, 0xFF, 0xFF, 0x00, 0xFF, 0xFF, 0x00, 0xFF, 0xFF, 0x00, 0xFF, 0xFF, 0x00, 0xFF, 0xFF, 0x00,
  0xFF, 0xFF, 0x00, 0xFF, 0xFF, 0x00, 0xFF, 0xFF, 0x00, 0xFF, 0xFF, 0x00, 0xFF, 0xFF, 0x00, 0xFF, 0xFF, 0x00, 0xFF, 0xFF, 0x00, 0xFF, 0xFF, 0x00,
  0xFF, 0xFF, 0x00, 0xFF, 0xFF, 0x00, 0xFF, 0xFF, 0x00, 0xFF, 0xFF, 0x00, 0xFF, 0xFF, 0x00, 0xFF, 0xFF, 0x00, 0xFF, 0xFF, 0x00, 0xFF, 0xFF, 0x00,
  0xFF, 0xFF, 0x00, 0xFF, 0xFF, 0x00, 0xFF, 0xFF, 0x00, 0xFF, 0xFF, 0x00, 0xFF, 0xFF, 0x00, 0xFF, 0xFF, 0x00, 0xFF, 0xFF, 0x00, 0xFF, 0xFF, 0x00,
  0xFF, 0xFF, 0x00, 0xFF, 0xFF, 0x00, 0xFF, 0xFF, 0x00, 0xFF, 0xFF, 0x00, 0xFF, 0xFF, 0x00, 0xFF, 0xFF, 0x00, 0xFF, 0xFF, 0x00, 0xFF, 0xFF, 0x00,
  0xFF, 0xFF, 0x00, 0xFF, 0xFF, 0x00, 0xFF, 0xFF, 0x00, 0xFF, 0xFF, 0x00, 0xFF, 0xFF, 0x00, 0xFF, 0xFF, 0x00, 0xFF, 0xFF, 0x00, 0xFF, 0xFF, 0x00,
  0xFF, 0xFF, 0x00, 0xFF, 0xFF, 0x00, 0xFF, 0xFF, 0x00, 0xFF, 0xFF, 0x00, 0xFF, 0xFF, 0x00, 0xFF, 0xFF, 0x00, 0xFF, 0xFF, 0x00, 0xFF, 0xFF, 0x00,
  0xFF, 0xFF, 0x00, 0xFF, 0xFF, 0x00, 0xFF, 0xFF, 0x00, 0xFF, 0xFF, 0x00, 0xFF, 0xFF, 0x00, 0xFF, 0xFF, 0x00, 0xFF, 0xFF, 0x00, 0xFF, 0xFF, 0x00,
  0xFF, 0xFF, 0x00, 0xFF, 0xFF, 0x00, 0xFF, 0xFF, 0x00, 0xFF, 0xFF, 0x00, 0xFF, 0xFF, 0x00, 0xFF, 0xFF, 0x00, 0xFF, 0xFF, 0x00, 0xFF, 0xFF, 0x00,
  0xFF, 0xFF, 0x00, 0xFF, 0xFF, 0x00, 0xFF, 0xFF, 0x00, 0xFF, 0xFF, 0x00, 0xFF, 0xFF, 0x00, 0xFF, 0xFF, 0x00, 0xFF, 0xFF, 0x00, 0xFF, 0xFF, 0x00,
  0xFF, 0xFF, 0x00, 0xFF, 0xFF, 0x00, 0xFF, 0xFF, 0x00, 0xFF, 0xFF, 0x00, 0xFF, 0xFF, 0x00, 0xFF, 0xFF, 0x00, 0xFF, 0xFF, 0x00, 0xFF, 0xFF, 0x00,
  0xFF, 0xFF, 0x00, 0xFF, 0xFF, 0x00, 0xFF, 0xFF, 0x00, 0xFF, 0xFF, 0x00, 0xFF, 0xFF, 0x00, 0xFF, 0xFF, 0x00, 0xFF, 0xFF, 0x00, 0xFF, 0xFF, 0x00,
  0xFF, 0xFF, 0x00, 0xFF, 0xFF, 0x00, 0xFF, 0xFF, 0x00, 0xFF, 0xFF, 0x00, 0xFF, 0xFF, 0x00, 0xFF, 0xFF, 0x00, 0xFF, 0xFF, 0x00, 0xFF, 0xFF, 0x00,
  0xFF, 0xFF, 0x00, 0xFF, 0xFF, 0x00, 0xFF, 0xFF, 0x00, 0xFF, 0xFF, 0x00, 0xFF, 0xFF, 0x00, 0xFF, 0xFF, 0x00, 0xFF, 0xFF, 0x00, 0xFF, 0xFF, 0x00,
  0xFF, 0xFF, 0x00, 0xFF, 0xFF, 0x00, 0xFF, 0xFF, 0x00, 0xFF, 0xFF, 0x00, 0xFF, 0xFF, 0x00, 0xFF, 0xFF, 0x00, 0xFF, 0xFF, 0x00, 0xFF, 0xFF, 0x00,
  0xFF, 0xFF, 0x00, 0xFF, 0xFF, 0x00, 0xFF, 0xFF, 0x00, 0xFF, 0xFF, 0x00, 0xFF, 0xFF, 0x00, 0xFF, 0xFF, 0x00, 0xFF, 0xFF, 0x00, 0xFF, 0xFF, 0x00,
  0xFF, 0xFF, 0x00, 0xFF, 0xFF, 0x00, 0xFF, 0xFF, 0x00, 0xFF, 0xFF, 0x00, 0xFF, 0xFF, 0x00, 0xFF, 0xFF, 0x00, 0xFF, 0xFF, 0x00, 0xFF, 0xFF, 0x00,
  0xFF, 0xFF, 0x00, 0xFF, 0xFF, 0x00, 0xFF, 0xFF, 0x00, 0xFF, 0xFF, 0x00, 0xFF, 0xFF, 0x00, 0xFF, 0xFF, 0x00, 0xFF, 0xFF, 0x00, 0xFF, 0xFF, 0x00,
  0xFF, 0xFF, 0x00, 0xFF, 0xFF, 0x00, 0xFF, 0xFF, 0x00, 0xFF, 0xFF, 0x00, 0xFF, 0xFF, 0x00, 0xFF, 0xFF, 0x00, 0xFF, 0xFF, 0x00, 0xFF, 0xFF, 0x00,
  0xFF, 0xFF, 0x00, 0xFF, 0xFF, 0x00, 0xFF, 0xFF, 0x00, 0xFF, 0xFF, 0x00, 0xFF, 0xFF, 0x00, 0xFF, 0xFF, 0x00, 0xFF, 0xFF, 0x00, 0xFF, 0xFF, 0x00,
  0xFF, 0xFF, 0x00, 0xFF, 0xFF, 0x00, 0xFF, 0xFF, 0x00, 0xFF, 0xFF, 0x00, 0xFF, 0xFF, 0x00, 0xFF, 0xFF, 0x00, 0xFF, 0xFF, 0x00, 0xFF, 0xFF, 0x00,
  0xFF, 0xFF, 0x00, 0xFF, 0xFF, 0x00, 0xFF, 0xFF, 0x00, 0xFF, 0xFF, 0x00, 0xFF, 0xFF, 0x00, 0xFF, 0xFF, 0x00, 0xFF, 0xFF, 0x00, 0xFF, 0xFF, 0x00,
  0xFF, 0xFF, 0x00, 0xFF, 0xFF, 0x00, 0xFF, 0xFF, 0x00, 0xFF, 0xFF, 0x00, 0xFF, 0xFF, 0x00, 0xFF, 0xFF, 0x00, 0xFF, 0xFF, 0x00, 0xFF, 0xFF, 0x00,
  0xFF, 0xFF, 0x00, 0xFF, 0xFF, 0x00, 0xFF, 0xFF, 0x00, 0xFF, 0xFF, 0x00, 0xFF, 0xFF, 0x00, 0xFF, 0xFF, 0x00, 0xFF, 0xFF, 0x00, 0xFF, 0xFF, 0x00,
  0xFF, 0xFF, 0x00, 0xFF, 0xFF, 0x00, 0xFF, 0xFF, 0x00, 0xFF, 0xFF, 0x00, 0xFF, 0xFF, 0x00, 0xFF, 0xFF, 0x00, 0xFF, 0xFF, 0x00, 0xFF, 0xFF, 0x00,
  0xFF, 0xFF, 0x00, 0xFF, 0xFF, 0x00, 0xFF, 0xFF, 0x00, 0xFF, 0xFF, 0x00, 0xFF, 0xFF, 0x00, 0xFF, 0xFF, 0x00, 0xFF, 0xFF, 0x00, 0xFF, 0xFF, 0x00,
  0xFF, 0xFF, 0x00, 0xFF, 0xFF, 0x00, 0xFF, 0xFF, 0x00, 0xFF, 0xFF, 0x00, 0xFF, 0xFF, 0x00, 0xFF, 0xFF, 0x00, 0xFF, 0xFF, 0x00, 0xFF, 0xFF, 0x00,
  0xFF, 0xFF, 0x00, 0xFF, 0xFF, 0x00, 0xFF, 0xFF, 0x00, 0xFF, 0xFF, 0x00, 0xFF, 0xFF, 0x00, 0xFF, 0xFF, 0x00, 0xFF, 0xFF, 0x00, 0xFF, 0xFF, 0x00,
  0xFF, 0xFF, 0x00, 0xFF, 0xFF, 0x00, 0xFF, 0xFF, 0x00, 0xFF, 0xFF, 0x00, 0xFF, 0xFF, 0x00, 0xFF, 0xFF, 0x00, 0xFF, 0xFF, 0x00, 0xFF, 0xFF, 0x00,
  0xFF, 0xFF, 0x00, 0xFF, 0xFF, 0x00, 0xFF, 0xFF, 0x00, 0xFF, 0xFF, 0x00, 0xFF, 0xFF, 0x00, 0xFF, 0xFF, 0x00, 0xFF, 0xFF, 0x00, 0xFF, 0xFF, 0x00,
  0xFF, 0xFF, 0x00, 0xFF, 0xFF, 0x00, 0xFF, 0xFF, 0x00, 0xFF, 0xFF, 0x00, 0xFF, 0xFF, 0x00, 0xFF, 0xFF, 0x00, 0xFF, 0xFF, 0x00, 0xFF, 0xFF, 0x00,
  0xFF, 0xFF, 0x00, 0xFF, 0xFF, 0x00, 0xFF, 0xFF, 0x00, 0xFF, 0xFF, 0x00, 0xFF, 0xFF, 0x00, 0xFF, 0xFF, 0x00, 0xFF, 0xFF, 0x00, 0xFF, 0xFF, 0x00,
  0xFF, 0xFF, 0x00, 0xFF, 0xFF, 0x00, 0xFF, 0xFF, 0x00, 0xFF, 0xFF, 0x00, 0xFF, 0xFF, 0x00, 0xFF, 0xFF, 0x00, 0xFF, 0xFF, 0x00, 0xFF, 0xFF, 0x00,
  0xFF, 0xFF, 0x00, 0xFF, 0xFF, 0x00, 0xFF, 0xFF, 0x00, 0xFF, 0xFF, 0x00, 0xFF, 0xFF, 0x00, 0xFF, 0xFF, 0x00, 0xFF, 0xFF, 0x00, 0xFF, 0xFF, 0x00,
  0xFF, 0xFF, 0x00, 0xFF, 0xFF, 0x00, 0xFF, 0xFF, 0x00, 0xFF, 0xFF, 0x00, 0xFF, 0xFF, 0x00, 0xFF, 0xFF, 0x00, 0xFF, 0xFF, 0x00, 0xFF, 0xFF, 0x00,
  0xFF, 0xFF, 0x00, 0xFF, 0xFF, 0x00, 0xFF, 0xFF, 0x00, 0xFF, 0xFF, 0x00, 0xFF, 0xFF, 0x00, 0xFF, 0xFF, 0x00, 0xFF, 0xFF, 0x00, 0xFF, 0xFF, 0x00,
  0xFF, 0xFF, 0x00, 0xFF, 0xFF, 0x00, 0xFF, 0xFF, 0x00, 0xFF, 0xFF, 0x00, 0xFF, 0xFF, 0x00, 0xFF, 0xFF, 0x00, 0xFF, 0xFF, 0x00, 0xFF, 0xFF, 0x00,
  0xFF, 0xFF, 0x00, 0xFF, 0xFF, 0x00, 0xFF, 0xFF, 0x00, 0xFF, 0xFF, 0x00, 0xFF, 0xFF, 0x00, 0xFF, 0xFF, 0x00, 0xFF, 0xFF, 0x00, 0xFF, 0xFF, 0x00,
  0xFF, 0xFF, 0x00, 0xFF, 0xFF, 0x00, 0xFF, 0xFF, 0x00, 0xFF, 0xFF, 0x00, 0xFF, 0xFF, 0x00, 0xFF, 0xFF, 0x00, 0xFF, 0xFF, 0x00, 0xFF, 0xFF, 0x00,
  0xFF, 0xFF, 0x00, 0xFF, 0xFF, 0x00, 0xFF, 0xFF, 0x00, 0xFF, 0xFF, 0x00, 0xFF, 0xFF, 0x00, 0xFF, 0xFF, 0x00, 0xFF, 0xFF, 0x00, 0xFF, 0xFF, 0x00,
  0xFF, 0xFF, 0x00, 0xFF, 0xFF, 0x00, 0xFF, 0xFF, 0x00, 0xFF, 0xFF, 0x00, 0xFF, 0xFF, 0x00, 0xFF, 0xFF, 0x00, 0xFF, 0xFF, 0x00, 0xFF, 0xFF, 0x00,
  0xFF, 0xFF, 0x00, 0xFF, 0xFF, 0x00, 0xFF, 0xFF, 0x00, 0xFF, 0xFF, 0x00, 0xFF, 0xFF, 0x00, 0xFF, 0xFF, 0x00, 0xFF, 0xFF, 0x00, 0xFF, 0xFF, 0x00,
  0xFF, 0xFF, 0x00, 0xFF, 0xFF, 0x00, 0xFF, 0xFF, 0x00, 0xFF, 0xFF, 0x00, 0xFF, 0xFF, 0x00, 0xFF, 0xFF, 0x00, 0xFF, 0xFF, 0x00, 0xFF, 0xFF, 0x00,
  0xFF, 0xFF, 0x00, 0xFF, 0xFF, 0x00, 0xFF, 0xFF, 0x00, 0xFF, 0xFF, 0x00, 0xFF, 0xFF, 0x00, 0xFF, 0xFF, 0x00, 0xFF, 0xFF, 0x00, 0xFF, 0xFF, 0x00,
  0xFF, 0xFF, 0x00, 0xFF, 0xFF, 0x00, 0xFF, 0xFF, 0x00, 0xFF, 0xFF, 0x00, 0xFF, 0xFF, 0x00, 0xFF, 0xFF, 0x00, 0xFF, 0xFF, 0x00, 0xFF, 0xFF, 0x00,
  0xFF, 0xFF, 0x00, 0xFF, 0xFF, 0x00, 0xFF, 0xFF, 0x00, 0xFF, 0xFF, 0x00, 0xFF, 0xFF, 0x00, 0xFF, 0xFF, 0x00, 0xFF, 0xFF, 0x00, 0xFF, 0xFF, 0x00,
  0xFF, 0xFF, 0x00, 0xFF, 0xFF, 0x00, 0xFF, 0xFF, 0x00, 0xFF, 0xFF, 0x00, 0xFF, 0xFF, 0x00, 0xFF, 0xFF, 0x00, 0xFF, 0xFF, 0x00, 0xFF, 0xFF, 0x00,
  0xFF, 0xFF, 0x00, 0xFF, 0xFF, 0x00, 0xFF, 0xFF, 0x00, 0xFF, 0xFF, 0x00, 0xFF, 0xFF, 0x00, 0xFF, 0xFF, 0x00, 0xFF, 0xFF, 0x00, 0xFF, 0xFF, 0x00,
  0xFF, 0xFF, 0x00, 0xFF, 0xFF, 0x00, 0xFF, 0xFF, 0x00, 0xFF, 0xFF, 0x00, 0xFF, 0xFF, 0x00, 0xFF, 0xFF, 0x00, 0xFF, 0xFF, 0x00, 0xFF, 0xFF, 0x00,
  0xFF, 0xFF, 0x00, 0xFF, 0xFF, 0x00, 0xFF, 0xFF, 0x00, 0xFF, 0xFF, 0x00, 0xFF, 0xFF, 0x00, 0xFF, 0xFF, 0x00, 0xFF, 0xFF, 0x00, 0xFF, 0xFF, 0x00,
  0xFF, 0xFF, 0x00, 0xFF, 0xFF, 0x00, 0xFF, 0xFF, 0x00, 0xFF, 0xFF, 0x00, 0xFF, 0xFF, 0x00, 0xFF, 0xFF, 0x00, 0xFF, 0xFF, 0x00, 0xFF, 0xFF, 0x00,
  0xFF, 0xFF, 0x00, 0xFF, 0xFF, 0x00, 0xFF, 0xFF, 0x00, 0xFF, 0xFF, 0x00, 0xFF, 0xFF, 0x00, 0xFF, 0xFF, 0x00, 0xFF, 0xFF, 0x00, 0xFF, 0xFF, 0x00,
  0xFF, 0xFF, 0x00, 0xFF, 0xFF, 0x00, 0xFF, 0xFF, 0x00, 0xFF, 0xFF, 0x00, 0xFF, 0xFF, 0x00, 0xFF, 0xFF, 0x00, 0xFF, 0xFF, 0x00, 0xFF, 0xFF, 0x00,
  0xFF, 0xFF, 0x00, 0xFF, 0xFF, 0x00, 0xFF, 0xFF, 0x00, 0xFF, 0xFF, 0x00, 0xFF, 0xFF, 0x00, 0xFF, 0xFF, 0x00, 0xFF, 0xFF, 0x00, 0xFF, 0xFF, 0x00,
  0xFF, 0xFF, 0x00, 0xFF, 0xFF, 0x00, 0xFF, 0xFF, 0x00, 0xFF, 0xFF, 0x00, 0xFF, 0xFF, 0x00, 0xFF, 0xFF, 0x00, 0xFF, 0xFF, 0x00, 0xFF, 0xFF, 0x00,
  0xFF, 0xFF, 0x00, 0xFF, 0xFF, 0x00, 0xFF, 0xFF, 0x00, 0xFF, 0xFF, 0x00, 0xFF, 0xFF, 0x00, 0xFF, 0xFF, 0x00, 0xFF, 0xFF, 0x00, 0xFF, 0xFF, 0x00,
  0xFF, 0xFF, 0x00, 0xFF, 0xFF, 0x00, 0xFF, 0xFF, 0x00, 0xFF, 0xFF, 0x00, 0xFF, 0xFF, 0x00, 0xFF, 0xFF, 0x00, 0xFF, 0xFF, 0x00, 0xFF, 0xFF, 0x00,
  0xFF, 0xFF, 0x00, 0xFF, 0xFF, 0x00, 0xFF, 0xFF, 0x00, 0xFF, 0xFF, 0x00, 0xFF, 0xFF, 0x00, 0xFF, 0xFF, 0x00, 0xFF, 0xFF, 0x00, 0xFF, 0xFF, 0x00,
  0xFF, 0xFF, 0x00, 0xFF, 0xFF, 0x00, 0xFF, 0xFF, 0x00, 0xFF, 0xFF, 0x00, 0xFF, 0xFF, 0x00, 0xFF, 0xFF, 0x00, 0xFF, 0xFF, 0x00, 0xFF, 0xFF, 0x00,
  0xFF, 0xFF, 0x00, 0xFF, 0xFF, 0x00, 0xFF, 0xFF, 0x00, 0xFF, 0xFF, 0x00, 0xFF, 0xFF, 0x00, 0xFF, 0xFF, 0x00, 0xFF, 0xFF, 0x00, 0xFF, 0xFF, 0x00,
  0xFF, 0xFF, 0x00, 0xFF, 0xFF, 0x00, 0xFF, 0xFF, 0x00, 0xFF, 0xFF, 0x00, 0xFF, 0xFF, 0x00, 0xFF, 0xFF, 0x00, 0xFF, 0xFF, 0x00, 0xFF, 0xFF, 0x00,
  0xFF, 0xFF, 0x00, 0xFF, 0xFF, 0x00, 0xFF, 0xFF, 0x00, 0xFF, 0xFF, 0x00, 0xFF, 0xFF, 0x00, 0xFF, 0xFF, 0x00, 0xFF, 0xFF, 0x00, 0xFF, 0xFF, 0x00,
  0xFF, 0xFF, 0x00, 0xFF, 0xFF, 0x00, 0xFF, 0xFF, 0x00, 0xFF, 0xFF, 0x00, 0xFF, 0xFF, 0x00, 0xFF, 0xFF, 0x00, 0xFF, 0xFF, 0x00, 0xFF, 0xFF, 0x00,
  0xFF, 0xFF, 0x00, 0xFF, 0xFF, 0x00, 0xFF, 0xFF, 0x00, 0xFF, 0xFF, 0x00, 0xFF, 0xFF, 0x00, 0xFF, 0xFF, 0x00, 0xFF, 0xFF, 0x00, 0xFF, 0xFF, 0x00,
  0xFF, 0xFF, 0x00, 0xFF, 0xFF, 0x00, 0xFF, 0xFF, 0x00, 0xFF, 0xFF, 0x00, 0xFF, 0xFF, 0x00, 0xFF, 0xFF, 0x00, 0xFF, 0xFF, 0x00, 0xFF, 0xFF, 0x00,
  0xFF, 0xFF, 0x00, 0xFF, 0xFF, 0x00, 0xFF, 0xFF, 0x00, 0xFF, 0xFF, 0x00, 0xFF, 0xFF, 0x00, 0xFF, 0xFF, 0x00, 0xFF, 0xFF, 0x00, 0xFF, 0xFF, 0x00,
  0xFF, 0xFF, 0x00, 0xFF, 0xFF, 0x00, 0xFF, 0xFF, 0x00, 0xFF, 0xFF, 0x00, 0xFF, 0xFF, 0x00, 0xFF, 0xFF, 0x00, 0xFF, 0xFF, 0x00, 0xFF, 0xFF, 0x00,
  0xFF, 0xFF, 0x00, 0xFF, 0xFF, 0x00, 0xFF, 0xFF, 0x00, 0xFF, 0xFF, 0x00, 0xFF, 0xFF, 0x00, 0xFF, 0xFF, 0x00, 0xFF, 0xFF, 0x00, 0xFF, 0xFF, 0x00,
  0xFF, 0xFF, 0x00, 0xFF, 0xFF, 0x00, 0xFF, 0xFF, 0x00, 0xFF, 0xFF, 0x00, 0xFF, 0xFF, 0x00, 0xFF, 0xFF, 0x00, 0xFF, 0xFF, 0x00, 0xFF, 0xFF, 0x00,
  0xFF, 0xFF, 0x00, 0xFF, 0xFF, 0x00, 0xFF, 0xFF, 0x00, 0xFF, 0xFF, 0x00, 0xFF, 0xFF, 0x00, 0xFF, 0xFF, 0x00, 0xFF, 0xFF, 0x00, 0xFF, 0xFF, 0x00,
  0xFF, 0xFF, 0x00, 0xFF, 0xFF, 0x00, 0xFF, 0xFF, 0x00, 0xFF, 0xFF, 0x00, 0xFF, 0xFF, 0x00, 0xFF, 0xFF, 0x00, 0xFF, 0xFF, 0x00, 0xFF, 0xFF, 0x00,
  0xFF, 0xFF, 0x00, 0xFF, 0xFF, 0x00, 0xFF, 0xFF, 0x00, 0xFF, 0xFF, 0x00, 0xFF, 0xFF, 0x00, 0xFF, 0xFF, 0x00, 0xFF, 0xFF, 0x00, 0xFF, 0xFF, 0x00,
  0xFF, 0xFF, 0x00, 0xFF, 0xFF, 0x00, 0xFF, 0xFF, 0x00, 0xFF, 0xFF, 0x00, 0xFF, 0xFF, 0x00, 0xFF, 0xFF, 0x00, 0xFF, 0xFF, 0x00, 0xFF, 0xFF, 0x00,
  0xFF, 0xFF, 0x00, 0xFF, 0xFF, 0x00, 0xFF, 0xFF, 0x00, 0xFF, 0xFF, 0x00, 0xFF, 0xFF, 0x00, 0xFF, 0xFF, 0x00, 0xFF, 0xFF, 0x00, 0xFF, 0xFF, 0x00,
  0xFF, 0xFF, 0x00, 0xFF, 0xFF, 0x00, 0xFF, 0xFF, 0x00, 0xFF, 0xFF, 0x00, 0xFF, 0xFF, 0x00, 0xFF, 0xFF, 0x00, 0xFF, 0xFF, 0x00, 0xFF, 0xFF, 0x00,
  0xFF, 0xFF, 0x00, 0xFF, 0xFF, 0x00, 0xFF, 0xFF, 0x00, 0xFF, 0xFF, 0x00, 0xFF, 0xFF, 0x00, 0xFF, 0xFF, 0x00, 0xFF, 0xFF, 0x00, 0xFF, 0xFF, 0x00,
  0xFF, 0xFF, 0x00, 0xFF, 0xFF, 0x00, 0xFF, 0xFF, 0x00, 0xFF, 0xFF, 0x00, 0xFF, 0xFF, 0x00, 0xFF, 0xFF, 0x00, 0xFF, 0xFF, 0x00, 0xFF, 0xFF, 0x00,
  0xFF, 0xFF, 0x00, 0xFF, 0xFF, 0x00, 0xFF, 0xFF, 0x00, 0xFF, 0xFF, 0x00, 0xFF, 0xFF, 0x00, 0xFF, 0xFF, 0x00, 0xFF, 0xFF, 0x00, 0xFF, 0xFF, 0x00,
  0xFF, 0xFF, 0x00, 0xFF, 0xFF, 0x00, 0xFF, 0xFF, 0x00, 0xFF, 0xFF, 0x00, 0xFF, 0xFF, 0x00, 0xFF, 0xFF, 0x00, 0xFF, 0xFF, 0x00, 0xFF, 0xFF, 0x00,
  0xFF, 0xFF, 0x00, 0xFF, 0xFF, 0x00, 0xFF, 0xFF, 0x00, 0xFF, 0xFF, 0x00, 0xFF, 0xFF, 0x00, 0xFF, 0xFF, 0x00, 0xFF, 0xFF, 0x00, 0xFF, 0xFF, 0x00,
  0xFF, 0xFF, 0x00, 0xFF, 0xFF, 0x00, 0xFF, 0xFF, 0x00, 0xFF, 0xFF, 0x00, 0xFF, 0xFF, 0x00, 0xFF, 0xFF, 0x00, 0xFF, 0xFF, 0x00, 0xFF, 0xFF, 0x00,
  0xFF, 0xFF, 0x00, 0xFF, 0xFF, 0x00, 0xFF, 0xFF, 0x00, 0xFF, 0xFF, 0x00, 0xFF, 0xFF, 0x00, 0xFF, 0xFF, 0x00, 0xFF, 0xFF, 0x00, 0x00, 0x00, 0x00,
  0x00, 0x00, 0x00, 0x00, 0x00, 0x00, 0x00, 0x00, 0x00, 0x00, 0x00, 0x00, 0x00, 0x00, 0x00, 0x00, 0x00, 0x00, 0x00, 0x00, 0x00, 0x00, 0x00, 0x00,
  0x00, 0x00, 0x00, 0x00, 0x00, 0x00, 0x00, 0x00, 0x00, 0x00, 0x00, 0x00, 0x00, 0x00, 0x00, 0x00, 0x00, 0x00, 0x00, 0x00, 0x00, 0x00, 0x00, 0x00,
  0x00, 0x00, 0x00, 0x00, 0x00, 0x00, 0x00, 0x00, 0x00, 0x00, 0x00, 0x00, 0x00, 0x00, 0x00, 0x00, 0x00, 0x00, 0x00, 0x00, 0x00, 0x00, 0x00, 0x00,
  0x00, 0x00, 0x00, 0x00, 0x00, 0x00, 0x00, 0x00, 0x00, 0x00, 0x00, 0x00, 0x00, 0x00, 0x00, 0x00, 0x00, 0x00, 0x00, 0x00, 0x00, 0x00, 0x00, 0x00,
  0x00, 0x00, 0x00, 0x00, 0x00, 0x00, 0x00, 0x00, 0x00, 0x00, 0x00, 0x00, 0x00, 0x00, 0x00, 0x00, 0x00, 0x00, 0x00, 0x00, 0x00, 0x00, 0x00, 0x00,
  0x00, 0x00, 0x00, 0x00, 0x00, 0x00, 0x00, 0x00, 0x00, 0x00, 0x00, 0x00, 0x00, 0x00, 0x00, 0x00, 0x00, 0x00, 0x00, 0x00, 0x00, 0x00, 0x00, 0x00,
  0x00, 0x00, 0x00, 0x00, 0x00, 0x00, 0x00, 0x00, 0x00, 0x00, 0x00, 0x00, 0x00, 0x00, 0x00, 0x00, 0x00, 0x00, 0x00, 0x00, 0x00, 0x00, 0x00, 0x00,
  0x00, 0x00, 0x00, 0x00, 0x00, 0x00, 0x00, 0x00, 0x00, 0x00, 0x00, 0x00, 0x00, 0x00, 0x00, 0x00, 0x00, 0x00, 0x00, 0x00, 0x00, 0x00, 0x00, 0x00,
  0x00, 0x00, 0x00, 0x00, 0x00, 0x00, 0x00, 0x00, 0x00, 0x00, 0x00, 0x00, 0x00, 0x00, 0x00, 0x00, 0x00, 0x00, 0x00, 0x00, 0x00, 0x00, 0x00, 0x00,
  0x00, 0x00, 0x00, 0x00, 0x00, 0x00, 0x00, 0x00, 0x00, 0x00, 0x00, 0x00, 0x00, 0x00, 0x00, 0x00, 0x00, 0x00, 0x00, 0x00, 0x00, 0x00, 0x00, 0x00,
  0x00, 0x00, 0x00, 0x00, 0x00, 0x00, 0x00, 0x00, 0x00, 0x00, 0x00, 0x00, 0x00, 0x00, 0x00, 0x00, 0x00, 0x00, 0x00, 0x00, 0x00, 0x00, 0x00, 0x00,
  0x00, 0x00, 0x00, 0x00, 0x00, 0x00, 0x00, 0x00, 0x00, 0x00, 0x00, 0x00, 0x00, 0x00, 0x00, 0x00, 0x00, 0x00, 0x00, 0x00, 0x00, 0x00, 0x00, 0x00,
  0x00, 0x00, 0x00, 0x00, 0x00, 0x00, 0x00, 0x00, 0x00, 0x00, 0x00, 0x00, 0x00, 0x00, 0x00, 0x00, 0x00, 0x00, 0x00, 0x00, 0x00, 0x00, 0x00, 0x00,
  0x00, 0x00, 0x00, 0x00, 0x00, 0x00, 0x00, 0x00, 0x00, 0x00, 0x00, 0x00, 0x00, 0x00, 0x00, 0x00, 0x00, 0x00, 0x00, 0x00, 0x00, 0x00, 0x00, 0x00,
  0x00, 0x00, 0x00, 0x00, 0x00, 0x00, 0x00, 0x00, 0x00, 0x00, 0x00, 0x00, 0x00, 0x00, 0x00, 0x00, 0x00, 0x00, 0x00, 0x00, 0x00, 0x00, 0x00, 0x00,
  0x00, 0x00, 0x00, 0x00, 0x00, 0x01, 0x20, 0x00, 0x03, 0xE3, 0x18, 0x0F, 0xE3, 0x18, 0x15, 0x08, 0x42, 0x36, 0x08, 0x42, 0x3A, 0xE7, 0x39, 0x3A,
  0x08, 0x42, 0x3A, 0x49, 0x4A, 0x3A, 0x04, 0x21, 0x1A, 0x04, 0x21, 0x14, 0x82, 0x10, 0x09, 0x20, 0x00, 0x03, 0x00, 0x00, 0x00, 0x00, 0x00, 0x00,
  0x00, 0x00, 0x00, 0x00, 0x00, 0x00, 0x00, 0x00, 0x00, 0x00, 0x00, 0x00, 0x00, 0x00, 0x00, 0x00, 0x00, 0x00, 0x00, 0x00, 0x00, 0x00, 0x00, 0x00,
  0x00, 0x00, 0x00, 0x00, 0x00, 0x00, 0x00, 0x00, 0x00, 0x00, 0x00, 0x00, 0x00, 0x00, 0x00, 0x00, 0x00, 0x00, 0x00, 0x00, 0x00, 0x00, 0x00, 0x00,
  0x00, 0x00, 0x00, 0x00, 0x00, 0x00, 0x00, 0x00, 0x00, 0x00, 0x00, 0x00, 0x00, 0x00, 0x00, 0x00, 0x00, 0x00, 0x00, 0x00, 0x00, 0x00, 0x00, 0x00,
  0x00, 0x00, 0x00, 0x00, 0x00, 0x00, 0x00, 0x00, 0x00, 0x00, 0x00, 0x00, 0x00, 0x00, 0x00, 0x00, 0x00, 0x00, 0x00, 0x00, 0x00, 0x00, 0x00, 0x00,
  0x00, 0x00, 0x00, 0x00, 0x00, 0x00, 0x00, 0x00, 0x00, 0x00, 0x00, 0x00, 0x00, 0x00, 0x00, 0x00, 0x00, 0x00, 0x00, 0x00, 0x00, 0x00, 0x00, 0x00,
  0x00, 0x00, 0x00, 0x00, 0x00, 0x00, 0x00, 0x00, 0x00, 0x00, 0x00, 0x00, 0x00, 0x00, 0x00, 0x00, 0x00, 0x00, 0x00, 0x00, 0x00, 0x00, 0x00, 0x00,
  0x00, 0x00, 0x00, 0x00, 0x00, 0x00, 0x00, 0x00, 0x00, 0x00, 0x00, 0x00, 0x00, 0x00, 0x00, 0x00, 0x00, 0x00, 0x00, 0x00, 0x00, 0x00, 0x00, 0x00,
  0x00, 0x00, 0x00, 0x00, 0x00, 0x00, 0x00, 0x00, 0x00, 0x00, 0x00, 0x00, 0x00, 0x00, 0x00, 0x00, 0x00, 0x00, 0x00, 0x00, 0x00, 0x00, 0x00, 0x00,
  0x00, 0x00, 0x00, 0x00, 0x00, 0x00, 0x00, 0x00, 0x00, 0x00, 0x00, 0x00, 0x00, 0x00, 0x00, 0x00, 0x00, 0x00, 0x00, 0x00, 0x00, 0x00, 0x00, 0x00,
  0x00, 0x00, 0x00, 0x00, 0x00, 0x00, 0x00, 0x00, 0x00, 0x00, 0x00, 0x00, 0x00, 0x00, 0x00, 0x00, 0x00, 0x00, 0x00, 0x00, 0x00, 0x00, 0x00, 0x00,
  0x00, 0x00, 0x00, 0x00, 0x00, 0x00, 0x00, 0x00, 0x00, 0x00, 0x00, 0x00, 0xFF, 0xFF, 0x00, 0xFF, 0xFF, 0x00, 0xFF, 0xFF, 0x00, 0xFF, 0xFF, 0x00,
  0xFF, 0xFF, 0x00, 0xFF, 0xFF, 0x00, 0xFF, 0xFF, 0x00, 0xFF, 0xFF, 0x00, 0xFF, 0xFF, 0x00, 0xFF, 0xFF, 0x00, 0xFF, 0xFF, 0x00, 0xFF, 0xFF, 0x00,
  0xFF, 0xFF, 0x00, 0xFF, 0xFF, 0x00, 0xFF, 0xFF, 0x00, 0xFF, 0xFF, 0x00, 0xFF, 0xFF, 0x00, 0xFF, 0xFF, 0x00, 0xFF, 0xFF, 0x00, 0xFF, 0xFF, 0x00,
  0xFF, 0xFF, 0x00, 0xFF, 0xFF, 0x00, 0xFF, 0xFF, 0x00, 0xFF, 0xFF, 0x00, 0xFF, 0xFF, 0x00, 0xFF, 0xFF, 0x00, 0xFF, 0xFF, 0x00, 0xFF, 0xFF, 0x00,
  0xFF, 0xFF, 0x00, 0xFF, 0xFF, 0x00, 0xFF, 0xFF, 0x00, 0xFF, 0xFF, 0x00, 0xFF, 0xFF, 0x00, 0xFF, 0xFF, 0x00, 0xFF, 0xFF, 0x00, 0xFF, 0xFF, 0x00,
  0xFF, 0xFF, 0x00, 0xFF, 0xFF, 0x00, 0xFF, 0xFF, 0x00, 0xFF, 0xFF, 0x00, 0xFF, 0xFF, 0x00, 0xFF, 0xFF, 0x00, 0xFF, 0xFF, 0x00, 0xFF, 0xFF, 0x00,
  0xFF, 0xFF, 0x00, 0xFF, 0xFF, 0x00, 0xFF, 0xFF, 0x00, 0xFF, 0xFF, 0x00, 0xFF, 0xFF, 0x00, 0xFF, 0xFF, 0x00, 0xFF, 0xFF, 0x00, 0xFF, 0xFF, 0x00,
  0xFF, 0xFF, 0x00, 0xFF, 0xFF, 0x00, 0xFF, 0xFF, 0x00, 0x00, 0x00, 0x00, 0x00, 0x00, 0x00, 0x00, 0x00, 0x00, 0x00, 0x00, 0x00, 0x00, 0x00, 0x00,
  0x00, 0x00, 0x00, 0x00, 0x00, 0x00, 0x00, 0x00, 0x00, 0x00, 0x00, 0x00, 0x00, 0x00, 0x00, 0x00, 0x00, 0x00, 0x00, 0x00, 0x00, 0x00, 0x00, 0x00,
  0x00, 0x00, 0x00, 0x00, 0x00, 0x00, 0x00, 0x00, 0x00, 0x00, 0x00, 0x00, 0x00, 0x00, 0x00, 0x00, 0x00, 0x00, 0x00, 0x00, 0x00, 0x00, 0x00, 0x00,
  0x00, 0x00, 0x00, 0x00, 0x00, 0x00, 0x00, 0x00, 0x00, 0x00, 0x00, 0x00, 0x00, 0x00, 0x00, 0x00, 0x00, 0x00, 0x00, 0x00, 0x00, 0x00, 0x00, 0x00,
  0x00, 0x00, 0x00, 0x00, 0x00, 0x00, 0x00, 0x00, 0x00, 0x00, 0x00, 0x00, 0x00, 0x00, 0x00, 0x00, 0x00, 0x00, 0x00, 0x00, 0x00, 0x00, 0x00, 0x00,
  0x00, 0x00, 0x00, 0x00, 0x00, 0x00, 0x00, 0x00, 0x00, 0x00, 0x00, 0x00, 0x00, 0x00, 0x00, 0x00, 0x00, 0x00, 0x00, 0x00, 0x00, 0x00, 0x00, 0x00,
  0x00, 0x00, 0x00, 0x00, 0x00, 0x00, 0x00, 0x00, 0x00, 0x00, 0x00, 0x00, 0x00, 0x00, 0x00, 0x00, 0x00, 0x00, 0x00, 0x00, 0x00, 0x00, 0x00, 0x00,
  0x00, 0x00, 0x00, 0x00, 0x00, 0x00, 0x00, 0x00, 0x00, 0x00, 0x00, 0x00, 0x00, 0x00, 0x00, 0x00, 0x00, 0x00, 0x00, 0x00, 0x00, 0x00, 0x00, 0x00,
  0x00, 0x00, 0x00, 0x00, 0x00, 0x00, 0x00, 0x00, 0x00, 0x00, 0x00, 0x00, 0x00, 0x00, 0x00, 0x00, 0x00, 0x00, 0x00, 0x00, 0x00, 0x00, 0x00, 0x00,
  0x00, 0x00, 0x00, 0x00, 0x00, 0x00, 0x00, 0x00, 0x00, 0x00, 0x00, 0x00, 0x00, 0x00, 0x00, 0x00, 0x00, 0x00, 0x00, 0x00, 0x00, 0x00, 0x00, 0x00,
  0x00, 0x00, 0x00, 0x00, 0x00, 0x00, 0x00, 0x00, 0x00, 0x00, 0x00, 0x00, 0x00, 0x00, 0x00, 0x00, 0x00, 0x00, 0x00, 0x00, 0x00, 0x00, 0x00, 0x00,
  0x00, 0x00, 0x00, 0x00, 0x00, 0x00, 0x00, 0x00, 0x00, 0x00, 0x00, 0x00, 0x00, 0x00, 0x00, 0x00, 0x00, 0x00, 0x00, 0x00, 0x00, 0x00, 0x00, 0x00,
  0x00, 0x00, 0x00, 0x00, 0x00, 0x00, 0x00, 0x00, 0x00, 0x00, 0x00, 0x00, 0x00, 0x00, 0x00, 0x00, 0x00, 0x00, 0x00, 0x00, 0x00, 0x00, 0x00, 0x00,
  0x00, 0x00, 0x00, 0x00, 0x00, 0x00, 0x00, 0x00, 0x00, 0x00, 0x00, 0x00, 0x00, 0x00, 0x00, 0x00, 0x00, 0x00, 0x00, 0x00, 0x00, 0x00, 0x00, 0x00,
  0x00, 0x00, 0x00, 0x00, 0x00, 0x00, 0x00, 0x00, 0x00, 0x00, 0x00, 0x00, 0x00, 0x00, 0x00, 0x00, 0x00, 0x00, 0x00, 0x00, 0x00, 0x00, 0x00, 0x00,
  0x00, 0x00, 0x00, 0x00, 0x00, 0x00, 0x00, 0x00, 0x00, 0x08, 0x42, 0x41, 0xB2, 0x94, 0xAA, 0x96, 0xB5, 0xD9, 0x38, 0xC6, 0xEF, 0xDB, 0xDE, 0xFF,
  0x1C, 0xE7, 0xFF, 0x5D, 0xEF, 0xFF, 0x9D, 0xF7, 0xFF, 0x9E, 0xF7, 0xFF, 0x9E, 0xF7, 0xFF, 0x9E, 0xF7, 0xFF, 0x5D, 0xEF, 0xFF, 0x1C, 0xE7, 0xFF,
  0x9A, 0xD6, 0xFF, 0xF7, 0xBD, 0xEF, 0xF3, 0x9C, 0xB9, 0xCF, 0x7B, 0x85, 0x86, 0x31, 0x26, 0x00, 0x00, 0x00, 0x00, 0x00, 0x00, 0x00, 0x00, 0x00,
  0x00, 0x00, 0x00, 0x00, 0x00, 0x00, 0x00, 0x00, 0x00, 0x00, 0x00, 0x00, 0x00, 0x00, 0x00, 0x00, 0x00, 0x00, 0x00, 0x00, 0x00, 0x00, 0x00, 0x00,
  0x00, 0x00, 0x00, 0x00, 0x00, 0x00, 0x00, 0x00, 0x00, 0x00, 0x00, 0x00, 0x00, 0x00, 0x00, 0x00, 0x00, 0x00, 0x00, 0x00, 0x00, 0x00, 0x00, 0x00,
  0x00, 0x00, 0x00, 0x00, 0x00, 0x00, 0x00, 0x00, 0x00, 0x00, 0x00, 0x00, 0x00, 0x00, 0x00, 0x00, 0x00, 0x00, 0x00, 0x00, 0x00, 0x00, 0x00, 0x00,
  0x00, 0x00, 0x00, 0x00, 0x00, 0x00, 0x00, 0x00, 0x00, 0x00, 0x00, 0x00, 0x00, 0x00, 0x00, 0x00, 0x00, 0x00, 0x00, 0x00, 0x00, 0x00, 0x00, 0x00,
  0x00, 0x00, 0x00, 0x00, 0x00, 0x00, 0x00, 0x00, 0x00, 0x00, 0x00, 0x00, 0x00, 0x00, 0x00, 0x00, 0x00, 0x00, 0x00, 0x00, 0x00, 0x00, 0x00, 0x00,
  0x00, 0x00, 0x00, 0x00, 0x00, 0x00, 0x00, 0x00, 0x00, 0x00, 0x00, 0x00, 0x00, 0x00, 0x00, 0x00, 0x00, 0x00, 0x00, 0x00, 0x00, 0x00, 0x00, 0x00,
  0x00, 0x00, 0x00, 0x00, 0x00, 0x00, 0x00, 0x00, 0x00, 0x00, 0x00, 0x00, 0x00, 0x00, 0x00, 0x00, 0x00, 0x00, 0x00, 0x00, 0x00, 0x00, 0x00, 0x00,
  0x00, 0x00, 0x00, 0x00, 0x00, 0x00, 0x00, 0x00, 0x00, 0x00, 0x00, 0x00, 0x00, 0x00, 0x00, 0x00, 0x00, 0x00, 0x00, 0x00, 0x00, 0x00, 0x00, 0x00,
  0x00, 0x00, 0x00, 0x00, 0x00, 0x00, 0x00, 0x00, 0x00, 0x00, 0x00, 0x00, 0x00, 0x00, 0x00, 0x00, 0x00, 0x00, 0x00, 0x00, 0x00, 0x00, 0x00, 0x00,
  0x00, 0x00, 0x00, 0x00, 0x00, 0x00, 0x00, 0x00, 0x00, 0x00, 0x00, 0x00, 0x00, 0x00, 0x00, 0x00, 0x00, 0x00, 0x00, 0x00, 0x00, 0x00, 0x00, 0x00,
  0xFF, 0xFF, 0x00, 0xFF, 0xFF, 0x00, 0xFF, 0xFF, 0x00, 0xFF, 0xFF, 0x00, 0xFF, 0xFF, 0x00, 0xFF, 0xFF, 0x00, 0xFF, 0xFF, 0x00, 0xFF, 0xFF, 0x00,
  0xFF, 0xFF, 0x00, 0xFF, 0xFF, 0x00, 0xFF, 0xFF, 0x00, 0xFF, 0xFF, 0x00, 0xFF, 0xFF, 0x00, 0xFF, 0xFF, 0x00, 0xFF, 0xFF, 0x00, 0xFF, 0xFF, 0x00,
  0xFF, 0xFF, 0x00, 0xFF, 0xFF, 0x00, 0xFF, 0xFF, 0x00, 0xFF, 0xFF, 0x00, 0xFF, 0xFF, 0x00, 0xFF, 0xFF, 0x00, 0xFF, 0xFF, 0x00, 0xFF, 0xFF, 0x00,
  0xFF, 0xFF, 0x00, 0xFF, 0xFF, 0x00, 0xFF, 0xFF, 0x00, 0xFF, 0xFF, 0x00, 0xFF, 0xFF, 0x00, 0xFF, 0xFF, 0x00, 0xFF, 0xFF, 0x00, 0xFF, 0xFF, 0x00,
  0xFF, 0xFF, 0x00, 0xFF, 0xFF, 0x00, 0xFF, 0xFF, 0x00, 0xFF, 0xFF, 0x00, 0xFF, 0xFF, 0x00, 0xFF, 0xFF, 0x00, 0xFF, 0xFF, 0x00, 0xFF, 0xFF, 0x00,
  0xFF, 0xFF, 0x00, 0xFF, 0xFF, 0x00, 0xFF, 0xFF, 0x00, 0xFF, 0xFF, 0x00, 0xFF, 0xFF, 0x00, 0xFF, 0xFF, 0x00, 0xFF, 0xFF, 0x00, 0xFF, 0xFF, 0x00,
  0xFF, 0xFF, 0x00, 0xFF, 0xFF, 0x00, 0xFF, 0xFF, 0x00, 0xFF, 0xFF, 0x00, 0xFF, 0xFF, 0x00, 0xFF, 0xFF, 0x00, 0xFF, 0xFF, 0x00, 0x00, 0x00, 0x00,
  0x00, 0x00, 0x00, 0x00, 0x00, 0x00, 0x00, 0x00, 0x00, 0x00, 0x00, 0x00, 0x00, 0x00, 0x00, 0x00, 0x00, 0x00, 0x00, 0x00, 0x00, 0x00, 0x00, 0x00,
  0x00, 0x00, 0x00, 0x00, 0x00, 0x00, 0x00, 0x00, 0x00, 0x00, 0x00, 0x00, 0x00, 0x00, 0x00, 0x00, 0x00, 0x00, 0x00, 0x00, 0x00, 0x00, 0x00, 0x00,
  0x00, 0x00, 0x00, 0x00, 0x00, 0x00, 0x00, 0x00, 0x00, 0x00, 0x00, 0x00, 0x00, 0x00, 0x00, 0x00, 0x00, 0x00, 0x00, 0x00, 0x00, 0x00, 0x00, 0x00,
  0x00, 0x00, 0x00, 0x00, 0x00, 0x00, 0x00, 0x00, 0x00, 0x00, 0x00, 0x00, 0x00, 0x00, 0x00, 0x00, 0x00, 0x00, 0x00, 0x00, 0x00, 0x00, 0x00, 0x00,
  0x00, 0x00, 0x00, 0x00, 0x00, 0x00, 0x00, 0x00, 0x00, 0x00, 0x00, 0x00, 0x00, 0x00, 0x00, 0x00, 0x00, 0x00, 0x00, 0x00, 0x00, 0x00, 0x00, 0x00,
  0x00, 0x00, 0x00, 0x00, 0x00, 0x00, 0x00, 0x00, 0x00, 0x00, 0x00, 0x00, 0x00, 0x00, 0x00, 0x00, 0x00, 0x00, 0x00, 0x00, 0x00, 0x00, 0x00, 0x00,
  0x00, 0x00, 0x00, 0x00, 0x00, 0x00, 0x00, 0x00, 0x00, 0x00, 0x00, 0x00, 0x00, 0x00, 0x00, 0x00, 0x00, 0x00, 0x00, 0x00, 0x00, 0x00, 0x00, 0x00,
  0x00, 0x00, 0x00, 0x00, 0x00, 0x00, 0x00, 0x00, 0x00, 0x00, 0x00, 0x00, 0x00, 0x00, 0x00, 0x00, 0x00, 0x00, 0x00, 0x00, 0x00, 0x00, 0x00, 0x00,
  0x00, 0x00, 0x00, 0x00, 0x00, 0x00, 0x00, 0x00, 0x00, 0x00, 0x00, 0x00, 0x00, 0x00, 0x00, 0x00, 0x00, 0x00, 0x00, 0x00, 0x00, 0x00, 0x00, 0x00,
  0x00, 0x00, 0x00, 0x00, 0x00, 0x00, 0x00, 0x00, 0x00, 0x00, 0x00, 0x00, 0x00, 0x00, 0x00, 0x00, 0x00, 0x00, 0x00, 0x00, 0x00, 0x00, 0x00, 0x00,
  0x00, 0x00, 0x00, 0x00, 0x00, 0x00, 0x00, 0x00, 0x00, 0x00, 0x00, 0x00, 0x00, 0x00, 0x00, 0x00, 0x00, 0x00, 0x00, 0x00, 0x00, 0x00, 0x00, 0x00,
  0x00, 0x00, 0x00, 0x00, 0x00, 0x00, 0x00, 0x00, 0x00, 0x00, 0x00, 0x00, 0x00, 0x00, 0x00, 0x00, 0x00, 0x00, 0x00, 0x00, 0x00, 0x00, 0x00, 0x00,
  0x00, 0x00, 0x00, 0x00, 0x00, 0x00, 0x00, 0x00, 0x00, 0x00, 0x00, 0x00, 0x00, 0x00, 0x00, 0x00, 0x00, 0x00, 0x00, 0x00, 0x00, 0x00, 0x00, 0x00,
  0x00, 0x00, 0x00, 0x00, 0x00, 0x00, 0x00, 0x00, 0x00, 0x00, 0x00, 0x00, 0x00, 0x00, 0x00, 0x00, 0x00, 0x00, 0x00, 0x00, 0x00, 0x00, 0x00, 0x00,
  0x00, 0x00, 0x00, 0x00, 0x00, 0x00, 0x00, 0x00, 0x00, 0x00, 0x00, 0x00, 0x00, 0x00, 0x00, 0x00, 0x00, 0x00, 0x24, 0x21, 0x17, 0xBE, 0xF7, 0xFF,
  0xFF, 0xFF, 0xFF, 0xFF, 0xFF, 0xFF, 0xFF, 0xFF, 0xFF, 0xFF, 0xFF, 0xFB, 0xFF, 0xFF, 0xF9, 0xDF, 0xFF, 0xF7, 0xDF, 0xFF, 0xF7, 0xDF, 0xFF, 0xF7,
  0xDF, 0xFF, 0xF7, 0xDF, 0xFF, 0xF7, 0xFF, 0xFF, 0xF9, 0xFF, 0xFF, 0xF9, 0xFF, 0xFF, 0xFF, 0xFF, 0xFF, 0xFF, 0xFF, 0xFF, 0xFF, 0xFF, 0xFF, 0xFF,
  0xBA, 0xD6, 0xFF, 0xA2, 0x10, 0x09, 0x00, 0x00, 0x00, 0x00, 0x00, 0x00, 0x00, 0x00, 0x00, 0x00, 0x00, 0x00, 0x00, 0x00, 0x00, 0x00, 0x00, 0x00,
  0x00, 0x00, 0x00, 0x00, 0x00, 0x00, 0x00, 0x00, 0x00, 0x00, 0x00, 0x00, 0x00, 0x00, 0x00, 0x00, 0x00, 0x00, 0x00, 0x00, 0x00, 0x00, 0x00, 0x00,
  0x00, 0x00, 0x00, 0x00, 0x00, 0x00, 0x00, 0x00, 0x00, 0x00, 0x00, 0x00, 0x00, 0x00, 0x00, 0x00, 0x00, 0x00, 0x00, 0x00, 0x00, 0x00, 0x00, 0x00,
  0x00, 0x00, 0x00, 0x00, 0x00, 0x00, 0x00, 0x00, 0x00, 0x00, 0x00, 0x00, 0x00, 0x00, 0x00, 0x00, 0x00, 0x00, 0x00, 0x00, 0x00, 0x00, 0x00, 0x00,
  0x00, 0x00, 0x00, 0x00, 0x00, 0x00, 0x00, 0x00, 0x00, 0x00, 0x00, 0x00, 0x00, 0x00, 0x00, 0x00, 0x00, 0x00, 0x00, 0x00, 0x00, 0x00, 0x00, 0x00,
  0x00, 0x00, 0x00, 0x00, 0x00, 0x00, 0x00, 0x00, 0x00, 0x00, 0x00, 0x00, 0x00, 0x00, 0x00, 0x00, 0x00, 0x00, 0x00, 0x00, 0x00, 0x00, 0x00, 0x00,
  0x00, 0x00, 0x00, 0x00, 0x00, 0x00, 0x00, 0x00, 0x00, 0x00, 0x00, 0x00, 0x00, 0x00, 0x00, 0x00, 0x00, 0x00, 0x00, 0x00, 0x00, 0x00, 0x00, 0x00,
  0x00, 0x00, 0x00, 0x00, 0x00, 0x00, 0x00, 0x00, 0x00, 0x00, 0x00, 0x00, 0x00, 0x00, 0x00, 0x00, 0x00, 0x00, 0x00, 0x00, 0x00, 0x00, 0x00, 0x00,
  0x00, 0x00, 0x00, 0x00, 0x00, 0x00, 0x00, 0x00, 0x00, 0x00, 0x00, 0x00, 0x00, 0x00, 0x00, 0x00, 0x00, 0x00, 0x00, 0x00, 0x00, 0x00, 0x00, 0x00,
  0x00, 0x00, 0x00, 0x00, 0x00, 0x00, 0x00, 0x00, 0x00, 0x00, 0x00, 0x00, 0x00, 0x00, 0x00, 0x00, 0x00, 0x00, 0x00, 0x00, 0x00, 0x00, 0x00, 0x00,
  0x00, 0x00, 0x00, 0x00, 0x00, 0x00, 0x00, 0x00, 0x00, 0x00, 0x00, 0x00, 0xFF, 0xFF, 0x00, 0xFF, 0xFF, 0x00, 0xFF, 0xFF, 0x00, 0xFF, 0xFF, 0x00,
  0xFF, 0xFF, 0x00, 0xFF, 0xFF, 0x00, 0xFF, 0xFF, 0x00, 0xFF, 0xFF, 0x00, 0xFF, 0xFF, 0x00, 0xFF, 0xFF, 0x00, 0xFF, 0xFF, 0x00, 0xFF, 0xFF, 0x00,
  0xFF, 0xFF, 0x00, 0xFF, 0xFF, 0x00, 0xFF, 0xFF, 0x00, 0xFF, 0xFF, 0x00, 0xFF, 0xFF, 0x00, 0xFF, 0xFF, 0x00, 0xFF, 0xFF, 0x00, 0xFF, 0xFF, 0x00,
  0xFF, 0xFF, 0x00, 0xFF, 0xFF, 0x00, 0xFF, 0xFF, 0x00, 0xFF, 0xFF, 0x00, 0xFF, 0xFF, 0x00, 0xFF, 0xFF, 0x00, 0xFF, 0xFF, 0x00, 0xFF, 0xFF, 0x00,
  0xFF, 0xFF, 0x00, 0xFF, 0xFF, 0x00, 0xFF, 0xFF, 0x00, 0xFF, 0xFF, 0x00, 0xFF, 0xFF, 0x00, 0xFF, 0xFF, 0x00, 0xFF, 0xFF, 0x00, 0xFF, 0xFF, 0x00,
  0xFF, 0xFF, 0x00, 0xFF, 0xFF, 0x00, 0xFF, 0xFF, 0x00, 0xFF, 0xFF, 0x00, 0xFF, 0xFF, 0x00, 0xFF, 0xFF, 0x00, 0xFF, 0xFF, 0x00, 0xFF, 0xFF, 0x00,
  0xFF, 0xFF, 0x00, 0xFF, 0xFF, 0x00, 0xFF, 0xFF, 0x00, 0xFF, 0xFF, 0x00, 0xFF, 0xFF, 0x00, 0xFF, 0xFF, 0x00, 0xFF, 0xFF, 0x00, 0xFF, 0xFF, 0x00,
  0xFF, 0xFF, 0x00, 0xFF, 0xFF, 0x00, 0xFF, 0xFF, 0x00, 0x00, 0x00, 0x00, 0x00, 0x00, 0x00, 0x00, 0x00, 0x00, 0x00, 0x00, 0x00, 0x00, 0x00, 0x00,
  0x00, 0x00, 0x00, 0x00, 0x00, 0x00, 0x00, 0x00, 0x00, 0x00, 0x00, 0x00, 0x00, 0x00, 0x00, 0x00, 0x00, 0x00, 0x00, 0x00, 0x00, 0x00, 0x00, 0x00,
  0x00, 0x00, 0x00, 0x00, 0x00, 0x00, 0x00, 0x00, 0x00, 0x00, 0x00, 0x00, 0x00, 0x00, 0x00, 0x00, 0x00, 0x00, 0x00, 0x00, 0x00, 0x00, 0x00, 0x00,
  0x00, 0x00, 0x00, 0x00, 0x00, 0x00, 0x00, 0x00, 0x00, 0x00, 0x00, 0x00, 0x00, 0x00, 0x00, 0x00, 0x00, 0x00, 0x00, 0x00, 0x00, 0x00, 0x00, 0x00,
  0x00, 0x00, 0x00, 0x00, 0x00, 0x00, 0x00, 0x00, 0x00, 0x00, 0x00, 0x00, 0x00, 0x00, 0x00, 0x00, 0x00, 0x00, 0x00, 0x00, 0x00, 0x00, 0x00, 0x00,
  0x00, 0x00, 0x00, 0x00, 0x00, 0x00, 0x00, 0x00, 0x00, 0x00, 0x00, 0x00, 0x00, 0x00, 0x00, 0x00, 0x00, 0x00, 0x00, 0x00, 0x00, 0x00, 0x00, 0x00,
  0x00, 0x00, 0x00, 0x00, 0x00, 0x00, 0x00, 0x00, 0x00, 0x00, 0x00, 0x00, 0x00, 0x00, 0x00, 0x00, 0x00, 0x00, 0x00, 0x00, 0x00, 0x00, 0x00, 0x00,
  0x00, 0x00, 0x00, 0x00, 0x00, 0x00, 0x00, 0x00, 0x00, 0x00, 0x00, 0x00, 0x00, 0x00, 0x00, 0x00, 0x00, 0x00, 0x00, 0x00, 0x00, 0x00, 0x00, 0x00,
  0x00, 0x00, 0x00, 0x00, 0x00, 0x00, 0x00, 0x00, 0x00, 0x00, 0x00, 0x00, 0x00, 0x00, 0x00, 0x00, 0x00, 0x00, 0x00, 0x00, 0x00, 0x00, 0x00, 0x00,
  0x00, 0x00, 0x00, 0x00, 0x00, 0x00, 0x00, 0x00, 0x00, 0x00, 0x00, 0x00, 0x00, 0x00, 0x00, 0x00, 0x00, 0x00, 0x00, 0x00, 0x00, 0x00, 0x00, 0x00,
  0x00, 0x00, 0x00, 0x00, 0x00, 0x00, 0x00, 0x00, 0x00, 0x00, 0x00, 0x00, 0x00, 0x00, 0x00, 0x00, 0x00, 0x00, 0x00, 0x00, 0x00, 0x00, 0x00, 0x00,
  0x00, 0x00, 0x00, 0x00, 0x00, 0x00, 0x00, 0x00, 0x00, 0x00, 0x00, 0x00, 0x00, 0x00, 0x00, 0x00, 0x00, 0x00, 0x00, 0x00, 0x00, 0x00, 0x00, 0x00,
  0x00, 0x00, 0x00, 0x00, 0x00, 0x00, 0x00, 0x00, 0x00, 0x00, 0x00, 0x00, 0x00, 0x00, 0x00, 0x00, 0x00, 0x00, 0x00, 0x00, 0x00, 0x00, 0x00, 0x00,
  0x00, 0x00, 0x00, 0x00, 0x00, 0x00, 0x00, 0x00, 0x00, 0x00, 0x00, 0x00, 0x00, 0x00, 0x00, 0x00, 0x00, 0x00, 0x00, 0x00, 0x00, 0x00, 0x00, 0x00,
  0x00, 0x00, 0x00, 0x00, 0x00, 0x00, 0x00, 0x00, 0x00, 0x00, 0x00, 0x00, 0x00, 0x00, 0x00, 0x00, 0x00, 0x00, 0x00, 0x00, 0x00, 0x00, 0x00, 0x00,
  0x00, 0x00, 0x01, 0x41, 0x08, 0x03, 0xE7, 0x39, 0x4F, 0x4D, 0x6B, 0xF9, 0xCA, 0x5A, 0xF3, 0xEB, 0x5A, 0xFD, 0x0C, 0x63, 0xFD, 0x2C, 0x63, 0xFF,
  0x2C, 0x63, 0xFF, 0x4D, 0x6B, 0xFF, 0x4D, 0x6B, 0xFF, 0x6D, 0x6B, 0xFF, 0x6D, 0x6B, 0xFF, 0x6D, 0x6B, 0xFF, 0x4D, 0x6B, 0xFF, 0x2C, 0x63, 0xFF,
  0x0C, 0x63, 0xFF, 0xEB, 0x62, 0xFD, 0xCB, 0x5A, 0xFB, 0xCB, 0x5A, 0xF5, 0x2C, 0x63, 0xF9, 0x62, 0x08, 0x14, 0x00, 0x00, 0x00, 0x00, 0x00, 0x01,
  0x00, 0x00, 0x00, 0x00, 0x00, 0x00, 0x00, 0x00, 0x00, 0x00, 0x00, 0x00, 0x00, 0x00, 0x00, 0x00, 0x00, 0x00, 0x00, 0x00, 0x00, 0x00, 0x00, 0x00,
  0x00, 0x00, 0x00, 0x00, 0x00, 0x00, 0x00, 0x00, 0x00, 0x00, 0x00, 0x00, 0x00, 0x00, 0x00, 0x00, 0x00, 0x00, 0x00, 0x00, 0x00, 0x00, 0x00, 0x00,
  0x00, 0x00, 0x00, 0x00, 0x00, 0x00, 0x00, 0x00, 0x00, 0x00, 0x00, 0x00, 0x00, 0x00, 0x00, 0x00, 0x00, 0x00, 0x00, 0x00, 0x00, 0x00, 0x00, 0x00,
  0x00, 0x00, 0x00, 0x00, 0x00, 0x00, 0x00, 0x00, 0x00, 0x00, 0x00, 0x00, 0x00, 0x00, 0x00, 0x00, 0x00, 0x00, 0x00, 0x00, 0x00, 0x00, 0x00, 0x00,
  0x00, 0x00, 0x00, 0x00, 0x00, 0x00, 0x00, 0x00, 0x00, 0x00, 0x00, 0x00, 0x00, 0x00, 0x00, 0x00, 0x00, 0x00, 0x00, 0x00, 0x00, 0x00, 0x00, 0x00,
  0x00, 0x00, 0x00, 0x00, 0x00, 0x00, 0x00, 0x00, 0x00, 0x00, 0x00, 0x00, 0x00, 0x00, 0x00, 0x00, 0x00, 0x00, 0x00, 0x00, 0x00, 0x00, 0x00, 0x00,
  0x00, 0x00, 0x00, 0x00, 0x00, 0x00, 0x00, 0x00, 0x00, 0x00, 0x00, 0x00, 0x00, 0x00, 0x00, 0x00, 0x00, 0x00, 0x00, 0x00, 0x00, 0x00, 0x00, 0x00,
  0x00, 0x00, 0x00, 0x00, 0x00, 0x00, 0x00, 0x00, 0x00, 0x00, 0x00, 0x00, 0x00, 0x00, 0x00, 0x00, 0x00, 0x00, 0x00, 0x00, 0x00, 0x00, 0x00, 0x00,
  0x00, 0x00, 0x00, 0x00, 0x00, 0x00, 0x00, 0x00, 0x00, 0x00, 0x00, 0x00, 0x00, 0x00, 0x00, 0x00, 0x00, 0x00, 0x00, 0x00, 0x00, 0x00, 0x00, 0x00,
  0x00, 0x00, 0x00, 0x00, 0x00, 0x00, 0x00, 0x00, 0x00, 0x00, 0x00, 0x00, 0x00, 0x00, 0x00, 0x00, 0x00, 0x00, 0x00, 0x00, 0x00, 0x00, 0x00, 0x00,
  0xFF, 0xFF, 0x00, 0xFF, 0xFF, 0x00, 0xFF, 0xFF, 0x00, 0xFF, 0xFF, 0x00, 0xFF, 0xFF, 0x00, 0xFF, 0xFF, 0x00, 0xFF, 0xFF, 0x00, 0xFF, 0xFF, 0x00,
  0xFF, 0xFF, 0x00, 0xFF, 0xFF, 0x00, 0xFF, 0xFF, 0x00, 0xFF, 0xFF, 0x00, 0xFF, 0xFF, 0x00, 0xFF, 0xFF, 0x00, 0xFF, 0xFF, 0x00, 0xFF, 0xFF, 0x00,
  0xFF, 0xFF, 0x00, 0xFF, 0xFF, 0x00, 0xFF, 0xFF, 0x00, 0xFF, 0xFF, 0x00, 0xFF, 0xFF, 0x00, 0xFF, 0xFF, 0x00, 0xFF, 0xFF, 0x00, 0xFF, 0xFF, 0x00,
  0xFF, 0xFF, 0x00, 0xFF, 0xFF, 0x00, 0xFF, 0xFF, 0x00, 0xFF, 0xFF, 0x00, 0xFF, 0xFF, 0x00, 0xFF, 0xFF, 0x00, 0xFF, 0xFF, 0x00, 0xFF, 0xFF, 0x00,
  0xFF, 0xFF, 0x00, 0xFF, 0xFF, 0x00, 0xFF, 0xFF, 0x00, 0xFF, 0xFF, 0x00, 0xFF, 0xFF, 0x00, 0xFF, 0xFF, 0x00, 0xFF, 0xFF, 0x00, 0xFF, 0xFF, 0x00,
  0xFF, 0xFF, 0x00, 0xFF, 0xFF, 0x00, 0xFF, 0xFF, 0x00, 0xFF, 0xFF, 0x00, 0xFF, 0xFF, 0x00, 0xFF, 0xFF, 0x00, 0xFF, 0xFF, 0x00, 0xFF, 0xFF, 0x00,
  0xFF, 0xFF, 0x00, 0xFF, 0xFF, 0x00, 0xFF, 0xFF, 0x00, 0xFF, 0xFF, 0x00, 0xFF, 0xFF, 0x00, 0xFF, 0xFF, 0x00, 0xFF, 0xFF, 0x00, 0x00, 0x00, 0x00,
  0x00, 0x00, 0x00, 0x00, 0x00, 0x00, 0x00, 0x00, 0x00, 0x00, 0x00, 0x00, 0x00, 0x00, 0x00, 0x00, 0x00, 0x00, 0x00, 0x00, 0x00, 0x00, 0x00, 0x00,
  0x00, 0x00, 0x00, 0x00, 0x00, 0x00, 0x00, 0x00, 0x00, 0x00, 0x00, 0x00, 0x00, 0x00, 0x00, 0x00, 0x00, 0x00, 0x00, 0x00, 0x00, 0x00, 0x00, 0x00,
  0x00, 0x00, 0x00, 0x00, 0x00, 0x00, 0x00, 0x00, 0x00, 0x00, 0x00, 0x00, 0x00, 0x00, 0x00, 0x00, 0x00, 0x00, 0x00, 0x00, 0x00, 0x00, 0x00, 0x00,
  0x00, 0x00, 0x00, 0x00, 0x00, 0x00, 0x00, 0x00, 0x00, 0x00, 0x00, 0x00, 0x00, 0x00, 0x00, 0x00, 0x00, 0x00, 0x00, 0x00, 0x00, 0x00, 0x00, 0x00,
  0x00, 0x00, 0x00, 0x00, 0x00, 0x00, 0x00, 0x00, 0x00, 0x00, 0x00, 0x00, 0x00, 0x00, 0x00, 0x00, 0x00, 0x00, 0x00, 0x00, 0x00, 0x00, 0x00, 0x00,
  0x00, 0x00, 0x00, 0x00, 0x00, 0x00, 0x00, 0x00, 0x00, 0x00, 0x00, 0x00, 0x00, 0x00, 0x00, 0x00, 0x00, 0x00, 0x00, 0x00, 0x00, 0x00, 0x00, 0x00,
  0x00, 0x00, 0x00, 0x00, 0x00, 0x00, 0x00, 0x00, 0x00, 0x00, 0x00, 0x00, 0x00, 0x00, 0x00, 0x00, 0x00, 0x00, 0x00, 0x00, 0x00, 0x00, 0x00, 0x00,
  0x00, 0x00, 0x00, 0x00, 0x00, 0x00, 0x00, 0x00, 0x00, 0x00, 0x00, 0x00, 0x00, 0x00, 0x00, 0x00, 0x00, 0x00, 0x00, 0x00, 0x00, 0x00, 0x00, 0x00,
  0x00, 0x00, 0x00, 0x00, 0x00, 0x00, 0x00, 0x00, 0x00, 0x00, 0x00, 0x00, 0x00, 0x00, 0x00, 0x00, 0x00, 0x00, 0x00, 0x00, 0x00, 0x00, 0x00, 0x00,
  0x00, 0x00, 0x00, 0x00, 0x00, 0x00, 0x00, 0x00, 0x00, 0x00, 0x00, 0x00, 0x00, 0x00, 0x00, 0x00, 0x00, 0x00, 0x00, 0x00, 0x00, 0x00, 0x00, 0x00,
  0x00, 0x00, 0x00, 0x00, 0x00, 0x00, 0x00, 0x00, 0x00, 0x00, 0x00, 0x00, 0x00, 0x00, 0x00, 0x00, 0x00, 0x00, 0x00, 0x00, 0x00, 0x00, 0x00, 0x00,
  0x20, 0x00, 0x03, 0x82, 0x10, 0x06, 0x41, 0x08, 0x06, 0x20, 0x00, 0x06, 0xC3, 0x18, 0x0F, 0x86, 0x31, 0x1D, 0x24, 0x21, 0x1D, 0x04, 0x21, 0x1D,
  0x24, 0x21, 0x1E, 0x8A, 0x52, 0x45, 0xAA, 0x52, 0x4C, 0x6A, 0x4A, 0x4C, 0x49, 0x4A, 0x4C, 0xCB, 0x5A, 0x62, 0xCF, 0x7B, 0x8E, 0xAE, 0x73, 0x8C,
  0xCE, 0x7B, 0x8E, 0xAE, 0x73, 0x8E, 0xCF, 0x7B, 0x8E, 0xEF, 0x7B, 0x8E, 0xD3, 0x9C, 0xC0, 0x55, 0xAD, 0xD1, 0x34, 0xA5, 0xD1, 0x34, 0xA5, 0xD1,
  0x34, 0xA5, 0xD1, 0x34, 0xA5, 0xD1, 0x34, 0xA5, 0xD1, 0x34, 0xA5, 0xD3, 0x34, 0xA5, 0xD3, 0x55, 0xAD, 0xDA, 0x75, 0xAD, 0xE6, 0xB2, 0x94, 0xFF,
  0x71, 0x8C, 0xFF, 0x71, 0x8C, 0xFF, 0x92, 0x94, 0xFF, 0x92, 0x94, 0xFF, 0x92, 0x94, 0xFF, 0x92, 0x94, 0xFF, 0x92, 0x94, 0xFF, 0x92, 0x94, 0xFF,
  0x92, 0x94, 0xFF, 0x92, 0x94, 0xFF, 0x92, 0x94, 0xFF, 0x92, 0x94, 0xFF, 0x92, 0x94, 0xFF, 0x92, 0x94, 0xFF, 0xB2, 0x94, 0xFF, 0x92, 0x94, 0xFF,
  0xD3, 0x9C, 0xFD, 0x55, 0xAD, 0xD3, 0x55, 0xAD, 0xD1, 0x55, 0xAD, 0xD1, 0x34, 0xA5, 0xD1, 0x34, 0xA5, 0xD1, 0x34, 0xA5, 0xD1, 0x34, 0xA5, 0xD1,
  0x14, 0xA5, 0xD1, 0x34, 0xA5, 0xD1, 0x34, 0xA5, 0xD1, 0x34, 0xA5, 0xD1, 0x34, 0xA5, 0xD1, 0x55, 0xAD, 0xD1, 0x92, 0x94, 0xAF, 0xEF, 0x7B, 0x8E,
  0xEF, 0x7B, 0x8E, 0xAE, 0x73, 0x8E, 0xAE, 0x73, 0x8E, 0xAE, 0x73, 0x8E, 0xCF, 0x7B, 0x8E, 0xCF, 0x7B, 0x8C, 0xEF, 0x7B, 0x8E, 0xAA, 0x52, 0x58,
  0x49, 0x4A, 0x4C, 0x49, 0x4A, 0x4C, 0x8A, 0x52, 0x4C, 0x49, 0x4A, 0x3E, 0x24, 0x21, 0x1D, 0x24, 0x21, 0x1E, 0x45, 0x29, 0x1D, 0x65, 0x29, 0x1D,
  0x86, 0x31, 0x1D, 0x61, 0x08, 0x09, 0x20, 0x00, 0x06, 0x41, 0x08, 0x06, 0x82, 0x10, 0x06, 0x00, 0x00, 0x02, 0x00, 0x00, 0x00, 0x00, 0x00, 0x00,
  0x00, 0x00, 0x00, 0x00, 0x00, 0x00, 0x00, 0x00, 0x00, 0x00, 0x00, 0x00, 0x00, 0x00, 0x00, 0x00, 0x00, 0x00, 0x00, 0x00, 0x00, 0x00, 0x00, 0x00,
  0x00, 0x00, 0x00, 0x00, 0x00, 0x00, 0x00, 0x00, 0x00, 0x00, 0x00, 0x00, 0x00, 0x00, 0x00, 0x00, 0x00, 0x00, 0x00, 0x00, 0x00, 0x00, 0x00, 0x00,
  0x00, 0x00, 0x00, 0x00, 0x00, 0x00, 0x00, 0x00, 0x00, 0x00, 0x00, 0x00, 0x00, 0x00, 0x00, 0x00, 0x00, 0x00, 0x00, 0x00, 0x00, 0x00, 0x00, 0x00,
  0x00, 0x00, 0x00, 0x00, 0x00, 0x00, 0x00, 0x00, 0x00, 0x00, 0x00, 0x00, 0x00, 0x00, 0x00, 0x00, 0x00, 0x00, 0x00, 0x00, 0x00, 0x00, 0x00, 0x00,
  0x00, 0x00, 0x00, 0x00, 0x00, 0x00, 0x00, 0x00, 0x00, 0x00, 0x00, 0x00, 0x00, 0x00, 0x00, 0x00, 0x00, 0x00, 0x00, 0x00, 0x00, 0x00, 0x00, 0x00,
  0x00, 0x00, 0x00, 0x00, 0x00, 0x00, 0x00, 0x00, 0x00, 0x00, 0x00, 0x00, 0xFF, 0xFF, 0x00, 0xFF, 0xFF, 0x00, 0xFF, 0xFF, 0x00, 0xFF, 0xFF, 0x00,
  0xFF, 0xFF, 0x00, 0xFF, 0xFF, 0x00, 0xFF, 0xFF, 0x00, 0xFF, 0xFF, 0x00, 0xFF, 0xFF, 0x00, 0xFF, 0xFF, 0x00, 0xFF, 0xFF, 0x00, 0xFF, 0xFF, 0x00,
  0xFF, 0xFF, 0x00, 0xFF, 0xFF, 0x00, 0xFF, 0xFF, 0x00, 0xFF, 0xFF, 0x00, 0xFF, 0xFF, 0x00, 0xFF, 0xFF, 0x00, 0xFF, 0xFF, 0x00, 0xFF, 0xFF, 0x00,
  0xFF, 0xFF, 0x00, 0xFF, 0xFF, 0x00, 0xFF, 0xFF, 0x00, 0xFF, 0xFF, 0x00, 0xFF, 0xFF, 0x00, 0xFF, 0xFF, 0x00, 0xFF, 0xFF, 0x00, 0xFF, 0xFF, 0x00,
  0xFF, 0xFF, 0x00, 0xFF, 0xFF, 0x00, 0xFF, 0xFF, 0x00, 0xFF, 0xFF, 0x00, 0xFF, 0xFF, 0x00, 0xFF, 0xFF, 0x00, 0xFF, 0xFF, 0x00, 0xFF, 0xFF, 0x00,
  0xFF, 0xFF, 0x00, 0xFF, 0xFF, 0x00, 0xFF, 0xFF, 0x00, 0xFF, 0xFF, 0x00, 0xFF, 0xFF, 0x00, 0xFF, 0xFF, 0x00, 0xFF, 0xFF, 0x00, 0xFF, 0xFF, 0x00,
  0xFF, 0xFF, 0x00, 0xFF, 0xFF, 0x00, 0xFF, 0xFF, 0x00, 0xFF, 0xFF, 0x00, 0xFF, 0xFF, 0x00, 0xFF, 0xFF, 0x00, 0xFF, 0xFF, 0x00, 0xFF, 0xFF, 0x00,
  0xFF, 0xFF, 0x00, 0xFF, 0xFF, 0x00, 0xFF, 0xFF, 0x00, 0x00, 0x00, 0x00, 0x00, 0x00, 0x00, 0x00, 0x00, 0x00, 0x00, 0x00, 0x00, 0x00, 0x00, 0x00,
  0x00, 0x00, 0x00, 0x00, 0x00, 0x00, 0x00, 0x00, 0x00, 0x00, 0x00, 0x00, 0x00, 0x00, 0x00, 0x00, 0x00, 0x00, 0x00, 0x00, 0x00, 0x00, 0x00, 0x00,
  0x00, 0x00, 0x00, 0x00, 0x00, 0x00, 0x00, 0x00, 0x00, 0x00, 0x00, 0x00, 0x00, 0x00, 0x00, 0x00, 0x00, 0x00, 0x00, 0x00, 0x00, 0x00, 0x00, 0x00,
  0x00, 0x00, 0x00, 0x00, 0x00, 0x00, 0x00, 0x00, 0x00, 0x00, 0x00, 0x00, 0x00, 0x00, 0x00, 0x00, 0x00, 0x00, 0x00, 0x00, 0x00, 0x00, 0x00, 0x00,
  0x00, 0x00, 0x00, 0x00, 0x00, 0x00, 0x00, 0x00, 0x00, 0x00, 0x00, 0x00, 0x00, 0x00, 0x00, 0x00, 0x00, 0x00, 0x00, 0x00, 0x00, 0x00, 0x00, 0x00,
  0x00, 0x00, 0x00, 0x00, 0x00, 0x00, 0x00, 0x00, 0x00, 0x00, 0x00, 0x00, 0x00, 0x00, 0x00, 0x00, 0x00, 0x00, 0x00, 0x00, 0x00, 0x00, 0x00, 0x00,
  0x00, 0x00, 0x00, 0x00, 0x00, 0x00, 0x00, 0x00, 0x00, 0x00, 0x00, 0x00, 0x00, 0x00, 0x00, 0x00, 0x00, 0x00, 0x00, 0x00, 0x00, 0x00, 0x00, 0x00,
  0x00, 0x00, 0x00, 0x00, 0x00, 0x00, 0x00, 0x00, 0x00, 0x00, 0x00, 0x00, 0x00, 0x00, 0x00, 0x00, 0x00, 0x00, 0x00, 0x00, 0x00, 0x00, 0x00, 0x00,
  0x00, 0x00, 0x00, 0x00, 0x00, 0x00, 0x00, 0x00, 0x00, 0x00, 0x00, 0x00, 0x00, 0x00, 0x00, 0x00, 0x00, 0x00, 0x00, 0x00, 0x00, 0x00, 0x00, 0x00,
  0x00, 0x00, 0x00, 0x00, 0x00, 0x00, 0x00, 0x00, 0x00, 0x00, 0x00, 0x00, 0x00, 0x00, 0x00, 0x00, 0x00, 0x00, 0x00, 0x00, 0x00, 0x00, 0x00, 0x00,
  0x00, 0x00, 0x00, 0x61, 0x08, 0x09, 0xA6, 0x31, 0x2E, 0x08, 0x42, 0x41, 0x69, 0x4A, 0x51, 0xAE, 0x73, 0x82, 0x8E, 0x73, 0x82, 0x6D, 0x6B, 0x82,
  0x71, 0x8C, 0xA6, 0x14, 0xA5, 0xC7, 0xD3, 0x9C, 0xC7, 0xF3, 0x9C, 0xC7, 0xB6, 0xB5, 0xE9, 0x59, 0xCE, 0xFF, 0x59, 0xCE, 0xFF, 0x59, 0xCE, 0xFF,
  0xBB, 0xDE, 0xFF, 0x3C, 0xE7, 0xFF, 0x3C, 0xE7, 0xFF, 0x5D, 0xEF, 0xFF, 0x7D, 0xEF, 0xFF, 0xBE, 0xF7, 0xFF, 0xDE, 0xFF, 0xFF, 0xDF, 0xFF, 0xFF,
  0xDF, 0xFF, 0xFF, 0xDF, 0xFF, 0xFF, 0xDF, 0xFF, 0xFF, 0xFF, 0xFF, 0xFF, 0xFF, 0xFF, 0xFF, 0xFF, 0xFF, 0xFF, 0xFF, 0xFF, 0xFF, 0xFF, 0xFF, 0xFF,
  0xFF, 0xFF, 0xFF, 0xDF, 0xFF, 0xFF, 0xFF, 0xFF, 0xFF, 0xFF, 0xFF, 0xFF, 0xFF, 0xFF, 0xFF, 0xFF, 0xFF, 0xFF, 0xFF, 0xFF, 0xFF, 0xFF, 0xFF, 0xFF,
  0xFF, 0xFF, 0xFF, 0xFF, 0xFF, 0xFF, 0xDF, 0xFF, 0xFF, 0xFF, 0xFF, 0xFF, 0xFF, 0xFF, 0xFF, 0xFF, 0xFF, 0xFF, 0xFF, 0xFF, 0xFF, 0xFF, 0xFF, 0xFF,
  0xFF, 0xFF, 0xFF, 0xFF, 0xFF, 0xFF, 0xFF, 0xFF, 0xFF, 0xFF, 0xFF, 0xFF, 0xFF, 0xFF, 0xFF, 0xFF, 0xFF, 0xFF, 0xFF, 0xFF, 0xFF, 0xFF, 0xFF, 0xFF,
  0xFF, 0xFF, 0xFF, 0xFF, 0xFF, 0xFF, 0xFF, 0xFF, 0xFF, 0xFF, 0xFF, 0xFF, 0xFF, 0xFF, 0xFF, 0xFF, 0xFF, 0xFF, 0xFF, 0xFF, 0xFF, 0xFF, 0xFF, 0xFF,
  0xFF, 0xFF, 0xFF, 0xFF, 0xFF, 0xFF, 0xFF, 0xFF, 0xFF, 0xFF, 0xFF, 0xFF, 0xFF, 0xFF, 0xFF, 0xFF, 0xFF, 0xFF, 0xFF, 0xFF, 0xFF, 0xDF, 0xFF, 0xFF,
  0xDF, 0xFF, 0xFF, 0xDF, 0xFF, 0xFF, 0xFF, 0xFF, 0xFF, 0xFF, 0xFF, 0xFF, 0xFF, 0xFF, 0xFF, 0xFF, 0xFF, 0xFF, 0xFF, 0xFF, 0xFF, 0xFF, 0xFF, 0xFF,
  0xFF, 0xFF, 0xFF, 0xFF, 0xFF, 0xFF, 0xDF, 0xFF, 0xFF, 0xFF, 0xFF, 0xFF, 0xDF, 0xFF, 0xFF, 0xDF, 0xFF, 0xFF, 0xBE, 0xF7, 0xFF, 0x9E, 0xF7, 0xFF,
  0x7D, 0xEF, 0xFF, 0x7D, 0xEF, 0xFF, 0x5D, 0xEF, 0xFF, 0x5D, 0xEF, 0xFF, 0x1C, 0xE7, 0xFF, 0x9A, 0xD6, 0xFF, 0x59, 0xCE, 0xFF, 0x38, 0xC6, 0xFF,
  0x59, 0xCE, 0xFF, 0xB6, 0xB5, 0xE2, 0x14, 0xA5, 0xC7, 0xF3, 0x9C, 0xC8, 0xF3, 0x9C, 0xC7, 0x14, 0xA5, 0xC7, 0x30, 0x84, 0xA0, 0x6D, 0x6B, 0x82,
  0x6D, 0x6B, 0x80, 0x8E, 0x73, 0x82, 0x8A, 0x52, 0x59, 0xE7, 0x39, 0x41, 0x28, 0x42, 0x43, 0x08, 0x42, 0x3C, 0xC3, 0x18, 0x18, 0xC3, 0x18, 0x17,
  0x04, 0x21, 0x18, 0xC3, 0x18, 0x0F, 0x00, 0x00, 0x04, 0x41, 0x08, 0x05, 0x41, 0x08, 0x04, 0x00, 0x00, 0x00, 0x00, 0x00, 0x00, 0x00, 0x00, 0x00,
  0x00, 0x00, 0x00, 0x00, 0x00, 0x00, 0x00, 0x00, 0x00, 0x00, 0x00, 0x00, 0x00, 0x00, 0x00, 0x00, 0x00, 0x00, 0x00, 0x00, 0x00, 0x00, 0x00, 0x00,
  0x00, 0x00, 0x00, 0x00, 0x00, 0x00, 0x00, 0x00, 0x00, 0x00, 0x00, 0x00, 0x00, 0x00, 0x00, 0x00, 0x00, 0x00, 0x00, 0x00, 0x00, 0x00, 0x00, 0x00,
  0x00, 0x00, 0x00, 0x00, 0x00, 0x00, 0x00, 0x00, 0x00, 0x00, 0x00, 0x00, 0x00, 0x00, 0x00, 0x00, 0x00, 0x00, 0x00, 0x00, 0x00, 0x00, 0x00, 0x00,
  0xFF, 0xFF, 0x00, 0xFF, 0xFF, 0x00, 0xFF, 0xFF, 0x00, 0xFF, 0xFF, 0x00, 0xFF, 0xFF, 0x00, 0xFF, 0xFF, 0x00, 0xFF, 0xFF, 0x00, 0xFF, 0xFF, 0x00,
  0xFF, 0xFF, 0x00, 0xFF, 0xFF, 0x00, 0xFF, 0xFF, 0x00, 0xFF, 0xFF, 0x00, 0xFF, 0xFF, 0x00, 0xFF, 0xFF, 0x00, 0xFF, 0xFF, 0x00, 0xFF, 0xFF, 0x00,
  0xFF, 0xFF, 0x00, 0xFF, 0xFF, 0x00, 0xFF, 0xFF, 0x00, 0xFF, 0xFF, 0x00, 0xFF, 0xFF, 0x00, 0xFF, 0xFF, 0x00, 0xFF, 0xFF, 0x00, 0xFF, 0xFF, 0x00,
  0xFF, 0xFF, 0x00, 0xFF, 0xFF, 0x00, 0xFF, 0xFF, 0x00, 0xFF, 0xFF, 0x00, 0xFF, 0xFF, 0x00, 0xFF, 0xFF, 0x00, 0xFF, 0xFF, 0x00, 0xFF, 0xFF, 0x00,
  0xFF, 0xFF, 0x00, 0xFF, 0xFF, 0x00, 0xFF, 0xFF, 0x00, 0xFF, 0xFF, 0x00, 0xFF, 0xFF, 0x00, 0xFF, 0xFF, 0x00, 0xFF, 0xFF, 0x00, 0xFF, 0xFF, 0x00,
  0xFF, 0xFF, 0x00, 0xFF, 0xFF, 0x00, 0xFF, 0xFF, 0x00, 0xFF, 0xFF, 0x00, 0xFF, 0xFF, 0x00, 0xFF, 0xFF, 0x00, 0xFF, 0xFF, 0x00, 0xFF, 0xFF, 0x00,
  0xFF, 0xFF, 0x00, 0xFF, 0xFF, 0x00, 0xFF, 0xFF, 0x00, 0xFF, 0xFF, 0x00, 0xFF, 0xFF, 0x00, 0xFF, 0xFF, 0x00, 0xFF, 0xFF, 0x00, 0x00, 0x00, 0x00,
  0x00, 0x00, 0x00, 0x00, 0x00, 0x00, 0x00, 0x00, 0x00, 0x00, 0x00, 0x00, 0x00, 0x00, 0x00, 0x00, 0x00, 0x00, 0x00, 0x00, 0x00, 0x00, 0x00, 0x00,
  0x00, 0x00, 0x00, 0x00, 0x00, 0x00, 0x00, 0x00, 0x00, 0x00, 0x00, 0x00, 0x00, 0x00, 0x00, 0x00, 0x00, 0x00, 0x00, 0x00, 0x00, 0x00, 0x00, 0x00,
  0x00, 0x00, 0x00, 0x00, 0x00, 0x00, 0x00, 0x00, 0x00, 0x00, 0x00, 0x00, 0x00, 0x00, 0x00, 0x00, 0x00, 0x00, 0x00, 0x00, 0x00, 0x00, 0x00, 0x00,
  0x00, 0x00, 0x00, 0x00, 0x00, 0x00, 0x00, 0x00, 0x00, 0x00, 0x00, 0x00, 0x00, 0x00, 0x00, 0x00, 0x00, 0x00, 0x00, 0x00, 0x00, 0x00, 0x00, 0x00,
  0x00, 0x00, 0x00, 0x00, 0x00, 0x00, 0x00, 0x00, 0x00, 0x00, 0x00, 0x00, 0x00, 0x00, 0x00, 0x00, 0x00, 0x00, 0x00, 0x00, 0x00, 0x00, 0x00, 0x00,
  0x00, 0x00, 0x00, 0x00, 0x00, 0x00, 0x00, 0x00, 0x00, 0x00, 0x00, 0x00, 0x00, 0x00, 0x00, 0x00, 0x00, 0x00, 0x00, 0x00, 0x00, 0x00, 0x00, 0x00,
  0x00, 0x00, 0x00, 0x00, 0x00, 0x00, 0x00, 0x00, 0x00, 0x00, 0x00, 0x00, 0x00, 0x00, 0x00, 0x00, 0x00, 0x00, 0x00, 0x00, 0x00, 0x00, 0x00, 0x00,
  0x00, 0x00, 0x00, 0x00, 0x00, 0x00, 0x00, 0x00, 0x00, 0x00, 0x00, 0x00, 0x00, 0x00, 0x00, 0x00, 0x00, 0x00, 0x00, 0x00, 0x00, 0x00, 0x00, 0x00,
  0x00, 0x00, 0x00, 0x00, 0x00, 0x00, 0x00, 0x00, 0x00, 0x00, 0x00, 0x00, 0x00, 0x00, 0x00, 0x00, 0x00, 0x00, 0x00, 0x00, 0x00, 0x00, 0x00, 0x00,
  0x00, 0x00, 0x00, 0x00, 0x00, 0x00, 0x00, 0x00, 0x00, 0x20, 0x00, 0x01, 0x0C, 0x63, 0x6D, 0x59, 0xCE, 0xFF, 0x5D, 0xEF, 0xFF, 0xDF, 0xFF, 0xFF,
  0xDF, 0xFF, 0xFF, 0xDF, 0xFF, 0xFF, 0xFF, 0xFF, 0xFF, 0xFF, 0xFF, 0xFF, 0xFF, 0xFF, 0xFF, 0xFF, 0xFF, 0xFF, 0xFF, 0xFF, 0xFF, 0xFF, 0xFF, 0xFF,
  0xDF, 0xFF, 0xFF, 0xBE, 0xF7, 0xFF, 0xBE, 0xF7, 0xFF, 0xBE, 0xF7, 0xFF, 0x9E, 0xF7, 0xFB, 0x9D, 0xF7, 0xF7, 0x9E, 0xF7, 0xF9, 0x7D, 0xEF, 0xF7,
  0x7D, 0xEF, 0xF7, 0x5D, 0xEF, 0xF7, 0x5D, 0xEF, 0xF7, 0x5D, 0xEF, 0xF7, 0x5D, 0xEF, 0xF7, 0x5D, 0xEF, 0xF7, 0x5D, 0xEF, 0xF9, 0x5D, 0xEF, 0xF9,
  0x5D, 0xEF, 0xF9, 0x3C, 0xEF, 0xF9, 0x3C, 0xEF, 0xF9, 0x3C, 0xEF, 0xF9, 0x5D, 0xEF, 0xFB, 0x5D, 0xEF, 0xFD, 0x3C, 0xEF, 0xFD, 0x5D, 0xEF, 0xFD,
  0x3C, 0xEF, 0xFD, 0x3C, 0xEF, 0xFD, 0x5C, 0xEF, 0xFD, 0x5C, 0xEF, 0xFD, 0x5D, 0xEF, 0xFD, 0x5D, 0xEF, 0xFD, 0x5D, 0xEF, 0xFD, 0x5D, 0xEF, 0xFF,
  0x5D, 0xEF, 0xFF, 0x5D, 0xEF, 0xFF, 0x5D, 0xEF, 0xFF, 0x5D, 0xEF, 0xFF, 0x5D, 0xEF, 0xFF, 0x5D, 0xEF, 0xFF, 0x5D, 0xEF, 0xFF, 0x5D, 0xEF, 0xFF,
  0x5D, 0xEF, 0xFF, 0x5D, 0xEF, 0xFF, 0x5D, 0xEF, 0xFF, 0x5D, 0xEF, 0xFF, 0x5D, 0xEF, 0xFF, 0x5D, 0xEF, 0xFF, 0x5D, 0xEF, 0xFF, 0x5D, 0xEF, 0xFF,
  0x5D, 0xEF, 0xFF, 0x5C, 0xEF, 0xFD, 0x3C, 0xEF, 0xFD, 0x3C, 0xEF, 0xFD, 0x3C, 0xEF, 0xFD, 0x3C, 0xEF, 0xFD, 0x5D, 0xEF, 0xFD, 0x5C, 0xEF, 0xFD,
  0x5D, 0xEF, 0xFD, 0x5D, 0xEF, 0xFD, 0x5C, 0xEF, 0xFD, 0x3C, 0xEF, 0xFD, 0x3C, 0xEF, 0xFD, 0x3C, 0xEF, 0xFD, 0x3C, 0xE7, 0xFB, 0x3C, 0xE7, 0xF9,
  0x3C, 0xEF, 0xF9, 0x5C, 0xEF, 0xF9, 0x3C, 0xEF, 0xF9, 0x3C, 0xEF, 0xF9, 0x3C, 0xEF, 0xF9, 0x3C, 0xEF, 0xF9, 0x3C, 0xEF, 0xF9, 0x3C, 0xEF, 0xF7,
  0x5C, 0xEF, 0xF7, 0x5D, 0xEF, 0xF7, 0x5D, 0xEF, 0xF7, 0x5D, 0xEF, 0xF7, 0x7D, 0xEF, 0xF7, 0x7D, 0xEF, 0xF7, 0x7D, 0xEF, 0xF7, 0x7D, 0xEF, 0xF7,
  0x7D, 0xEF, 0xF7, 0xBE, 0xF7, 0xFF, 0xBE, 0xF7, 0xFF, 0xBE, 0xF7, 0xFF, 0xBE, 0xF7, 0xFF, 0xDF, 0xFF, 0xFF, 0xFF, 0xFF, 0xFF, 0xFF, 0xFF, 0xFF,
  0xDF, 0xFF, 0xFF, 0xDF, 0xFF, 0xFF, 0xFF, 0xFF, 0xFF, 0xFF, 0xFF, 0xFF, 0xFF, 0xFF, 0xFF, 0xDF, 0xFF, 0xFF, 0xDF, 0xFF, 0xFF, 0xDF, 0xFF, 0xFF,
  0xBE, 0xF7, 0xFF, 0x7D, 0xEF, 0xFF, 0x3C, 0xE7, 0xFF, 0x1C, 0xE7, 0xFF, 0xFB, 0xDE, 0xFF, 0xBA, 0xD6, 0xFF, 0x18, 0xC6, 0xF7, 0x18, 0xC6, 0xF9,
  0xD7, 0xBD, 0xF3, 0xD3, 0x94, 0xBE, 0xB2, 0x94, 0xBC, 0xB2, 0x94, 0xBA, 0x4D, 0x6B, 0x7C, 0x4D, 0x6B, 0x75, 0x8E, 0x73, 0x75, 0x08, 0x42, 0x42,
  0x08, 0x42, 0x38, 0x86, 0x31, 0x2A, 0xA2, 0x10, 0x10, 0x00, 0x00, 0x00, 0x00, 0x00, 0x00, 0x00, 0x00, 0x00, 0x00, 0x00, 0x00, 0x00, 0x00, 0x00,
  0x00, 0x00, 0x00, 0x00, 0x00, 0x00, 0x00, 0x00, 0x00, 0x00, 0x00, 0x00, 0x00, 0x00, 0x00, 0x00, 0x00, 0x00, 0x00, 0x00, 0x00, 0x00, 0x00, 0x00,
  0x00, 0x00, 0x00, 0x00, 0x00, 0x00, 0x00, 0x00, 0x00, 0x00, 0x00, 0x00, 0xFF, 0xFF, 0x00, 0xFF, 0xFF, 0x00, 0xFF, 0xFF, 0x00, 0xFF, 0xFF, 0x00,
  0xFF, 0xFF, 0x00, 0xFF, 0xFF, 0x00, 0xFF, 0xFF, 0x00, 0xFF, 0xFF, 0x00, 0xFF, 0xFF, 0x00, 0xFF, 0xFF, 0x00, 0xFF, 0xFF, 0x00, 0xFF, 0xFF, 0x00,
  0xFF, 0xFF, 0x00, 0xFF, 0xFF, 0x00, 0xFF, 0xFF, 0x00, 0xFF, 0xFF, 0x00, 0xFF, 0xFF, 0x00, 0xFF, 0xFF, 0x00, 0xFF, 0xFF, 0x00, 0xFF, 0xFF, 0x00,
  0xFF, 0xFF, 0x00, 0xFF, 0xFF, 0x00, 0xFF, 0xFF, 0x00, 0xFF, 0xFF, 0x00, 0xFF, 0xFF, 0x00, 0xFF, 0xFF, 0x00, 0xFF, 0xFF, 0x00, 0xFF, 0xFF, 0x00,
  0xFF, 0xFF, 0x00, 0xFF, 0xFF, 0x00, 0xFF, 0xFF, 0x00, 0xFF, 0xFF, 0x00, 0xFF, 0xFF, 0x00, 0xFF, 0xFF, 0x00, 0xFF, 0xFF, 0x00, 0xFF, 0xFF, 0x00,
  0xFF, 0xFF, 0x00, 0xFF, 0xFF, 0x00, 0xFF, 0xFF, 0x00, 0xFF, 0xFF, 0x00, 0xFF, 0xFF, 0x00, 0xFF, 0xFF, 0x00, 0xFF, 0xFF, 0x00, 0xFF, 0xFF, 0x00,
  0xFF, 0xFF, 0x00, 0xFF, 0xFF, 0x00, 0xFF, 0xFF, 0x00, 0xFF, 0xFF, 0x00, 0xFF, 0xFF, 0x00, 0xFF, 0xFF, 0x00, 0xFF, 0xFF, 0x00, 0xFF, 0xFF, 0x00,
  0xFF, 0xFF, 0x00, 0xFF, 0xFF, 0x00, 0xFF, 0xFF, 0x00, 0x00, 0x00, 0x00, 0x00, 0x00, 0x00, 0x00, 0x00, 0x00, 0x00, 0x00, 0x00, 0x00, 0x00, 0x00,
  0x00, 0x00, 0x00, 0x00, 0x00, 0x00, 0x00, 0x00, 0x00, 0x00, 0x00, 0x00, 0x00, 0x00, 0x00, 0x00, 0x00, 0x00, 0x00, 0x00, 0x00, 0x00, 0x00, 0x00,
  0x00, 0x00, 0x00, 0x00, 0x00, 0x00, 0x00, 0x00, 0x00, 0x00, 0x00, 0x00, 0x00, 0x00, 0x00, 0x00, 0x00, 0x00, 0x00, 0x00, 0x00, 0x00, 0x00, 0x00,
  0x00, 0x00, 0x00, 0x00, 0x00, 0x00, 0x00, 0x00, 0x00, 0x00, 0x00, 0x00, 0x00, 0x00, 0x00, 0x00, 0x00, 0x00, 0x00, 0x00, 0x00, 0x00, 0x00, 0x00,
  0x00, 0x00, 0x00, 0x00, 0x00, 0x00, 0x00, 0x00, 0x00, 0x00, 0x00, 0x00, 0x00, 0x00, 0x00, 0x00, 0x00, 0x00, 0x00, 0x00, 0x00, 0x00, 0x00, 0x00,
  0x00, 0x00, 0x00, 0x00, 0x00, 0x00, 0x00, 0x00, 0x00, 0x00, 0x00, 0x00, 0x00, 0x00, 0x00, 0x00, 0x00, 0x00, 0x00, 0x00, 0x00, 0x00, 0x00, 0x00,
  0x00, 0x00, 0x00, 0x00, 0x00, 0x00, 0x00, 0x00, 0x00, 0x00, 0x00, 0x00, 0x00, 0x00, 0x00, 0x00, 0x00, 0x00, 0x00, 0x00, 0x00, 0x00, 0x00, 0x00,
  0x00, 0x00, 0x00, 0x00, 0x00, 0x00, 0x00, 0x00, 0x00, 0x00, 0x00, 0x00, 0x00, 0x00, 0x00, 0x00, 0x00, 0x00, 0x00, 0x00, 0x00, 0x00, 0x00, 0x00,
  0x00, 0x00, 0x00, 0x00, 0x00, 0x00, 0x00, 0x00, 0x00, 0x00, 0x00, 0x00, 0x00, 0x00, 0x00, 0x00, 0x00, 0x00, 0x00, 0x00, 0x00, 0x00, 0x00, 0x00,
  0x00, 0x00, 0x00, 0x00, 0x00, 0x00, 0x00, 0x00, 0x00, 0x00, 0x00, 0x00, 0x00, 0x00, 0x00, 0x00, 0x00, 0x00, 0x00, 0x00, 0x00, 0x0C, 0x63, 0x7B,
  0xFF, 0xFF, 0xFF, 0x1C, 0xE7, 0xF9, 0x1C, 0xE7, 0xF7, 0x5D, 0xEF, 0xF7, 0x5D, 0xEF, 0xF7, 0x5D, 0xEF, 0xF9, 0x3C, 0xEF, 0xF9, 0x3C, 0xE7, 0xF9,
  0x3C, 0xE7, 0xFB, 0x3C, 0xE7, 0xFB, 0x3C, 0xE7, 0xFB, 0x3C, 0xE7, 0xFB, 0x3C, 0xE7, 0xFD, 0x5D, 0xEF, 0xFF, 0x3C, 0xEF, 0xFF, 0x3C, 0xEF, 0xFF,
  0x5C, 0xEF, 0xFF, 0x5D, 0xEF, 0xFF, 0x5D, 0xEF, 0xFF, 0x5D, 0xEF, 0xFF, 0x5D, 0xEF, 0xFF, 0x5D, 0xEF, 0xFF, 0x5D, 0xEF, 0xFF, 0x5D, 0xEF, 0xFF,
  0x5D, 0xEF, 0xFF, 0x5D, 0xEF, 0xFF, 0x5D, 0xEF, 0xFF, 0x7D, 0xEF, 0xFF, 0x7D, 0xEF, 0xFF, 0x7D, 0xEF, 0xFF, 0x5D, 0xEF, 0xFF, 0x5D, 0xEF, 0xFF,
  0x5D, 0xEF, 0xFF, 0x5D, 0xEF, 0xFF, 0x5D, 0xEF, 0xFF, 0x7D, 0xEF, 0xFF, 0x7D, 0xEF, 0xFF, 0x7D, 0xEF, 0xFF, 0x7D, 0xEF, 0xFF, 0x5D, 0xEF, 0xFF,
  0x5D, 0xEF, 0xFF, 0x5D, 0xEF, 0xFF, 0x7D, 0xEF, 0xFF, 0x7D, 0xEF, 0xFF, 0x7D, 0xEF, 0xFF, 0x7D, 0xEF, 0xFF, 0x7D, 0xEF, 0xFF, 0x5D, 0xEF, 0xFF,
  0x7D, 0xEF, 0xFF, 0x7D, 0xEF, 0xFF, 0x7D, 0xEF, 0xFF, 0x7D, 0xEF, 0xFF, 0x5D, 0xEF, 0xFF, 0x7D, 0xEF, 0xFF, 0x7D, 0xEF, 0xFF, 0x7D, 0xEF, 0xFF,
  0x7D, 0xEF, 0xFF, 0x5D, 0xEF, 0xFF, 0x7D, 0xEF, 0xFF, 0x7D, 0xEF, 0xFF, 0x5D, 0xEF, 0xFF, 0x5D, 0xEF, 0xFF, 0x5D, 0xEF, 0xFF, 0x5D, 0xEF, 0xFF,
  0x5D, 0xEF, 0xFF, 0x5D, 0xEF, 0xFF, 0x5D, 0xEF, 0xFF, 0x7D, 0xEF, 0xFF, 0x7D, 0xEF, 0xFF, 0x7D, 0xEF, 0xFF, 0x7D, 0xEF, 0xFF, 0x5D, 0xEF, 0xFF,
  0x5D, 0xEF, 0xFF, 0x5D, 0xEF, 0xFF, 0x5D, 0xEF, 0xFF, 0x5D, 0xEF, 0xFF, 0x7D, 0xEF, 0xFF, 0x7D, 0xEF, 0xFF, 0x5D, 0xEF, 0xFF, 0x5D, 0xEF, 0xFF,
  0x5D, 0xEF, 0xFF, 0x5D, 0xEF, 0xFF, 0x5D, 0xEF, 0xFF, 0x5D, 0xEF, 0xFF, 0x5D, 0xEF, 0xFF, 0x5D, 0xEF, 0xFF, 0x5D, 0xEF, 0xFF, 0x5D, 0xEF, 0xFF,
  0x5D, 0xEF, 0xFF, 0x5D, 0xEF, 0xFF, 0x5C, 0xEF, 0xFF, 0x5C, 0xEF, 0xFF, 0x5C, 0xEF, 0xFF, 0x3C, 0xEF, 0xFF, 0x3C, 0xEF, 0xFF, 0x3C, 0xEF, 0xFF,
  0x3C, 0xEF, 0xFF, 0x3C, 0xE7, 0xFD, 0x3C, 0xE7, 0xFB, 0x3C, 0xE7, 0xFB, 0x3C, 0xE7, 0xFB, 0x3C, 0xE7, 0xFB, 0x3C, 0xE7, 0xF9, 0x3C, 0xE7, 0xF9,
  0x3C, 0xEF, 0xF9, 0x5D, 0xEF, 0xF9, 0x5D, 0xEF, 0xF7, 0x5D, 0xEF, 0xF7, 0x5D, 0xEF, 0xF7, 0x5D, 0xEF, 0xF7, 0x7D, 0xEF, 0xF9, 0x7D, 0xF7, 0xF9,
  0x9E, 0xF7, 0xF9, 0x9E, 0xF7, 0xFB, 0xDE, 0xFF, 0xFF, 0xBE, 0xF7, 0xFF, 0xBE, 0xF7, 0xFF, 0xFF, 0xFF, 0xFF, 0xFF, 0xFF, 0xFF, 0xFF, 0xFF, 0xFF,
  0xFF, 0xFF, 0xFF, 0xFF, 0xFF, 0xFF, 0xDF, 0xFF, 0xFF, 0xBE, 0xF7, 0xFF, 0x7D, 0xEF, 0xFF, 0x3C, 0xE7, 0xFF, 0x9A, 0xD6, 0xFF, 0x51, 0x8C, 0xAF,
  0xC3, 0x18, 0x10, 0x00, 0x00, 0x00, 0x00, 0x00, 0x00, 0x00, 0x00, 0x00, 0x00, 0x00, 0x00, 0x00, 0x00, 0x00, 0x00, 0x00, 0x00, 0x00, 0x00, 0x00,
  0x00, 0x00, 0x00, 0x00, 0x00, 0x00, 0x00, 0x00, 0x00, 0x00, 0x00, 0x00, 0x00, 0x00, 0x00, 0x00, 0x00, 0x00, 0x00, 0x00, 0x00, 0x00, 0x00, 0x00,
  0xFF, 0xFF, 0x00, 0xFF, 0xFF, 0x00, 0xFF, 0xFF, 0x00, 0xFF, 0xFF, 0x00, 0xFF, 0xFF, 0x00, 0xFF, 0xFF, 0x00, 0xFF, 0xFF, 0x00, 0xFF, 0xFF, 0x00,
  0xFF, 0xFF, 0x00, 0xFF, 0xFF, 0x00, 0xFF, 0xFF, 0x00, 0xFF, 0xFF, 0x00, 0xFF, 0xFF, 0x00, 0xFF, 0xFF, 0x00, 0xFF, 0xFF, 0x00, 0xFF, 0xFF, 0x00,
  0xFF, 0xFF, 0x00, 0xFF, 0xFF, 0x00, 0xFF, 0xFF, 0x00, 0xFF, 0xFF, 0x00, 0xFF, 0xFF, 0x00, 0xFF, 0xFF, 0x00, 0xFF, 0xFF, 0x00, 0xFF, 0xFF, 0x00,
  0xFF, 0xFF, 0x00, 0xFF, 0xFF, 0x00, 0xFF, 0xFF, 0x00, 0xFF, 0xFF, 0x00, 0xFF, 0xFF, 0x00, 0xFF, 0xFF, 0x00, 0xFF, 0xFF, 0x00, 0xFF, 0xFF, 0x00,
  0xFF, 0xFF, 0x00, 0xFF, 0xFF, 0x00, 0xFF, 0xFF, 0x00, 0xFF, 0xFF, 0x00, 0xFF, 0xFF, 0x00, 0xFF, 0xFF, 0x00, 0xFF, 0xFF, 0x00, 0xFF, 0xFF, 0x00,
  0xFF, 0xFF, 0x00, 0xFF, 0xFF, 0x00, 0xFF, 0xFF, 0x00, 0xFF, 0xFF, 0x00, 0xFF, 0xFF, 0x00, 0xFF, 0xFF, 0x00, 0xFF, 0xFF, 0x00, 0xFF, 0xFF, 0x00,
  0xFF, 0xFF, 0x00, 0xFF, 0xFF, 0x00, 0xFF, 0xFF, 0x00, 0xFF, 0xFF, 0x00, 0xFF, 0xFF, 0x00, 0xFF, 0xFF, 0x00, 0xFF, 0xFF, 0x00, 0x00, 0x00, 0x00,
  0x00, 0x00, 0x00, 0x00, 0x00, 0x00, 0x00, 0x00, 0x00, 0x00, 0x00, 0x00, 0x00, 0x00, 0x00, 0x00, 0x00, 0x00, 0x00, 0x00, 0x00, 0x00, 0x00, 0x00,
  0x00, 0x00, 0x00, 0x00, 0x00, 0x00, 0x00, 0x00, 0x00, 0x00, 0x00, 0x00, 0x00, 0x00, 0x00, 0x00, 0x00, 0x00, 0x00, 0x00, 0x00, 0x00, 0x00, 0x00,
  0x00, 0x00, 0x00, 0x00, 0x00, 0x00, 0x00, 0x00, 0x00, 0x00, 0x00, 0x00, 0x00, 0x00, 0x00, 0x00, 0x00, 0x00, 0x00, 0x00, 0x00, 0x00, 0x00, 0x00,
  0x00, 0x00, 0x00, 0x00, 0x00, 0x00, 0x00, 0x00, 0x00, 0x00, 0x00, 0x00, 0x00, 0x00, 0x00, 0x00, 0x00, 0x00, 0x00, 0x00, 0x00, 0x00, 0x00, 0x00,
  0x00, 0x00, 0x00, 0x00, 0x00, 0x00, 0x00, 0x00, 0x00, 0x00, 0x00, 0x00, 0x00, 0x00, 0x00, 0x00, 0x00, 0x00, 0x00, 0x00, 0x00, 0x00, 0x00, 0x00,
  0x00, 0x00, 0x00, 0x00, 0x00, 0x00, 0x00, 0x00, 0x00, 0x00, 0x00, 0x00, 0x00, 0x00, 0x00, 0x00, 0x00, 0x00, 0x00, 0x00, 0x00, 0x00, 0x00, 0x00,
  0x00, 0x00, 0x00, 0x00, 0x00, 0x00, 0x00, 0x00, 0x00, 0x00, 0x00, 0x00, 0x00, 0x00, 0x00, 0x00, 0x00, 0x00, 0x00, 0x00, 0x00, 0x00, 0x00, 0x00,
  0x00, 0x00, 0x00, 0x00, 0x00, 0x00, 0x00, 0x00, 0x00, 0x00, 0x00, 0x00, 0x00, 0x00, 0x00, 0x00, 0x00, 0x00, 0x00, 0x00, 0x00, 0x00, 0x00, 0x00,
  0x00, 0x00, 0x00, 0x00, 0x00, 0x00, 0x00, 0x00, 0x00, 0x00, 0x00, 0x00, 0x00, 0x00, 0x00, 0x00, 0x00, 0x00, 0x00, 0x00, 0x00, 0x00, 0x00, 0x00,
  0x00, 0x00, 0x00, 0x00, 0x00, 0x00, 0xA2, 0x10, 0x12, 0xDB, 0xDE, 0xFF, 0x3C, 0xE7, 0xF3, 0xFB, 0xDE, 0xFD, 0x9E, 0xF7, 0xFF, 0x7D, 0xEF, 0xFF,
  0x7D, 0xEF, 0xFF, 0x9D, 0xF7, 0xFF, 0x9D, 0xF7, 0xFF, 0x7D, 0xF7, 0xFF, 0x7D, 0xEF, 0xFF, 0x7D, 0xEF, 0xFF, 0x7D, 0xEF, 0xFF, 0x7D, 0xF7, 0xFF,
  0x7D, 0xEF, 0xFF, 0x7D, 0xEF, 0xFF, 0x7D, 0xEF, 0xFF, 0x7D, 0xEF, 0xFF, 0x7D, 0xEF, 0xFF, 0x7D, 0xEF, 0xFF, 0x7D, 0xF7, 0xFF, 0x7D, 0xF7, 0xFF,
  0x7D, 0xF7, 0xFF, 0x7D, 0xF7, 0xFF, 0x7D, 0xEF, 0xFF, 0x7D, 0xEF, 0xFF, 0x7D, 0xF7, 0xFF, 0x7D, 0xF7, 0xFF, 0x7D, 0xF7, 0xFF, 0x9D, 0xF7, 0xFF,
  0x7D, 0xF7, 0xFF, 0x7D, 0xF7, 0xFF, 0x7D, 0xF7, 0xFF, 0x7D, 0xF7, 0xFF, 0x7D, 0xEF, 0xFF, 0x7D, 0xEF, 0xFF, 0x7D, 0xF7, 0xFF, 0x7D, 0xF7, 0xFF,
  0x7D, 0xF7, 0xFF, 0x9D, 0xF7, 0xFF, 0x9D, 0xF7, 0xFF, 0x7D, 0xF7, 0xFF, 0x7D, 0xF7, 0xFF, 0x7D, 0xF7, 0xFF, 0x9D, 0xF7, 0xFF, 0x9D, 0xF7, 0xFF,
  0x9D, 0xF7, 0xFF, 0x7D, 0xF7, 0xFF, 0x7D, 0xF7, 0xFF, 0x7D, 0xF7, 0xFF, 0x7D, 0xF7, 0xFF, 0x7D, 0xF7, 0xFF, 0x7D, 0xF7, 0xFF, 0x7D, 0xF7, 0xFF,
  0x9D, 0xF7, 0xFF, 0x9D, 0xF7, 0xFF, 0x9D, 0xF7, 0xFF, 0x9D, 0xF7, 0xFF, 0x9D, 0xF7, 0xFF, 0x9D, 0xF7, 0xFF, 0x9D, 0xF7, 0xFF, 0x7D, 0xF7, 0xFF,
  0x9D, 0xF7, 0xFF, 0x7D, 0xF7, 0xFF, 0x7D, 0xF7, 0xFF, 0x7D, 0xF7, 0xFF, 0x7D, 0xF7, 0xFF, 0x7D, 0xF7, 0xFF, 0x7D, 0xF7, 0xFF, 0x9D, 0xF7, 0xFF,
  0x9D, 0xF7, 0xFF, 0x9D, 0xF7, 0xFF, 0x9D, 0xF7, 0xFF, 0x9D, 0xF7, 0xFF, 0x7D, 0xF7, 0xFF, 0x7D, 0xF7, 0xFF, 0x7D, 0xF7, 0xFF, 0x7D, 0xF7, 0xFF,
  0x9D, 0xF7, 0xFF, 0x7D, 0xF7, 0xFF, 0x7D, 0xEF, 0xFF, 0x7D, 0xF7, 0xFF, 0x7D, 0xF7, 0xFF, 0x7D, 0xF7, 0xFF, 0x7D, 0xF7, 0xFF, 0x7D, 0xF7, 0xFF,
  0x7D, 0xF7, 0xFF, 0x7D, 0xF7, 0xFF, 0x7D, 0xF7, 0xFF, 0x7D, 0xF7, 0xFF, 0x7D, 0xF7, 0xFF, 0x9D, 0xF7, 0xFF, 0x9D, 0xF7, 0xFF, 0x7D, 0xF7, 0xFF,
  0x7D, 0xEF, 0xFF, 0x7D, 0xEF, 0xFF, 0x7D, 0xEF, 0xFF, 0x7D, 0xF7, 0xFF, 0x7D, 0xF7, 0xFF, 0x7D, 0xEF, 0xFF, 0x7D, 0xF7, 0xFF, 0x7D, 0xF7, 0xFF,
  0x7D, 0xF7, 0xFF, 0x7D, 0xEF, 0xFF, 0x7D, 0xEF, 0xFF, 0x7D, 0xEF, 0xFF, 0x7D, 0xF7, 0xFF, 0x7D, 0xF7, 0xFF, 0x7D, 0xF7, 0xFF, 0x7D, 0xF7, 0xFF,
  0x7D, 0xF7, 0xFF, 0x7D, 0xEF, 0xFF, 0x7D, 0xF7, 0xFF, 0x7D, 0xF7, 0xFF, 0x7D, 0xEF, 0xFF, 0x7D, 0xEF, 0xFF, 0x5D, 0xEF, 0xFD, 0x5D, 0xEF, 0xFD,
  0x5D, 0xEF, 0xFD, 0x5D, 0xEF, 0xFB, 0x7D, 0xEF, 0xFB, 0x5D, 0xEF, 0xFB, 0x5D, 0xEF, 0xF9, 0x5D, 0xEF, 0xF7, 0x5D, 0xEF, 0xF7, 0x5D, 0xEF, 0xF7,
  0x7D, 0xEF, 0xF7, 0x9E, 0xF7, 0xF7, 0xBE, 0xFF, 0xF9, 0xFF, 0xFF, 0xFF, 0x55, 0xAD, 0xE4, 0x00, 0x00, 0x02, 0x00, 0x00, 0x00, 0x00, 0x00, 0x00,
  0x00, 0x00, 0x00, 0x00, 0x00, 0x00, 0x00, 0x00, 0x00, 0x00, 0x00, 0x00, 0x00, 0x00, 0x00, 0x00, 0x00, 0x00, 0x00, 0x00, 0x00, 0x00, 0x00, 0x00,
  0x00, 0x00, 0x00, 0x00, 0x00, 0x00, 0x00, 0x00, 0x00, 0x00, 0x00, 0x00, 0xFF, 0xFF, 0x00, 0xFF, 0xFF, 0x00, 0xFF, 0xFF, 0x00, 0xFF, 0xFF, 0x00,
  0xFF, 0xFF, 0x00, 0xFF, 0xFF, 0x00, 0xFF, 0xFF, 0x00, 0xFF, 0xFF, 0x00, 0xFF, 0xFF, 0x00, 0xFF, 0xFF, 0x00, 0xFF, 0xFF, 0x00, 0xFF, 0xFF, 0x00,
  0xFF, 0xFF, 0x00, 0xFF, 0xFF, 0x00, 0xFF, 0xFF, 0x00, 0xFF, 0xFF, 0x00, 0xFF, 0xFF, 0x00, 0xFF, 0xFF, 0x00, 0xFF, 0xFF, 0x00, 0xFF, 0xFF, 0x00,
  0xFF, 0xFF, 0x00, 0xFF, 0xFF, 0x00, 0xFF, 0xFF, 0x00, 0xFF, 0xFF, 0x00, 0xFF, 0xFF, 0x00, 0xFF, 0xFF, 0x00, 0xFF, 0xFF, 0x00, 0xFF, 0xFF, 0x00,
  0xFF, 0xFF, 0x00, 0xFF, 0xFF, 0x00, 0xFF, 0xFF, 0x00, 0xFF, 0xFF, 0x00, 0xFF, 0xFF, 0x00, 0xFF, 0xFF, 0x00, 0xFF, 0xFF, 0x00, 0xFF, 0xFF, 0x00,
  0xFF, 0xFF, 0x00, 0xFF, 0xFF, 0x00, 0xFF, 0xFF, 0x00, 0xFF, 0xFF, 0x00, 0xFF, 0xFF, 0x00, 0xFF, 0xFF, 0x00, 0xFF, 0xFF, 0x00, 0xFF, 0xFF, 0x00,
  0xFF, 0xFF, 0x00, 0xFF, 0xFF, 0x00, 0xFF, 0xFF, 0x00, 0xFF, 0xFF, 0x00, 0xFF, 0xFF, 0x00, 0xFF, 0xFF, 0x00, 0xFF, 0xFF, 0x00, 0xFF, 0xFF, 0x00,
  0xFF, 0xFF, 0x00, 0xFF, 0xFF, 0x00, 0xFF, 0xFF, 0x00, 0x00, 0x00, 0x00, 0x00, 0x00, 0x00, 0x00, 0x00, 0x00, 0x00, 0x00, 0x00, 0x00, 0x00, 0x00,
  0x00, 0x00, 0x00, 0x00, 0x00, 0x00, 0x00, 0x00, 0x00, 0x00, 0x00, 0x00, 0x00, 0x00, 0x00, 0x00, 0x00, 0x00, 0x00, 0x00, 0x00, 0x00, 0x00, 0x00,
  0x00, 0x00, 0x00, 0x00, 0x00, 0x00, 0x00, 0x00, 0x00, 0x00, 0x00, 0x00, 0x00, 0x00, 0x00, 0x00, 0x00, 0x00, 0x00, 0x00, 0x00, 0x00, 0x00, 0x00,
  0x00, 0x00, 0x00, 0x00, 0x00, 0x00, 0x00, 0x00, 0x00, 0x00, 0x00, 0x00, 0x00, 0x00, 0x00, 0x00, 0x00, 0x00, 0x00, 0x00, 0x00, 0x00, 0x00, 0x00,
  0x00, 0x00, 0x00, 0x00, 0x00, 0x00, 0x00, 0x00, 0x00, 0x00, 0x00, 0x00, 0x00, 0x00, 0x00, 0x00, 0x00, 0x00, 0x00, 0x00, 0x00, 0x00, 0x00, 0x00,
  0x00, 0x00, 0x00, 0x00, 0x00, 0x00, 0x00, 0x00, 0x00, 0x00, 0x00, 0x00, 0x00, 0x00, 0x00, 0x00, 0x00, 0x00, 0x00, 0x00, 0x00, 0x00, 0x00, 0x00,
  0x00, 0x00, 0x00, 0x00, 0x00, 0x00, 0x00, 0x00, 0x00, 0x00, 0x00, 0x00, 0x00, 0x00, 0x00, 0x00, 0x00, 0x00, 0x00, 0x00, 0x00, 0x00, 0x00, 0x00,
  0x00, 0x00, 0x00, 0x00, 0x00, 0x00, 0x00, 0x00, 0x00, 0x00, 0x00, 0x00, 0x00, 0x00, 0x00, 0x00, 0x00, 0x00, 0x00, 0x00, 0x00, 0x00, 0x00, 0x00,
  0x00, 0x00, 0x00, 0x00, 0x00, 0x00, 0x00, 0x00, 0x00, 0x00, 0x00, 0x00, 0x00, 0x00, 0x00, 0x00, 0x00, 0x00, 0x00, 0x00, 0x00, 0x00, 0x00, 0x00,
  0x00, 0x00, 0x00, 0x00, 0x00, 0x00, 0x00, 0x00, 0x00, 0x00, 0x00, 0x00, 0x00, 0x00, 0x00, 0xE3, 0x18, 0x08, 0x6D, 0x6B, 0xA5, 0x9A, 0xCE, 0xF9,
  0x18, 0xC6, 0xFB, 0xDB, 0xDE, 0xFF, 0xFB, 0xDE, 0xFF, 0xFB, 0xDE, 0xFF, 0xDB, 0xDE, 0xFF, 0xBA, 0xDE, 0xFF, 0xDB, 0xDE, 0xFF, 0xDA, 0xDE, 0xFF,
  0xBA, 0xDE, 0xFF, 0xDB, 0xDE, 0xFF, 0xDB, 0xDE, 0xFF, 0xDB, 0xDE, 0xFF, 0xDB, 0xDE, 0xFF, 0xDB, 0xDE, 0xFF, 0xDB, 0xDE, 0xFF, 0xDA, 0xDE, 0xFF,
  0xDB, 0xDE, 0xFF, 0xDB, 0xDE, 0xFF, 0xDB, 0xDE, 0xFF, 0xDB, 0xDE, 0xFF, 0xDB, 0xDE, 0xFF, 0xDB, 0xDE, 0xFF, 0xDB, 0xDE, 0xFF, 0xDB, 0xDE, 0xFF,
  0xDB, 0xDE, 0xFF, 0xDB, 0xDE, 0xFF, 0xDB, 0xDE, 0xFF, 0xDB, 0xDE, 0xFF, 0xDB, 0xDE, 0xFF, 0xDB, 0xDE, 0xFF, 0xDB, 0xDE, 0xFF, 0xDB, 0xDE, 0xFF,
  0xDB, 0xDE, 0xFF, 0xDB, 0xDE, 0xFF, 0xDB, 0xDE, 0xFF, 0xDB, 0xDE, 0xFF, 0xDB, 0xDE, 0xFF, 0xDB, 0xDE, 0xFF, 0xDB, 0xDE, 0xFF, 0xDB, 0xDE, 0xFF,
  0xDB, 0xDE, 0xFF, 0xDB, 0xDE, 0xFF, 0xFB, 0xDE, 0xFF, 0xDB, 0xDE, 0xFF, 0xFB, 0xDE, 0xFF, 0xFB, 0xDE, 0xFF, 0xDB, 0xDE, 0xFF, 0xDB, 0xDE, 0xFF,
  0xDB, 0xDE, 0xFF, 0xFB, 0xDE, 0xFF, 0xFB, 0xDE, 0xFF, 0xFB, 0xDE, 0xFF, 0xFB, 0xDE, 0xFF, 0xFB, 0xDE, 0xFF, 0xFB, 0xDE, 0xFF, 0xFB, 0xDE, 0xFF,
  0xFB, 0xDE, 0xFF, 0xDB, 0xDE, 0xFF, 0xFB, 0xDE, 0xFF, 0xDB, 0xDE, 0xFF, 0xFB, 0xDE, 0xFF, 0xFB, 0xDE, 0xFF, 0xFB, 0xDE, 0xFF, 0xFB, 0xDE, 0xFF,
  0xFB, 0xDE, 0xFF, 0xFB, 0xDE, 0xFF, 0xFB, 0xDE, 0xFF, 0xDB, 0xDE, 0xFF, 0xDB, 0xDE, 0xFF, 0xDB, 0xDE, 0xFF, 0xDB, 0xDE, 0xFF, 0xDB, 0xDE, 0xFF,
  0xFB, 0xDE, 0xFF, 0xFB, 0xDE, 0xFF, 0xFB, 0xDE, 0xFF, 0xFB, 0xDE, 0xFF, 0xFB, 0xDE, 0xFF, 0xDB, 0xDE, 0xFF, 0xFB, 0xDE, 0xFF, 0xFB, 0xDE, 0xFF,
  0xFB, 0xDE, 0xFF, 0xFB, 0xDE, 0xFF, 0xFB, 0xDE, 0xFF, 0xFB, 0xDE, 0xFF, 0xDB, 0xDE, 0xFF, 0xDB, 0xDE, 0xFF, 0xDB, 0xDE, 0xFF, 0xDB, 0xDE, 0xFF,
  0xDB, 0xDE, 0xFF, 0xDB, 0xDE, 0xFF, 0xDB, 0xDE, 0xFF, 0xDB, 0xDE, 0xFF, 0xDB, 0xDE, 0xFF, 0xDB, 0xDE, 0xFF, 0xDB, 0xDE, 0xFF, 0xDB, 0xDE, 0xFF,
  0xDB, 0xDE, 0xFF, 0xDB, 0xDE, 0xFF, 0xDB, 0xDE, 0xFF, 0xDB, 0xDE, 0xFF, 0xDB, 0xDE, 0xFF, 0xFB, 0xDE, 0xFF, 0xFB, 0xDE, 0xFF, 0xFB, 0xDE, 0xFF,
  0xFB, 0xDE, 0xFF, 0xDB, 0xDE, 0xFF, 0xDB, 0xDE, 0xFF, 0xDB, 0xDE, 0xFF, 0xFB, 0xDE, 0xFF, 0xFB, 0xDE, 0xFF, 0xDB, 0xDE, 0xFF, 0xDB, 0xDE, 0xFF,
  0xDB, 0xDE, 0xFF, 0xDB, 0xDE, 0xFF, 0xDB, 0xDE, 0xFF, 0xFB, 0xDE, 0xFF, 0xFB, 0xDE, 0xFF, 0xFB, 0xDE, 0xFF, 0xFB, 0xDE, 0xFF, 0xDB, 0xDE, 0xFF,
  0xDB, 0xDE, 0xFF, 0xDB, 0xDE, 0xFF, 0xDB, 0xDE, 0xFF, 0xDB, 0xDE, 0xFF, 0xFB, 0xDE, 0xFF, 0xFB, 0xDE, 0xFF, 0x1C, 0xE7, 0xFF, 0xFB, 0xDE, 0xF7,
  0xDB, 0xDE, 0xFF, 0x2C, 0x63, 0x7C, 0xA2, 0x10, 0x02, 0x00, 0x00, 0x00, 0x00, 0x00, 0x00, 0x00, 0x00, 0x00, 0x00, 0x00, 0x00, 0x00, 0x00, 0x00,
  0x00, 0x00, 0x00, 0x00, 0x00, 0x00, 0x00, 0x00, 0x00, 0x00, 0x00, 0x00, 0x00, 0x00, 0x00, 0x00, 0x00, 0x00, 0x00, 0x00, 0x00, 0x00, 0x00, 0x00,
  0xFF, 0xFF, 0x00, 0xFF, 0xFF, 0x00, 0xFF, 0xFF, 0x00, 0xFF, 0xFF, 0x00, 0xFF, 0xFF, 0x00, 0xFF, 0xFF, 0x00, 0xFF, 0xFF, 0x00, 0xFF, 0xFF, 0x00,
  0xFF, 0xFF, 0x00, 0xFF, 0xFF, 0x00, 0xFF, 0xFF, 0x00, 0xFF, 0xFF, 0x00, 0xFF, 0xFF, 0x00, 0xFF, 0xFF, 0x00, 0xFF, 0xFF, 0x00, 0xFF, 0xFF, 0x00,
  0xFF, 0xFF, 0x00, 0xFF, 0xFF, 0x00, 0xFF, 0xFF, 0x00, 0xFF, 0xFF, 0x00, 0xFF, 0xFF, 0x00, 0xFF, 0xFF, 0x00, 0xFF, 0xFF, 0x00, 0xFF, 0xFF, 0x00,
  0xFF, 0xFF, 0x00, 0xFF, 0xFF, 0x00, 0xFF, 0xFF, 0x00, 0xFF, 0xFF, 0x00, 0xFF, 0xFF, 0x00, 0xFF, 0xFF, 0x00, 0xFF, 0xFF, 0x00, 0xFF, 0xFF, 0x00,
  0xFF, 0xFF, 0x00, 0xFF, 0xFF, 0x00, 0xFF, 0xFF, 0x00, 0xFF, 0xFF, 0x00, 0xFF, 0xFF, 0x00, 0xFF, 0xFF, 0x00, 0xFF, 0xFF, 0x00, 0xFF, 0xFF, 0x00,
  0xFF, 0xFF, 0x00, 0xFF, 0xFF, 0x00, 0xFF, 0xFF, 0x00, 0xFF, 0xFF, 0x00, 0xFF, 0xFF, 0x00, 0xFF, 0xFF, 0x00, 0xFF, 0xFF, 0x00, 0xFF, 0xFF, 0x00,
  0xFF, 0xFF, 0x00, 0xFF, 0xFF, 0x00, 0xFF, 0xFF, 0x00, 0xFF, 0xFF, 0x00, 0xFF, 0xFF, 0x00, 0xFF, 0xFF, 0x00, 0xFF, 0xFF, 0x00, 0x00, 0x00, 0x00,
  0x00, 0x00, 0x00, 0x00, 0x00, 0x00, 0x00, 0x00, 0x00, 0x00, 0x00, 0x00, 0x00, 0x00, 0x00, 0x00, 0x00, 0x00, 0x00, 0x00, 0x00, 0x00, 0x00, 0x00,
  0x00, 0x00, 0x00, 0x00, 0x00, 0x00, 0x00, 0x00, 0x00, 0x00, 0x00, 0x00, 0x00, 0x00, 0x00, 0x00, 0x00, 0x00, 0x00, 0x00, 0x00, 0x00, 0x00, 0x00,
  0x00, 0x00, 0x00, 0x00, 0x00, 0x00, 0x00, 0x00, 0x00, 0x00, 0x00, 0x00, 0x00, 0x00, 0x00, 0x00, 0x00, 0x00, 0x00, 0x00, 0x00, 0x00, 0x00, 0x00,
  0x00, 0x00, 0x00, 0x00, 0x00, 0x00, 0x00, 0x00, 0x00, 0x00, 0x00, 0x00, 0x00, 0x00, 0x00, 0x00, 0x00, 0x00, 0x00, 0x00, 0x00, 0x00, 0x00, 0x00,
  0x00, 0x00, 0x00, 0x00, 0x00, 0x00, 0x00, 0x00, 0x00, 0x00, 0x00, 0x00, 0x00, 0x00, 0x00, 0x00, 0x00, 0x00, 0x00, 0x00, 0x00, 0x00, 0x00, 0x00,
  0x00, 0x00, 0x00, 0x00, 0x00, 0x00, 0x00, 0x00, 0x00, 0x00, 0x00, 0x00, 0x00, 0x00, 0x00, 0x00, 0x00, 0x00, 0x00, 0x00, 0x00, 0x00, 0x00, 0x00,
  0x00, 0x00, 0x00, 0x00, 0x00, 0x00, 0x00, 0x00, 0x00, 0x00, 0x00, 0x00, 0x00, 0x00, 0x00, 0x00, 0x00, 0x00, 0x00, 0x00, 0x00, 0x00, 0x00, 0x00,
  0x00, 0x00, 0x00, 0x00, 0x00, 0x00, 0x00, 0x00, 0x00, 0x00, 0x00, 0x00, 0x00, 0x00, 0x00, 0x00, 0x00, 0x00, 0x00, 0x00, 0x00, 0x00, 0x00, 0x00,
  0x00, 0x00, 0x00, 0x00, 0x00, 0x00, 0x00, 0x00, 0x00, 0x00, 0x00, 0x00, 0x00, 0x00, 0x00, 0x00, 0x00, 0x00, 0x00, 0x00, 0x00, 0x00, 0x00, 0x00,
  0x65, 0x29, 0x0F, 0x69, 0x4A, 0xBA, 0x14, 0xA5, 0xFF, 0x14, 0xA5, 0xFB, 0xF3, 0x9C, 0xFF, 0x34, 0xA5, 0xFF, 0x14, 0xA5, 0xFF, 0xF3, 0x9C, 0xFF,
  0x14, 0xA5, 0xFF, 0x55, 0xAD, 0xFF, 0x34, 0xA5, 0xFF, 0x55, 0xAD, 0xFF, 0x55, 0xAD, 0xFF, 0x55, 0xAD, 0xFF, 0x55, 0xAD, 0xFF, 0x55, 0xAD, 0xFF,
  0x55, 0xAD, 0xFF, 0x55, 0xAD, 0xFF, 0x75, 0xAD, 0xFF, 0x75, 0xAD, 0xFF, 0x75, 0xAD, 0xFF, 0x75, 0xAD, 0xFF, 0x75, 0xAD, 0xFF, 0x75, 0xAD, 0xFF,
  0x75, 0xAD, 0xFF, 0x75, 0xAD, 0xFF, 0x75, 0xAD, 0xFF, 0x75, 0xAD, 0xFF, 0x75, 0xAD, 0xFF, 0x75, 0xAD, 0xFF, 0x55, 0xAD, 0xFF, 0x55, 0xAD, 0xFF,
  0x55, 0xAD, 0xFF, 0x75, 0xAD, 0xFF, 0x75, 0xAD, 0xFF, 0x75, 0xAD, 0xFF, 0x75, 0xAD, 0xFF, 0x75, 0xAD, 0xFF, 0x75, 0xAD, 0xFF, 0x75, 0xAD, 0xFF,
  0x75, 0xAD, 0xFF, 0x75, 0xAD, 0xFF, 0x75, 0xAD, 0xFF, 0x75, 0xAD, 0xFF, 0x75, 0xAD, 0xFF, 0x75, 0xAD, 0xFF, 0x75, 0xAD, 0xFF, 0x75, 0xAD, 0xFF,
  0x75, 0xAD, 0xFF, 0x75, 0xAD, 0xFF, 0x75, 0xAD, 0xFF, 0x75, 0xAD, 0xFF, 0x75, 0xAD, 0xFF, 0x95, 0xAD, 0xFF, 0x96, 0xB5, 0xFF, 0xB6, 0xB5, 0xFF,
  0x96, 0xB5, 0xFF, 0x96, 0xB5, 0xFF, 0x75, 0xAD, 0xFF, 0x96, 0xB5, 0xFF, 0x96, 0xB5, 0xFF, 0x96, 0xB5, 0xFF, 0x96, 0xB5, 0xFF, 0x96, 0xB5, 0xFF,
  0x96, 0xB5, 0xFF, 0x96, 0xB5, 0xFF, 0xB6, 0xB5, 0xFF, 0xB6, 0xB5, 0xFF, 0xB6, 0xB5, 0xFF, 0xB6, 0xB5, 0xFF, 0x96, 0xB5, 0xFF, 0x96, 0xB5, 0xFF,
  0x96, 0xB5, 0xFF, 0x96, 0xB5, 0xFF, 0xB6, 0xB5, 0xFF, 0xB6, 0xB5, 0xFF, 0xB6, 0xB5, 0xFF, 0xD6, 0xBD, 0xFF, 0xD7, 0xB5, 0xFF, 0xB6, 0xB5, 0xFF,
  0xB6, 0xB5, 0xFF, 0xB6, 0xB5, 0xFF, 0xB6, 0xB5, 0xFF, 0xD7, 0xBD, 0xFF, 0xD7, 0xBD, 0xFF, 0xB6, 0xB5, 0xFF, 0xB6, 0xB5, 0xFF, 0xB6, 0xB5, 0xFF,
  0xB6, 0xB5, 0xFF, 0xB6, 0xB5, 0xFF, 0xB6, 0xB5, 0xFF, 0xB6, 0xB5, 0xFF, 0xB6, 0xB5, 0xFF, 0xB6, 0xB5, 0xFF, 0xB6, 0xB5, 0xFF, 0xB7, 0xB5, 0xFF,
  0xD7, 0xBD, 0xFF, 0xD7, 0xBD, 0xFF, 0xD7, 0xBD, 0xFF, 0xD7, 0xBD, 0xFF, 0xD7, 0xBD, 0xFF, 0xB7, 0xB5, 0xFF, 0xB6, 0xB5, 0xFF, 0xB6, 0xB5, 0xFF,
  0xD6, 0xBD, 0xFF, 0xD7, 0xBD, 0xFF, 0xF7, 0xBD, 0xFF, 0xF7, 0xBD, 0xFF, 0xD7, 0xBD, 0xFF, 0xD6, 0xBD, 0xFF, 0xD7, 0xBD, 0xFF, 0xD7, 0xBD, 0xFF,
  0xD7, 0xBD, 0xFF, 0xD7, 0xBD, 0xFF, 0xB6, 0xB5, 0xFF, 0xD7, 0xBD, 0xFF, 0xD7, 0xBD, 0xFF, 0xD7, 0xBD, 0xFF, 0xD7, 0xBD, 0xFF, 0xD7, 0xBD, 0xFF,
  0xD7, 0xBD, 0xFF, 0xD7, 0xB5, 0xFF, 0xB6, 0xB5, 0xFF, 0xB7, 0xB5, 0xFF, 0xD7, 0xBD, 0xFF, 0xF7, 0xBD, 0xFF, 0xD7, 0xBD, 0xFF, 0xB6, 0xB5, 0xFF,
  0xD7, 0xBD, 0xFF, 0xF7, 0xBD, 0xFF, 0xB6, 0xB5, 0xFF, 0xB6, 0xB5, 0xFF, 0xB6, 0xB5, 0xF5, 0xD7, 0xBD, 0xFF, 0x45, 0x29, 0x2A, 0x00, 0x00, 0x00,
  0x00, 0x00, 0x00, 0x00, 0x00, 0x00, 0x00, 0x00, 0x00, 0x00, 0x00, 0x00, 0x00, 0x00, 0x00, 0x00, 0x00, 0x00, 0x00, 0x00, 0x00, 0x00, 0x00, 0x00,
  0x00, 0x00, 0x00, 0x00, 0x00, 0x00, 0x00, 0x00, 0x00, 0x00, 0x00, 0x00, 0xFF, 0xFF, 0x00, 0xFF, 0xFF, 0x00, 0xFF, 0xFF, 0x00, 0xFF, 0xFF, 0x00,
  0xFF, 0xFF, 0x00, 0xFF, 0xFF, 0x00, 0xFF, 0xFF, 0x00, 0xFF, 0xFF, 0x00, 0xFF, 0xFF, 0x00, 0xFF, 0xFF, 0x00, 0xFF, 0xFF, 0x00, 0xFF, 0xFF, 0x00,
  0xFF, 0xFF, 0x00, 0xFF, 0xFF, 0x00, 0xFF, 0xFF, 0x00, 0xFF, 0xFF, 0x00, 0xFF, 0xFF, 0x00, 0xFF, 0xFF, 0x00, 0xFF, 0xFF, 0x00, 0xFF, 0xFF, 0x00,
  0xFF, 0xFF, 0x00, 0xFF, 0xFF, 0x00, 0xFF, 0xFF, 0x00, 0xFF, 0xFF, 0x00, 0xFF, 0xFF, 0x00, 0xFF, 0xFF, 0x00, 0xFF, 0xFF, 0x00, 0xFF, 0xFF, 0x00,
  0xFF, 0xFF, 0x00, 0xFF, 0xFF, 0x00, 0xFF, 0xFF, 0x00, 0xFF, 0xFF, 0x00, 0xFF, 0xFF, 0x00, 0xFF, 0xFF, 0x00, 0xFF, 0xFF, 0x00, 0xFF, 0xFF, 0x00,
  0xFF, 0xFF, 0x00, 0xFF, 0xFF, 0x00, 0xFF, 0xFF, 0x00, 0xFF, 0xFF, 0x00, 0xFF, 0xFF, 0x00, 0xFF, 0xFF, 0x00, 0xFF, 0xFF, 0x00, 0xFF, 0xFF, 0x00,
  0xFF, 0xFF, 0x00, 0xFF, 0xFF, 0x00, 0xFF, 0xFF, 0x00, 0xFF, 0xFF, 0x00, 0xFF, 0xFF, 0x00, 0xFF, 0xFF, 0x00, 0xFF, 0xFF, 0x00, 0xFF, 0xFF, 0x00,
  0xFF, 0xFF, 0x00, 0xFF, 0xFF, 0x00, 0xFF, 0xFF, 0x00, 0x00, 0x00, 0x00, 0x00, 0x00, 0x00, 0x00, 0x00, 0x00, 0x00, 0x00, 0x00, 0x00, 0x00, 0x00,
  0x00, 0x00, 0x00, 0x00, 0x00, 0x00, 0x00, 0x00, 0x00, 0x00, 0x00, 0x00, 0x00, 0x00, 0x00, 0x00, 0x00, 0x00, 0x00, 0x00, 0x00, 0x00, 0x00, 0x00,
  0x00, 0x00, 0x00, 0x00, 0x00, 0x00, 0x00, 0x00, 0x00, 0x00, 0x00, 0x00, 0x00, 0x00, 0x00, 0x00, 0x00, 0x00, 0x00, 0x00, 0x00, 0x00, 0x00, 0x00,
  0x00, 0x00, 0x00, 0x00, 0x00, 0x00, 0x00, 0x00, 0x00, 0x00, 0x00, 0x00, 0x00, 0x00, 0x00, 0x00, 0x00, 0x00, 0x00, 0x00, 0x00, 0x00, 0x00, 0x00,
  0x00, 0x00, 0x00, 0x00, 0x00, 0x00, 0x00, 0x00, 0x00, 0x00, 0x00, 0x00, 0x00, 0x00, 0x00, 0x00, 0x00, 0x00, 0x00, 0x00, 0x00, 0x00, 0x00, 0x00,
  0x00, 0x00, 0x00, 0x00, 0x00, 0x00, 0x00, 0x00, 0x00, 0x00, 0x00, 0x00, 0x00, 0x00, 0x00, 0x00, 0x00, 0x00, 0x00, 0x00, 0x00, 0x00, 0x00, 0x00,
  0x00, 0x00, 0x00, 0x00, 0x00, 0x00, 0x00, 0x00, 0x00, 0x00, 0x00, 0x00, 0x00, 0x00, 0x00, 0x00, 0x00, 0x00, 0x00, 0x00, 0x00, 0x00, 0x00, 0x00,
  0x00, 0x00, 0x00, 0x00, 0x00, 0x00, 0x00, 0x00, 0x00, 0x00, 0x00, 0x00, 0x00, 0x00, 0x00, 0x00, 0x00, 0x00, 0x00, 0x00, 0x00, 0x00, 0x00, 0x00,
  0x00, 0x00, 0x00, 0x00, 0x00, 0x00, 0x00, 0x00, 0x00, 0x00, 0x00, 0x00, 0x00, 0x00, 0x00, 0x00, 0x00, 0x00, 0x00, 0x00, 0x00, 0x00, 0x00, 0x00,
  0x00, 0x00, 0x00, 0x00, 0x00, 0x00, 0x00, 0x00, 0x00, 0xA2, 0x10, 0x04, 0xC3, 0x18, 0xCF, 0xC3, 0x18, 0xFF, 0xDB, 0xDE, 0xF7, 0xBA, 0xD6, 0xFF,
  0x75, 0xAD, 0xFF, 0x59, 0xCE, 0xFF, 0x9A, 0xD6, 0xFF, 0xDB, 0xDE, 0xFF, 0xFB, 0xDE, 0xFF, 0x1C, 0xE7, 0xFF, 0x1B, 0xE7, 0xFF, 0x1B, 0xE7, 0xFF,
  0x1B, 0xE7, 0xFF, 0xFB, 0xDE, 0xFF, 0xFB, 0xDE, 0xFF, 0xFB, 0xDE, 0xFF, 0xFB, 0xDE, 0xFF, 0xFB, 0xE6, 0xFF, 0xFB, 0xE6, 0xFF, 0xFB, 0xDE, 0xFF,
  0xFB, 0xDE, 0xFF, 0xFB, 0xDE, 0xFF, 0xFB, 0xDE, 0xFF, 0xFB, 0xDE, 0xFF, 0xFB, 0xDE, 0xFF, 0xFB, 0xDE, 0xFF, 0xFB, 0xDE, 0xFF, 0xFB, 0xDE, 0xFF,
  0xFB, 0xDE, 0xFF, 0xFB, 0xDE, 0xFF, 0xFB, 0xDE, 0xFF, 0xFB, 0xDE, 0xFF, 0xDB, 0xDE, 0xFF, 0xFB, 0xDE, 0xFF, 0xFB, 0xDE, 0xFF, 0xFB, 0xDE, 0xFF,
  0xFB, 0xDE, 0xFF, 0xDB, 0xDE, 0xFF, 0xDB, 0xDE, 0xFF, 0xDB, 0xDE, 0xFF, 0xDB, 0xDE, 0xFF, 0xDB, 0xDE, 0xFF, 0xDB, 0xDE, 0xFF, 0xDB, 0xDE, 0xFF,
  0xDB, 0xDE, 0xFF, 0xDB, 0xDE, 0xFF, 0xDB, 0xDE, 0xFF, 0xDB, 0xDE, 0xFF, 0xDA, 0xDE, 0xFF, 0xBA, 0xDE, 0xFF, 0xBA, 0xDE, 0xFF, 0xDA, 0xDE, 0xFF,
  0xDA, 0xDE, 0xFF, 0xDA, 0xDE, 0xFF, 0xBA, 0xDE, 0xFF, 0xBA, 0xDE, 0xFF, 0xBA, 0xDE, 0xFF, 0xBA, 0xD6, 0xFF, 0xBA, 0xD6, 0xFF, 0xBA, 0xD6, 0xFF,
  0xBA, 0xD6, 0xFF, 0xBA, 0xD6, 0xFF, 0xBA, 0xD6, 0xFF, 0xBA, 0xD6, 0xFF, 0xBA, 0xD6, 0xFF, 0xBA, 0xD6, 0xFF, 0xBA, 0xD6, 0xFF, 0x9A, 0xD6, 0xFF,
  0x9A, 0xD6, 0xFF, 0x9A, 0xD6, 0xFF, 0x9A, 0xD6, 0xFF, 0x9A, 0xD6, 0xFF, 0x9A, 0xD6, 0xFF, 0xBA, 0xD6, 0xFF, 0x9A, 0xD6, 0xFF, 0x9A, 0xD6, 0xFF,
  0x9A, 0xD6, 0xFF, 0x9A, 0xD6, 0xFF, 0x9A, 0xD6, 0xFF, 0x9A, 0xD6, 0xFF, 0x9A, 0xD6, 0xFF, 0x9A, 0xD6, 0xFF, 0x9A, 0xD6, 0xFF, 0x9A, 0xD6, 0xFF,
  0x9A, 0xD6, 0xFF, 0x99, 0xD6, 0xFF, 0x9A, 0xD6, 0xFF, 0x9A, 0xD6, 0xFF, 0x99, 0xD6, 0xFF, 0x9A, 0xD6, 0xFF, 0x99, 0xD6, 0xFF, 0x99, 0xD6, 0xFF,
  0x9A, 0xD6, 0xFF, 0x9A, 0xD6, 0xFF, 0x9A, 0xD6, 0xFF, 0x9A, 0xD6, 0xFF, 0x9A, 0xD6, 0xFF, 0x9A, 0xD6, 0xFF, 0x9A, 0xD6, 0xFF, 0x9A, 0xD6, 0xFF,
  0x9A, 0xD6, 0xFF, 0x79, 0xD6, 0xFF, 0x79, 0xCE, 0xFF, 0x79, 0xCE, 0xFF, 0x79, 0xCE, 0xFF, 0x79, 0xD6, 0xFF, 0x9A, 0xD6, 0xFF, 0x9A, 0xD6, 0xFF,
  0x79, 0xD6, 0xFF, 0x79, 0xD6, 0xFF, 0x99, 0xD6, 0xFF, 0x9A, 0xD6, 0xFF, 0x79, 0xD6, 0xFF, 0x79, 0xCE, 0xFF, 0x79, 0xCE, 0xFF, 0x79, 0xCE, 0xFF,
  0x79, 0xCE, 0xFF, 0x79, 0xCE, 0xFF, 0x79, 0xCE, 0xFF, 0x79, 0xCE, 0xFF, 0x79, 0xCE, 0xFF, 0x79, 0xCE, 0xFF, 0x79, 0xCE, 0xFF, 0x79, 0xD6, 0xFF,
  0x99, 0xD6, 0xFF, 0x79, 0xCE, 0xFF, 0x38, 0xCE, 0xFF, 0xF7, 0xBD, 0xFF, 0xB6, 0xB5, 0xFF, 0xD6, 0xBD, 0xFF, 0x54, 0xAD, 0xFF, 0x38, 0xCE, 0xFF,
  0x79, 0xCE, 0xF9, 0x38, 0xC6, 0xFB, 0x04, 0x21, 0x20, 0x00, 0x00, 0x00, 0x00, 0x00, 0x00, 0x00, 0x00, 0x00, 0x00, 0x00, 0x00, 0x00, 0x00, 0x00,
  0x00, 0x00, 0x00, 0x00, 0x00, 0x00, 0x00, 0x00, 0x00, 0x00, 0x00, 0x00, 0x00, 0x00, 0x00, 0x00, 0x00, 0x00, 0x00, 0x00, 0x00, 0x00, 0x00, 0x00,
  0xFF, 0xFF, 0x00, 0xFF, 0xFF, 0x00, 0xFF, 0xFF, 0x00, 0xFF, 0xFF, 0x00, 0xFF, 0xFF, 0x00, 0xFF, 0xFF, 0x00, 0xFF, 0xFF, 0x00, 0xFF, 0xFF, 0x00,
  0xFF, 0xFF, 0x00, 0xFF, 0xFF, 0x00, 0xFF, 0xFF, 0x00, 0xFF, 0xFF, 0x00, 0xFF, 0xFF, 0x00, 0xFF, 0xFF, 0x00, 0xFF, 0xFF, 0x00, 0xFF, 0xFF, 0x00,
  0xFF, 0xFF, 0x00, 0xFF, 0xFF, 0x00, 0xFF, 0xFF, 0x00, 0xFF, 0xFF, 0x00, 0xFF, 0xFF, 0x00, 0xFF, 0xFF, 0x00, 0xFF, 0xFF, 0x00, 0xFF, 0xFF, 0x00,
  0xFF, 0xFF, 0x00, 0xFF, 0xFF, 0x00, 0xFF, 0xFF, 0x00, 0xFF, 0xFF, 0x00, 0xFF, 0xFF, 0x00, 0xFF, 0xFF, 0x00, 0xFF, 0xFF, 0x00, 0xFF, 0xFF, 0x00,
  0xFF, 0xFF, 0x00, 0xFF, 0xFF, 0x00, 0xFF, 0xFF, 0x00, 0xFF, 0xFF, 0x00, 0xFF, 0xFF, 0x00, 0xFF, 0xFF, 0x00, 0xFF, 0xFF, 0x00, 0xFF, 0xFF, 0x00,
  0xFF, 0xFF, 0x00, 0xFF, 0xFF, 0x00, 0xFF, 0xFF, 0x00, 0xFF, 0xFF, 0x00, 0xFF, 0xFF, 0x00, 0xFF, 0xFF, 0x00, 0xFF, 0xFF, 0x00, 0xFF, 0xFF, 0x00,
  0xFF, 0xFF, 0x00, 0xFF, 0xFF, 0x00, 0xFF, 0xFF, 0x00, 0xFF, 0xFF, 0x00, 0xFF, 0xFF, 0x00, 0xFF, 0xFF, 0x00, 0xFF, 0xFF, 0x00, 0x00, 0x00, 0x00,
  0x00, 0x00, 0x00, 0x00, 0x00, 0x00, 0x00, 0x00, 0x00, 0x00, 0x00, 0x00, 0x00, 0x00, 0x00, 0x00, 0x00, 0x00, 0x00, 0x00, 0x00, 0x00, 0x00, 0x00,
  0x00, 0x00, 0x00, 0x00, 0x00, 0x00, 0x00, 0x00, 0x00, 0x00, 0x00, 0x00, 0x00, 0x00, 0x00, 0x00, 0x00, 0x00, 0x00, 0x00, 0x00, 0x00, 0x00, 0x00,
  0x00, 0x00, 0x00, 0x00, 0x00, 0x00, 0x00, 0x00, 0x00, 0x00, 0x00, 0x00, 0x00, 0x00, 0x00, 0x00, 0x00, 0x00, 0x00, 0x00, 0x00, 0x00, 0x00, 0x00,
  0x00, 0x00, 0x00, 0x00, 0x00, 0x00, 0x00, 0x00, 0x00, 0x00, 0x00, 0x00, 0x00, 0x00, 0x00, 0x00, 0x00, 0x00, 0x00, 0x00, 0x00, 0x00, 0x00, 0x00,
  0x00, 0x00, 0x00, 0x00, 0x00, 0x00, 0x00, 0x00, 0x00, 0x00, 0x00, 0x00, 0x00, 0x00, 0x00, 0x00, 0x00, 0x00, 0x00, 0x00, 0x00, 0x00, 0x00, 0x00,
  0x00, 0x00, 0x00, 0x00, 0x00, 0x00, 0x00, 0x00, 0x00, 0x00, 0x00, 0x00, 0x00, 0x00, 0x00, 0x00, 0x00, 0x00, 0x00, 0x00, 0x00, 0x00, 0x00, 0x00,
  0x00, 0x00, 0x00, 0x00, 0x00, 0x00, 0x00, 0x00, 0x00, 0x00, 0x00, 0x00, 0x00, 0x00, 0x00, 0x00, 0x00, 0x00, 0x00, 0x00, 0x00, 0x00, 0x00, 0x00,
  0x00, 0x00, 0x00, 0x00, 0x00, 0x00, 0x00, 0x00, 0x00, 0x00, 0x00, 0x00, 0x00, 0x00, 0x00, 0x00, 0x00, 0x00, 0x00, 0x00, 0x00, 0x00, 0x00, 0x00,
  0x00, 0x00, 0x00, 0x00, 0x00, 0x00, 0x00, 0x00, 0x00, 0x00, 0x00, 0x00, 0x00, 0x00, 0x00, 0x00, 0x00, 0x00, 0x00, 0x00, 0x00, 0xE3, 0x18, 0x54,
  0x08, 0x42, 0xFF, 0xCF, 0x7B, 0xF5, 0xFF, 0xFF, 0xFF, 0x38, 0xC6, 0xFF, 0x9A, 0xD6, 0xFF, 0xBE, 0xF7, 0xFF, 0x9E, 0xF7, 0xFF, 0x9E, 0xF7, 0xFF,
  0x9E, 0xF7, 0xFF, 0x9D, 0xF7, 0xFF, 0x9E, 0xF7, 0xFF, 0x9D, 0xF7, 0xFF, 0x7D, 0xF7, 0xFF, 0x7D, 0xF7, 0xFF, 0x7D, 0xF7, 0xFF, 0x9D, 0xF7, 0xFF,
  0x9E, 0xF7, 0xFF, 0x9E, 0xF7, 0xFF, 0x9D, 0xF7, 0xFF, 0x9E, 0xF7, 0xFF, 0x9E, 0xF7, 0xFF, 0x9E, 0xF7, 0xFF, 0x9E, 0xF7, 0xFF, 0x9E, 0xF7, 0xFF,
  0x9E, 0xF7, 0xFF, 0x9E, 0xF7, 0xFF, 0x9E, 0xF7, 0xFF, 0x9E, 0xF7, 0xFF, 0x9E, 0xF7, 0xFF, 0x9E, 0xF7, 0xFF, 0x9E, 0xF7, 0xFF, 0x9E, 0xF7, 0xFF,
  0x9E, 0xF7, 0xFF, 0x9E, 0xF7, 0xFF, 0x9E, 0xF7, 0xFF, 0x9E, 0xF7, 0xFF, 0x9E, 0xF7, 0xFF, 0x9E, 0xF7, 0xFF, 0x9D, 0xF7, 0xFF, 0x9E, 0xF7, 0xFF,
  0x9E, 0xF7, 0xFF, 0x9E, 0xF7, 0xFF, 0x9E, 0xF7, 0xFF, 0x9E, 0xF7, 0xFF, 0x9E, 0xF7, 0xFF, 0x9E, 0xF7, 0xFF, 0x9E, 0xF7, 0xFF, 0x9E, 0xF7, 0xFF,
  0x9E, 0xF7, 0xFF, 0x9E, 0xF7, 0xFF, 0x9E, 0xF7, 0xFF, 0x9E, 0xF7, 0xFF, 0x9E, 0xF7, 0xFF, 0x9E, 0xF7, 0xFF, 0x9E, 0xF7, 0xFF, 0x9E, 0xF7, 0xFF,
  0x9E, 0xF7, 0xFF, 0x9E, 0xF7, 0xFF, 0x9E, 0xF7, 0xFF, 0x9E, 0xF7, 0xFF, 0x9E, 0xF7, 0xFF, 0x9E, 0xF7, 0xFF, 0x9E, 0xF7, 0xFF, 0x9E, 0xF7, 0xFF,
  0x9E, 0xF7, 0xFF, 0x9E, 0xF7, 0xFF, 0x9E, 0xF7, 0xFF, 0x9E, 0xF7, 0xFF, 0x9E, 0xF7, 0xFF, 0x9E, 0xF7, 0xFF, 0x9E, 0xF7, 0xFF, 0x9E, 0xF7, 0xFF,
  0x9E, 0xF7, 0xFF, 0x9E, 0xF7, 0xFF, 0x9E, 0xF7, 0xFF, 0x9E, 0xF7, 0xFF, 0x9E, 0xF7, 0xFF, 0x9E, 0xF7, 0xFF, 0x9E, 0xF7, 0xFF, 0x9E, 0xF7, 0xFF,
  0x9E, 0xF7, 0xFF, 0x9E, 0xF7, 0xFF, 0x9E, 0xF7, 0xFF, 0x9E, 0xF7, 0xFF, 0x9E, 0xF7, 0xFF, 0x9E, 0xF7, 0xFF, 0x9E, 0xF7, 0xFF, 0x9E, 0xF7, 0xFF,
  0x9E, 0xF7, 0xFF, 0x9E, 0xF7, 0xFF, 0x9E, 0xF7, 0xFF, 0x9E, 0xF7, 0xFF, 0x9E, 0xF7, 0xFF, 0x9E, 0xF7, 0xFF, 0x9E, 0xF7, 0xFF, 0x9E, 0xF7, 0xFF,
  0x9E, 0xF7, 0xFF, 0x9E, 0xF7, 0xFF, 0x9E, 0xF7, 0xFF, 0x9E, 0xF7, 0xFF, 0x9E, 0xF7, 0xFF, 0x9E, 0xF7, 0xFF, 0x9E, 0xF7, 0xFF, 0x9E, 0xF7, 0xFF,
  0x9E, 0xF7, 0xFF, 0x9E, 0xF7, 0xFF, 0x9E, 0xF7, 0xFF, 0x9E, 0xF7, 0xFF, 0x9E, 0xF7, 0xFF, 0x9E, 0xF7, 0xFF, 0x9E, 0xF7, 0xFF, 0x9E, 0xF7, 0xFF,
  0x9E, 0xF7, 0xFF, 0x9E, 0xF7, 0xFF, 0x9E, 0xF7, 0xFF, 0x9E, 0xF7, 0xFF, 0x9E, 0xF7, 0xFF, 0x9E, 0xF7, 0xFF, 0x9E, 0xF7, 0xFF, 0x9E, 0xF7, 0xFF,
  0x9E, 0xF7, 0xFF, 0x9E, 0xF7, 0xFF, 0x9E, 0xF7, 0xFF, 0x9E, 0xF7, 0xFF, 0x9E, 0xF7, 0xFF, 0x9E, 0xF7, 0xFF, 0x9E, 0xF7, 0xFF, 0x9E, 0xF7, 0xFF,
  0x9E, 0xF7, 0xFF, 0x9E, 0xF7, 0xFF, 0xF7, 0xBD, 0xFF, 0xFB, 0xE6, 0xFF, 0x9E, 0xF7, 0xF7, 0xFF, 0xFF, 0xFF, 0x0C, 0x63, 0x6D, 0x00, 0x00, 0x00,
  0x00, 0x00, 0x00, 0x00, 0x00, 0x00, 0x00, 0x00, 0x00, 0x00, 0x00, 0x00, 0x00, 0x00, 0x00, 0x00, 0x00, 0x00, 0x00, 0x00, 0x00, 0x00, 0x00, 0x00,
  0x00, 0x00, 0x00, 0x00, 0x00, 0x00, 0x00, 0x00, 0x00, 0x00, 0x00, 0x00, 0xFF, 0xFF, 0x00, 0xFF, 0xFF, 0x00, 0xFF, 0xFF, 0x00, 0xFF, 0xFF, 0x00,
  0xFF, 0xFF, 0x00, 0xFF, 0xFF, 0x00, 0xFF, 0xFF, 0x00, 0xFF, 0xFF, 0x00, 0xFF, 0xFF, 0x00, 0xFF, 0xFF, 0x00, 0xFF, 0xFF, 0x00, 0xFF, 0xFF, 0x00,
  0xFF, 0xFF, 0x00, 0xFF, 0xFF, 0x00, 0xFF, 0xFF, 0x00, 0xFF, 0xFF, 0x00, 0xFF, 0xFF, 0x00, 0xFF, 0xFF, 0x00, 0xFF, 0xFF, 0x00, 0xFF, 0xFF, 0x00,
  0xFF, 0xFF, 0x00, 0xFF, 0xFF, 0x00, 0xFF, 0xFF, 0x00, 0xFF, 0xFF, 0x00, 0xFF, 0xFF, 0x00, 0xFF, 0xFF, 0x00, 0xFF, 0xFF, 0x00, 0xFF, 0xFF, 0x00,
  0xFF, 0xFF, 0x00, 0xFF, 0xFF, 0x00, 0xFF, 0xFF, 0x00, 0xFF, 0xFF, 0x00, 0xFF, 0xFF, 0x00, 0xFF, 0xFF, 0x00, 0xFF, 0xFF, 0x00, 0xFF, 0xFF, 0x00,
  0xFF, 0xFF, 0x00, 0xFF, 0xFF, 0x00, 0xFF, 0xFF, 0x00, 0xFF, 0xFF, 0x00, 0xFF, 0xFF, 0x00, 0xFF, 0xFF, 0x00, 0xFF, 0xFF, 0x00, 0xFF, 0xFF, 0x00,
  0xFF, 0xFF, 0x00, 0xFF, 0xFF, 0x00, 0xFF, 0xFF, 0x00, 0xFF, 0xFF, 0x00, 0xFF, 0xFF, 0x00, 0xFF, 0xFF, 0x00, 0xFF, 0xFF, 0x00, 0xFF, 0xFF, 0x00,
  0xFF, 0xFF, 0x00, 0xFF, 0xFF, 0x00, 0xFF, 0xFF, 0x00, 0x00, 0x00, 0x00, 0x00, 0x00, 0x00, 0x00, 0x00, 0x00, 0x00, 0x00, 0x00, 0x00, 0x00, 0x00,
  0x00, 0x00, 0x00, 0x00, 0x00, 0x00, 0x00, 0x00, 0x00, 0x00, 0x00, 0x00, 0x00, 0x00, 0x00, 0x00, 0x00, 0x00, 0x00, 0x00, 0x00, 0x00, 0x00, 0x00,
  0x00, 0x00, 0x00, 0x00, 0x00, 0x00, 0x00, 0x00, 0x00, 0x00, 0x00, 0x00, 0x00, 0x00, 0x00, 0x00, 0x00, 0x00, 0x00, 0x00, 0x00, 0x00, 0x00, 0x00,
  0x00, 0x00, 0x00, 0x00, 0x00, 0x00, 0x00, 0x00, 0x00, 0x00, 0x00, 0x00, 0x00, 0x00, 0x00, 0x00, 0x00, 0x00, 0x00, 0x00, 0x00, 0x00, 0x00, 0x00,
  0x00, 0x00, 0x00, 0x00, 0x00, 0x00, 0x00, 0x00, 0x00, 0x00, 0x00, 0x00, 0x00, 0x00, 0x00, 0x00, 0x00, 0x00, 0x00, 0x00, 0x00, 0x00, 0x00, 0x00,
  0x00, 0x00, 0x00, 0x00, 0x00, 0x00, 0x00, 0x00, 0x00, 0x00, 0x00, 0x00, 0x00, 0x00, 0x00, 0x00, 0x00, 0x00, 0x00, 0x00, 0x00, 0x00, 0x00, 0x00,
  0x00, 0x00, 0x00, 0x00, 0x00, 0x00, 0x00, 0x00, 0x00, 0x00, 0x00, 0x00, 0x00, 0x00, 0x00, 0x00, 0x00, 0x00, 0x00, 0x00, 0x00, 0x00, 0x00, 0x00,
  0x00, 0x00, 0x00, 0x00, 0x00, 0x00, 0x00, 0x00, 0x00, 0x00, 0x00, 0x00, 0x00, 0x00, 0x00, 0x00, 0x00, 0x00, 0x00, 0x00, 0x00, 0x00, 0x00, 0x00,
  0x00, 0x00, 0x00, 0x00, 0x00, 0x00, 0x00, 0x00, 0x00, 0x00, 0x00, 0x00, 0x00, 0x00, 0x00, 0x00, 0x00, 0x00, 0x00, 0x00, 0x00, 0x00, 0x00, 0x00,
  0x00, 0x00, 0x00, 0x00, 0x00, 0x00, 0x20, 0x00, 0x01, 0xAE, 0x73, 0xD9, 0xFB, 0xDE, 0xFD, 0xF7, 0xBD, 0xFD, 0x5D, 0xEF, 0xFF, 0x59, 0xCE, 0xFF,
  0x9E, 0xF7, 0xFF, 0x7D, 0xEF, 0xFF, 0x7D, 0xEF, 0xFF, 0x7D, 0xEF, 0xFF, 0x7D, 0xEF, 0xFF, 0x5D, 0xEF, 0xFF, 0x7D, 0xEF, 0xFF, 0x7D, 0xEF, 0xFF,
  0x5D, 0xEF, 0xFF, 0x7D, 0xEF, 0xFF, 0x7D, 0xEF, 0xFF, 0x7D, 0xEF, 0xFF, 0x7D, 0xEF, 0xFF, 0x5D, 0xEF, 0xFF, 0x5D, 0xEF, 0xFF, 0x7D, 0xEF, 0xFF,
  0x5D, 0xEF, 0xFF, 0x5D, 0xEF, 0xFF, 0x5D, 0xEF, 0xFF, 0x5D, 0xEF, 0xFF, 0x5D, 0xEF, 0xFF, 0x5D, 0xEF, 0xFF, 0x5D, 0xEF, 0xFF, 0x5D, 0xEF, 0xFF,
  0x5C, 0xEF, 0xFF, 0x5D, 0xEF, 0xFF, 0x5D, 0xEF, 0xFF, 0x5D, 0xEF, 0xFF, 0x5D, 0xEF, 0xFF, 0x5D, 0xEF, 0xFF, 0x5D, 0xEF, 0xFF, 0x5D, 0xEF, 0xFF,
  0x5C, 0xEF, 0xFF, 0x5C, 0xEF, 0xFF, 0x3C, 0xEF, 0xFF, 0x3C, 0xEF, 0xFF, 0x3C, 0xEF, 0xFF, 0x5C, 0xEF, 0xFF, 0x5D, 0xEF, 0xFF, 0x5D, 0xEF, 0xFF,
  0x5C, 0xEF, 0xFF, 0x3C, 0xEF, 0xFF, 0x3C, 0xEF, 0xFF, 0x3C, 0xEF, 0xFF, 0x3C, 0xEF, 0xFF, 0x3C, 0xEF, 0xFF, 0x5D, 0xEF, 0xFF, 0x5D, 0xEF, 0xFF,
  0x5D, 0xEF, 0xFF, 0x5D, 0xEF, 0xFF, 0x5D, 0xEF, 0xFF, 0x5D, 0xEF, 0xFF, 0x5C, 0xEF, 0xFF, 0x5C, 0xEF, 0xFF, 0x5D, 0xEF, 0xFF, 0x5D, 0xEF, 0xFF,
  0x5C, 0xEF, 0xFF, 0x5C, 0xEF, 0xFF, 0x3C, 0xEF, 0xFF, 0x5C, 0xEF, 0xFF, 0x3C, 0xEF, 0xFF, 0x3C, 0xEF, 0xFF, 0x3C, 0xEF, 0xFF, 0x3C, 0xE7, 0xFF,
  0x3C, 0xE7, 0xFF, 0x3C, 0xEF, 0xFF, 0x3C, 0xEF, 0xFF, 0x5C, 0xEF, 0xFF, 0x5C, 0xEF, 0xFF, 0x3C, 0xEF, 0xFF, 0x3C, 0xEF, 0xFF, 0x5D, 0xEF, 0xFF,
  0x5D, 0xEF, 0xFF, 0x5D, 0xEF, 0xFF, 0x5D, 0xEF, 0xFF, 0x5D, 0xEF, 0xFF, 0x5D, 0xEF, 0xFF, 0x5D, 0xEF, 0xFF, 0x5D, 0xEF, 0xFF, 0x5D, 0xEF, 0xFF,
  0x5D, 0xEF, 0xFF, 0x5D, 0xEF, 0xFF, 0x5D, 0xEF, 0xFF, 0x5D, 0xEF, 0xFF, 0x5D, 0xEF, 0xFF, 0x5D, 0xEF, 0xFF, 0x5D, 0xEF, 0xFF, 0x5D, 0xEF, 0xFF,
  0x5D, 0xEF, 0xFF, 0x5D, 0xEF, 0xFF, 0x5D, 0xEF, 0xFF, 0x5D, 0xEF, 0xFF, 0x5D, 0xEF, 0xFF, 0x5D, 0xEF, 0xFF, 0x5D, 0xEF, 0xFF, 0x5D, 0xEF, 0xFF,
  0x5D, 0xEF, 0xFF, 0x5D, 0xEF, 0xFF, 0x5D, 0xEF, 0xFF, 0x5D, 0xEF, 0xFF, 0x5D, 0xEF, 0xFF, 0x5D, 0xEF, 0xFF, 0x5D, 0xEF, 0xFF, 0x5D, 0xEF, 0xFF,
  0x5D, 0xEF, 0xFF, 0x5D, 0xEF, 0xFF, 0x5D, 0xEF, 0xFF, 0x5D, 0xEF, 0xFF, 0x5D, 0xEF, 0xFF, 0x5D, 0xEF, 0xFF, 0x5D, 0xEF, 0xFF, 0x5D, 0xEF, 0xFF,
  0x5D, 0xEF, 0xFF, 0x5D, 0xEF, 0xFF, 0x5D, 0xEF, 0xFF, 0x5D, 0xEF, 0xFF, 0x5D, 0xEF, 0xFF, 0x5D, 0xEF, 0xFF, 0x5D, 0xEF, 0xFF, 0x5D, 0xEF, 0xFF,
  0x5D, 0xEF, 0xFF, 0x5D, 0xEF, 0xFF, 0x5D, 0xEF, 0xFF, 0x5D, 0xEF, 0xFF, 0x5D, 0xEF, 0xFF, 0x9E, 0xF7, 0xFF, 0xFB, 0xDE, 0xFF, 0x18, 0xC6, 0xFF,
  0x5D, 0xEF, 0xFD, 0xBE, 0xF7, 0xFF, 0x34, 0xA5, 0xDC, 0x00, 0x00, 0x01, 0x00, 0x00, 0x00, 0x00, 0x00, 0x00, 0x00, 0x00, 0x00, 0x00, 0x00, 0x00,
  0x00, 0x00, 0x00, 0x00, 0x00, 0x00, 0x00, 0x00, 0x00, 0x00, 0x00, 0x00, 0x00, 0x00, 0x00, 0x00, 0x00, 0x00, 0x00, 0x00, 0x00, 0x00, 0x00, 0x00,
  0xFF, 0xFF, 0x00, 0xFF, 0xFF, 0x00, 0xFF, 0xFF, 0x00, 0xFF, 0xFF, 0x00, 0xFF, 0xFF, 0x00, 0xFF, 0xFF, 0x00, 0xFF, 0xFF, 0x00, 0xFF, 0xFF, 0x00,
  0xFF, 0xFF, 0x00, 0xFF, 0xFF, 0x00, 0xFF, 0xFF, 0x00, 0xFF, 0xFF, 0x00, 0xFF, 0xFF, 0x00, 0xFF, 0xFF, 0x00, 0xFF, 0xFF, 0x00, 0xFF, 0xFF, 0x00,
  0xFF, 0xFF, 0x00, 0xFF, 0xFF, 0x00, 0xFF, 0xFF, 0x00, 0xFF, 0xFF, 0x00, 0xFF, 0xFF, 0x00, 0xFF, 0xFF, 0x00, 0xFF, 0xFF, 0x00, 0xFF, 0xFF, 0x00,
  0xFF, 0xFF, 0x00, 0xFF, 0xFF, 0x00, 0xFF, 0xFF, 0x00, 0xFF, 0xFF, 0x00, 0xFF, 0xFF, 0x00, 0xFF, 0xFF, 0x00, 0xFF, 0xFF, 0x00, 0xFF, 0xFF, 0x00,
  0xFF, 0xFF, 0x00, 0xFF, 0xFF, 0x00, 0xFF, 0xFF, 0x00, 0xFF, 0xFF, 0x00, 0xFF, 0xFF, 0x00, 0xFF, 0xFF, 0x00, 0xFF, 0xFF, 0x00, 0xFF, 0xFF, 0x00,
  0xFF, 0xFF, 0x00, 0xFF, 0xFF, 0x00, 0xFF, 0xFF, 0x00, 0xFF, 0xFF, 0x00, 0xFF, 0xFF, 0x00, 0xFF, 0xFF, 0x00, 0xFF, 0xFF, 0x00, 0xFF, 0xFF, 0x00,
  0xFF, 0xFF, 0x00, 0xFF, 0xFF, 0x00, 0xFF, 0xFF, 0x00, 0xFF, 0xFF, 0x00, 0xFF, 0xFF, 0x00, 0xFF, 0xFF, 0x00, 0xFF, 0xFF, 0x00, 0x00, 0x00, 0x00,
  0x00, 0x00, 0x00, 0x00, 0x00, 0x00, 0x00, 0x00, 0x00, 0x00, 0x00, 0x00, 0x00, 0x00, 0x00, 0x00, 0x00, 0x00, 0x00, 0x00, 0x00, 0x00, 0x00, 0x00,
  0x00, 0x00, 0x00, 0x00, 0x00, 0x00, 0x00, 0x00, 0x00, 0x00, 0x00, 0x00, 0x00, 0x00, 0x00, 0x00, 0x00, 0x00, 0x00, 0x00, 0x00, 0x00, 0x00, 0x00,
  0x00, 0x00, 0x00, 0x00, 0x00, 0x00, 0x00, 0x00, 0x00, 0x00, 0x00, 0x00, 0x00, 0x00, 0x00, 0x00, 0x00, 0x00, 0x00, 0x00, 0x00, 0x00, 0x00, 0x00,
  0x00, 0x00, 0x00, 0x00, 0x00, 0x00, 0x00, 0x00, 0x00, 0x00, 0x00, 0x00, 0x00, 0x00, 0x00, 0x00, 0x00, 0x00, 0x00, 0x00, 0x00, 0x00, 0x00, 0x00,
  0x00, 0x00, 0x00, 0x00, 0x00, 0x00, 0x00, 0x00, 0x00, 0x00, 0x00, 0x00, 0x00, 0x00, 0x00, 0x00, 0x00, 0x00, 0x00, 0x00, 0x00, 0x00, 0x00, 0x00,
  0x00, 0x00, 0x00, 0x00, 0x00, 0x00, 0x00, 0x00, 0x00, 0x00, 0x00, 0x00, 0x00, 0x00, 0x00, 0x00, 0x00, 0x00, 0x00, 0x00, 0x00, 0x00, 0x00, 0x00,
  0x00, 0x00, 0x00, 0x00, 0x00, 0x00, 0x00, 0x00, 0x00, 0x00, 0x00, 0x00, 0x00, 0x00, 0x00, 0x00, 0x00, 0x00, 0x00, 0x00, 0x00, 0x00, 0x00, 0x00,
  0x00, 0x00, 0x00, 0x00, 0x00, 0x00, 0x00, 0x00, 0x00, 0x00, 0x00, 0x00, 0x00, 0x00, 0x00, 0x00, 0x00, 0x00, 0x00, 0x00, 0x00, 0x00, 0x00, 0x00,
  0x00, 0x00, 0x00, 0x00, 0x00, 0x00, 0x00, 0x00, 0x00, 0x00, 0x00, 0x00, 0x00, 0x00, 0x00, 0x00, 0x00, 0x00, 0x41, 0x08, 0x05, 0x14, 0xA5, 0xF7,
  0x96, 0xB5, 0xFD, 0x9A, 0xD6, 0xFF, 0xFB, 0xDE, 0xFF, 0x9A, 0xD6, 0xFF, 0x9E, 0xF7, 0xFF, 0x5D, 0xEF, 0xFF, 0x7D, 0xEF, 0xFF, 0x7D, 0xEF, 0xFF,
  0x7D, 0xEF, 0xFF, 0x7D, 0xEF, 0xFF, 0x7D, 0xEF, 0xFF, 0x7D, 0xEF, 0xFF, 0x7D, 0xEF, 0xFF, 0x7D, 0xEF, 0xFF, 0x7D, 0xEF, 0xFF, 0x7D, 0xEF, 0xFF,
  0x5D, 0xEF, 0xFF, 0x7D, 0xEF, 0xFF, 0x7D, 0xEF, 0xFF, 0x5D, 0xEF, 0xFF, 0xBE, 0xF7, 0xFF, 0xDF, 0xFF, 0xFF, 0xFF, 0xFF, 0xFF, 0xFF, 0xFF, 0xFF,
  0xFF, 0xFF, 0xFF, 0xDF, 0xFF, 0xFF, 0xDF, 0xFF, 0xFF, 0xDF, 0xFF, 0xFF, 0xDF, 0xFF, 0xFF, 0xDF, 0xFF, 0xFF, 0xDF, 0xFF, 0xFF, 0xDF, 0xFF, 0xFF,
  0xDF, 0xFF, 0xFF, 0xFF, 0xFF, 0xFF, 0xFF, 0xFF, 0xFF, 0xFF, 0xFF, 0xFF, 0xDF, 0xFF, 0xFF, 0xDF, 0xFF, 0xFF, 0xDF, 0xFF, 0xFF, 0xDF, 0xFF, 0xFF,
  0xDF, 0xFF, 0xFF, 0xDF, 0xFF, 0xFF, 0xDF, 0xFF, 0xFF, 0xDF, 0xFF, 0xFF, 0xDF, 0xFF, 0xFF, 0xDF, 0xFF, 0xFF, 0xDF, 0xFF, 0xFF, 0xDF, 0xFF, 0xFF,
  0xDF, 0xFF, 0xFF, 0xDF, 0xFF, 0xFF, 0xDF, 0xFF, 0xFF, 0xDF, 0xFF, 0xFF, 0xDF, 0xFF, 0xFF, 0xDF, 0xFF, 0xFF, 0xDF, 0xFF, 0xFF, 0xDF, 0xFF, 0xFF,
  0xDF, 0xFF, 0xFF, 0xDF, 0xFF, 0xFF, 0xDF, 0xFF, 0xFF, 0xDF, 0xFF, 0xFF, 0xDF, 0xFF, 0xFF, 0xDF, 0xFF, 0xFF, 0xDF, 0xFF, 0xFF, 0xDF, 0xFF, 0xFF,
  0xDF, 0xFF, 0xFF, 0xDF, 0xFF, 0xFF, 0xDF, 0xFF, 0xFF, 0xDF, 0xFF, 0xFF, 0xDF, 0xFF, 0xFF, 0xDF, 0xFF, 0xFF, 0xDF, 0xFF, 0xFF, 0xDF, 0xFF, 0xFF,
  0xDF, 0xFF, 0xFF, 0xDF, 0xFF, 0xFF, 0xDF, 0xFF, 0xFF, 0x9E, 0xF7, 0xFF, 0x5D, 0xEF, 0xFF, 0x7D, 0xEF, 0xFF, 0x7D, 0xEF, 0xFF, 0x5D, 0xEF, 0xFF,
  0x5D, 0xEF, 0xFF, 0x5D, 0xEF, 0xFF, 0x5D, 0xEF, 0xFF, 0x5D, 0xEF, 0xFF, 0x5D, 0xEF, 0xFF, 0x7D, 0xEF, 0xFF, 0x5D, 0xEF, 0xFF, 0x5D, 0xEF, 0xFF,
  0x7D, 0xEF, 0xFF, 0x5D, 0xEF, 0xFF, 0x5D, 0xEF, 0xFF, 0x5D, 0xEF, 0xFF, 0x5D, 0xEF, 0xFF, 0x5D, 0xEF, 0xFF, 0x5D, 0xEF, 0xFF, 0x5D, 0xEF, 0xFF,
  0x7D, 0xEF, 0xFF, 0x7D, 0xEF, 0xFF, 0x5D, 0xEF, 0xFF, 0x7D, 0xEF, 0xFF, 0x7D, 0xEF, 0xFF, 0x7D, 0xEF, 0xFF, 0x5D, 0xEF, 0xFF, 0x5D, 0xEF, 0xFF,
  0x5D, 0xEF, 0xFF, 0x5D, 0xEF, 0xFF, 0x5D, 0xEF, 0xFF, 0x5D, 0xEF, 0xFF, 0x7D, 0xEF, 0xFF, 0x5D, 0xEF, 0xFF, 0x5D, 0xEF, 0xFF, 0x7D, 0xEF, 0xFF,
  0x5D, 0xEF, 0xFF, 0x5D, 0xEF, 0xFF, 0x5D, 0xEF, 0xFF, 0x7D, 0xEF, 0xFF, 0x5D, 0xEF, 0xFF, 0x7D, 0xEF, 0xFF, 0x7D, 0xEF, 0xFF, 0x5D, 0xEF, 0xFF,
  0x5D, 0xEF, 0xFF, 0x5D, 0xEF, 0xFF, 0x7D, 0xEF, 0xFF, 0x7D, 0xEF, 0xFF, 0x7D, 0xEF, 0xFF, 0x7D, 0xEF, 0xFF, 0x7D, 0xEF, 0xFF, 0x7D, 0xEF, 0xFF,
  0x5D, 0xEF, 0xFF, 0x5D, 0xEF, 0xFF, 0x7D, 0xEF, 0xFF, 0x38, 0xC6, 0xFF, 0x3C, 0xE7, 0xFF, 0x7D, 0xEF, 0xF9, 0xFB, 0xDE, 0xFF, 0x04, 0x21, 0x1C,
  0x00, 0x00, 0x00, 0x00, 0x00, 0x00, 0x00, 0x00, 0x00, 0x00, 0x00, 0x00, 0x00, 0x00, 0x00, 0x00, 0x00, 0x00, 0x00, 0x00, 0x00, 0x00, 0x00, 0x00,
  0x00, 0x00, 0x00, 0x00, 0x00, 0x00, 0x00, 0x00, 0x00, 0x00, 0x00, 0x00, 0xFF, 0xFF, 0x00, 0xFF, 0xFF, 0x00, 0xFF, 0xFF, 0x00, 0xFF, 0xFF, 0x00,
  0xFF, 0xFF, 0x00, 0xFF, 0xFF, 0x00, 0xFF, 0xFF, 0x00, 0xFF, 0xFF, 0x00, 0xFF, 0xFF, 0x00, 0xFF, 0xFF, 0x00, 0xFF, 0xFF, 0x00, 0xFF, 0xFF, 0x00,
  0xFF, 0xFF, 0x00, 0xFF, 0xFF, 0x00, 0xFF, 0xFF, 0x00, 0xFF, 0xFF, 0x00, 0xFF, 0xFF, 0x00, 0xFF, 0xFF, 0x00, 0xFF, 0xFF, 0x00, 0xFF, 0xFF, 0x00,
  0xFF, 0xFF, 0x00, 0xFF, 0xFF, 0x00, 0xFF, 0xFF, 0x00, 0xFF, 0xFF, 0x00, 0xFF, 0xFF, 0x00, 0xFF, 0xFF, 0x00, 0xFF, 0xFF, 0x00, 0xFF, 0xFF, 0x00,
  0xFF, 0xFF, 0x00, 0xFF, 0xFF, 0x00, 0xFF, 0xFF, 0x00, 0xFF, 0xFF, 0x00, 0xFF, 0xFF, 0x00, 0xFF, 0xFF, 0x00, 0xFF, 0xFF, 0x00, 0xFF, 0xFF, 0x00,
  0xFF, 0xFF, 0x00, 0xFF, 0xFF, 0x00, 0xFF, 0xFF, 0x00, 0xFF, 0xFF, 0x00, 0xFF, 0xFF, 0x00, 0xFF, 0xFF, 0x00, 0xFF, 0xFF, 0x00, 0xFF, 0xFF, 0x00,
  0xFF, 0xFF, 0x00, 0xFF, 0xFF, 0x00, 0xFF, 0xFF, 0x00, 0xFF, 0xFF, 0x00, 0xFF, 0xFF, 0x00, 0xFF, 0xFF, 0x00, 0xFF, 0xFF, 0x00, 0xFF, 0xFF, 0x00,
  0xFF, 0xFF, 0x00, 0xFF, 0xFF, 0x00, 0xFF, 0xFF, 0x00, 0x00, 0x00, 0x00, 0x00, 0x00, 0x00, 0x00, 0x00, 0x00, 0x00, 0x00, 0x00, 0x00, 0x00, 0x00,
  0x00, 0x00, 0x00, 0x00, 0x00, 0x00, 0x00, 0x00, 0x00, 0x00, 0x00, 0x00, 0x00, 0x00, 0x00, 0x00, 0x00, 0x00, 0x00, 0x00, 0x00, 0x00, 0x00, 0x00,
  0x00, 0x00, 0x00, 0x00, 0x00, 0x00, 0x00, 0x00, 0x00, 0x00, 0x00, 0x00, 0x00, 0x00, 0x00, 0x00, 0x00, 0x00, 0x00, 0x00, 0x00, 0x00, 0x00, 0x00,
  0x00, 0x00, 0x00, 0x00, 0x00, 0x00, 0x00, 0x00, 0x00, 0x00, 0x00, 0x00, 0x00, 0x00, 0x00, 0x00, 0x00, 0x00, 0x00, 0x00, 0x00, 0x00, 0x00, 0x00,
  0x00, 0x00, 0x00, 0x00, 0x00, 0x00, 0x00, 0x00, 0x00, 0x00, 0x00, 0x00, 0x00, 0x00, 0x00, 0x00, 0x00, 0x00, 0x00, 0x00, 0x00, 0x00, 0x00, 0x00,
  0x00, 0x00, 0x00, 0x00, 0x00, 0x00, 0x00, 0x00, 0x00, 0x00, 0x00, 0x00, 0x00, 0x00, 0x00, 0x00, 0x00, 0x00, 0x00, 0x00, 0x00, 0x00, 0x00, 0x00,
  0x00, 0x00, 0x00, 0x00, 0x00, 0x00, 0x00, 0x00, 0x00, 0x00, 0x00, 0x00, 0x00, 0x00, 0x00, 0x00, 0x00, 0x00, 0x00, 0x00, 0x00, 0x00, 0x00, 0x00,
  0x00, 0x00, 0x00, 0x00, 0x00, 0x00, 0x00, 0x00, 0x00, 0x00, 0x00, 0x00, 0x00, 0x00, 0x00, 0x00, 0x00, 0x00, 0x00, 0x00, 0x00, 0x00, 0x00, 0x00,
  0x00, 0x00, 0x00, 0x00, 0x00, 0x00, 0x00, 0x00, 0x00, 0x00, 0x00, 0x00, 0x00, 0x00, 0x00, 0x00, 0x00, 0x00, 0x00, 0x00, 0x00, 0x00, 0x00, 0x00,
  0x00, 0x00, 0x00, 0x00, 0x00, 0x00, 0x45, 0x29, 0x5E, 0x24, 0x21, 0xFF, 0x2C, 0x63, 0xF9, 0xDF, 0xFF, 0xFF, 0x58, 0xCE, 0xFF, 0x1C, 0xE7, 0xFF,
  0x9D, 0xF7, 0xFF, 0x7D, 0xEF, 0xFF, 0x7D, 0xEF, 0xFF, 0x7D, 0xEF, 0xFF, 0x7D, 0xEF, 0xFF, 0x7D, 0xEF, 0xFF, 0x7D, 0xEF, 0xFF, 0x7D, 0xEF, 0xFF,
  0x7D, 0xEF, 0xFF, 0x7D, 0xEF, 0xFF, 0x7D, 0xEF, 0xFF, 0x7D, 0xEF, 0xFF, 0x7D, 0xEF, 0xFF, 0x7D, 0xEF, 0xFF, 0x5D, 0xEF, 0xFF, 0xDF, 0xFF, 0xFF,
  0xBA, 0xD6, 0xFF, 0x34, 0xA5, 0xFF, 0xD3, 0x9C, 0xFF, 0xB2, 0x94, 0xFF, 0x92, 0x94, 0xFF, 0x91, 0x94, 0xFF, 0x91, 0x94, 0xFF, 0x92, 0x94, 0xFF,
  0x92, 0x94, 0xFF, 0x71, 0x8C, 0xFF, 0x71, 0x8C, 0xFF, 0x92, 0x94, 0xFF, 0x92, 0x94, 0xFF, 0x71, 0x8C, 0xFF, 0x91, 0x94, 0xFF, 0x92, 0x94, 0xFF,
  0x92, 0x94, 0xFF, 0x92, 0x94, 0xFF, 0xB2, 0x94, 0xFF, 0x92, 0x94, 0xFF, 0x92, 0x94, 0xFF, 0x92, 0x94, 0xFF, 0x91, 0x94, 0xFF, 0x71, 0x8C, 0xFF,
  0x71, 0x8C, 0xFF, 0x71, 0x8C, 0xFF, 0x71, 0x8C, 0xFF, 0x91, 0x94, 0xFF, 0x92, 0x94, 0xFF, 0x92, 0x94, 0xFF, 0x92, 0x94, 0xFF, 0x71, 0x8C, 0xFF,
  0x92, 0x94, 0xFF, 0x92, 0x94, 0xFF, 0x92, 0x94, 0xFF, 0x92, 0x94, 0xFF, 0x92, 0x94, 0xFF, 0xB2, 0x94, 0xFF, 0x92, 0x94, 0xFF, 0x92, 0x94, 0xFF,
  0x92, 0x94, 0xFF, 0x92, 0x94, 0xFF, 0x92, 0x94, 0xFF, 0x92, 0x94, 0xFF, 0x92, 0x94, 0xFF, 0x92, 0x94, 0xFF, 0x92, 0x94, 0xFF, 0x92, 0x94, 0xFF,
  0x92, 0x94, 0xFF, 0x92, 0x94, 0xFF, 0x92, 0x94, 0xFF, 0x92, 0x94, 0xFF, 0x92, 0x94, 0xFF, 0x92, 0x94, 0xFF, 0x14, 0xA5, 0xFF, 0xBA, 0xDE, 0xFF,
  0xDF, 0xFF, 0xFF, 0x5D, 0xEF, 0xFF, 0x7D, 0xEF, 0xFF, 0x5D, 0xEF, 0xFF, 0x5D, 0xEF, 0xFF, 0x5D, 0xEF, 0xFF, 0x5D, 0xEF, 0xFF, 0x7D, 0xEF, 0xFF,
  0x7D, 0xEF, 0xFF, 0x7D, 0xEF, 0xFF, 0x5D, 0xEF, 0xFF, 0x5D, 0xEF, 0xFF, 0x7D, 0xEF, 0xFF, 0x5D, 0xEF, 0xFF, 0x7D, 0xEF, 0xFF, 0x5D, 0xEF, 0xFF,
  0x5D, 0xEF, 0xFF, 0x5D, 0xEF, 0xFF, 0x5D, 0xEF, 0xFF, 0x5D, 0xEF, 0xFF, 0x5D, 0xEF, 0xFF, 0x5D, 0xEF, 0xFF, 0x7D, 0xEF, 0xFF, 0x5D, 0xEF, 0xFF,
  0x5D, 0xEF, 0xFF, 0x5D, 0xEF, 0xFF, 0x5D, 0xEF, 0xFF, 0x5D, 0xEF, 0xFF, 0x5D, 0xEF, 0xFF, 0x5D, 0xEF, 0xFF, 0x5D, 0xEF, 0xFF, 0x5D, 0xEF, 0xFF,
  0x5D, 0xEF, 0xFF, 0x7D, 0xEF, 0xFF, 0x5D, 0xEF, 0xFF, 0x5D, 0xEF, 0xFF, 0x5D, 0xEF, 0xFF, 0x5D, 0xEF, 0xFF, 0x7D, 0xEF, 0xFF, 0x5D, 0xEF, 0xFF,
  0x5D, 0xEF, 0xFF, 0x7D, 0xEF, 0xFF, 0x5D, 0xEF, 0xFF, 0x5D, 0xEF, 0xFF, 0x5D, 0xEF, 0xFF, 0x5D, 0xEF, 0xFF, 0x5D, 0xEF, 0xFF, 0x5D, 0xEF, 0xFF,
  0x5D, 0xEF, 0xFF, 0x7D, 0xEF, 0xFF, 0x7D, 0xEF, 0xFF, 0x7D, 0xEF, 0xFF, 0x7D, 0xEF, 0xFF, 0x5D, 0xEF, 0xFF, 0x9E, 0xF7, 0xFF, 0xBA, 0xD6, 0xFF,
  0xDB, 0xDE, 0xFF, 0x7D, 0xEF, 0xF7, 0xDF, 0xFF, 0xFF, 0x2C, 0x63, 0x6F, 0x00, 0x00, 0x00, 0x00, 0x00, 0x00, 0x00, 0x00, 0x00, 0x00, 0x00, 0x00,
  0x00, 0x00, 0x00, 0x00, 0x00, 0x00, 0x00, 0x00, 0x00, 0x00, 0x00, 0x00, 0x00, 0x00, 0x00, 0x00, 0x00, 0x00, 0x00, 0x00, 0x00, 0x00, 0x00, 0x00,
  0xFF, 0xFF, 0x00, 0xFF, 0xFF, 0x00, 0xFF, 0xFF, 0x00, 0xFF, 0xFF, 0x00, 0xFF, 0xFF, 0x00, 0xFF, 0xFF, 0x00, 0xFF, 0xFF, 0x00, 0xFF, 0xFF, 0x00,
  0xFF, 0xFF, 0x00, 0xFF, 0xFF, 0x00, 0xFF, 0xFF, 0x00, 0xFF, 0xFF, 0x00, 0xFF, 0xFF, 0x00, 0xFF, 0xFF, 0x00, 0xFF, 0xFF, 0x00, 0xFF, 0xFF, 0x00,
  0xFF, 0xFF, 0x00, 0xFF, 0xFF, 0x00, 0xFF, 0xFF, 0x00, 0xFF, 0xFF, 0x00, 0xFF, 0xFF, 0x00, 0xFF, 0xFF, 0x00, 0xFF, 0xFF, 0x00, 0xFF, 0xFF, 0x00,
  0xFF, 0xFF, 0x00, 0xFF, 0xFF, 0x00, 0xFF, 0xFF, 0x00, 0xFF, 0xFF, 0x00, 0xFF, 0xFF, 0x00, 0xFF, 0xFF, 0x00, 0xFF, 0xFF, 0x00, 0xFF, 0xFF, 0x00,
  0xFF, 0xFF, 0x00, 0xFF, 0xFF, 0x00, 0xFF, 0xFF, 0x00, 0xFF, 0xFF, 0x00, 0xFF, 0xFF, 0x00, 0xFF, 0xFF, 0x00, 0xFF, 0xFF, 0x00, 0xFF, 0xFF, 0x00,
  0xFF, 0xFF, 0x00, 0xFF, 0xFF, 0x00, 0xFF, 0xFF, 0x00, 0xFF, 0xFF, 0x00, 0xFF, 0xFF, 0x00, 0xFF, 0xFF, 0x00, 0xFF, 0xFF, 0x00, 0xFF, 0xFF, 0x00,
  0xFF, 0xFF, 0x00, 0xFF, 0xFF, 0x00, 0xFF, 0xFF, 0x00, 0xFF, 0xFF, 0x00, 0xFF, 0xFF, 0x00, 0xFF, 0xFF, 0x00, 0xFF, 0xFF, 0x00, 0x00, 0x00, 0x00,
  0x00, 0x00, 0x00, 0x00, 0x00, 0x00, 0x00, 0x00, 0x00, 0x00, 0x00, 0x00, 0x00, 0x00, 0x00, 0x00, 0x00, 0x00, 0x00, 0x00, 0x00, 0x00, 0x00, 0x00,
  0x00, 0x00, 0x00, 0x00, 0x00, 0x00, 0x00, 0x00, 0x00, 0x00, 0x00, 0x00, 0x00, 0x00, 0x00, 0x00, 0x00, 0x00, 0x00, 0x00, 0x00, 0x00, 0x00, 0x00,
  0x00, 0x00, 0x00, 0x00, 0x00, 0x00, 0x00, 0x00, 0x00, 0x00, 0x00, 0x00, 0x00, 0x00, 0x00, 0x00, 0x00, 0x00, 0x00, 0x00, 0x00, 0x00, 0x00, 0x00,
  0x00, 0x00, 0x00, 0x00, 0x00, 0x00, 0x00, 0x00, 0x00, 0x00, 0x00, 0x00, 0x00, 0x00, 0x00, 0x00, 0x00, 0x00, 0x00, 0x00, 0x00, 0x00, 0x00, 0x00,
  0x00, 0x00, 0x00, 0x00, 0x00, 0x00, 0x00, 0x00, 0x00, 0x00, 0x00, 0x00, 0x00, 0x00, 0x00, 0x00, 0x00, 0x00, 0x00, 0x00, 0x00, 0x00, 0x00, 0x00,
  0x00, 0x00, 0x00, 0x00, 0x00, 0x00, 0x00, 0x00, 0x00, 0x00, 0x00, 0x00, 0x00, 0x00, 0x00, 0x00, 0x00, 0x00, 0x00, 0x00, 0x00, 0x00, 0x00, 0x00,
  0x00, 0x00, 0x00, 0x00, 0x00, 0x00, 0x00, 0x00, 0x00, 0x00, 0x00, 0x00, 0x00, 0x00, 0x00, 0x00, 0x00, 0x00, 0x00, 0x00, 0x00, 0x00, 0x00, 0x00,
  0x00, 0x00, 0x00, 0x00, 0x00, 0x00, 0x00, 0x00, 0x00, 0x00, 0x00, 0x00, 0x00, 0x00, 0x00, 0x00, 0x00, 0x00, 0x00, 0x00, 0x00, 0x00, 0x00, 0x00,
  0x00, 0x00, 0x00, 0x00, 0x00, 0x00, 0x00, 0x00, 0x00, 0x00, 0x00, 0x00, 0x00, 0x00, 0x00, 0xE3, 0x18, 0x0D, 0xC7, 0x39, 0xFF, 0xA2, 0x10, 0xFB,
  0xD7, 0xBD, 0xFF, 0x7D, 0xEF, 0xFF, 0x18, 0xC6, 0xFF, 0x7D, 0xEF, 0xFF, 0x7D, 0xEF, 0xFF, 0x7D, 0xEF, 0xFF, 0x7D, 0xEF, 0xFF, 0x7D, 0xEF, 0xFF,
  0x7D, 0xEF, 0xFF, 0x7D, 0xEF, 0xFF, 0x7D, 0xEF, 0xFF, 0x7D, 0xEF, 0xFF, 0x7D, 0xEF, 0xFF, 0x7D, 0xEF, 0xFF, 0x7D, 0xEF, 0xFF, 0x7D, 0xEF, 0xFF,
  0x7D, 0xEF, 0xFF, 0x5D, 0xEF, 0xFF, 0xBE, 0xFF, 0xFF, 0xD3, 0x9C, 0xFF, 0x8A, 0x4A, 0xFF, 0x28, 0x42, 0xFF, 0xC7, 0x39, 0xFF, 0xA6, 0x31, 0xFF,
  0x86, 0x31, 0xFF, 0x65, 0x29, 0xFF, 0x86, 0x31, 0xFF, 0x86, 0x31, 0xFF, 0x86, 0x31, 0xFF, 0xA6, 0x31, 0xFF, 0xA6, 0x31, 0xFF, 0x86, 0x31, 0xFF,
  0xA6, 0x31, 0xFF, 0x86, 0x31, 0xFF, 0x65, 0x29, 0xFF, 0x86, 0x31, 0xFF, 0x86, 0x31, 0xFF, 0x86, 0x31, 0xFF, 0xA6, 0x31, 0xFF, 0xA6, 0x31, 0xFF,
  0x86, 0x31, 0xFF, 0x86, 0x31, 0xFF, 0x86, 0x31, 0xFF, 0x65, 0x29, 0xFF, 0x65, 0x29, 0xFF, 0x65, 0x29, 0xFF, 0x86, 0x31, 0xFF, 0xA6, 0x31, 0xFF,
  0x86, 0x31, 0xFF, 0x86, 0x31, 0xFF, 0x86, 0x31, 0xFF, 0x65, 0x29, 0xFF, 0x65, 0x29, 0xFF, 0x65, 0x29, 0xFF, 0x86, 0x31, 0xFF, 0xA6, 0x31, 0xFF,
  0xA6, 0x31, 0xFF, 0x86, 0x31, 0xFF, 0x65, 0x29, 0xFF, 0x65, 0x29, 0xFF, 0x65, 0x29, 0xFF, 0x65, 0x29, 0xFF, 0x65, 0x29, 0xFF, 0x85, 0x31, 0xFF,
  0x86, 0x31, 0xFF, 0x86, 0x31, 0xFF, 0x86, 0x31, 0xFF, 0x86, 0x31, 0xFF, 0x86, 0x31, 0xFF, 0x65, 0x29, 0xFF, 0x45, 0x29, 0xFF, 0x45, 0x29, 0xFF,
  0x65, 0x29, 0xFF, 0x86, 0x31, 0xFF, 0x49, 0x4A, 0xFF, 0x49, 0x4A, 0xFF, 0x34, 0xA5, 0xFF, 0xDF, 0xFF, 0xFF, 0x5D, 0xEF, 0xFF, 0x7D, 0xEF, 0xFF,
  0x5D, 0xEF, 0xFF, 0x7D, 0xEF, 0xFF, 0x7D, 0xEF, 0xFF, 0x5D, 0xEF, 0xFF, 0x5D, 0xEF, 0xFF, 0x5D, 0xEF, 0xFF, 0x5D, 0xEF, 0xFF, 0x5D, 0xEF, 0xFF,
  0x5D, 0xEF, 0xFF, 0x5D, 0xEF, 0xFF, 0x5D, 0xEF, 0xFF, 0x5D, 0xEF, 0xFF, 0x5D, 0xEF, 0xFF, 0x5D, 0xEF, 0xFF, 0x5D, 0xEF, 0xFF, 0x5D, 0xEF, 0xFF,
  0x5D, 0xEF, 0xFF, 0x5D, 0xEF, 0xFF, 0x5D, 0xEF, 0xFF, 0x5D, 0xEF, 0xFF, 0x5D, 0xEF, 0xFF, 0x5D, 0xEF, 0xFF, 0x5D, 0xEF, 0xFF, 0x5D, 0xEF, 0xFF,
  0x5D, 0xEF, 0xFF, 0x5D, 0xEF, 0xFF, 0x5D, 0xEF, 0xFF, 0x5D, 0xEF, 0xFF, 0x7D, 0xEF, 0xFF, 0x7D, 0xEF, 0xFF, 0x5D, 0xEF, 0xFF, 0x5D, 0xEF, 0xFF,
  0x5D, 0xEF, 0xFF, 0x5D, 0xEF, 0xFF, 0x7D, 0xEF, 0xFF, 0x7D, 0xEF, 0xFF, 0x5D, 0xEF, 0xFF, 0x5D, 0xEF, 0xFF, 0x7D, 0xEF, 0xFF, 0x7D, 0xEF, 0xFF,
  0x5D, 0xEF, 0xFF, 0x7D, 0xEF, 0xFF, 0x5D, 0xEF, 0xFF, 0x5D, 0xEF, 0xFF, 0x7D, 0xEF, 0xFF, 0x5D, 0xEF, 0xFF, 0x7D, 0xEF, 0xFF, 0x5D, 0xEF, 0xFF,
  0x7D, 0xEF, 0xFF, 0x7D, 0xEF, 0xFF, 0x7D, 0xF7, 0xFF, 0x3C, 0xE7, 0xFF, 0x59, 0xCE, 0xFF, 0x7D, 0xEF, 0xFD, 0xDF, 0xFF, 0xFF, 0x55, 0xAD, 0xDC,
  0x00, 0x00, 0x01, 0x00, 0x00, 0x00, 0x00, 0x00, 0x00, 0x00, 0x00, 0x00, 0x00, 0x00, 0x00, 0x00, 0x00, 0x00, 0x00, 0x00, 0x00, 0x00, 0x00, 0x00,
  0x00, 0x00, 0x00, 0x00, 0x00, 0x00, 0x00, 0x00, 0x00, 0x00, 0x00, 0x00, 0xFF, 0xFF, 0x00, 0xFF, 0xFF, 0x00, 0xFF, 0xFF, 0x00, 0xFF, 0xFF, 0x00,
  0xFF, 0xFF, 0x00, 0xFF, 0xFF, 0x00, 0xFF, 0xFF, 0x00, 0xFF, 0xFF, 0x00, 0xFF, 0xFF, 0x00, 0xFF, 0xFF, 0x00, 0xFF, 0xFF, 0x00, 0xFF, 0xFF, 0x00,
  0xFF, 0xFF, 0x00, 0xFF, 0xFF, 0x00, 0xFF, 0xFF, 0x00, 0xFF, 0xFF, 0x00, 0xFF, 0xFF, 0x00, 0xFF, 0xFF, 0x00, 0xFF, 0xFF, 0x00, 0xFF, 0xFF, 0x00,
  0xFF, 0xFF, 0x00, 0xFF, 0xFF, 0x00, 0xFF, 0xFF, 0x00, 0xFF, 0xFF, 0x00, 0xFF, 0xFF, 0x00, 0xFF, 0xFF, 0x00, 0xFF, 0xFF, 0x00, 0xFF, 0xFF, 0x00,
  0xFF, 0xFF, 0x00, 0xFF, 0xFF, 0x00, 0xFF, 0xFF, 0x00, 0xFF, 0xFF, 0x00, 0xFF, 0xFF, 0x00, 0xFF, 0xFF, 0x00, 0xFF, 0xFF, 0x00, 0xFF, 0xFF, 0x00,
  0xFF, 0xFF, 0x00, 0xFF, 0xFF, 0x00, 0xFF, 0xFF, 0x00, 0xFF, 0xFF, 0x00, 0xFF, 0xFF, 0x00, 0xFF, 0xFF, 0x00, 0xFF, 0xFF, 0x00, 0xFF, 0xFF, 0x00,
  0xFF, 0xFF, 0x00, 0xFF, 0xFF, 0x00, 0xFF, 0xFF, 0x00, 0xFF, 0xFF, 0x00, 0xFF, 0xFF, 0x00, 0xFF, 0xFF, 0x00, 0xFF, 0xFF, 0x00, 0xFF, 0xFF, 0x00,
  0xFF, 0xFF, 0x00, 0xFF, 0xFF, 0x00, 0xFF, 0xFF, 0x00, 0x00, 0x00, 0x00, 0x00, 0x00, 0x00, 0x00, 0x00, 0x00, 0x00, 0x00, 0x00, 0x00, 0x00, 0x00,
  0x00, 0x00, 0x00, 0x00, 0x00, 0x00, 0x00, 0x00, 0x00, 0x00, 0x00, 0x00, 0x00, 0x00, 0x00, 0x00, 0x00, 0x00, 0x00, 0x00, 0x00, 0x00, 0x00, 0x00,
  0x00, 0x00, 0x00, 0x00, 0x00, 0x00, 0x00, 0x00, 0x00, 0x00, 0x00, 0x00, 0x00, 0x00, 0x00, 0x00, 0x00, 0x00, 0x00, 0x00, 0x00, 0x00, 0x00, 0x00,
  0x00, 0x00, 0x00, 0x00, 0x00, 0x00, 0x00, 0x00, 0x00, 0x00, 0x00, 0x00, 0x00, 0x00, 0x00, 0x00, 0x00, 0x00, 0x00, 0x00, 0x00, 0x00, 0x00, 0x00,
  0x00, 0x00, 0x00, 0x00, 0x00, 0x00, 0x00, 0x00, 0x00, 0x00, 0x00, 0x00, 0x00, 0x00, 0x00, 0x00, 0x00, 0x00, 0x00, 0x00, 0x00, 0x00, 0x00, 0x00,
  0x00, 0x00, 0x00, 0x00, 0x00, 0x00, 0x00, 0x00, 0x00, 0x00, 0x00, 0x00, 0x00, 0x00, 0x00, 0x00, 0x00, 0x00, 0x00, 0x00, 0x00, 0x00, 0x00, 0x00,
  0x00, 0x00, 0x00, 0x00, 0x00, 0x00, 0x00, 0x00, 0x00, 0x00, 0x00, 0x00, 0x00, 0x00, 0x00, 0x00, 0x00, 0x00, 0x00, 0x00, 0x00, 0x00, 0x00, 0x00,
  0x00, 0x00, 0x00, 0x00, 0x00, 0x00, 0x00, 0x00, 0x00, 0x00, 0x00, 0x00, 0x00, 0x00, 0x00, 0x00, 0x00, 0x00, 0x00, 0x00, 0x00, 0x00, 0x00, 0x00,
  0x00, 0x00, 0x00, 0x00, 0x00, 0x00, 0x00, 0x00, 0x00, 0x00, 0x00, 0x00, 0x00, 0x00, 0x00, 0x00, 0x00, 0x00, 0x00, 0x00, 0x00, 0x00, 0x00, 0x00,
  0x00, 0x00, 0x00, 0xA2, 0x10, 0x05, 0x65, 0x29, 0xEF, 0x65, 0x29, 0xFD, 0x7D, 0xF7, 0xFD, 0xDB, 0xDE, 0xFF, 0x9A, 0xD6, 0xFF, 0x9E, 0xF7, 0xFF,
  0x5D, 0xEF, 0xFF, 0x7D, 0xEF, 0xFF, 0x7D, 0xEF, 0xFF, 0x7D, 0xEF, 0xFF, 0x7D, 0xEF, 0xFF, 0x7D, 0xEF, 0xFF, 0x7D, 0xEF, 0xFF, 0x7D, 0xEF, 0xFF,
  0x7D, 0xEF, 0xFF, 0x7D, 0xEF, 0xFF, 0x7D, 0xEF, 0xFF, 0x7D, 0xEF, 0xFF, 0x5D, 0xEF, 0xFF, 0xDF, 0xFF, 0xFF, 0x55, 0xAD, 0xFF, 0xA6, 0x31, 0xFF,
  0x85, 0x31, 0xFF, 0xA2, 0x10, 0xFF, 0x44, 0x21, 0xFF, 0x45, 0x29, 0xFF, 0x45, 0x29, 0xFF, 0x45, 0x29, 0xFF, 0x24, 0x21, 0xFF, 0x45, 0x29, 0xFF,
  0x24, 0x21, 0xFF, 0xA2, 0x10, 0xFF, 0xC3, 0x18, 0xFF, 0xC3, 0x18, 0xFF, 0xC3, 0x18, 0xFF, 0xC3, 0x18, 0xFF, 0xC3, 0x18, 0xFF, 0xC3, 0x18, 0xFF,
  0xC3, 0x18, 0xFF, 0xC3, 0x18, 0xFF, 0xC3, 0x18, 0xFF, 0xC3, 0x18, 0xFF, 0xC3, 0x18, 0xFF, 0xC3, 0x18, 0xFF, 0xC3, 0x18, 0xFF, 0xC3, 0x18, 0xFF,
  0xC3, 0x18, 0xFF, 0xC3, 0x18, 0xFF, 0xC3, 0x18, 0xFF, 0xC3, 0x18, 0xFF, 0xC3, 0x18, 0xFF, 0xC3, 0x18, 0xFF, 0xC3, 0x18, 0xFF, 0xA3, 0x10, 0xFF,
  0xA3, 0x10, 0xFF, 0xC3, 0x10, 0xFF, 0xC3, 0x18, 0xFF, 0xC3, 0x18, 0xFF, 0xC3, 0x18, 0xFF, 0xC3, 0x10, 0xFF, 0xC3, 0x10, 0xFF, 0xC3, 0x10, 0xFF,
  0xC3, 0x10, 0xFF, 0xC3, 0x10, 0xFF, 0xC3, 0x10, 0xFF, 0xC3, 0x18, 0xFF, 0xC3, 0x18, 0xFF, 0xC3, 0x18, 0xFF, 0xC3, 0x18, 0xFF, 0x24, 0x21, 0xFF,
  0x24, 0x21, 0xFF, 0x04, 0x21, 0xFF, 0x45, 0x29, 0xFF, 0x45, 0x29, 0xFF, 0x65, 0x29, 0xFF, 0x65, 0x29, 0xFF, 0xE3, 0x18, 0xFF, 0xC7, 0x39, 0xFF,
  0x65, 0x29, 0xFF, 0x96, 0xB5, 0xFF, 0xBE, 0xFF, 0xFF, 0x5D, 0xEF, 0xFF, 0x5D, 0xEF, 0xFF, 0x7D, 0xEF, 0xFF, 0x5D, 0xEF, 0xFF, 0x5D, 0xEF, 0xFF,
  0x7D, 0xEF, 0xFF, 0x5D, 0xEF, 0xFF, 0x5D, 0xEF, 0xFF, 0x7D, 0xEF, 0xFF, 0x7D, 0xEF, 0xFF, 0x5D, 0xEF, 0xFF, 0x5D, 0xEF, 0xFF, 0x5D, 0xEF, 0xFF,
  0x5D, 0xEF, 0xFF, 0x5D, 0xEF, 0xFF, 0x5D, 0xEF, 0xFF, 0x5D, 0xEF, 0xFF, 0x5D, 0xEF, 0xFF, 0x5D, 0xEF, 0xFF, 0x5D, 0xEF, 0xFF, 0x5D, 0xEF, 0xFF,
  0x5D, 0xEF, 0xFF, 0x5D, 0xEF, 0xFF, 0x5D, 0xEF, 0xFF, 0x5D, 0xEF, 0xFF, 0x5D, 0xEF, 0xFF, 0x5D, 0xEF, 0xFF, 0x5D, 0xEF, 0xFF, 0x5D, 0xEF, 0xFF,
  0x5D, 0xEF, 0xFF, 0x5D, 0xEF, 0xFF, 0x5D, 0xEF, 0xFF, 0x5D, 0xEF, 0xFF, 0x5D, 0xEF, 0xFF, 0x5D, 0xEF, 0xFF, 0x5D, 0xEF, 0xFF, 0x7D, 0xEF, 0xFF,
  0x7D, 0xEF, 0xFF, 0x7D, 0xEF, 0xFF, 0x7D, 0xEF, 0xFF, 0x5D, 0xEF, 0xFF, 0x7D, 0xEF, 0xFF, 0x7D, 0xEF, 0xFF, 0x5D, 0xEF, 0xFF, 0x7D, 0xEF, 0xFF,
  0x5D, 0xEF, 0xFF, 0x7D, 0xEF, 0xFF, 0x5D, 0xEF, 0xFF, 0x5D, 0xEF, 0xFF, 0x5D, 0xEF, 0xFF, 0x7D, 0xEF, 0xFF, 0x7D, 0xEF, 0xFF, 0x7D, 0xF7, 0xFF,
  0x59, 0xCE, 0xFF, 0x3C, 0xE7, 0xFF, 0x9E, 0xF7, 0xF9, 0x1C, 0xE7, 0xFF, 0x24, 0x21, 0x1C, 0x00, 0x00, 0x00, 0x00, 0x00, 0x00, 0x00, 0x00, 0x00,
  0x00, 0x00, 0x00, 0x00, 0x00, 0x00, 0x00, 0x00, 0x00, 0x00, 0x00, 0x00, 0x00, 0x00, 0x00, 0x00, 0x00, 0x00, 0x00, 0x00, 0x00, 0x00, 0x00, 0x00,
  0xFF, 0xFF, 0x00, 0xFF, 0xFF, 0x00, 0xFF, 0xFF, 0x00, 0xFF, 0xFF, 0x00, 0xFF, 0xFF, 0x00, 0xFF, 0xFF, 0x00, 0xFF, 0xFF, 0x00, 0xFF, 0xFF, 0x00,
  0xFF, 0xFF, 0x00, 0xFF, 0xFF, 0x00, 0xFF, 0xFF, 0x00, 0xFF, 0xFF, 0x00, 0xFF, 0xFF, 0x00, 0xFF, 0xFF, 0x00, 0xFF, 0xFF, 0x00, 0xFF, 0xFF, 0x00,
  0xFF, 0xFF, 0x00, 0xFF, 0xFF, 0x00, 0xFF, 0xFF, 0x00, 0xFF, 0xFF, 0x00, 0xFF, 0xFF, 0x00, 0xFF, 0xFF, 0x00, 0xFF, 0xFF, 0x00, 0xFF, 0xFF, 0x00,
  0xFF, 0xFF, 0x00, 0xFF, 0xFF, 0x00, 0xFF, 0xFF, 0x00, 0xFF, 0xFF, 0x00, 0xFF, 0xFF, 0x00, 0xFF, 0xFF, 0x00, 0xFF, 0xFF, 0x00, 0xFF, 0xFF, 0x00,
  0xFF, 0xFF, 0x00, 0xFF, 0xFF, 0x00, 0xFF, 0xFF, 0x00, 0xFF, 0xFF, 0x00, 0xFF, 0xFF, 0x00, 0xFF, 0xFF, 0x00, 0xFF, 0xFF, 0x00, 0xFF, 0xFF, 0x00,
  0xFF, 0xFF, 0x00, 0xFF, 0xFF, 0x00, 0xFF, 0xFF, 0x00, 0xFF, 0xFF, 0x00, 0xFF, 0xFF, 0x00, 0xFF, 0xFF, 0x00, 0xFF, 0xFF, 0x00, 0xFF, 0xFF, 0x00,
  0xFF, 0xFF, 0x00, 0xFF, 0xFF, 0x00, 0xFF, 0xFF, 0x00, 0xFF, 0xFF, 0x00, 0xFF, 0xFF, 0x00, 0xFF, 0xFF, 0x00, 0xFF, 0xFF, 0x00, 0x00, 0x00, 0x00,
  0x00, 0x00, 0x00, 0x00, 0x00, 0x00, 0x00, 0x00, 0x00, 0x00, 0x00, 0x00, 0x00, 0x00, 0x00, 0x00, 0x00, 0x00, 0x00, 0x00, 0x00, 0x00, 0x00, 0x00,
  0x00, 0x00, 0x00, 0x00, 0x00, 0x00, 0x00, 0x00, 0x00, 0x00, 0x00, 0x00, 0x00, 0x00, 0x00, 0x00, 0x00, 0x00, 0x00, 0x00, 0x00, 0x00, 0x00, 0x00,
  0x00, 0x00, 0x00, 0x00, 0x00, 0x00, 0x00, 0x00, 0x00, 0x00, 0x00, 0x00, 0x00, 0x00, 0x00, 0x00, 0x00, 0x00, 0x00, 0x00, 0x00, 0x00, 0x00, 0x00,
  0x00, 0x00, 0x00, 0x00, 0x00, 0x00, 0x00, 0x00, 0x00, 0x00, 0x00, 0x00, 0x00, 0x00, 0x00, 0x00, 0x00, 0x00, 0x00, 0x00, 0x00, 0x00, 0x00, 0x00,
  0x00, 0x00, 0x00, 0x00, 0x00, 0x00, 0x00, 0x00, 0x00, 0x00, 0x00, 0x00, 0x00, 0x00, 0x00, 0x00, 0x00, 0x00, 0x00, 0x00, 0x00, 0x00, 0x00, 0x00,
  0x00, 0x00, 0x00, 0x00, 0x00, 0x00, 0x00, 0x00, 0x00, 0x00, 0x00, 0x00, 0x00, 0x00, 0x00, 0x00, 0x00, 0x00, 0x00, 0x00, 0x00, 0x00, 0x00, 0x00,
  0x00, 0x00, 0x00, 0x00, 0x00, 0x00, 0x00, 0x00, 0x00, 0x00, 0x00, 0x00, 0x00, 0x00, 0x00, 0x00, 0x00, 0x00, 0x00, 0x00, 0x00, 0x00, 0x00, 0x00,
  0x00, 0x00, 0x00, 0x00, 0x00, 0x00, 0x00, 0x00, 0x00, 0x00, 0x00, 0x00, 0x00, 0x00, 0x00, 0x00, 0x00, 0x00, 0x00, 0x00, 0x00, 0x00, 0x00, 0x00,
  0x00, 0x00, 0x00, 0x00, 0x00, 0x00, 0x00, 0x00, 0x00, 0x00, 0x00, 0x00, 0x00, 0x00, 0x00, 0x45, 0x29, 0x21, 0xA6, 0x31, 0xFD, 0x6D, 0x6B, 0xF9,
  0xDE, 0xFF, 0xFF, 0x59, 0xCE, 0xFF, 0x1C, 0xE7, 0xFF, 0x7D, 0xF7, 0xFF, 0x7D, 0xEF, 0xFF, 0x7D, 0xEF, 0xFF, 0x7D, 0xEF, 0xFF, 0x7D, 0xEF, 0xFF,
  0x7D, 0xEF, 0xFF, 0x7D, 0xEF, 0xFF, 0x7D, 0xEF, 0xFF, 0x7D, 0xEF, 0xFF, 0x7D, 0xEF, 0xFF, 0x7D, 0xEF, 0xFF, 0x7D, 0xEF, 0xFF, 0x7D, 0xEF, 0xFF,
  0x5D, 0xEF, 0xFF, 0x7D, 0xF7, 0xFF, 0x8A, 0x52, 0xFF, 0x45, 0x29, 0xFF, 0xE3, 0x18, 0xFF, 0x8A, 0x52, 0xFF, 0x2D, 0x63, 0xFF, 0xEC, 0x5A, 0xFF,
  0xEC, 0x5A, 0xFF, 0x0C, 0x63, 0xFF, 0xAA, 0x52, 0xFF, 0x6D, 0x6B, 0xFF, 0xEB, 0x5A, 0xFF, 0xC7, 0x31, 0xFF, 0xE8, 0x39, 0xFF, 0xE7, 0x39, 0xFF,
  0xE7, 0x39, 0xFF, 0xE8, 0x39, 0xFF, 0xE8, 0x39, 0xFF, 0xE8, 0x39, 0xFF, 0xE8, 0x39, 0xFF, 0xE8, 0x39, 0xFF, 0xE8, 0x39, 0xFF, 0xE7, 0x39, 0xFF,
  0xE7, 0x39, 0xFF, 0xE7, 0x39, 0xFF, 0xE7, 0x39, 0xFF, 0xE8, 0x39, 0xFF, 0xE8, 0x39, 0xFF, 0xE8, 0x39, 0xFF, 0xE8, 0x39, 0xFF, 0xE8, 0x39, 0xFF,
  0xE8, 0x39, 0xFF, 0xE7, 0x39, 0xFF, 0xE7, 0x39, 0xFF, 0xE7, 0x39, 0xFF, 0xE7, 0x39, 0xFF, 0xE7, 0x39, 0xFF, 0xE7, 0x39, 0xFF, 0xE7, 0x39, 0xFF,
  0xE7, 0x39, 0xFF, 0xE7, 0x39, 0xFF, 0xE7, 0x39, 0xFF, 0xC7, 0x39, 0xFF, 0xC7, 0x39, 0xFF, 0xE7, 0x39, 0xFF, 0xE7, 0x39, 0xFF, 0xE7, 0x39, 0xFF,
  0xE8, 0x39, 0xFF, 0xC7, 0x31, 0xFF, 0x08, 0x3A, 0xFF, 0x0C, 0x63, 0xFF, 0x2D, 0x63, 0xFF, 0xCB, 0x5A, 0xFF, 0x6E, 0x6B, 0xFF, 0x0C, 0x63, 0xFF,
  0x2C, 0x63, 0xFF, 0x0C, 0x63, 0xFF, 0x69, 0x4A, 0xFF, 0xE3, 0x18, 0xFF, 0x45, 0x29, 0xFF, 0xAA, 0x52, 0xFF, 0xBE, 0xF7, 0xFF, 0x5D, 0xEF, 0xFF,
  0x5D, 0xEF, 0xFF, 0x5D, 0xEF, 0xFF, 0x5D, 0xEF, 0xFF, 0x5D, 0xEF, 0xFF, 0x5D, 0xEF, 0xFF, 0x5D, 0xEF, 0xFF, 0x5D, 0xEF, 0xFF, 0x5D, 0xEF, 0xFF,
  0x5D, 0xEF, 0xFF, 0x5D, 0xEF, 0xFF, 0x5D, 0xEF, 0xFF, 0x5D, 0xEF, 0xFF, 0x5D, 0xEF, 0xFF, 0x5D, 0xEF, 0xFF, 0x5D, 0xEF, 0xFF, 0x5D, 0xEF, 0xFF,
  0x5D, 0xEF, 0xFF, 0x5D, 0xEF, 0xFF, 0x7D, 0xEF, 0xFF, 0x5D, 0xEF, 0xFF, 0x5D, 0xEF, 0xFF, 0x5D, 0xEF, 0xFF, 0x5D, 0xEF, 0xFF, 0x5D, 0xEF, 0xFF,
  0x5D, 0xEF, 0xFF, 0x5D, 0xEF, 0xFF, 0x5D, 0xEF, 0xFF, 0x5D, 0xEF, 0xFF, 0x5D, 0xEF, 0xFF, 0x5D, 0xEF, 0xFF, 0x5D, 0xEF, 0xFF, 0x5D, 0xEF, 0xFF,
  0x5D, 0xEF, 0xFF, 0x5D, 0xEF, 0xFF, 0x5D, 0xEF, 0xFF, 0x5D, 0xEF, 0xFF, 0x5D, 0xEF, 0xFF, 0x5D, 0xEF, 0xFF, 0x5D, 0xEF, 0xFF, 0x7D, 0xEF, 0xFF,
  0x5D, 0xEF, 0xFF, 0x7D, 0xEF, 0xFF, 0x7D, 0xEF, 0xFF, 0x7D, 0xEF, 0xFF, 0x7D, 0xEF, 0xFF, 0x7D, 0xEF, 0xFF, 0x5D, 0xEF, 0xFF, 0x7D, 0xEF, 0xFF,
  0x7D, 0xEF, 0xFF, 0x7D, 0xEF, 0xFF, 0x5D, 0xEF, 0xFF, 0x9E, 0xF7, 0xFF, 0xBA, 0xD6, 0xFF, 0xDB, 0xDE, 0xFF, 0x7D, 0xEF, 0xF7, 0xDF, 0xFF, 0xFD,
  0x0C, 0x63, 0x6F, 0x00, 0x00, 0x00, 0x00, 0x00, 0x00, 0x00, 0x00, 0x00, 0x00, 0x00, 0x00, 0x00, 0x00, 0x00, 0x00, 0x00, 0x00, 0x00, 0x00, 0x00,
  0x00, 0x00, 0x00, 0x00, 0x00, 0x00, 0x00, 0x00, 0x00, 0x00, 0x00, 0x00, 0xFF, 0xFF, 0x00, 0xFF, 0xFF, 0x00, 0xFF, 0xFF, 0x00, 0xFF, 0xFF, 0x00,
  0xFF, 0xFF, 0x00, 0xFF, 0xFF, 0x00, 0xFF, 0xFF, 0x00, 0xFF, 0xFF, 0x00, 0xFF, 0xFF, 0x00, 0xFF, 0xFF, 0x00, 0xFF, 0xFF, 0x00, 0xFF, 0xFF, 0x00,
  0xFF, 0xFF, 0x00, 0xFF, 0xFF, 0x00, 0xFF, 0xFF, 0x00, 0xFF, 0xFF, 0x00, 0xFF, 0xFF, 0x00, 0xFF, 0xFF, 0x00, 0xFF, 0xFF, 0x00, 0xFF, 0xFF, 0x00,
  0xFF, 0xFF, 0x00, 0xFF, 0xFF, 0x00, 0xFF, 0xFF, 0x00, 0xFF, 0xFF, 0x00, 0xFF, 0xFF, 0x00, 0xFF, 0xFF, 0x00, 0xFF, 0xFF, 0x00, 0xFF, 0xFF, 0x00,
  0xFF, 0xFF, 0x00, 0xFF, 0xFF, 0x00, 0xFF, 0xFF, 0x00, 0xFF, 0xFF, 0x00, 0xFF, 0xFF, 0x00, 0xFF, 0xFF, 0x00, 0xFF, 0xFF, 0x00, 0xFF, 0xFF, 0x00,
  0xFF, 0xFF, 0x00, 0xFF, 0xFF, 0x00, 0xFF, 0xFF, 0x00, 0xFF, 0xFF, 0x00, 0xFF, 0xFF, 0x00, 0xFF, 0xFF, 0x00, 0xFF, 0xFF, 0x00, 0xFF, 0xFF, 0x00,
  0xFF, 0xFF, 0x00, 0xFF, 0xFF, 0x00, 0xFF, 0xFF, 0x00, 0xFF, 0xFF, 0x00, 0xFF, 0xFF, 0x00, 0xFF, 0xFF, 0x00, 0xFF, 0xFF, 0x00, 0xFF, 0xFF, 0x00,
  0xFF, 0xFF, 0x00, 0xFF, 0xFF, 0x00, 0xFF, 0xFF, 0x00, 0x00, 0x00, 0x00, 0x00, 0x00, 0x00, 0x00, 0x00, 0x00, 0x00, 0x00, 0x00, 0x00, 0x00, 0x00,
  0x00, 0x00, 0x00, 0x00, 0x00, 0x00, 0x00, 0x00, 0x00, 0x00, 0x00, 0x00, 0x00, 0x00, 0x00, 0x00, 0x00, 0x00, 0x00, 0x00, 0x00, 0x00, 0x00, 0x00,
  0x00, 0x00, 0x00, 0x00, 0x00, 0x00, 0x00, 0x00, 0x00, 0x00, 0x00, 0x00, 0x00, 0x00, 0x00, 0x00, 0x00, 0x00, 0x00, 0x00, 0x00, 0x00, 0x00, 0x00,
  0x00, 0x00, 0x00, 0x00, 0x00, 0x00, 0x00, 0x00, 0x00, 0x00, 0x00, 0x00, 0x00, 0x00, 0x00, 0x00, 0x00, 0x00, 0x00, 0x00, 0x00, 0x00, 0x00, 0x00,
  0x00, 0x00, 0x00, 0x00, 0x00, 0x00, 0x00, 0x00, 0x00, 0x00, 0x00, 0x00, 0x00, 0x00, 0x00, 0x00, 0x00, 0x00, 0x00, 0x00, 0x00, 0x00, 0x00, 0x00,
  0x00, 0x00, 0x00, 0x00, 0x00, 0x00, 0x00, 0x00, 0x00, 0x00, 0x00, 0x00, 0x00, 0x00, 0x00, 0x00, 0x00, 0x00, 0x00, 0x00, 0x00, 0x00, 0x00, 0x00,
  0x00, 0x00, 0x00, 0x00, 0x00, 0x00, 0x00, 0x00, 0x00, 0x00, 0x00, 0x00, 0x00, 0x00, 0x00, 0x00, 0x00, 0x00, 0x00, 0x00, 0x00, 0x00, 0x00, 0x00,
  0x00, 0x00, 0x00, 0x00, 0x00, 0x00, 0x00, 0x00, 0x00, 0x00, 0x00, 0x00, 0x00, 0x00, 0x00, 0x00, 0x00, 0x00, 0x00, 0x00, 0x00, 0x00, 0x00, 0x00,
  0x00, 0x00, 0x00, 0x00, 0x00, 0x00, 0x00, 0x00, 0x00, 0x00, 0x00, 0x00, 0x00, 0x00, 0x00, 0x00, 0x00, 0x00, 0x00, 0x00, 0x00, 0x00, 0x00, 0x00,
  0x00, 0x00, 0x00, 0x8A, 0x52, 0x94, 0x86, 0x31, 0xFF, 0xB6, 0xB5, 0xF9, 0x7D, 0xEF, 0xFF, 0x38, 0xC6, 0xFF, 0x7D, 0xEF, 0xFF, 0x5D, 0xEF, 0xFF,
  0x7D, 0xEF, 0xFF, 0x7D, 0xEF, 0xFF, 0x7D, 0xEF, 0xFF, 0x7D, 0xEF, 0xFF, 0x7D, 0xEF, 0xFF, 0x7D, 0xEF, 0xFF, 0x7D, 0xEF, 0xFF, 0x7D, 0xEF, 0xFF,
  0x7D, 0xEF, 0xFF, 0x7D, 0xEF, 0xFF, 0x7D, 0xEF, 0xFF, 0x5D, 0xEF, 0xFF, 0x9D, 0xF7, 0xFF, 0xDB, 0xDE, 0xFF, 0xE7, 0x39, 0xFF, 0x24, 0x21, 0xFF,
  0x8A, 0x52, 0xFF, 0x0C, 0x63, 0xFF, 0xEF, 0x7B, 0xFF, 0x6D, 0x6B, 0xFF, 0x2C, 0x63, 0xFF, 0xCF, 0x7B, 0xFF, 0x4D, 0x6B, 0xFF, 0x10, 0x84, 0xFF,
  0xAE, 0x73, 0xFF, 0xC7, 0x39, 0xFF, 0xE7, 0x39, 0xFF, 0xE7, 0x39, 0xFF, 0xC7, 0x39, 0xFF, 0xC7, 0x39, 0xFF, 0xC7, 0x39, 0xFF, 0xE7, 0x39, 0xFF,
  0xE7, 0x39, 0xFF, 0xE7, 0x39, 0xFF, 0xC7, 0x39, 0xFF, 0xC7, 0x39, 0xFF, 0xC7, 0x39, 0xFF, 0xC7, 0x39, 0xFF, 0xC7, 0x39, 0xFF, 0xC7, 0x39, 0xFF,
  0xE7, 0x39, 0xFF, 0xE7, 0x39, 0xFF, 0xE7, 0x39, 0xFF, 0xC7, 0x39, 0xFF, 0xC7, 0x39, 0xFF, 0xC7, 0x39, 0xFF, 0xC7, 0x39, 0xFF, 0xE7, 0x39, 0xFF,
  0xC7, 0x39, 0xFF, 0xE7, 0x39, 0xFF, 0xC7, 0x39, 0xFF, 0xC7, 0x39, 0xFF, 0xC7, 0x39, 0xFF, 0xC7, 0x31, 0xFF, 0xC7, 0x31, 0xFF, 0xC7, 0x31, 0xFF,
  0xC7, 0x31, 0xFF, 0xC7, 0x31, 0xFF, 0xC7, 0x31, 0xFF, 0xC7, 0x31, 0xFF, 0xC7, 0x31, 0xFF, 0xA6, 0x31, 0xFF, 0x69, 0x4A, 0xFF, 0xF0, 0x7B, 0xFF,
  0x10, 0x84, 0xFF, 0x4D, 0x6B, 0xFF, 0x71, 0x8C, 0xFF, 0x6D, 0x6B, 0xFF, 0x6E, 0x6B, 0xFF, 0x4D, 0x63, 0xFF, 0xEB, 0x5A, 0xFF, 0x08, 0x42, 0xFF,
  0x45, 0x29, 0xFF, 0x28, 0x42, 0xFF, 0x5D, 0xEF, 0xFF, 0x7D, 0xEF, 0xFF, 0x5D, 0xEF, 0xFF, 0x5D, 0xEF, 0xFF, 0x5D, 0xEF, 0xFF, 0x5D, 0xEF, 0xFF,
  0x5D, 0xEF, 0xFF, 0x5D, 0xEF, 0xFF, 0x5D, 0xEF, 0xFF, 0x5D, 0xEF, 0xFF, 0x5D, 0xEF, 0xFF, 0x5D, 0xEF, 0xFF, 0x5D, 0xEF, 0xFF, 0x5D, 0xEF, 0xFF,
  0x5D, 0xEF, 0xFF, 0x5D, 0xEF, 0xFF, 0x5D, 0xEF, 0xFF, 0x5D, 0xEF, 0xFF, 0x5D, 0xEF, 0xFF, 0x5D, 0xEF, 0xFF, 0x5D, 0xEF, 0xFF, 0x5D, 0xEF, 0xFF,
  0x5D, 0xEF, 0xFF, 0x5D, 0xEF, 0xFF, 0x5D, 0xEF, 0xFF, 0x5D, 0xEF, 0xFF, 0x5D, 0xEF, 0xFF, 0x5D, 0xEF, 0xFF, 0x5D, 0xEF, 0xFF, 0x5D, 0xEF, 0xFF,
  0x5D, 0xEF, 0xFF, 0x7D, 0xEF, 0xFF, 0x5D, 0xEF, 0xFF, 0x5D, 0xEF, 0xFF, 0x5D, 0xEF, 0xFF, 0x5D, 0xEF, 0xFF, 0x5D, 0xEF, 0xFF, 0x5D, 0xEF, 0xFF,
  0x5D, 0xEF, 0xFF, 0x5D, 0xEF, 0xFF, 0x7D, 0xEF, 0xFF, 0x7D, 0xEF, 0xFF, 0x7D, 0xEF, 0xFF, 0x7D, 0xEF, 0xFF, 0x7D, 0xEF, 0xFF, 0x7D, 0xEF, 0xFF,
  0x7D, 0xEF, 0xFF, 0x5D, 0xEF, 0xFF, 0x7D, 0xEF, 0xFF, 0x7D, 0xEF, 0xFF, 0x7D, 0xEF, 0xFF, 0x7D, 0xEF, 0xFF, 0x7D, 0xEF, 0xFF, 0x7D, 0xEF, 0xFF,
  0x3C, 0xE7, 0xFF, 0x79, 0xCE, 0xFF, 0x7D, 0xEF, 0xFD, 0xDF, 0xFF, 0xFF, 0x34, 0xA5, 0xDE, 0x00, 0x00, 0x01, 0x00, 0x00, 0x00, 0x00, 0x00, 0x00,
  0x00, 0x00, 0x00, 0x00, 0x00, 0x00, 0x00, 0x00, 0x00, 0x00, 0x00, 0x00, 0x00, 0x00, 0x00, 0x00, 0x00, 0x00, 0x00, 0x00, 0x00, 0x00, 0x00, 0x00,
  0xFF, 0xFF, 0x00, 0xFF, 0xFF, 0x00, 0xFF, 0xFF, 0x00, 0xFF, 0xFF, 0x00, 0xFF, 0xFF, 0x00, 0xFF, 0xFF, 0x00, 0xFF, 0xFF, 0x00, 0xFF, 0xFF, 0x00,
  0xFF, 0xFF, 0x00, 0xFF, 0xFF, 0x00, 0xFF, 0xFF, 0x00, 0xFF, 0xFF, 0x00, 0xFF, 0xFF, 0x00, 0xFF, 0xFF, 0x00, 0xFF, 0xFF, 0x00, 0xFF, 0xFF, 0x00,
  0xFF, 0xFF, 0x00, 0xFF, 0xFF, 0x00, 0xFF, 0xFF, 0x00, 0xFF, 0xFF, 0x00, 0xFF, 0xFF, 0x00, 0xFF, 0xFF, 0x00, 0xFF, 0xFF, 0x00, 0xFF, 0xFF, 0x00,
  0xFF, 0xFF, 0x00, 0xFF, 0xFF, 0x00, 0xFF, 0xFF, 0x00, 0xFF, 0xFF, 0x00, 0xFF, 0xFF, 0x00, 0xFF, 0xFF, 0x00, 0xFF, 0xFF, 0x00, 0xFF, 0xFF, 0x00,
  0xFF, 0xFF, 0x00, 0xFF, 0xFF, 0x00, 0xFF, 0xFF, 0x00, 0xFF, 0xFF, 0x00, 0xFF, 0xFF, 0x00, 0xFF, 0xFF, 0x00, 0xFF, 0xFF, 0x00, 0xFF, 0xFF, 0x00,
  0xFF, 0xFF, 0x00, 0xFF, 0xFF, 0x00, 0xFF, 0xFF, 0x00, 0xFF, 0xFF, 0x00, 0xFF, 0xFF, 0x00, 0xFF, 0xFF, 0x00, 0xFF, 0xFF, 0x00, 0xFF, 0xFF, 0x00,
  0xFF, 0xFF, 0x00, 0xFF, 0xFF, 0x00, 0xFF, 0xFF, 0x00, 0xFF, 0xFF, 0x00, 0xFF, 0xFF, 0x00, 0xFF, 0xFF, 0x00, 0xFF, 0xFF, 0x00, 0x00, 0x00, 0x00,
  0x00, 0x00, 0x00, 0x00, 0x00, 0x00, 0x00, 0x00, 0x00, 0x00, 0x00, 0x00, 0x00, 0x00, 0x00, 0x00, 0x00, 0x00, 0x00, 0x00, 0x00, 0x00, 0x00, 0x00,
  0x00, 0x00, 0x00, 0x00, 0x00, 0x00, 0x00, 0x00, 0x00, 0x00, 0x00, 0x00, 0x00, 0x00, 0x00, 0x00, 0x00, 0x00, 0x00, 0x00, 0x00, 0x00, 0x00, 0x00,
  0x00, 0x00, 0x00, 0x00, 0x00, 0x00, 0x00, 0x00, 0x00, 0x00, 0x00, 0x00, 0x00, 0x00, 0x00, 0x00, 0x00, 0x00, 0x00, 0x00, 0x00, 0x00, 0x00, 0x00,
  0x00, 0x00, 0x00, 0x00, 0x00, 0x00, 0x00, 0x00, 0x00, 0x00, 0x00, 0x00, 0x00, 0x00, 0x00, 0x00, 0x00, 0x00, 0x00, 0x00, 0x00, 0x00, 0x00, 0x00,
  0x00, 0x00, 0x00, 0x00, 0x00, 0x00, 0x00, 0x00, 0x00, 0x00, 0x00, 0x00, 0x00, 0x00, 0x00, 0x00, 0x00, 0x00, 0x00, 0x00, 0x00, 0x00, 0x00, 0x00,
  0x00, 0x00, 0x00, 0x00, 0x00, 0x00, 0x00, 0x00, 0x00, 0x00, 0x00, 0x00, 0x00, 0x00, 0x00, 0x00, 0x00, 0x00, 0x00, 0x00, 0x00, 0x00, 0x00, 0x00,
  0x00, 0x00, 0x00, 0x00, 0x00, 0x00, 0x00, 0x00, 0x00, 0x00, 0x00, 0x00, 0x00, 0x00, 0x00, 0x00, 0x00, 0x00, 0x00, 0x00, 0x00, 0x00, 0x00, 0x00,
  0x00, 0x00, 0x00, 0x00, 0x00, 0x00, 0x00, 0x00, 0x00, 0x00, 0x00, 0x00, 0x00, 0x00, 0x00, 0x00, 0x00, 0x00, 0x00, 0x00, 0x00, 0x00, 0x00, 0x00,
  0x00, 0x00, 0x00, 0x00, 0x00, 0x00, 0x00, 0x00, 0x00, 0x00, 0x00, 0x00, 0x61, 0x08, 0x04, 0x8A, 0x52, 0xF1, 0xE7, 0x39, 0xFD, 0x5D, 0xEF, 0xFD,
  0xDB, 0xDE, 0xFF, 0xBA, 0xD6, 0xFF, 0x9E, 0xF7, 0xFF, 0x5D, 0xEF, 0xFF, 0x7D, 0xEF, 0xFF, 0x7D, 0xEF, 0xFF, 0x7D, 0xEF, 0xFF, 0x7D, 0xEF, 0xFF,
  0x7D, 0xEF, 0xFF, 0x7D, 0xEF, 0xFF, 0x7D, 0xEF, 0xFF, 0x7D, 0xEF, 0xFF, 0x7D, 0xEF, 0xFF, 0x7D, 0xEF, 0xFF, 0x7D, 0xEF, 0xFF, 0x5D, 0xEF, 0xFF,
  0x9E, 0xF7, 0xFF, 0xDB, 0xDE, 0xFF, 0xE7, 0x39, 0xFF, 0x24, 0x21, 0xFF, 0xEB, 0x5A, 0xFF, 0xCF, 0x73, 0xFF, 0x71, 0x8C, 0xFF, 0x10, 0x84, 0xFF,
  0x31, 0x84, 0xFF, 0xD3, 0x9C, 0xFF, 0x51, 0x8C, 0xFF, 0x14, 0xA5, 0xFF, 0x10, 0x84, 0xFF, 0xA7, 0x31, 0xFF, 0xE7, 0x39, 0xFF, 0xE7, 0x39, 0xFF,
  0xC7, 0x39, 0xFF, 0xE7, 0x39, 0xFF, 0xC7, 0x39, 0xFF, 0xC7, 0x39, 0xFF, 0xC7, 0x39, 0xFF, 0xC7, 0x39, 0xFF, 0xE7, 0x39, 0xFF, 0xE7, 0x39, 0xFF,
  0xC7, 0x39, 0xFF, 0xC7, 0x39, 0xFF, 0xC7, 0x39, 0xFF, 0xE7, 0x39, 0xFF, 0xE7, 0x39, 0xFF, 0xE7, 0x39, 0xFF, 0xE7, 0x39, 0xFF, 0xE7, 0x39, 0xFF,
  0xE7, 0x39, 0xFF, 0xE7, 0x39, 0xFF, 0xE7, 0x39, 0xFF, 0xE7, 0x39, 0xFF, 0xE7, 0x39, 0xFF, 0xC7, 0x39, 0xFF, 0xC7, 0x39, 0xFF, 0xC7, 0x39, 0xFF,
  0xC7, 0x31, 0xFF, 0xC7, 0x31, 0xFF, 0xC7, 0x31, 0xFF, 0xC7, 0x39, 0xFF, 0xC7, 0x39, 0xFF, 0xC7, 0x39, 0xFF, 0xC7, 0x31, 0xFF, 0xC7, 0x31, 0xFF,
  0xC7, 0x39, 0xFF, 0xA6, 0x31, 0xFF, 0xCB, 0x52, 0xFF, 0x14, 0xA5, 0xFF, 0xB2, 0x94, 0xFF, 0x51, 0x84, 0xFF, 0x14, 0xA5, 0xFF, 0xEF, 0x7B, 0xFF,
  0x71, 0x8C, 0xFF, 0xEF, 0x7B, 0xFF, 0xAF, 0x73, 0xFF, 0x8A, 0x52, 0xFF, 0x65, 0x29, 0xFF, 0x08, 0x42, 0xFF, 0x5D, 0xEF, 0xFF, 0x7D, 0xEF, 0xFF,
  0x5D, 0xEF, 0xFF, 0x5D, 0xEF, 0xFF, 0x5D, 0xEF, 0xFF, 0x5D, 0xEF, 0xFF, 0x5D, 0xEF, 0xFF, 0x5D, 0xEF, 0xFF, 0x5D, 0xEF, 0xFF, 0x5D, 0xEF, 0xFF,
  0x5D, 0xEF, 0xFF, 0x5D, 0xEF, 0xFF, 0x5D, 0xEF, 0xFF, 0x5D, 0xEF, 0xFF, 0x5D, 0xEF, 0xFF, 0x5D, 0xEF, 0xFF, 0x5D, 0xEF, 0xFF, 0x5D, 0xEF, 0xFF,
  0x5D, 0xEF, 0xFF, 0x5D, 0xEF, 0xFF, 0x5D, 0xEF, 0xFF, 0x5D, 0xEF, 0xFF, 0x5D, 0xEF, 0xFF, 0x5D, 0xEF, 0xFF, 0x5D, 0xEF, 0xFF, 0x5D, 0xEF, 0xFF,
  0x5D, 0xEF, 0xFF, 0x5D, 0xEF, 0xFF, 0x5D, 0xEF, 0xFF, 0x5D, 0xEF, 0xFF, 0x5D, 0xEF, 0xFF, 0x5D, 0xEF, 0xFF, 0x5D, 0xEF, 0xFF, 0x5D, 0xEF, 0xFF,
  0x5D, 0xEF, 0xFF, 0x5D, 0xEF, 0xFF, 0x5D, 0xEF, 0xFF, 0x5D, 0xEF, 0xFF, 0x5D, 0xEF, 0xFF, 0x5D, 0xEF, 0xFF, 0x7D, 0xEF, 0xFF, 0x7D, 0xEF, 0xFF,
  0x7D, 0xEF, 0xFF, 0x7D, 0xEF, 0xFF, 0x7D, 0xEF, 0xFF, 0x7D, 0xEF, 0xFF, 0x7D, 0xEF, 0xFF, 0x7D, 0xEF, 0xFF, 0x7D, 0xEF, 0xFF, 0x5D, 0xEF, 0xFF,
  0x7D, 0xEF, 0xFF, 0x7D, 0xEF, 0xFF, 0x5D, 0xEF, 0xFF, 0x5D, 0xEF, 0xFF, 0x9D, 0xF7, 0xFF, 0x59, 0xCE, 0xFF, 0x3C, 0xE7, 0xFF, 0x7D, 0xF7, 0xF9,
  0x1C, 0xE7, 0xFF, 0x04, 0x21, 0x1C, 0x00, 0x00, 0x00, 0x00, 0x00, 0x00, 0x00, 0x00, 0x00, 0x00, 0x00, 0x00, 0x00, 0x00, 0x00, 0x00, 0x00, 0x00,
  0x00, 0x00, 0x00, 0x00, 0x00, 0x00, 0x00, 0x00, 0x00, 0x00, 0x00, 0x00, 0xFF, 0xFF, 0x00, 0xFF, 0xFF, 0x00, 0xFF, 0xFF, 0x00, 0xFF, 0xFF, 0x00,
  0xFF, 0xFF, 0x00, 0xFF, 0xFF, 0x00, 0xFF, 0xFF, 0x00, 0xFF, 0xFF, 0x00, 0xFF, 0xFF, 0x00, 0xFF, 0xFF, 0x00, 0xFF, 0xFF, 0x00, 0xFF, 0xFF, 0x00,
  0xFF, 0xFF, 0x00, 0xFF, 0xFF, 0x00, 0xFF, 0xFF, 0x00, 0xFF, 0xFF, 0x00, 0xFF, 0xFF, 0x00, 0xFF, 0xFF, 0x00, 0xFF, 0xFF, 0x00, 0xFF, 0xFF, 0x00,
  0xFF, 0xFF, 0x00, 0xFF, 0xFF, 0x00, 0xFF, 0xFF, 0x00, 0xFF, 0xFF, 0x00, 0xFF, 0xFF, 0x00, 0xFF, 0xFF, 0x00, 0xFF, 0xFF, 0x00, 0xFF, 0xFF, 0x00,
  0xFF, 0xFF, 0x00, 0xFF, 0xFF, 0x00, 0xFF, 0xFF, 0x00, 0xFF, 0xFF, 0x00, 0xFF, 0xFF, 0x00, 0xFF, 0xFF, 0x00, 0xFF, 0xFF, 0x00, 0xFF, 0xFF, 0x00,
  0xFF, 0xFF, 0x00, 0xFF, 0xFF, 0x00, 0xFF, 0xFF, 0x00, 0xFF, 0xFF, 0x00, 0xFF, 0xFF, 0x00, 0xFF, 0xFF, 0x00, 0xFF, 0xFF, 0x00, 0xFF, 0xFF, 0x00,
  0xFF, 0xFF, 0x00, 0xFF, 0xFF, 0x00, 0xFF, 0xFF, 0x00, 0xFF, 0xFF, 0x00, 0xFF, 0xFF, 0x00, 0xFF, 0xFF, 0x00, 0xFF, 0xFF, 0x00, 0xFF, 0xFF, 0x00,
  0xFF, 0xFF, 0x00, 0xFF, 0xFF, 0x00, 0xFF, 0xFF, 0x00, 0x00, 0x00, 0x00, 0x00, 0x00, 0x00, 0x00, 0x00, 0x00, 0x00, 0x00, 0x00, 0x00, 0x00, 0x00,
  0x00, 0x00, 0x00, 0x00, 0x00, 0x00, 0x00, 0x00, 0x00, 0x00, 0x00, 0x00, 0x00, 0x00, 0x00, 0x00, 0x00, 0x00, 0x00, 0x00, 0x00, 0x00, 0x00, 0x00,
  0x00, 0x00, 0x00, 0x00, 0x00, 0x00, 0x00, 0x00, 0x00, 0x00, 0x00, 0x00, 0x00, 0x00, 0x00, 0x00, 0x00, 0x00, 0x00, 0x00, 0x00, 0x00, 0x00, 0x00,
  0x00, 0x00, 0x00, 0x00, 0x00, 0x00, 0x00, 0x00, 0x00, 0x00, 0x00, 0x00, 0x00, 0x00, 0x00, 0x00, 0x00, 0x00, 0x00, 0x00, 0x00, 0x00, 0x00, 0x00,
  0x00, 0x00, 0x00, 0x00, 0x00, 0x00, 0x00, 0x00, 0x00, 0x00, 0x00, 0x00, 0x00, 0x00, 0x00, 0x00, 0x00, 0x00, 0x00, 0x00, 0x00, 0x00, 0x00, 0x00,
  0x00, 0x00, 0x00, 0x00, 0x00, 0x00, 0x00, 0x00, 0x00, 0x00, 0x00, 0x00, 0x00, 0x00, 0x00, 0x00, 0x00, 0x00, 0x00, 0x00, 0x00, 0x00, 0x00, 0x00,
  0x00, 0x00, 0x00, 0x00, 0x00, 0x00, 0x00, 0x00, 0x00, 0x00, 0x00, 0x00, 0x00, 0x00, 0x00, 0x00, 0x00, 0x00, 0x00, 0x00, 0x00, 0x00, 0x00, 0x00,
  0x00, 0x00, 0x00, 0x00, 0x00, 0x00, 0x00, 0x00, 0x00, 0x00, 0x00, 0x00, 0x00, 0x00, 0x00, 0x00, 0x00, 0x00, 0x00, 0x00, 0x00, 0x00, 0x00, 0x00,
  0x00, 0x00, 0x00, 0x00, 0x00, 0x00, 0x00, 0x00, 0x00, 0x00, 0x00, 0x00, 0x00, 0x00, 0x00, 0x00, 0x00, 0x00, 0x00, 0x00, 0x00, 0x00, 0x00, 0x00,
  0xC7, 0x39, 0x3D, 0xC7, 0x39, 0xFF, 0x6D, 0x73, 0xF7, 0xDE, 0xFF, 0xFF, 0x58, 0xCE, 0xFF, 0x3C, 0xE7, 0xFF, 0x7D, 0xF7, 0xFF, 0x7D, 0xEF, 0xFF,
  0x7D, 0xEF, 0xFF, 0x7D, 0xEF, 0xFF, 0x7D, 0xEF, 0xFF, 0x7D, 0xEF, 0xFF, 0x7D, 0xEF, 0xFF, 0x7D, 0xEF, 0xFF, 0x7D, 0xEF, 0xFF, 0x7D, 0xEF, 0xFF,
  0x7D, 0xEF, 0xFF, 0x7D, 0xEF, 0xFF, 0x7D, 0xEF, 0xFF, 0x5D, 0xEF, 0xFF, 0x9E, 0xF7, 0xFF, 0xDB, 0xDE, 0xFF, 0xC7, 0x39, 0xFF, 0xE3, 0x18, 0xFF,
  0x0C, 0x63, 0xFF, 0xAE, 0x73, 0xFF, 0x71, 0x8C, 0xFF, 0x51, 0x8C, 0xFF, 0x10, 0x84, 0xFF, 0xF3, 0x9C, 0xFF, 0x51, 0x8C, 0xFF, 0xF3, 0x9C, 0xFF,
  0x10, 0x7C, 0xFF, 0x86, 0x29, 0xFF, 0xC7, 0x31, 0xFF, 0xC7, 0x31, 0xFF, 0xC7, 0x39, 0xFF, 0xC7, 0x39, 0xFF, 0xC7, 0x39, 0xFF, 0xC7, 0x39, 0xFF,
  0xC7, 0x31, 0xFF, 0xC7, 0x31, 0xFF, 0xC7, 0x31, 0xFF, 0xC7, 0x39, 0xFF, 0xC7, 0x39, 0xFF, 0xC7, 0x39, 0xFF, 0xE7, 0x39, 0xFF, 0xC7, 0x39, 0xFF,
  0xC7, 0x39, 0xFF, 0xC7, 0x39, 0xFF, 0xC7, 0x39, 0xFF, 0xE7, 0x39, 0xFF, 0xC7, 0x39, 0xFF, 0xC7, 0x39, 0xFF, 0xC7, 0x31, 0xFF, 0xC7, 0x31, 0xFF,
  0xC7, 0x39, 0xFF, 0xC7, 0x39, 0xFF, 0xC7, 0x31, 0xFF, 0xC7, 0x31, 0xFF, 0xC7, 0x31, 0xFF, 0xC7, 0x31, 0xFF, 0xC7, 0x39, 0xFF, 0xC7, 0x39, 0xFF,
  0xC7, 0x31, 0xFF, 0xC7, 0x31, 0xFF, 0xC7, 0x31, 0xFF, 0xC7, 0x39, 0xFF, 0xE7, 0x39, 0xFF, 0xA6, 0x31, 0xFF, 0x6A, 0x4A, 0xFF, 0xB3, 0x94, 0xFF,
  0x71, 0x8C, 0xFF, 0x10, 0x84, 0xFF, 0xD3, 0x9C, 0xFF, 0xCF, 0x7B, 0xFF, 0xB2, 0x94, 0xFF, 0x51, 0x84, 0xFF, 0x51, 0x8C, 0xFF, 0x0C, 0x63, 0xFF,
  0x65, 0x29, 0xFF, 0xE7, 0x39, 0xFF, 0x3C, 0xE7, 0xFF, 0x7D, 0xEF, 0xFF, 0x5D, 0xEF, 0xFF, 0x7D, 0xEF, 0xFF, 0x5D, 0xEF, 0xFF, 0x5D, 0xEF, 0xFF,
  0x5D, 0xEF, 0xFF, 0x5D, 0xEF, 0xFF, 0x5D, 0xEF, 0xFF, 0x5D, 0xEF, 0xFF, 0x5D, 0xEF, 0xFF, 0x5D, 0xEF, 0xFF, 0x5D, 0xEF, 0xFF, 0x5D, 0xEF, 0xFF,
  0x7D, 0xEF, 0xFF, 0x7D, 0xEF, 0xFF, 0x5D, 0xEF, 0xFF, 0x5D, 0xEF, 0xFF, 0x5D, 0xEF, 0xFF, 0x5D, 0xEF, 0xFF, 0x5D, 0xEF, 0xFF, 0x5D, 0xEF, 0xFF,
  0x5D, 0xEF, 0xFF, 0x5D, 0xEF, 0xFF, 0x5D, 0xEF, 0xFF, 0x5D, 0xEF, 0xFF, 0x7D, 0xEF, 0xFF, 0x7D, 0xEF, 0xFF, 0x5D, 0xEF, 0xFF, 0x5D, 0xEF, 0xFF,
  0x7D, 0xEF, 0xFF, 0x5D, 0xEF, 0xFF, 0x5D, 0xEF, 0xFF, 0x5D, 0xEF, 0xFF, 0x5D, 0xEF, 0xFF, 0x5D, 0xEF, 0xFF, 0x5D, 0xEF, 0xFF, 0x5D, 0xEF, 0xFF,
  0x7D, 0xEF, 0xFF, 0x7D, 0xEF, 0xFF, 0x5D, 0xEF, 0xFF, 0x7D, 0xEF, 0xFF, 0x7D, 0xEF, 0xFF, 0x7D, 0xEF, 0xFF, 0x5D, 0xEF, 0xFF, 0x7D, 0xEF, 0xFF,
  0x7D, 0xEF, 0xFF, 0x7D, 0xEF, 0xFF, 0x5D, 0xEF, 0xFF, 0x7D, 0xEF, 0xFF, 0x7D, 0xEF, 0xFF, 0x7D, 0xEF, 0xFF, 0x5D, 0xEF, 0xFF, 0x5D, 0xEF, 0xFF,
  0x9D, 0xF7, 0xFF, 0xBA, 0xDE, 0xFF, 0xDB, 0xDE, 0xFF, 0x7D, 0xEF, 0xF7, 0xDF, 0xFF, 0xFD, 0x2C, 0x63, 0x6F, 0x00, 0x00, 0x00, 0x00, 0x00, 0x00,
  0x00, 0x00, 0x00, 0x00, 0x00, 0x00, 0x00, 0x00, 0x00, 0x00, 0x00, 0x00, 0x00, 0x00, 0x00, 0x00, 0x00, 0x00, 0x00, 0x00, 0x00, 0x00, 0x00, 0x00,
  0xFF, 0xFF, 0x00, 0xFF, 0xFF, 0x00, 0xFF, 0xFF, 0x00, 0xFF, 0xFF, 0x00, 0xFF, 0xFF, 0x00, 0xFF, 0xFF, 0x00, 0xFF, 0xFF, 0x00, 0xFF, 0xFF, 0x00,
  0xFF, 0xFF, 0x00, 0xFF, 0xFF, 0x00, 0xFF, 0xFF, 0x00, 0xFF, 0xFF, 0x00, 0xFF, 0xFF, 0x00, 0xFF, 0xFF, 0x00, 0xFF, 0xFF, 0x00, 0xFF, 0xFF, 0x00,
  0xFF, 0xFF, 0x00, 0xFF, 0xFF, 0x00, 0xFF, 0xFF, 0x00, 0xFF, 0xFF, 0x00, 0xFF, 0xFF, 0x00, 0xFF, 0xFF, 0x00, 0xFF, 0xFF, 0x00, 0xFF, 0xFF, 0x00,
  0xFF, 0xFF, 0x00, 0xFF, 0xFF, 0x00, 0xFF, 0xFF, 0x00, 0xFF, 0xFF, 0x00, 0xFF, 0xFF, 0x00, 0xFF, 0xFF, 0x00, 0xFF, 0xFF, 0x00, 0xFF, 0xFF, 0x00,
  0xFF, 0xFF, 0x00, 0xFF, 0xFF, 0x00, 0xFF, 0xFF, 0x00, 0xFF, 0xFF, 0x00, 0xFF, 0xFF, 0x00, 0xFF, 0xFF, 0x00, 0xFF, 0xFF, 0x00, 0xFF, 0xFF, 0x00,
  0xFF, 0xFF, 0x00, 0xFF, 0xFF, 0x00, 0xFF, 0xFF, 0x00, 0xFF, 0xFF, 0x00, 0xFF, 0xFF, 0x00, 0xFF, 0xFF, 0x00, 0xFF, 0xFF, 0x00, 0xFF, 0xFF, 0x00,
  0xFF, 0xFF, 0x00, 0xFF, 0xFF, 0x00, 0xFF, 0xFF, 0x00, 0xFF, 0xFF, 0x00, 0xFF, 0xFF, 0x00, 0xFF, 0xFF, 0x00, 0xFF, 0xFF, 0x00, 0x00, 0x00, 0x00,
  0x00, 0x00, 0x00, 0x00, 0x00, 0x00, 0x00, 0x00, 0x00, 0x00, 0x00, 0x00, 0x00, 0x00, 0x00, 0x00, 0x00, 0x00, 0x00, 0x00, 0x00, 0x00, 0x00, 0x00,
  0x00, 0x00, 0x00, 0x00, 0x00, 0x00, 0x00, 0x00, 0x00, 0x00, 0x00, 0x00, 0x00, 0x00, 0x00, 0x00, 0x00, 0x00, 0x00, 0x00, 0x00, 0x00, 0x00, 0x00,
  0x00, 0x00, 0x00, 0x00, 0x00, 0x00, 0x00, 0x00, 0x00, 0x00, 0x00, 0x00, 0x00, 0x00, 0x00, 0x00, 0x00, 0x00, 0x00, 0x00, 0x00, 0x00, 0x00, 0x00,
  0x00, 0x00, 0x00, 0x00, 0x00, 0x00, 0x00, 0x00, 0x00, 0x00, 0x00, 0x00, 0x00, 0x00, 0x00, 0x00, 0x00, 0x00, 0x00, 0x00, 0x00, 0x00, 0x00, 0x00,
  0x00, 0x00, 0x00, 0x00, 0x00, 0x00, 0x00, 0x00, 0x00, 0x00, 0x00, 0x00, 0x00, 0x00, 0x00, 0x00, 0x00, 0x00, 0x00, 0x00, 0x00, 0x00, 0x00, 0x00,
  0x00, 0x00, 0x00, 0x00, 0x00, 0x00, 0x00, 0x00, 0x00, 0x00, 0x00, 0x00, 0x00, 0x00, 0x00, 0x00, 0x00, 0x00, 0x00, 0x00, 0x00, 0x00, 0x00, 0x00,
  0x00, 0x00, 0x00, 0x00, 0x00, 0x00, 0x00, 0x00, 0x00, 0x00, 0x00, 0x00, 0x00, 0x00, 0x00, 0x00, 0x00, 0x00, 0x00, 0x00, 0x00, 0x00, 0x00, 0x00,
  0x00, 0x00, 0x00, 0x00, 0x00, 0x00, 0x00, 0x00, 0x00, 0x00, 0x00, 0x00, 0x00, 0x00, 0x00, 0x00, 0x00, 0x00, 0x00, 0x00, 0x00, 0x00, 0x00, 0x00,
  0x00, 0x00, 0x00, 0x00, 0x00, 0x00, 0x00, 0x00, 0x00, 0x20, 0x00, 0x00, 0x8A, 0x52, 0xB0, 0x86, 0x31, 0xFF, 0xF7, 0xC5, 0xFB, 0x5D, 0xEF, 0xFF,
  0x38, 0xC6, 0xFF, 0x7D, 0xF7, 0xFF, 0x7D, 0xEF, 0xFF, 0x7D, 0xEF, 0xFF, 0x7D, 0xEF, 0xFF, 0x7D, 0xEF, 0xFF, 0x7D, 0xEF, 0xFF, 0x7D, 0xEF, 0xFF,
  0x7D, 0xEF, 0xFF, 0x7D, 0xEF, 0xFF, 0x7D, 0xEF, 0xFF, 0x7D, 0xEF, 0xFF, 0x7D, 0xEF, 0xFF, 0x7D, 0xEF, 0xFF, 0x7D, 0xEF, 0xFF, 0x5D, 0xEF, 0xFF,
  0x9E, 0xF7, 0xFF, 0xBA, 0xD6, 0xFF, 0xA6, 0x31, 0xFF, 0xC3, 0x18, 0xFF, 0x4D, 0x6B, 0xFF, 0xF0, 0x7B, 0xFF, 0x92, 0x94, 0xFF, 0x92, 0x94, 0xFF,
  0x30, 0x84, 0xFF, 0xD3, 0x9C, 0xFF, 0x30, 0x84, 0xFF, 0xB2, 0x94, 0xFF, 0xAE, 0x73, 0xFF, 0xA6, 0x31, 0xFF, 0x08, 0x3A, 0xFF, 0xE8, 0x39, 0xFF,
  0x08, 0x3A, 0xFF, 0xE8, 0x39, 0xFF, 0xE8, 0x39, 0xFF, 0xE8, 0x39, 0xFF, 0xE7, 0x39, 0xFF, 0xE8, 0x39, 0xFF, 0xE8, 0x39, 0xFF, 0xE8, 0x39, 0xFF,
  0xE8, 0x39, 0xFF, 0x08, 0x3A, 0xFF, 0x08, 0x3A, 0xFF, 0x08, 0x3A, 0xFF, 0xE8, 0x39, 0xFF, 0xE8, 0x39, 0xFF, 0xE8, 0x39, 0xFF, 0xE8, 0x39, 0xFF,
  0xE8, 0x39, 0xFF, 0xE8, 0x39, 0xFF, 0xE7, 0x39, 0xFF, 0xE8, 0x39, 0xFF, 0xE8, 0x39, 0xFF, 0xE8, 0x39, 0xFF, 0xE7, 0x39, 0xFF, 0xE7, 0x39, 0xFF,
  0xE8, 0x39, 0xFF, 0xE8, 0x39, 0xFF, 0xE8, 0x39, 0xFF, 0xE8, 0x39, 0xFF, 0xE7, 0x39, 0xFF, 0xC7, 0x39, 0xFF, 0xC7, 0x39, 0xFF, 0xE7, 0x39, 0xFF,
  0xE7, 0x39, 0xFF, 0xA7, 0x31, 0xFF, 0x28, 0x42, 0xFF, 0x30, 0x84, 0xFF, 0x31, 0x84, 0xFF, 0xEF, 0x7B, 0xFF, 0xB2, 0x94, 0xFF, 0xAE, 0x73, 0xFF,
  0x71, 0x8C, 0xFF, 0x92, 0x8C, 0xFF, 0x51, 0x8C, 0xFF, 0x0C, 0x63, 0xFF, 0x65, 0x29, 0xFF, 0xE7, 0x39, 0xFF, 0x3C, 0xE7, 0xFF, 0x7D, 0xEF, 0xFF,
  0x5D, 0xEF, 0xFF, 0x5D, 0xEF, 0xFF, 0x5D, 0xEF, 0xFF, 0x5D, 0xEF, 0xFF, 0x5D, 0xEF, 0xFF, 0x5D, 0xEF, 0xFF, 0x5D, 0xEF, 0xFF, 0x5D, 0xEF, 0xFF,
  0x5D, 0xEF, 0xFF, 0x5D, 0xEF, 0xFF, 0x5D, 0xEF, 0xFF, 0x5D, 0xEF, 0xFF, 0x7D, 0xEF, 0xFF, 0x5D, 0xEF, 0xFF, 0x5D, 0xEF, 0xFF, 0x5D, 0xEF, 0xFF,
  0x5D, 0xEF, 0xFF, 0x5D, 0xEF, 0xFF, 0x5D, 0xEF, 0xFF, 0x5D, 0xEF, 0xFF, 0x5D, 0xEF, 0xFF, 0x5D, 0xEF, 0xFF, 0x5D, 0xEF, 0xFF, 0x5D, 0xEF, 0xFF,
  0x7D, 0xEF, 0xFF, 0x5D, 0xEF, 0xFF, 0x5D, 0xEF, 0xFF, 0x5D, 0xEF, 0xFF, 0x7D, 0xEF, 0xFF, 0x5D, 0xEF, 0xFF, 0x5D, 0xEF, 0xFF, 0x7D, 0xEF, 0xFF,
  0x5D, 0xEF, 0xFF, 0x5D, 0xEF, 0xFF, 0x5D, 0xEF, 0xFF, 0x5D, 0xEF, 0xFF, 0x7D, 0xEF, 0xFF, 0x7D, 0xEF, 0xFF, 0x7D, 0xEF, 0xFF, 0x7D, 0xEF, 0xFF,
  0x7D, 0xEF, 0xFF, 0x7D, 0xEF, 0xFF, 0x7D, 0xEF, 0xFF, 0x7D, 0xEF, 0xFF, 0x7D, 0xEF, 0xFF, 0x7D, 0xEF, 0xFF, 0x7D, 0xEF, 0xFF, 0x5D, 0xEF, 0xFF,
  0x7D, 0xEF, 0xFF, 0x7D, 0xEF, 0xFF, 0x7D, 0xEF, 0xFF, 0x7D, 0xEF, 0xFF, 0x7D, 0xEF, 0xFF, 0x3C, 0xE7, 0xFF, 0x79, 0xCE, 0xFF, 0x5D, 0xEF, 0xFD,
  0xDF, 0xFF, 0xFF, 0x55, 0xAD, 0xDC, 0x00, 0x00, 0x01, 0x00, 0x00, 0x00, 0x00, 0x00, 0x00, 0x00, 0x00, 0x00, 0x00, 0x00, 0x00, 0x00, 0x00, 0x00,
  0x00, 0x00, 0x00, 0x00, 0x00, 0x00, 0x00, 0x00, 0x00, 0x00, 0x00, 0x00, 0xFF, 0xFF, 0x00, 0xFF, 0xFF, 0x00, 0xFF, 0xFF, 0x00, 0xFF, 0xFF, 0x00,
  0xFF, 0xFF, 0x00, 0xFF, 0xFF, 0x00, 0xFF, 0xFF, 0x00, 0xFF, 0xFF, 0x00, 0xFF, 0xFF, 0x00, 0xFF, 0xFF, 0x00, 0xFF, 0xFF, 0x00, 0xFF, 0xFF, 0x00,
  0xFF, 0xFF, 0x00, 0xFF, 0xFF, 0x00, 0xFF, 0xFF, 0x00, 0xFF, 0xFF, 0x00, 0xFF, 0xFF, 0x00, 0xFF, 0xFF, 0x00, 0xFF, 0xFF, 0x00, 0xFF, 0xFF, 0x00,
  0xFF, 0xFF, 0x00, 0xFF, 0xFF, 0x00, 0xFF, 0xFF, 0x00, 0xFF, 0xFF, 0x00, 0xFF, 0xFF, 0x00, 0xFF, 0xFF, 0x00, 0xFF, 0xFF, 0x00, 0xFF, 0xFF, 0x00,
  0xFF, 0xFF, 0x00, 0xFF, 0xFF, 0x00, 0xFF, 0xFF, 0x00, 0xFF, 0xFF, 0x00, 0xFF, 0xFF, 0x00, 0xFF, 0xFF, 0x00, 0xFF, 0xFF, 0x00, 0xFF, 0xFF, 0x00,
  0xFF, 0xFF, 0x00, 0xFF, 0xFF, 0x00, 0xFF, 0xFF, 0x00, 0xFF, 0xFF, 0x00, 0xFF, 0xFF, 0x00, 0xFF, 0xFF, 0x00, 0xFF, 0xFF, 0x00, 0xFF, 0xFF, 0x00,
  0xFF, 0xFF, 0x00, 0xFF, 0xFF, 0x00, 0xFF, 0xFF, 0x00, 0xFF, 0xFF, 0x00, 0xFF, 0xFF, 0x00, 0xFF, 0xFF, 0x00, 0xFF, 0xFF, 0x00, 0xFF, 0xFF, 0x00,
  0xFF, 0xFF, 0x00, 0xFF, 0xFF, 0x00, 0xFF, 0xFF, 0x00, 0x00, 0x00, 0x00, 0x00, 0x00, 0x00, 0x00, 0x00, 0x00, 0x00, 0x00, 0x00, 0x00, 0x00, 0x00,
  0x00, 0x00, 0x00, 0x00, 0x00, 0x00, 0x00, 0x00, 0x00, 0x00, 0x00, 0x00, 0x00, 0x00, 0x00, 0x00, 0x00, 0x00, 0x00, 0x00, 0x00, 0x00, 0x00, 0x00,
  0x00, 0x00, 0x00, 0x00, 0x00, 0x00, 0x00, 0x00, 0x00, 0x00, 0x00, 0x00, 0x00, 0x00, 0x00, 0x00, 0x00, 0x00, 0x00, 0x00, 0x00, 0x00, 0x00, 0x00,
  0x00, 0x00, 0x00, 0x00, 0x00, 0x00, 0x00, 0x00, 0x00, 0x00, 0x00, 0x00, 0x00, 0x00, 0x00, 0x00, 0x00, 0x00, 0x00, 0x00, 0x00, 0x00, 0x00, 0x00,
  0x00, 0x00, 0x00, 0x00, 0x00, 0x00, 0x00, 0x00, 0x00, 0x00, 0x00, 0x00, 0x00, 0x00, 0x00, 0x00, 0x00, 0x00, 0x00, 0x00, 0x00, 0x00, 0x00, 0x00,
  0x00, 0x00, 0x00, 0x00, 0x00, 0x00, 0x00, 0x00, 0x00, 0x00, 0x00, 0x00, 0x00, 0x00, 0x00, 0x00, 0x00, 0x00, 0x00, 0x00, 0x00, 0x00, 0x00, 0x00,
  0x00, 0x00, 0x00, 0x00, 0x00, 0x00, 0x00, 0x00, 0x00, 0x00, 0x00, 0x00, 0x00, 0x00, 0x00, 0x00, 0x00, 0x00, 0x00, 0x00, 0x00, 0x00, 0x00, 0x00,
  0x00, 0x00, 0x00, 0x00, 0x00, 0x00, 0x00, 0x00, 0x00, 0x00, 0x00, 0x00, 0x00, 0x00, 0x00, 0x00, 0x00, 0x00, 0x00, 0x00, 0x00, 0x00, 0x00, 0x00,
  0x00, 0x00, 0x00, 0x00, 0x00, 0x00, 0x00, 0x00, 0x00, 0x00, 0x00, 0x00, 0x00, 0x00, 0x00, 0x00, 0x00, 0x00, 0x00, 0x00, 0x00, 0xE3, 0x18, 0x0F,
  0x49, 0x4A, 0xFF, 0x08, 0x42, 0xFB, 0xBE, 0xF7, 0xFF, 0xBA, 0xD6, 0xFF, 0x9A, 0xD6, 0xFF, 0x9E, 0xF7, 0xFF, 0x5D, 0xEF, 0xFF, 0x7D, 0xEF, 0xFF,
  0x7D, 0xEF, 0xFF, 0x7D, 0xEF, 0xFF, 0x7D, 0xEF, 0xFF, 0x7D, 0xEF, 0xFF, 0x7D, 0xEF, 0xFF, 0x7D, 0xEF, 0xFF, 0x7D, 0xEF, 0xFF, 0x7D, 0xEF, 0xFF,
  0x7D, 0xEF, 0xFF, 0x7D, 0xEF, 0xFF, 0x7D, 0xEF, 0xFF, 0x5D, 0xEF, 0xFF, 0x9E, 0xF7, 0xFF, 0xBA, 0xD6, 0xFF, 0xA6, 0x31, 0xFF, 0x04, 0x19, 0xFF,
  0x8E, 0x73, 0xFF, 0xEF, 0x7B, 0xFF, 0x51, 0x8C, 0xFF, 0x30, 0x84, 0xFF, 0x10, 0x84, 0xFF, 0x71, 0x8C, 0xFF, 0x10, 0x84, 0xFF, 0xD3, 0x9C, 0xFF,
  0xCF, 0x7B, 0xFF, 0x8A, 0x4A, 0xFF, 0x0C, 0x63, 0xFF, 0xEC, 0x5A, 0xFF, 0xEC, 0x5A, 0xFF, 0xEC, 0x5A, 0xFF, 0xEB, 0x5A, 0xFF, 0xEC, 0x5A, 0xFF,
  0xEC, 0x5A, 0xFF, 0xEC, 0x5A, 0xFF, 0xEC, 0x5A, 0xFF, 0xEC, 0x5A, 0xFF, 0xEC, 0x5A, 0xFF, 0xEC, 0x5A, 0xFF, 0xEC, 0x5A, 0xFF, 0xEC, 0x5A, 0xFF,
  0xEC, 0x5A, 0xFF, 0xEC, 0x5A, 0xFF, 0xEC, 0x5A, 0xFF, 0xEB, 0x5A, 0xFF, 0xEB, 0x5A, 0xFF, 0xEB, 0x5A, 0xFF, 0xEB, 0x5A, 0xFF, 0xCB, 0x5A, 0xFF,
  0xCB, 0x52, 0xFF, 0xCB, 0x52, 0xFF, 0xCB, 0x52, 0xFF, 0xCB, 0x5A, 0xFF, 0xCB, 0x52, 0xFF, 0xCB, 0x52, 0xFF, 0xCB, 0x52, 0xFF, 0xAB, 0x52, 0xFF,
  0xAB, 0x52, 0xFF, 0xCB, 0x52, 0xFF, 0x29, 0x42, 0xFF, 0xC7, 0x31, 0xFF, 0xC7, 0x39, 0xFF, 0xA7, 0x31, 0xFF, 0x69, 0x4A, 0xFF, 0x92, 0x94, 0xFF,
  0xCF, 0x7B, 0xFF, 0x4D, 0x6B, 0xFF, 0xF3, 0x9C, 0xFF, 0x30, 0x84, 0xFF, 0x92, 0x94, 0xFF, 0x92, 0x94, 0xFF, 0xCF, 0x7B, 0xFF, 0xCB, 0x5A, 0xFF,
  0x45, 0x29, 0xFF, 0xE7, 0x39, 0xFF, 0x3C, 0xE7, 0xFF, 0x7D, 0xEF, 0xFF, 0x5D, 0xEF, 0xFF, 0x5D, 0xEF, 0xFF, 0x5D, 0xEF, 0xFF, 0x5D, 0xEF, 0xFF,
  0x5D, 0xEF, 0xFF, 0x5D, 0xEF, 0xFF, 0x5D, 0xEF, 0xFF, 0x5D, 0xEF, 0xFF, 0x5D, 0xEF, 0xFF, 0x5D, 0xEF, 0xFF, 0x5D, 0xEF, 0xFF, 0x5D, 0xEF, 0xFF,
  0x7D, 0xEF, 0xFF, 0x5D, 0xEF, 0xFF, 0x5D, 0xEF, 0xFF, 0x5D, 0xEF, 0xFF, 0x5D, 0xEF, 0xFF, 0x5D, 0xEF, 0xFF, 0x5D, 0xEF, 0xFF, 0x5D, 0xEF, 0xFF,
  0x5D, 0xEF, 0xFF, 0x7D, 0xEF, 0xFF, 0x5D, 0xEF, 0xFF, 0x7D, 0xEF, 0xFF, 0x5D, 0xEF, 0xFF, 0x7D, 0xEF, 0xFF, 0x7D, 0xEF, 0xFF, 0x5D, 0xEF, 0xFF,
  0x5D, 0xEF, 0xFF, 0x5D, 0xEF, 0xFF, 0x5D, 0xEF, 0xFF, 0x5D, 0xEF, 0xFF, 0x5D, 0xEF, 0xFF, 0x5D, 0xEF, 0xFF, 0x5D, 0xEF, 0xFF, 0x7D, 0xEF, 0xFF,
  0x7D, 0xEF, 0xFF, 0x5D, 0xEF, 0xFF, 0x7D, 0xEF, 0xFF, 0x7D, 0xEF, 0xFF, 0x5D, 0xEF, 0xFF, 0x5D, 0xEF, 0xFF, 0x7D, 0xEF, 0xFF, 0x7D, 0xEF, 0xFF,
  0x7D, 0xEF, 0xFF, 0x7D, 0xEF, 0xFF, 0x7D, 0xEF, 0xFF, 0x5D, 0xEF, 0xFF, 0x7D, 0xEF, 0xFF, 0x7D, 0xEF, 0xFF, 0x7D, 0xEF, 0xFF, 0x7D, 0xEF, 0xFF,
  0x5D, 0xEF, 0xFF, 0x9D, 0xF7, 0xFF, 0x59, 0xCE, 0xFF, 0x3C, 0xE7, 0xFF, 0x7D, 0xF7, 0xF9, 0x1C, 0xE7, 0xFF, 0x04, 0x21, 0x1C, 0x00, 0x00, 0x00,
  0x00, 0x00, 0x00, 0x00, 0x00, 0x00, 0x00, 0x00, 0x00, 0x00, 0x00, 0x00, 0x00, 0x00, 0x00, 0x00, 0x00, 0x00, 0x00, 0x00, 0x00, 0x00, 0x00, 0x00,
  0xFF, 0xFF, 0x00, 0xFF, 0xFF, 0x00, 0xFF, 0xFF, 0x00, 0xFF, 0xFF, 0x00, 0xFF, 0xFF, 0x00, 0xFF, 0xFF, 0x00, 0xFF, 0xFF, 0x00, 0xFF, 0xFF, 0x00,
  0xFF, 0xFF, 0x00, 0xFF, 0xFF, 0x00, 0xFF, 0xFF, 0x00, 0xFF, 0xFF, 0x00, 0xFF, 0xFF, 0x00, 0xFF, 0xFF, 0x00, 0xFF, 0xFF, 0x00, 0xFF, 0xFF, 0x00,
  0xFF, 0xFF, 0x00, 0xFF, 0xFF, 0x00, 0xFF, 0xFF, 0x00, 0xFF, 0xFF, 0x00, 0xFF, 0xFF, 0x00, 0xFF, 0xFF, 0x00, 0xFF, 0xFF, 0x00, 0xFF, 0xFF, 0x00,
  0xFF, 0xFF, 0x00, 0xFF, 0xFF, 0x00, 0xFF, 0xFF, 0x00, 0xFF, 0xFF, 0x00, 0xFF, 0xFF, 0x00, 0xFF, 0xFF, 0x00, 0xFF, 0xFF, 0x00, 0xFF, 0xFF, 0x00,
  0xFF, 0xFF, 0x00, 0xFF, 0xFF, 0x00, 0xFF, 0xFF, 0x00, 0xFF, 0xFF, 0x00, 0xFF, 0xFF, 0x00, 0xFF, 0xFF, 0x00, 0xFF, 0xFF, 0x00, 0xFF, 0xFF, 0x00,
  0xFF, 0xFF, 0x00, 0xFF, 0xFF, 0x00, 0xFF, 0xFF, 0x00, 0xFF, 0xFF, 0x00, 0xFF, 0xFF, 0x00, 0xFF, 0xFF, 0x00, 0xFF, 0xFF, 0x00, 0xFF, 0xFF, 0x00,
  0xFF, 0xFF, 0x00, 0xFF, 0xFF, 0x00, 0xFF, 0xFF, 0x00, 0xFF, 0xFF, 0x00, 0xFF, 0xFF, 0x00, 0xFF, 0xFF, 0x00, 0xFF, 0xFF, 0x00, 0x00, 0x00, 0x00,
  0x00, 0x00, 0x00, 0x00, 0x00, 0x00, 0x00, 0x00, 0x00, 0x00, 0x00, 0x00, 0x00, 0x00, 0x00, 0x00, 0x00, 0x00, 0x00, 0x00, 0x00, 0x00, 0x00, 0x00,
  0x00, 0x00, 0x00, 0x00, 0x00, 0x00, 0x00, 0x00, 0x00, 0x00, 0x00, 0x00, 0x00, 0x00, 0x00, 0x00, 0x00, 0x00, 0x00, 0x00, 0x00, 0x00, 0x00, 0x00,
  0x00, 0x00, 0x00, 0x00, 0x00, 0x00, 0x00, 0x00, 0x00, 0x00, 0x00, 0x00, 0x00, 0x00, 0x00, 0x00, 0x00, 0x00, 0x00, 0x00, 0x00, 0x00, 0x00, 0x00,
  0x00, 0x00, 0x00, 0x00, 0x00, 0x00, 0x00, 0x00, 0x00, 0x00, 0x00, 0x00, 0x00, 0x00, 0x00, 0x00, 0x00, 0x00, 0x00, 0x00, 0x00, 0x00, 0x00, 0x00,
  0x00, 0x00, 0x00, 0x00, 0x00, 0x00, 0x00, 0x00, 0x00, 0x00, 0x00, 0x00, 0x00, 0x00, 0x00, 0x00, 0x00, 0x00, 0x00, 0x00, 0x00, 0x00, 0x00, 0x00,
  0x00, 0x00, 0x00, 0x00, 0x00, 0x00, 0x00, 0x00, 0x00, 0x00, 0x00, 0x00, 0x00, 0x00, 0x00, 0x00, 0x00, 0x00, 0x00, 0x00, 0x00, 0x00, 0x00, 0x00,
  0x00, 0x00, 0x00, 0x00, 0x00, 0x00, 0x00, 0x00, 0x00, 0x00, 0x00, 0x00, 0x00, 0x00, 0x00, 0x00, 0x00, 0x00, 0x00, 0x00, 0x00, 0x00, 0x00, 0x00,
  0x00, 0x00, 0x00, 0x00, 0x00, 0x00, 0x00, 0x00, 0x00, 0x00, 0x00, 0x00, 0x00, 0x00, 0x00, 0x00, 0x00, 0x00, 0x00, 0x00, 0x00, 0x00, 0x00, 0x00,
  0x00, 0x00, 0x00, 0x00, 0x00, 0x00, 0x00, 0x00, 0x00, 0xE7, 0x39, 0x51, 0x65, 0x29, 0xFD, 0xEF, 0x7B, 0xF7, 0xDF, 0xFF, 0xFF, 0x59, 0xCE, 0xFF,
  0x3C, 0xE7, 0xFF, 0x7D, 0xEF, 0xFF, 0x7D, 0xEF, 0xFF, 0x7D, 0xEF, 0xFF, 0x7D, 0xEF, 0xFF, 0x7D, 0xEF, 0xFF, 0x7D, 0xEF, 0xFF, 0x7D, 0xEF, 0xFF,
  0x7D, 0xEF, 0xFF, 0x7D, 0xEF, 0xFF, 0x7D, 0xEF, 0xFF, 0x7D, 0xEF, 0xFF, 0x7D, 0xEF, 0xFF, 0x7D, 0xEF, 0xFF, 0x7D, 0xEF, 0xFF, 0x5D, 0xEF, 0xFF,
  0x9E, 0xF7, 0xFF, 0xBA, 0xD6, 0xFF, 0xA6, 0x31, 0xFF, 0x04, 0x21, 0xFF, 0x6D, 0x6B, 0xFF, 0xCF, 0x73, 0xFF, 0x51, 0x8C, 0xFF, 0x30, 0x84, 0xFF,
  0x51, 0x8C, 0xFF, 0x92, 0x94, 0xFF, 0x10, 0x84, 0xFF, 0xD3, 0x9C, 0xFF, 0xEF, 0x7B, 0xFF, 0xAB, 0x52, 0xFF, 0x0C, 0x63, 0xFF, 0xEC, 0x5A, 0xFF,
  0xEC, 0x5A, 0xFF, 0xEC, 0x5A, 0xFF, 0xEC, 0x5A, 0xFF, 0xEC, 0x5A, 0xFF, 0xEC, 0x5A, 0xFF, 0x0C, 0x5B, 0xFF, 0x0C, 0x5B, 0xFF, 0x0C, 0x5B, 0xFF,
  0x0C, 0x5B, 0xFF, 0x0C, 0x5B, 0xFF, 0x0C, 0x5B, 0xFF, 0x0C, 0x5B, 0xFF, 0x0C, 0x5B, 0xFF, 0x0C, 0x5B, 0xFF, 0x0C, 0x5B, 0xFF, 0xEC, 0x5A, 0xFF,
  0xEC, 0x5A, 0xFF, 0xEC, 0x5A, 0xFF, 0xEC, 0x5A, 0xFF, 0xEC, 0x5A, 0xFF, 0xEB, 0x5A, 0xFF, 0xCB, 0x5A, 0xFF, 0xEB, 0x5A, 0xFF, 0xEB, 0x5A, 0xFF,
  0xCB, 0x5A, 0xFF, 0xCB, 0x52, 0xFF, 0xCB, 0x52, 0xFF, 0xCB, 0x52, 0xFF, 0xCB, 0x5A, 0xFF, 0xEB, 0x5A, 0xFF, 0x49, 0x42, 0xFF, 0xC7, 0x31, 0xFF,
  0xC7, 0x39, 0xFF, 0xA7, 0x31, 0xFF, 0x28, 0x42, 0xFF, 0xD3, 0x9C, 0xFF, 0xB2, 0x94, 0xFF, 0xCF, 0x7B, 0xFF, 0x34, 0xA5, 0xFF, 0x71, 0x8C, 0xFF,
  0xF3, 0x9C, 0xFF, 0x71, 0x8C, 0xFF, 0x51, 0x8C, 0xFF, 0xCB, 0x5A, 0xFF, 0x45, 0x29, 0xFF, 0xE7, 0x39, 0xFF, 0x3C, 0xE7, 0xFF, 0x7D, 0xEF, 0xFF,
  0x5D, 0xEF, 0xFF, 0x5D, 0xEF, 0xFF, 0x5D, 0xEF, 0xFF, 0x5D, 0xEF, 0xFF, 0x5D, 0xEF, 0xFF, 0x5D, 0xEF, 0xFF, 0x5D, 0xEF, 0xFF, 0x5D, 0xEF, 0xFF,
  0x7D, 0xEF, 0xFF, 0x5D, 0xEF, 0xFF, 0x5D, 0xEF, 0xFF, 0x5D, 0xEF, 0xFF, 0x5D, 0xEF, 0xFF, 0x5D, 0xEF, 0xFF, 0x5D, 0xEF, 0xFF, 0x5D, 0xEF, 0xFF,
  0x5D, 0xEF, 0xFF, 0x5D, 0xEF, 0xFF, 0x5D, 0xEF, 0xFF, 0x5D, 0xEF, 0xFF, 0x5D, 0xEF, 0xFF, 0x7D, 0xEF, 0xFF, 0x7D, 0xEF, 0xFF, 0x7D, 0xEF, 0xFF,
  0x7D, 0xEF, 0xFF, 0x5D, 0xEF, 0xFF, 0x5D, 0xEF, 0xFF, 0x7D, 0xEF, 0xFF, 0x5D, 0xEF, 0xFF, 0x7D, 0xEF, 0xFF, 0x5D, 0xEF, 0xFF, 0x5D, 0xEF, 0xFF,
  0x5D, 0xEF, 0xFF, 0x5D, 0xEF, 0xFF, 0x5D, 0xEF, 0xFF, 0x7D, 0xEF, 0xFF, 0x7D, 0xEF, 0xFF, 0x7D, 0xEF, 0xFF, 0x7D, 0xEF, 0xFF, 0x7D, 0xEF, 0xFF,
  0x7D, 0xEF, 0xFF, 0x7D, 0xEF, 0xFF, 0x7D, 0xEF, 0xFF, 0x7D, 0xEF, 0xFF, 0x7D, 0xEF, 0xFF, 0x5D, 0xEF, 0xFF, 0x7D, 0xEF, 0xFF, 0x7D, 0xEF, 0xFF,
  0x7D, 0xEF, 0xFF, 0x7D, 0xEF, 0xFF, 0x7D, 0xEF, 0xFF, 0x7D, 0xEF, 0xFF, 0x5D, 0xEF, 0xFF, 0x9E, 0xF7, 0xFF, 0xBA, 0xD6, 0xFF, 0xBA, 0xD6, 0xFF,
  0x7D, 0xEF, 0xF7, 0xDF, 0xFF, 0xFD, 0x0C, 0x63, 0x6F, 0x00, 0x00, 0x00, 0x00, 0x00, 0x00, 0x00, 0x00, 0x00, 0x00, 0x00, 0x00, 0x00, 0x00, 0x00,
  0x00, 0x00, 0x00, 0x00, 0x00, 0x00, 0x00, 0x00, 0x00, 0x00, 0x00, 0x00, 0xFF, 0xFF, 0x00, 0xFF, 0xFF, 0x00, 0xFF, 0xFF, 0x00, 0xFF, 0xFF, 0x00,
  0xFF, 0xFF, 0x00, 0xFF, 0xFF, 0x00, 0xFF, 0xFF, 0x00, 0xFF, 0xFF, 0x00, 0xFF, 0xFF, 0x00, 0xFF, 0xFF, 0x00, 0xFF, 0xFF, 0x00, 0xFF, 0xFF, 0x00,
  0xFF, 0xFF, 0x00, 0xFF, 0xFF, 0x00, 0xFF, 0xFF, 0x00, 0xFF, 0xFF, 0x00, 0xFF, 0xFF, 0x00, 0xFF, 0xFF, 0x00, 0xFF, 0xFF, 0x00, 0xFF, 0xFF, 0x00,
  0xFF, 0xFF, 0x00, 0xFF, 0xFF, 0x00, 0xFF, 0xFF, 0x00, 0xFF, 0xFF, 0x00, 0xFF, 0xFF, 0x00, 0xFF, 0xFF, 0x00, 0xFF, 0xFF, 0x00, 0xFF, 0xFF, 0x00,
  0xFF, 0xFF, 0x00, 0xFF, 0xFF, 0x00, 0xFF, 0xFF, 0x00, 0xFF, 0xFF, 0x00, 0xFF, 0xFF, 0x00, 0xFF, 0xFF, 0x00, 0xFF, 0xFF, 0x00, 0xFF, 0xFF, 0x00,
  0xFF, 0xFF, 0x00, 0xFF, 0xFF, 0x00, 0xFF, 0xFF, 0x00, 0xFF, 0xFF, 0x00, 0xFF, 0xFF, 0x00, 0xFF, 0xFF, 0x00, 0xFF, 0xFF, 0x00, 0xFF, 0xFF, 0x00,
  0xFF, 0xFF, 0x00, 0xFF, 0xFF, 0x00, 0xFF, 0xFF, 0x00, 0xFF, 0xFF, 0x00, 0xFF, 0xFF, 0x00, 0xFF, 0xFF, 0x00, 0xFF, 0xFF, 0x00, 0xFF, 0xFF, 0x00,
  0xFF, 0xFF, 0x00, 0xFF, 0xFF, 0x00, 0xFF, 0xFF, 0x00, 0x00, 0x00, 0x00, 0x00, 0x00, 0x00, 0x00, 0x00, 0x00, 0x00, 0x00, 0x00, 0x00, 0x00, 0x00,
  0x00, 0x00, 0x00, 0x00, 0x00, 0x00, 0x00, 0x00, 0x00, 0x00, 0x00, 0x00, 0x00, 0x00, 0x00, 0x00, 0x00, 0x00, 0x00, 0x00, 0x00, 0x00, 0x00, 0x00,
  0x00, 0x00, 0x00, 0x00, 0x00, 0x00, 0x00, 0x00, 0x00, 0x00, 0x00, 0x00, 0x00, 0x00, 0x00, 0x00, 0x00, 0x00, 0x00, 0x00, 0x00, 0x00, 0x00, 0x00,
  0x00, 0x00, 0x00, 0x00, 0x00, 0x00, 0x00, 0x00, 0x00, 0x00, 0x00, 0x00, 0x00, 0x00, 0x00, 0x00, 0x00, 0x00, 0x00, 0x00, 0x00, 0x00, 0x00, 0x00,
  0x00, 0x00, 0x00, 0x00, 0x00, 0x00, 0x00, 0x00, 0x00, 0x00, 0x00, 0x00, 0x00, 0x00, 0x00, 0x00, 0x00, 0x00, 0x00, 0x00, 0x00, 0x00, 0x00, 0x00,
  0x00, 0x00, 0x00, 0x00, 0x00, 0x00, 0x00, 0x00, 0x00, 0x00, 0x00, 0x00, 0x00, 0x00, 0x00, 0x00, 0x00, 0x00, 0x00, 0x00, 0x00, 0x00, 0x00, 0x00,
  0x00, 0x00, 0x00, 0x00, 0x00, 0x00, 0x00, 0x00, 0x00, 0x00, 0x00, 0x00, 0x00, 0x00, 0x00, 0x00, 0x00, 0x00, 0x00, 0x00, 0x00, 0x00, 0x00, 0x00,
  0x00, 0x00, 0x00, 0x00, 0x00, 0x00, 0x00, 0x00, 0x00, 0x00, 0x00, 0x00, 0x00, 0x00, 0x00, 0x00, 0x00, 0x00, 0x00, 0x00, 0x00, 0x00, 0x00, 0x00,
  0x00, 0x00, 0x00, 0x00, 0x00, 0x00, 0x00, 0x00, 0x00, 0x00, 0x00, 0x00, 0x00, 0x00, 0x00, 0x00, 0x00, 0x00, 0x00, 0x00, 0x00, 0x8A, 0x52, 0xC0,
  0xA6, 0x39, 0xFF, 0x18, 0xC6, 0xFB, 0x3C, 0xE7, 0xFF, 0x38, 0xCE, 0xFF, 0x9E, 0xF7, 0xFF, 0x7D, 0xEF, 0xFF, 0x7D, 0xEF, 0xFF, 0x7D, 0xEF, 0xFF,
  0x7D, 0xEF, 0xFF, 0x7D, 0xEF, 0xFF, 0x7D, 0xEF, 0xFF, 0x7D, 0xEF, 0xFF, 0x7D, 0xEF, 0xFF, 0x7D, 0xEF, 0xFF, 0x7D, 0xEF, 0xFF, 0x7D, 0xEF, 0xFF,
  0x7D, 0xEF, 0xFF, 0x7D, 0xEF, 0xFF, 0x7D, 0xEF, 0xFF, 0x5D, 0xEF, 0xFF, 0x9E, 0xF7, 0xFF, 0xBA, 0xD6, 0xFF, 0xA6, 0x31, 0xFF, 0x04, 0x21, 0xFF,
  0x0C, 0x63, 0xFF, 0x8E, 0x73, 0xFF, 0x51, 0x8C, 0xFF, 0x51, 0x8C, 0xFF, 0xB2, 0x94, 0xFF, 0x71, 0x8C, 0xFF, 0x71, 0x8C, 0xFF, 0x34, 0xA5, 0xFF,
  0x8E, 0x73, 0xFF, 0x6A, 0x4A, 0xFF, 0x0C, 0x5B, 0xFF, 0xEC, 0x5A, 0xFF, 0xEC, 0x5A, 0xFF, 0xEC, 0x5A, 0xFF, 0xEC, 0x5A, 0xFF, 0xEC, 0x5A, 0xFF,
  0xEC, 0x5A, 0xFF, 0xEC, 0x5A, 0xFF, 0x0C, 0x5B, 0xFF, 0xEC, 0x5A, 0xFF, 0x0C, 0x5B, 0xFF, 0xEC, 0x5A, 0xFF, 0xEC, 0x5A, 0xFF, 0xEC, 0x5A, 0xFF,
  0xEC, 0x5A, 0xFF, 0xEC, 0x5A, 0xFF, 0xEC, 0x5A, 0xFF, 0xEC, 0x5A, 0xFF, 0xEC, 0x5A, 0xFF, 0xEC, 0x5A, 0xFF, 0xEC, 0x5A, 0xFF, 0xEB, 0x5A, 0xFF,
  0xEB, 0x5A, 0xFF, 0xEB, 0x5A, 0xFF, 0xEB, 0x5A, 0xFF, 0xEB, 0x5A, 0xFF, 0xCB, 0x5A, 0xFF, 0xCB, 0x5A, 0xFF, 0xCB, 0x5A, 0xFF, 0xCB, 0x52, 0xFF,
  0xCB, 0x52, 0xFF, 0xCB, 0x5A, 0xFF, 0x49, 0x4A, 0xFF, 0xC7, 0x31, 0xFF, 0xC7, 0x39, 0xFF, 0xA7, 0x31, 0xFF, 0xE7, 0x39, 0xFF, 0xB2, 0x94, 0xFF,
  0x14, 0xA5, 0xFF, 0x51, 0x8C, 0xFF, 0x34, 0xA5, 0xFF, 0x30, 0x84, 0xFF, 0xB2, 0x94, 0xFF, 0xEF, 0x7B, 0xFF, 0x10, 0x84, 0xFF, 0xCB, 0x5A, 0xFF,
  0x45, 0x29, 0xFF, 0x08, 0x42, 0xFF, 0x3C, 0xE7, 0xFF, 0x7D, 0xEF, 0xFF, 0x5D, 0xEF, 0xFF, 0x5D, 0xEF, 0xFF, 0x5D, 0xEF, 0xFF, 0x5D, 0xEF, 0xFF,
  0x5D, 0xEF, 0xFF, 0x5D, 0xEF, 0xFF, 0x7D, 0xEF, 0xFF, 0x5D, 0xEF, 0xFF, 0x5D, 0xEF, 0xFF, 0x5D, 0xEF, 0xFF, 0x5D, 0xEF, 0xFF, 0x7D, 0xEF, 0xFF,
  0x5D, 0xEF, 0xFF, 0x5D, 0xEF, 0xFF, 0x5D, 0xEF, 0xFF, 0x5D, 0xEF, 0xFF, 0x5D, 0xEF, 0xFF, 0x5D, 0xEF, 0xFF, 0x5D, 0xEF, 0xFF, 0x5D, 0xEF, 0xFF,
  0x5D, 0xEF, 0xFF, 0x7D, 0xEF, 0xFF, 0x7D, 0xEF, 0xFF, 0x7D, 0xEF, 0xFF, 0x5D, 0xEF, 0xFF, 0x7D, 0xEF, 0xFF, 0x7D, 0xEF, 0xFF, 0x5D, 0xEF, 0xFF,
  0x5D, 0xEF, 0xFF, 0x5D, 0xEF, 0xFF, 0x5D, 0xEF, 0xFF, 0x5D, 0xEF, 0xFF, 0x5D, 0xEF, 0xFF, 0x5D, 0xEF, 0xFF, 0x5D, 0xEF, 0xFF, 0x7D, 0xEF, 0xFF,
  0x7D, 0xEF, 0xFF, 0x7D, 0xEF, 0xFF, 0x7D, 0xEF, 0xFF, 0x7D, 0xEF, 0xFF, 0x7D, 0xEF, 0xFF, 0x7D, 0xEF, 0xFF, 0x7D, 0xEF, 0xFF, 0x7D, 0xEF, 0xFF,
  0x7D, 0xEF, 0xFF, 0x7D, 0xEF, 0xFF, 0x7D, 0xEF, 0xFF, 0x7D, 0xEF, 0xFF, 0x7D, 0xEF, 0xFF, 0x7D, 0xEF, 0xFF, 0x5D, 0xEF, 0xFF, 0x7D, 0xEF, 0xFF,
  0x7D, 0xEF, 0xFF, 0x7D, 0xEF, 0xFF, 0x3C, 0xE7, 0xFF, 0x59, 0xCE, 0xFF, 0x5D, 0xEF, 0xFD, 0xDF, 0xFF, 0xFF, 0x75, 0xAD, 0xDA, 0x00, 0x00, 0x01,
  0x00, 0x00, 0x00, 0x00, 0x00, 0x00, 0x00, 0x00, 0x00, 0x00, 0x00, 0x00, 0x00, 0x00, 0x00, 0x00, 0x00, 0x00, 0x00, 0x00, 0x00, 0x00, 0x00, 0x00,
  0xFF, 0xFF, 0x00, 0xFF, 0xFF, 0x00, 0xFF, 0xFF, 0x00, 0xFF, 0xFF, 0x00, 0xFF, 0xFF, 0x00, 0xFF, 0xFF, 0x00, 0xFF, 0xFF, 0x00, 0xFF, 0xFF, 0x00,
  0xFF, 0xFF, 0x00, 0xFF, 0xFF, 0x00, 0xFF, 0xFF, 0x00, 0xFF, 0xFF, 0x00, 0xFF, 0xFF, 0x00, 0xFF, 0xFF, 0x00, 0xFF, 0xFF, 0x00, 0xFF, 0xFF, 0x00,
  0xFF, 0xFF, 0x00, 0xFF, 0xFF, 0x00, 0xFF, 0xFF, 0x00, 0xFF, 0xFF, 0x00, 0xFF, 0xFF, 0x00, 0xFF, 0xFF, 0x00, 0xFF, 0xFF, 0x00, 0xFF, 0xFF, 0x00,
  0xFF, 0xFF, 0x00, 0xFF, 0xFF, 0x00, 0xFF, 0xFF, 0x00, 0xFF, 0xFF, 0x00, 0xFF, 0xFF, 0x00, 0xFF, 0xFF, 0x00, 0xFF, 0xFF, 0x00, 0xFF, 0xFF, 0x00,
  0xFF, 0xFF, 0x00, 0xFF, 0xFF, 0x00, 0xFF, 0xFF, 0x00, 0xFF, 0xFF, 0x00, 0xFF, 0xFF, 0x00, 0xFF, 0xFF, 0x00, 0xFF, 0xFF, 0x00, 0xFF, 0xFF, 0x00,
  0xFF, 0xFF, 0x00, 0xFF, 0xFF, 0x00, 0xFF, 0xFF, 0x00, 0xFF, 0xFF, 0x00, 0xFF, 0xFF, 0x00, 0xFF, 0xFF, 0x00, 0xFF, 0xFF, 0x00, 0xFF, 0xFF, 0x00,
  0xFF, 0xFF, 0x00, 0xFF, 0xFF, 0x00, 0xFF, 0xFF, 0x00, 0xFF, 0xFF, 0x00, 0xFF, 0xFF, 0x00, 0xFF, 0xFF, 0x00, 0xFF, 0xFF, 0x00, 0x00, 0x00, 0x00,
  0x00, 0x00, 0x00, 0x00, 0x00, 0x00, 0x00, 0x00, 0x00, 0x00, 0x00, 0x00, 0x00, 0x00, 0x00, 0x00, 0x00, 0x00, 0x00, 0x00, 0x00, 0x00, 0x00, 0x00,
  0x00, 0x00, 0x00, 0x00, 0x00, 0x00, 0x00, 0x00, 0x00, 0x00, 0x00, 0x00, 0x00, 0x00, 0x00, 0x00, 0x00, 0x00, 0x00, 0x00, 0x00, 0x00, 0x00, 0x00,
  0x00, 0x00, 0x00, 0x00, 0x00, 0x00, 0x00, 0x00, 0x00, 0x00, 0x00, 0x00, 0x00, 0x00, 0x00, 0x00, 0x00, 0x00, 0x00, 0x00, 0x00, 0x00, 0x00, 0x00,
  0x00, 0x00, 0x00, 0x00, 0x00, 0x00, 0x00, 0x00, 0x00, 0x00, 0x00, 0x00, 0x00, 0x00, 0x00, 0x00, 0x00, 0x00, 0x00, 0x00, 0x00, 0x00, 0x00, 0x00,
  0x00, 0x00, 0x00, 0x00, 0x00, 0x00, 0x00, 0x00, 0x00, 0x00, 0x00, 0x00, 0x00, 0x00, 0x00, 0x00, 0x00, 0x00, 0x00, 0x00, 0x00, 0x00, 0x00, 0x00,
  0x00, 0x00, 0x00, 0x00, 0x00, 0x00, 0x00, 0x00, 0x00, 0x00, 0x00, 0x00, 0x00, 0x00, 0x00, 0x00, 0x00, 0x00, 0x00, 0x00, 0x00, 0x00, 0x00, 0x00,
  0x00, 0x00, 0x00, 0x00, 0x00, 0x00, 0x00, 0x00, 0x00, 0x00, 0x00, 0x00, 0x00, 0x00, 0x00, 0x00, 0x00, 0x00, 0x00, 0x00, 0x00, 0x00, 0x00, 0x00,
  0x00, 0x00, 0x00, 0x00, 0x00, 0x00, 0x00, 0x00, 0x00, 0x00, 0x00, 0x00, 0x00, 0x00, 0x00, 0x00, 0x00, 0x00, 0x00, 0x00, 0x00, 0x00, 0x00, 0x00,
  0x00, 0x00, 0x00, 0x00, 0x00, 0x00, 0x04, 0x21, 0x15, 0x69, 0x4A, 0xFF, 0x0C, 0x63, 0xF9, 0x9E, 0xF7, 0xFF, 0x79, 0xCE, 0xFF, 0xBA, 0xD6, 0xFF,
  0x9E, 0xF7, 0xFF, 0x7D, 0xEF, 0xFF, 0x7D, 0xEF, 0xFF, 0x7D, 0xEF, 0xFF, 0x7D, 0xEF, 0xFF, 0x7D, 0xEF, 0xFF, 0x7D, 0xEF, 0xFF, 0x7D, 0xEF, 0xFF,
  0x7D, 0xEF, 0xFF, 0x7D, 0xEF, 0xFF, 0x7D, 0xEF, 0xFF, 0x7D, 0xEF, 0xFF, 0x7D, 0xEF, 0xFF, 0x7D, 0xEF, 0xFF, 0x7D, 0xEF, 0xFF, 0x5D, 0xEF, 0xFF,
  0x9E, 0xF7, 0xFF, 0xBA, 0xDE, 0xFF, 0xA6, 0x31, 0xFF, 0x04, 0x21, 0xFF, 0x0C, 0x63, 0xFF, 0xCF, 0x7B, 0xFF, 0xF3, 0x9C, 0xFF, 0x71, 0x8C, 0xFF,
  0x14, 0xA5, 0xFF, 0x92, 0x94, 0xFF, 0x30, 0x84, 0xFF, 0x14, 0xA5, 0xFF, 0x4D, 0x6B, 0xFF, 0x8A, 0x4A, 0xFF, 0x0C, 0x5B, 0xFF, 0xEC, 0x5A, 0xFF,
  0xEC, 0x5A, 0xFF, 0xEC, 0x5A, 0xFF, 0xEC, 0x5A, 0xFF, 0xEC, 0x5A, 0xFF, 0x0C, 0x5B, 0xFF, 0x0C, 0x5B, 0xFF, 0xEC, 0x5A, 0xFF, 0xEC, 0x5A, 0xFF,
  0xEC, 0x5A, 0xFF, 0xEC, 0x5A, 0xFF, 0xEC, 0x5A, 0xFF, 0xEC, 0x5A, 0xFF, 0xEC, 0x5A, 0xFF, 0xEC, 0x5A, 0xFF, 0xEC, 0x5A, 0xFF, 0xEC, 0x5A, 0xFF,
  0xEC, 0x5A, 0xFF, 0xEC, 0x5A, 0xFF, 0xEC, 0x5A, 0xFF, 0xEB, 0x5A, 0xFF, 0xEB, 0x5A, 0xFF, 0xEB, 0x5A, 0xFF, 0xCB, 0x5A, 0xFF, 0xCB, 0x5A, 0xFF,
  0xCB, 0x5A, 0xFF, 0xCB, 0x5A, 0xFF, 0xCB, 0x5A, 0xFF, 0xCB, 0x52, 0xFF, 0xCB, 0x52, 0xFF, 0xCB, 0x52, 0xFF, 0x69, 0x4A, 0xFF, 0xC7, 0x31, 0xFF,
  0xC7, 0x39, 0xFF, 0xA7, 0x31, 0xFF, 0xC7, 0x31, 0xFF, 0x92, 0x94, 0xFF, 0x55, 0xAD, 0xFF, 0x72, 0x8C, 0xFF, 0x55, 0xAD, 0xFF, 0x51, 0x8C, 0xFF,
  0x51, 0x8C, 0xFF, 0x30, 0x84, 0xFF, 0x10, 0x7C, 0xFF, 0xEB, 0x5A, 0xFF, 0x65, 0x29, 0xFF, 0x08, 0x42, 0xFF, 0x3C, 0xE7, 0xFF, 0x7D, 0xEF, 0xFF,
  0x5D, 0xEF, 0xFF, 0x5D, 0xEF, 0xFF, 0x5D, 0xEF, 0xFF, 0x5D, 0xEF, 0xFF, 0x5D, 0xEF, 0xFF, 0x5D, 0xEF, 0xFF, 0x5D, 0xEF, 0xFF, 0x7D, 0xEF, 0xFF,
  0x5D, 0xEF, 0xFF, 0x5D, 0xEF, 0xFF, 0x5D, 0xEF, 0xFF, 0x5D, 0xEF, 0xFF, 0x7D, 0xEF, 0xFF, 0x5D, 0xEF, 0xFF, 0x5D, 0xEF, 0xFF, 0x5D, 0xEF, 0xFF,
  0x5D, 0xEF, 0xFF, 0x5D, 0xEF, 0xFF, 0x5D, 0xEF, 0xFF, 0x5D, 0xEF, 0xFF, 0x7D, 0xEF, 0xFF, 0x7D, 0xEF, 0xFF, 0x5D, 0xEF, 0xFF, 0x5D, 0xEF, 0xFF,
  0x5D, 0xEF, 0xFF, 0x7D, 0xEF, 0xFF, 0x5D, 0xEF, 0xFF, 0x7D, 0xEF, 0xFF, 0x5D, 0xEF, 0xFF, 0x7D, 0xEF, 0xFF, 0x5D, 0xEF, 0xFF, 0x5D, 0xEF, 0xFF,
  0x5D, 0xEF, 0xFF, 0x5D, 0xEF, 0xFF, 0x5D, 0xEF, 0xFF, 0x5D, 0xEF, 0xFF, 0x7D, 0xEF, 0xFF, 0x7D, 0xEF, 0xFF, 0x7D, 0xEF, 0xFF, 0x5D, 0xEF, 0xFF,
  0x7D, 0xEF, 0xFF, 0x7D, 0xEF, 0xFF, 0x7D, 0xEF, 0xFF, 0x7D, 0xEF, 0xFF, 0x7D, 0xEF, 0xFF, 0x5D, 0xEF, 0xFF, 0x7D, 0xEF, 0xFF, 0x7D, 0xEF, 0xFF,
  0x7D, 0xEF, 0xFF, 0x7D, 0xEF, 0xFF, 0x7D, 0xEF, 0xFF, 0x5D, 0xEF, 0xFF, 0x7D, 0xEF, 0xFF, 0x5D, 0xEF, 0xFF, 0x9E, 0xF7, 0xFF, 0x79, 0xCE, 0xFF,
  0x3C, 0xE7, 0xFF, 0x9E, 0xF7, 0xF9, 0x1C, 0xE7, 0xFF, 0x04, 0x21, 0x1B, 0x00, 0x00, 0x00, 0x00, 0x00, 0x00, 0x00, 0x00, 0x00, 0x00, 0x00, 0x00,
  0x00, 0x00, 0x00, 0x00, 0x00, 0x00, 0x00, 0x00, 0x00, 0x00, 0x00, 0x00, 0xFF, 0xFF, 0x00, 0xFF, 0xFF, 0x00, 0xFF, 0xFF, 0x00, 0xFF, 0xFF, 0x00,
  0xFF, 0xFF, 0x00, 0xFF, 0xFF, 0x00, 0xFF, 0xFF, 0x00, 0xFF, 0xFF, 0x00, 0xFF, 0xFF, 0x00, 0xFF, 0xFF, 0x00, 0xFF, 0xFF, 0x00, 0xFF, 0xFF, 0x00,
  0xFF, 0xFF, 0x00, 0xFF, 0xFF, 0x00, 0xFF, 0xFF, 0x00, 0xFF, 0xFF, 0x00, 0xFF, 0xFF, 0x00, 0xFF, 0xFF, 0x00, 0xFF, 0xFF, 0x00, 0xFF, 0xFF, 0x00,
  0xFF, 0xFF, 0x00, 0xFF, 0xFF, 0x00, 0xFF, 0xFF, 0x00, 0xFF, 0xFF, 0x00, 0xFF, 0xFF, 0x00, 0xFF, 0xFF, 0x00, 0xFF, 0xFF, 0x00, 0xFF, 0xFF, 0x00,
  0xFF, 0xFF, 0x00, 0xFF, 0xFF, 0x00, 0xFF, 0xFF, 0x00, 0xFF, 0xFF, 0x00, 0xFF, 0xFF, 0x00, 0xFF, 0xFF, 0x00, 0xFF, 0xFF, 0x00, 0xFF, 0xFF, 0x00,
  0xFF, 0xFF, 0x00, 0xFF, 0xFF, 0x00, 0xFF, 0xFF, 0x00, 0xFF, 0xFF, 0x00, 0xFF, 0xFF, 0x00, 0xFF, 0xFF, 0x00, 0xFF, 0xFF, 0x00, 0xFF, 0xFF, 0x00,
  0xFF, 0xFF, 0x00, 0xFF, 0xFF, 0x00, 0xFF, 0xFF, 0x00, 0xFF, 0xFF, 0x00, 0xFF, 0xFF, 0x00, 0xFF, 0xFF, 0x00, 0xFF, 0xFF, 0x00, 0xFF, 0xFF, 0x00,
  0xFF, 0xFF, 0x00, 0xFF, 0xFF, 0x00, 0xFF, 0xFF, 0x00, 0x00, 0x00, 0x00, 0x00, 0x00, 0x00, 0x00, 0x00, 0x00, 0x00, 0x00, 0x00, 0x00, 0x00, 0x00,
  0x00, 0x00, 0x00, 0x00, 0x00, 0x00, 0x00, 0x00, 0x00, 0x00, 0x00, 0x00, 0x00, 0x00, 0x00, 0x00, 0x00, 0x00, 0x00, 0x00, 0x00, 0x00, 0x00, 0x00,
  0x00, 0x00, 0x00, 0x00, 0x00, 0x00, 0x00, 0x00, 0x00, 0x00, 0x00, 0x00, 0x00, 0x00, 0x00, 0x00, 0x00, 0x00, 0x00, 0x00, 0x00, 0x00, 0x00, 0x00,
  0x00, 0x00, 0x00, 0x00, 0x00, 0x00, 0x00, 0x00, 0x00, 0x00, 0x00, 0x00, 0x00, 0x00, 0x00, 0x00, 0x00, 0x00, 0x00, 0x00, 0x00, 0x00, 0x00, 0x00,
  0x00, 0x00, 0x00, 0x00, 0x00, 0x00, 0x00, 0x00, 0x00, 0x00, 0x00, 0x00, 0x00, 0x00, 0x00, 0x00, 0x00, 0x00, 0x00, 0x00, 0x00, 0x00, 0x00, 0x00,
  0x00, 0x00, 0x00, 0x00, 0x00, 0x00, 0x00, 0x00, 0x00, 0x00, 0x00, 0x00, 0x00, 0x00, 0x00, 0x00, 0x00, 0x00, 0x00, 0x00, 0x00, 0x00, 0x00, 0x00,
  0x00, 0x00, 0x00, 0x00, 0x00, 0x00, 0x00, 0x00, 0x00, 0x00, 0x00, 0x00, 0x00, 0x00, 0x00, 0x00, 0x00, 0x00, 0x00, 0x00, 0x00, 0x00, 0x00, 0x00,
  0x00, 0x00, 0x00, 0x00, 0x00, 0x00, 0x00, 0x00, 0x00, 0x00, 0x00, 0x00, 0x00, 0x00, 0x00, 0x00, 0x00, 0x00, 0x00, 0x00, 0x00, 0x00, 0x00, 0x00,
  0x00, 0x00, 0x00, 0x00, 0x00, 0x00, 0x00, 0x00, 0x00, 0x00, 0x00, 0x00, 0x00, 0x00, 0x00, 0x00, 0x00, 0x00, 0x07, 0x3A, 0x67, 0xA6, 0x31, 0xFF,
  0xF3, 0x9C, 0xF7, 0xFF, 0xFF, 0xFF, 0x38, 0xC6, 0xFF, 0x3C, 0xE7, 0xFF, 0x7D, 0xEF, 0xFF, 0x7D, 0xEF, 0xFF, 0x7D, 0xEF, 0xFF, 0x7D, 0xEF, 0xFF,
  0x7D, 0xEF, 0xFF, 0x7D, 0xEF, 0xFF, 0x7D, 0xEF, 0xFF, 0x7D, 0xEF, 0xFF, 0x7D, 0xEF, 0xFF, 0x7D, 0xEF, 0xFF, 0x7D, 0xEF, 0xFF, 0x7D, 0xEF, 0xFF,
  0x7D, 0xEF, 0xFF, 0x7D, 0xEF, 0xFF, 0x7D, 0xEF, 0xFF, 0x5D, 0xEF, 0xFF, 0x9E, 0xF7, 0xFF, 0xBA, 0xD6, 0xFF, 0xA6, 0x31, 0xFF, 0x04, 0x21, 0xFF,
  0xAE, 0x73, 0xFF, 0xF0, 0x7B, 0xFF, 0xD3, 0x9C, 0xFF, 0x30, 0x84, 0xFF, 0xD3, 0x9C, 0xFF, 0x72, 0x8C, 0xFF, 0xB2, 0x94, 0xFF, 0x14, 0xA5, 0xFF,
  0xEC, 0x5A, 0xFF, 0xAB, 0x52, 0xFF, 0xEC, 0x5A, 0xFF, 0xEC, 0x5A, 0xFF, 0xEC, 0x5A, 0xFF, 0xEC, 0x5A, 0xFF, 0xEC, 0x5A, 0xFF, 0xEC, 0x5A, 0xFF,
  0xEC, 0x5A, 0xFF, 0xEC, 0x5A, 0xFF, 0xEC, 0x5A, 0xFF, 0xEC, 0x5A, 0xFF, 0xEC, 0x5A, 0xFF, 0xEC, 0x5A, 0xFF, 0xEC, 0x5A, 0xFF, 0xEC, 0x5A, 0xFF,
  0xEC, 0x5A, 0xFF, 0xEC, 0x5A, 0xFF, 0xEC, 0x5A, 0xFF, 0xEC, 0x5A, 0xFF, 0xEC, 0x5A, 0xFF, 0xEC, 0x5A, 0xFF, 0xEC, 0x5A, 0xFF, 0xEB, 0x5A, 0xFF,
  0xEB, 0x5A, 0xFF, 0xEB, 0x5A, 0xFF, 0xCB, 0x5A, 0xFF, 0xCB, 0x5A, 0xFF, 0xCB, 0x5A, 0xFF, 0xCB, 0x5A, 0xFF, 0xCB, 0x5A, 0xFF, 0xCB, 0x5A, 0xFF,
  0xCB, 0x52, 0xFF, 0xCB, 0x5A, 0xFF, 0x6A, 0x4A, 0xFF, 0xC7, 0x31, 0xFF, 0xC7, 0x39, 0xFF, 0xC7, 0x39, 0xFF, 0xC7, 0x39, 0xFF, 0xD3, 0x9C, 0xFF,
  0x14, 0xA5, 0xFF, 0x10, 0x84, 0xFF, 0x72, 0x94, 0xFF, 0x10, 0x84, 0xFF, 0x92, 0x94, 0xFF, 0x30, 0x84, 0xFF, 0x30, 0x84, 0xFF, 0x0C, 0x63, 0xFF,
  0x65, 0x29, 0xFF, 0xE7, 0x39, 0xFF, 0x3C, 0xE7, 0xFF, 0x7D, 0xEF, 0xFF, 0x5D, 0xEF, 0xFF, 0x5D, 0xEF, 0xFF, 0x5D, 0xEF, 0xFF, 0x5D, 0xEF, 0xFF,
  0x5D, 0xEF, 0xFF, 0x5D, 0xEF, 0xFF, 0x5D, 0xEF, 0xFF, 0x7D, 0xEF, 0xFF, 0x7D, 0xEF, 0xFF, 0x5D, 0xEF, 0xFF, 0x5D, 0xEF, 0xFF, 0x5D, 0xEF, 0xFF,
  0x5D, 0xEF, 0xFF, 0x5D, 0xEF, 0xFF, 0x7D, 0xEF, 0xFF, 0x5D, 0xEF, 0xFF, 0x5D, 0xEF, 0xFF, 0x5D, 0xEF, 0xFF, 0x5D, 0xEF, 0xFF, 0x5D, 0xEF, 0xFF,
  0x7D, 0xEF, 0xFF, 0x7D, 0xEF, 0xFF, 0x5D, 0xEF, 0xFF, 0x5D, 0xEF, 0xFF, 0x7D, 0xEF, 0xFF, 0x5D, 0xEF, 0xFF, 0x5D, 0xEF, 0xFF, 0x7D, 0xEF, 0xFF,
  0x5D, 0xEF, 0xFF, 0x5D, 0xEF, 0xFF, 0x5D, 0xEF, 0xFF, 0x5D, 0xEF, 0xFF, 0x5D, 0xEF, 0xFF, 0x5D, 0xEF, 0xFF, 0x5D, 0xEF, 0xFF, 0x5D, 0xEF, 0xFF,
  0x5D, 0xEF, 0xFF, 0x7D, 0xEF, 0xFF, 0x7D, 0xEF, 0xFF, 0x7D, 0xEF, 0xFF, 0x7D, 0xEF, 0xFF, 0x7D, 0xEF, 0xFF, 0x7D, 0xEF, 0xFF, 0x7D, 0xEF, 0xFF,
  0x7D, 0xEF, 0xFF, 0x7D, 0xEF, 0xFF, 0x7D, 0xEF, 0xFF, 0x5D, 0xEF, 0xFF, 0x7D, 0xEF, 0xFF, 0x7D, 0xEF, 0xFF, 0x7D, 0xEF, 0xFF, 0x5D, 0xEF, 0xFF,
  0x7D, 0xEF, 0xFF, 0x7D, 0xEF, 0xFF, 0x9E, 0xF7, 0xFF, 0xDB, 0xDE, 0xFF, 0xDB, 0xDE, 0xFF, 0x7D, 0xEF, 0xF7, 0xDF, 0xFF, 0xFF, 0x2C, 0x63, 0x73,
  0x00, 0x00, 0x00, 0x00, 0x00, 0x00, 0x00, 0x00, 0x00, 0x00, 0x00, 0x00, 0x00, 0x00, 0x00, 0x00, 0x00, 0x00, 0x00, 0x00, 0x00, 0x00, 0x00, 0x00,
  0xFF, 0xFF, 0x00, 0xFF, 0xFF, 0x00, 0xFF, 0xFF, 0x00, 0xFF, 0xFF, 0x00, 0xFF, 0xFF, 0x00, 0xFF, 0xFF, 0x00, 0xFF, 0xFF, 0x00, 0xFF, 0xFF, 0x00,
  0xFF, 0xFF, 0x00, 0xFF, 0xFF, 0x00, 0xFF, 0xFF, 0x00, 0xFF, 0xFF, 0x00, 0xFF, 0xFF, 0x00, 0xFF, 0xFF, 0x00, 0xFF, 0xFF, 0x00, 0xFF, 0xFF, 0x00,
  0xFF, 0xFF, 0x00, 0xFF, 0xFF, 0x00, 0xFF, 0xFF, 0x00, 0xFF, 0xFF, 0x00, 0xFF, 0xFF, 0x00, 0xFF, 0xFF, 0x00, 0xFF, 0xFF, 0x00, 0xFF, 0xFF, 0x00,
  0xFF, 0xFF, 0x00, 0xFF, 0xFF, 0x00, 0xFF, 0xFF, 0x00, 0xFF, 0xFF, 0x00, 0xFF, 0xFF, 0x00, 0xFF, 0xFF, 0x00, 0xFF, 0xFF, 0x00, 0xFF, 0xFF, 0x00,
  0xFF, 0xFF, 0x00, 0xFF, 0xFF, 0x00, 0xFF, 0xFF, 0x00, 0xFF, 0xFF, 0x00, 0xFF, 0xFF, 0x00, 0xFF, 0xFF, 0x00, 0xFF, 0xFF, 0x00, 0xFF, 0xFF, 0x00,
  0xFF, 0xFF, 0x00, 0xFF, 0xFF, 0x00, 0xFF, 0xFF, 0x00, 0xFF, 0xFF, 0x00, 0xFF, 0xFF, 0x00, 0xFF, 0xFF, 0x00, 0xFF, 0xFF, 0x00, 0xFF, 0xFF, 0x00,
  0xFF, 0xFF, 0x00, 0xFF, 0xFF, 0x00, 0xFF, 0xFF, 0x00, 0xFF, 0xFF, 0x00, 0xFF, 0xFF, 0x00, 0xFF, 0xFF, 0x00, 0xFF, 0xFF, 0x00, 0x00, 0x00, 0x00,
  0x00, 0x00, 0x00, 0x00, 0x00, 0x00, 0x00, 0x00, 0x00, 0x00, 0x00, 0x00, 0x00, 0x00, 0x00, 0x00, 0x00, 0x00, 0x00, 0x00, 0x00, 0x00, 0x00, 0x00,
  0x00, 0x00, 0x00, 0x00, 0x00, 0x00, 0x00, 0x00, 0x00, 0x00, 0x00, 0x00, 0x00, 0x00, 0x00, 0x00, 0x00, 0x00, 0x00, 0x00, 0x00, 0x00, 0x00, 0x00,
  0x00, 0x00, 0x00, 0x00, 0x00, 0x00, 0x00, 0x00, 0x00, 0x00, 0x00, 0x00, 0x00, 0x00, 0x00, 0x00, 0x00, 0x00, 0x00, 0x00, 0x00, 0x00, 0x00, 0x00,
  0x00, 0x00, 0x00, 0x00, 0x00, 0x00, 0x00, 0x00, 0x00, 0x00, 0x00, 0x00, 0x00, 0x00, 0x00, 0x00, 0x00, 0x00, 0x00, 0x00, 0x00, 0x00, 0x00, 0x00,
  0x00, 0x00, 0x00, 0x00, 0x00, 0x00, 0x00, 0x00, 0x00, 0x00, 0x00, 0x00, 0x00, 0x00, 0x00, 0x00, 0x00, 0x00, 0x00, 0x00, 0x00, 0x00, 0x00, 0x00,
  0x00, 0x00, 0x00, 0x00, 0x00, 0x00, 0x00, 0x00, 0x00, 0x00, 0x00, 0x00, 0x00, 0x00, 0x00, 0x00, 0x00, 0x00, 0x00, 0x00, 0x00, 0x00, 0x00, 0x00,
  0x00, 0x00, 0x00, 0x00, 0x00, 0x00, 0x00, 0x00, 0x00, 0x00, 0x00, 0x00, 0x00, 0x00, 0x00, 0x00, 0x00, 0x00, 0x00, 0x00, 0x00, 0x00, 0x00, 0x00,
  0x00, 0x00, 0x00, 0x00, 0x00, 0x00, 0x00, 0x00, 0x00, 0x00, 0x00, 0x00, 0x00, 0x00, 0x00, 0x00, 0x00, 0x00, 0x00, 0x00, 0x00, 0x00, 0x00, 0x00,
  0x00, 0x00, 0x00, 0x61, 0x08, 0x02, 0x69, 0x4A, 0xD9, 0x65, 0x29, 0xFF, 0xBA, 0xD6, 0xFD, 0x5D, 0xEF, 0xFF, 0x79, 0xCE, 0xFF, 0x9E, 0xF7, 0xFF,
  0x5D, 0xEF, 0xFF, 0x7D, 0xEF, 0xFF, 0x7D, 0xEF, 0xFF, 0x7D, 0xEF, 0xFF, 0x7D, 0xEF, 0xFF, 0x7D, 0xEF, 0xFF, 0x7D, 0xEF, 0xFF, 0x7D, 0xEF, 0xFF,
  0x7D, 0xEF, 0xFF, 0x7D, 0xEF, 0xFF, 0x7D, 0xEF, 0xFF, 0x7D, 0xEF, 0xFF, 0x7D, 0xEF, 0xFF, 0x7D, 0xEF, 0xFF, 0x7D, 0xEF, 0xFF, 0x5D, 0xEF, 0xFF,
  0x9E, 0xF7, 0xFF, 0xBA, 0xD6, 0xFF, 0xA6, 0x31, 0xFF, 0x04, 0x21, 0xFF, 0x8E, 0x73, 0xFF, 0xCF, 0x7B, 0xFF, 0x72, 0x8C, 0xFF, 0xF0, 0x7B, 0xFF,
  0x72, 0x8C, 0xFF, 0x51, 0x8C, 0xFF, 0x71, 0x8C, 0xFF, 0x34, 0xA5, 0xFF, 0x2C, 0x63, 0xFF, 0xAB, 0x52, 0xFF, 0xEC, 0x5A, 0xFF, 0xEC, 0x5A, 0xFF,
  0xEC, 0x5A, 0xFF, 0xEC, 0x5A, 0xFF, 0xEC, 0x5A, 0xFF, 0xEC, 0x5A, 0xFF, 0xEC, 0x5A, 0xFF, 0xEC, 0x5A, 0xFF, 0xEC, 0x5A, 0xFF, 0xEC, 0x5A, 0xFF,
  0xEC, 0x5A, 0xFF, 0xEC, 0x5A, 0xFF, 0xEC, 0x5A, 0xFF, 0xEC, 0x5A, 0xFF, 0xEC, 0x5A, 0xFF, 0xEC, 0x5A, 0xFF, 0xEC, 0x5A, 0xFF, 0xEC, 0x5A, 0xFF,
  0xEC, 0x5A, 0xFF, 0xEC, 0x5A, 0xFF, 0xEC, 0x5A, 0xFF, 0xEB, 0x5A, 0xFF, 0xEB, 0x5A, 0xFF, 0xEB, 0x5A, 0xFF, 0xEB, 0x5A, 0xFF, 0xEB, 0x5A, 0xFF,
  0xEB, 0x5A, 0xFF, 0xCB, 0x5A, 0xFF, 0xCB, 0x5A, 0xFF, 0xCB, 0x52, 0xFF, 0xCB, 0x5A, 0xFF, 0xCB, 0x5A, 0xFF, 0x8A, 0x4A, 0xFF, 0xC7, 0x31, 0xFF,
  0xC7, 0x39, 0xFF, 0xE7, 0x39, 0xFF, 0xE7, 0x39, 0xFF, 0x10, 0x84, 0xFF, 0x92, 0x94, 0xFF, 0x8E, 0x73, 0xFF, 0xD3, 0x9C, 0xFF, 0x51, 0x8C, 0xFF,
  0x71, 0x8C, 0xFF, 0x51, 0x8C, 0xFF, 0x51, 0x8C, 0xFF, 0x2C, 0x63, 0xFF, 0x45, 0x29, 0xFF, 0xE7, 0x39, 0xFF, 0x3C, 0xE7, 0xFF, 0x7D, 0xEF, 0xFF,
  0x5D, 0xEF, 0xFF, 0x5D, 0xEF, 0xFF, 0x5D, 0xEF, 0xFF, 0x5D, 0xEF, 0xFF, 0x5D, 0xEF, 0xFF, 0x5D, 0xEF, 0xFF, 0x5D, 0xEF, 0xFF, 0x7D, 0xEF, 0xFF,
  0x5D, 0xEF, 0xFF, 0x5D, 0xEF, 0xFF, 0x5D, 0xEF, 0xFF, 0x7D, 0xEF, 0xFF, 0x5D, 0xEF, 0xFF, 0x5D, 0xEF, 0xFF, 0x7D, 0xEF, 0xFF, 0x5D, 0xEF, 0xFF,
  0x5D, 0xEF, 0xFF, 0x5D, 0xEF, 0xFF, 0x5D, 0xEF, 0xFF, 0x5D, 0xEF, 0xFF, 0x7D, 0xEF, 0xFF, 0x7D, 0xEF, 0xFF, 0x5D, 0xEF, 0xFF, 0x5D, 0xEF, 0xFF,
  0x5D, 0xEF, 0xFF, 0x5D, 0xEF, 0xFF, 0x5D, 0xEF, 0xFF, 0x5D, 0xEF, 0xFF, 0x5D, 0xEF, 0xFF, 0x5D, 0xEF, 0xFF, 0x5D, 0xEF, 0xFF, 0x5D, 0xEF, 0xFF,
  0x5D, 0xEF, 0xFF, 0x5D, 0xEF, 0xFF, 0x5D, 0xEF, 0xFF, 0x5D, 0xEF, 0xFF, 0x7D, 0xEF, 0xFF, 0x5D, 0xEF, 0xFF, 0x7D, 0xEF, 0xFF, 0x7D, 0xEF, 0xFF,
  0x7D, 0xEF, 0xFF, 0x7D, 0xEF, 0xFF, 0x5D, 0xEF, 0xFF, 0x7D, 0xEF, 0xFF, 0x7D, 0xEF, 0xFF, 0x7D, 0xEF, 0xFF, 0x7D, 0xEF, 0xFF, 0x7D, 0xEF, 0xFF,
  0x7D, 0xEF, 0xFF, 0x7D, 0xEF, 0xFF, 0x7D, 0xEF, 0xFF, 0x5D, 0xEF, 0xFF, 0x7D, 0xEF, 0xFF, 0x7D, 0xEF, 0xFF, 0x7D, 0xEF, 0xFF, 0x5D, 0xEF, 0xFF,
  0x79, 0xCE, 0xFF, 0x7D, 0xEF, 0xFD, 0xDF, 0xFF, 0xFF, 0x96, 0xB5, 0xEB, 0x41, 0x08, 0x03, 0x00, 0x00, 0x00, 0x00, 0x00, 0x00, 0x00, 0x00, 0x00,
  0x00, 0x00, 0x00, 0x00, 0x00, 0x00, 0x00, 0x00, 0x00, 0x00, 0x00, 0x00, 0xFF, 0xFF, 0x00, 0xFF, 0xFF, 0x00, 0xFF, 0xFF, 0x00, 0xFF, 0xFF, 0x00,
  0xFF, 0xFF, 0x00, 0xFF, 0xFF, 0x00, 0xFF, 0xFF, 0x00, 0xFF, 0xFF, 0x00, 0xFF, 0xFF, 0x00, 0xFF, 0xFF, 0x00, 0xFF, 0xFF, 0x00, 0xFF, 0xFF, 0x00,
  0xFF, 0xFF, 0x00, 0xFF, 0xFF, 0x00, 0xFF, 0xFF, 0x00, 0xFF, 0xFF, 0x00, 0xFF, 0xFF, 0x00, 0xFF, 0xFF, 0x00, 0xFF, 0xFF, 0x00, 0xFF, 0xFF, 0x00,
  0xFF, 0xFF, 0x00, 0xFF, 0xFF, 0x00, 0xFF, 0xFF, 0x00, 0xFF, 0xFF, 0x00, 0xFF, 0xFF, 0x00, 0xFF, 0xFF, 0x00, 0xFF, 0xFF, 0x00, 0xFF, 0xFF, 0x00,
  0xFF, 0xFF, 0x00, 0xFF, 0xFF, 0x00, 0xFF, 0xFF, 0x00, 0xFF, 0xFF, 0x00, 0xFF, 0xFF, 0x00, 0xFF, 0xFF, 0x00, 0xFF, 0xFF, 0x00, 0xFF, 0xFF, 0x00,
  0xFF, 0xFF, 0x00, 0xFF, 0xFF, 0x00, 0xFF, 0xFF, 0x00, 0xFF, 0xFF, 0x00, 0xFF, 0xFF, 0x00, 0xFF, 0xFF, 0x00, 0xFF, 0xFF, 0x00, 0xFF, 0xFF, 0x00,
  0xFF, 0xFF, 0x00, 0xFF, 0xFF, 0x00, 0xFF, 0xFF, 0x00, 0xFF, 0xFF, 0x00, 0xFF, 0xFF, 0x00, 0xFF, 0xFF, 0x00, 0xFF, 0xFF, 0x00, 0xFF, 0xFF, 0x00,
  0xFF, 0xFF, 0x00, 0xFF, 0xFF, 0x00, 0xFF, 0xFF, 0x00, 0x00, 0x00, 0x00, 0x00, 0x00, 0x00, 0x00, 0x00, 0x00, 0x00, 0x00, 0x00, 0x00, 0x00, 0x00,
  0x00, 0x00, 0x00, 0x00, 0x00, 0x00, 0x00, 0x00, 0x00, 0x00, 0x00, 0x00, 0x00, 0x00, 0x00, 0x00, 0x00, 0x00, 0x00, 0x00, 0x00, 0x00, 0x00, 0x00,
  0x00, 0x00, 0x00, 0x00, 0x00, 0x00, 0x00, 0x00, 0x00, 0x00, 0x00, 0x00, 0x00, 0x00, 0x00, 0x00, 0x00, 0x00, 0x00, 0x00, 0x00, 0x00, 0x00, 0x00,
  0x00, 0x00, 0x00, 0x00, 0x00, 0x00, 0x00, 0x00, 0x00, 0x00, 0x00, 0x00, 0x00, 0x00, 0x00, 0x00, 0x00, 0x00, 0x00, 0x00, 0x00, 0x00, 0x00, 0x00,
  0x00, 0x00, 0x00, 0x00, 0x00, 0x00, 0x00, 0x00, 0x00, 0x00, 0x00, 0x00, 0x00, 0x00, 0x00, 0x00, 0x00, 0x00, 0x00, 0x00, 0x00, 0x00, 0x00, 0x00,
  0x00, 0x00, 0x00, 0x00, 0x00, 0x00, 0x00, 0x00, 0x00, 0x00, 0x00, 0x00, 0x00, 0x00, 0x00, 0x00, 0x00, 0x00, 0x00, 0x00, 0x00, 0x00, 0x00, 0x00,
  0x00, 0x00, 0x00, 0x00, 0x00, 0x00, 0x00, 0x00, 0x00, 0x00, 0x00, 0x00, 0x00, 0x00, 0x00, 0x00, 0x00, 0x00, 0x00, 0x00, 0x00, 0x00, 0x00, 0x00,
  0x00, 0x00, 0x00, 0x00, 0x00, 0x00, 0x00, 0x00, 0x00, 0x00, 0x00, 0x00, 0x00, 0x00, 0x00, 0x00, 0x00, 0x00, 0x00, 0x00, 0x00, 0x00, 0x00, 0x00,
  0x00, 0x00, 0x00, 0x00, 0x00, 0x00, 0x00, 0x00, 0x00, 0x00, 0x00, 0x00, 0x00, 0x00, 0x00, 0x45, 0x29, 0x23, 0x49, 0x4A, 0xFF, 0x4D, 0x6B, 0xF9,
  0xBE, 0xF7, 0xFF, 0x99, 0xD6, 0xFF, 0xDB, 0xDE, 0xFF, 0x9E, 0xF7, 0xFF, 0x5D, 0xEF, 0xFF, 0x7D, 0xEF, 0xFF, 0x7D, 0xEF, 0xFF, 0x7D, 0xEF, 0xFF,
  0x7D, 0xEF, 0xFF, 0x7D, 0xEF, 0xFF, 0x7D, 0xEF, 0xFF, 0x7D, 0xEF, 0xFF, 0x7D, 0xEF, 0xFF, 0x7D, 0xEF, 0xFF, 0x7D, 0xEF, 0xFF, 0x7D, 0xEF, 0xFF,
  0x7D, 0xEF, 0xFF, 0x7D, 0xEF, 0xFF, 0x7D, 0xEF, 0xFF, 0x5D, 0xEF, 0xFF, 0x9E, 0xF7, 0xFF, 0xBA, 0xDE, 0xFF, 0xC7, 0x39, 0xFF, 0xE3, 0x18, 0xFF,
  0x6D, 0x6B, 0xFF, 0xEF, 0x7B, 0xFF, 0xB3, 0x94, 0xFF, 0x10, 0x84, 0xFF, 0xD3, 0x9C, 0xFF, 0x51, 0x8C, 0xFF, 0x92, 0x94, 0xFF, 0x92, 0x94, 0xFF,
  0xAB, 0x52, 0xFF, 0xCB, 0x5A, 0xFF, 0x0C, 0x5B, 0xFF, 0xEC, 0x5A, 0xFF, 0xEC, 0x5A, 0xFF, 0xEC, 0x5A, 0xFF, 0xEC, 0x5A, 0xFF, 0xEC, 0x5A, 0xFF,
  0xEC, 0x5A, 0xFF, 0xEC, 0x5A, 0xFF, 0xEC, 0x5A, 0xFF, 0xEC, 0x5A, 0xFF, 0xEC, 0x5A, 0xFF, 0xEC, 0x5A, 0xFF, 0xEC, 0x5A, 0xFF, 0xEC, 0x5A, 0xFF,
  0xEC, 0x5A, 0xFF, 0xEC, 0x5A, 0xFF, 0xEC, 0x5A, 0xFF, 0xEC, 0x5A, 0xFF, 0xEC, 0x5A, 0xFF, 0xEC, 0x5A, 0xFF, 0xEB, 0x5A, 0xFF, 0xEB, 0x5A, 0xFF,
  0xCB, 0x5A, 0xFF, 0xCB, 0x5A, 0xFF, 0xEB, 0x5A, 0xFF, 0xEB, 0x5A, 0xFF, 0xEB, 0x5A, 0xFF, 0xCB, 0x5A, 0xFF, 0xCB, 0x5A, 0xFF, 0xCB, 0x5A, 0xFF,
  0xCB, 0x52, 0xFF, 0xCB, 0x5A, 0xFF, 0xAA, 0x52, 0xFF, 0xC7, 0x39, 0xFF, 0xC7, 0x39, 0xFF, 0xE7, 0x39, 0xFF, 0xA6, 0x31, 0xFF, 0xCF, 0x7B, 0xFF,
  0x34, 0xA5, 0xFF, 0x10, 0x84, 0xFF, 0xD3, 0x9C, 0xFF, 0x51, 0x8C, 0xFF, 0x92, 0x94, 0xFF, 0x51, 0x8C, 0xFF, 0x30, 0x84, 0xFF, 0x0C, 0x63, 0xFF,
  0x45, 0x29, 0xFF, 0xE7, 0x39, 0xFF, 0x3C, 0xE7, 0xFF, 0x7D, 0xEF, 0xFF, 0x5D, 0xEF, 0xFF, 0x5D, 0xEF, 0xFF, 0x5D, 0xEF, 0xFF, 0x5D, 0xEF, 0xFF,
  0x5D, 0xEF, 0xFF, 0x5D, 0xEF, 0xFF, 0x5D, 0xEF, 0xFF, 0x7D, 0xEF, 0xFF, 0x7D, 0xEF, 0xFF, 0x5D, 0xEF, 0xFF, 0x5D, 0xEF, 0xFF, 0x5D, 0xEF, 0xFF,
  0x5D, 0xEF, 0xFF, 0x5D, 0xEF, 0xFF, 0x7D, 0xEF, 0xFF, 0x5D, 0xEF, 0xFF, 0x5D, 0xEF, 0xFF, 0x5D, 0xEF, 0xFF, 0x5D, 0xEF, 0xFF, 0x5D, 0xEF, 0xFF,
  0x5D, 0xEF, 0xFF, 0x5D, 0xEF, 0xFF, 0x5D, 0xEF, 0xFF, 0x7D, 0xEF, 0xFF, 0x5D, 0xEF, 0xFF, 0x5D, 0xEF, 0xFF, 0x5D, 0xEF, 0xFF, 0x5D, 0xEF, 0xFF,
  0x5D, 0xEF, 0xFF, 0x5D, 0xEF, 0xFF, 0x5D, 0xEF, 0xFF, 0x5D, 0xEF, 0xFF, 0x5D, 0xEF, 0xFF, 0x5D, 0xEF, 0xFF, 0x5D, 0xEF, 0xFF, 0x5D, 0xEF, 0xFF,
  0x7D, 0xEF, 0xFF, 0x5D, 0xEF, 0xFF, 0x5D, 0xEF, 0xFF, 0x5D, 0xEF, 0xFF, 0x7D, 0xEF, 0xFF, 0x7D, 0xEF, 0xFF, 0x5D, 0xEF, 0xFF, 0x7D, 0xEF, 0xFF,
  0x7D, 0xEF, 0xFF, 0x7D, 0xEF, 0xFF, 0x7D, 0xEF, 0xFF, 0x7D, 0xEF, 0xFF, 0x7D, 0xEF, 0xFF, 0x7D, 0xEF, 0xFF, 0x7D, 0xEF, 0xFF, 0x7D, 0xEF, 0xFF,
  0x7D, 0xEF, 0xFF, 0x7D, 0xEF, 0xFF, 0x5D, 0xEF, 0xFF, 0x9E, 0xF7, 0xFF, 0x59, 0xCE, 0xFF, 0x1C, 0xE7, 0xFF, 0x7D, 0xF7, 0xF7, 0x3C, 0xE7, 0xFF,
  0x45, 0x29, 0x23, 0x00, 0x00, 0x00, 0x00, 0x00, 0x00, 0x00, 0x00, 0x00, 0x00, 0x00, 0x00, 0x00, 0x00, 0x00, 0x00, 0x00, 0x00, 0x00, 0x00, 0x00,
  0xFF, 0xFF, 0x00, 0xFF, 0xFF, 0x00, 0xFF, 0xFF, 0x00, 0xFF, 0xFF, 0x00, 0xFF, 0xFF, 0x00, 0xFF, 0xFF, 0x00, 0xFF, 0xFF, 0x00, 0xFF, 0xFF, 0x00,
  0xFF, 0xFF, 0x00, 0xFF, 0xFF, 0x00, 0xFF, 0xFF, 0x00, 0xFF, 0xFF, 0x00, 0xFF, 0xFF, 0x00, 0xFF, 0xFF, 0x00, 0xFF, 0xFF, 0x00, 0xFF, 0xFF, 0x00,
  0xFF, 0xFF, 0x00, 0xFF, 0xFF, 0x00, 0xFF, 0xFF, 0x00, 0xFF, 0xFF, 0x00, 0xFF, 0xFF, 0x00, 0xFF, 0xFF, 0x00, 0xFF, 0xFF, 0x00, 0xFF, 0xFF, 0x00,
  0xFF, 0xFF, 0x00, 0xFF, 0xFF, 0x00, 0xFF, 0xFF, 0x00, 0xFF, 0xFF, 0x00, 0xFF, 0xFF, 0x00, 0xFF, 0xFF, 0x00, 0xFF, 0xFF, 0x00, 0xFF, 0xFF, 0x00,
  0xFF, 0xFF, 0x00, 0xFF, 0xFF, 0x00, 0xFF, 0xFF, 0x00, 0xFF, 0xFF, 0x00, 0xFF, 0xFF, 0x00, 0xFF, 0xFF, 0x00, 0xFF, 0xFF, 0x00, 0xFF, 0xFF, 0x00,
  0xFF, 0xFF, 0x00, 0xFF, 0xFF, 0x00, 0xFF, 0xFF, 0x00, 0xFF, 0xFF, 0x00, 0xFF, 0xFF, 0x00, 0xFF, 0xFF, 0x00, 0xFF, 0xFF, 0x00, 0xFF, 0xFF, 0x00,
  0xFF, 0xFF, 0x00, 0xFF, 0xFF, 0x00, 0xFF, 0xFF, 0x00, 0xFF, 0xFF, 0x00, 0xFF, 0xFF, 0x00, 0xFF, 0xFF, 0x00, 0xFF, 0xFF, 0x00, 0x00, 0x00, 0x00,
  0x00, 0x00, 0x00, 0x00, 0x00, 0x00, 0x00, 0x00, 0x00, 0x00, 0x00, 0x00, 0x00, 0x00, 0x00, 0x00, 0x00, 0x00, 0x00, 0x00, 0x00, 0x00, 0x00, 0x00,
  0x00, 0x00, 0x00, 0x00, 0x00, 0x00, 0x00, 0x00, 0x00, 0x00, 0x00, 0x00, 0x00, 0x00, 0x00, 0x00, 0x00, 0x00, 0x00, 0x00, 0x00, 0x00, 0x00, 0x00,
  0x00, 0x00, 0x00, 0x00, 0x00, 0x00, 0x00, 0x00, 0x00, 0x00, 0x00, 0x00, 0x00, 0x00, 0x00, 0x00, 0x00, 0x00, 0x00, 0x00, 0x00, 0x00, 0x00, 0x00,
  0x00, 0x00, 0x00, 0x00, 0x00, 0x00, 0x00, 0x00, 0x00, 0x00, 0x00, 0x00, 0x00, 0x00, 0x00, 0x00, 0x00, 0x00, 0x00, 0x00, 0x00, 0x00, 0x00, 0x00,
  0x00, 0x00, 0x00, 0x00, 0x00, 0x00, 0x00, 0x00, 0x00, 0x00, 0x00, 0x00, 0x00, 0x00, 0x00, 0x00, 0x00, 0x00, 0x00, 0x00, 0x00, 0x00, 0x00, 0x00,
  0x00, 0x00, 0x00, 0x00, 0x00, 0x00, 0x00, 0x00, 0x00, 0x00, 0x00, 0x00, 0x00, 0x00, 0x00, 0x00, 0x00, 0x00, 0x00, 0x00, 0x00, 0x00, 0x00, 0x00,
  0x00, 0x00, 0x00, 0x00, 0x00, 0x00, 0x00, 0x00, 0x00, 0x00, 0x00, 0x00, 0x00, 0x00, 0x00, 0x00, 0x00, 0x00, 0x00, 0x00, 0x00, 0x00, 0x00, 0x00,
  0x00, 0x00, 0x00, 0x00, 0x00, 0x00, 0x00, 0x00, 0x00, 0x00, 0x00, 0x00, 0x00, 0x00, 0x00, 0x00, 0x00, 0x00, 0x00, 0x00, 0x00, 0x00, 0x00, 0x00,
  0x00, 0x00, 0x00, 0x48, 0x4A, 0x7C, 0xC7, 0x39, 0xFD, 0x55, 0xAD, 0xF9, 0xBE, 0xF7, 0xFF, 0x18, 0xC6, 0xFF, 0x5D, 0xEF, 0xFF, 0x7D, 0xEF, 0xFF,
  0x7D, 0xEF, 0xFF, 0x7D, 0xEF, 0xFF, 0x7D, 0xEF, 0xFF, 0x7D, 0xEF, 0xFF, 0x7D, 0xEF, 0xFF, 0x7D, 0xEF, 0xFF, 0x7D, 0xEF, 0xFF, 0x7D, 0xEF, 0xFF,
  0x7D, 0xEF, 0xFF, 0x7D, 0xEF, 0xFF, 0x7D, 0xEF, 0xFF, 0x7D, 0xEF, 0xFF, 0x7D, 0xEF, 0xFF, 0x7D, 0xEF, 0xFF, 0x7D, 0xEF, 0xFF, 0x5D, 0xEF, 0xFF,
  0x9E, 0xF7, 0xFF, 0xBA, 0xD6, 0xFF, 0xC7, 0x39, 0xFF, 0x04, 0x19, 0xFF, 0x6D, 0x6B, 0xFF, 0x10, 0x7C, 0xFF, 0x92, 0x8C, 0xFF, 0x10, 0x84, 0xFF,
  0xB2, 0x94, 0xFF, 0xEF, 0x7B, 0xFF, 0x51, 0x8C, 0xFF, 0x71, 0x8C, 0xFF, 0x8A, 0x4A, 0xFF, 0xEC, 0x5A, 0xFF, 0xEC, 0x5A, 0xFF, 0xEC, 0x5A, 0xFF,
  0xEC, 0x5A, 0xFF, 0xEC, 0x5A, 0xFF, 0xEC, 0x5A, 0xFF, 0xEC, 0x5A, 0xFF, 0xEC, 0x5A, 0xFF, 0xEC, 0x5A, 0xFF, 0xEC, 0x5A, 0xFF, 0xEC, 0x5A, 0xFF,
  0xEC, 0x5A, 0xFF, 0xEC, 0x5A, 0xFF, 0xEC, 0x5A, 0xFF, 0xEC, 0x5A, 0xFF, 0xEC, 0x5A, 0xFF, 0xEC, 0x5A, 0xFF, 0xEC, 0x5A, 0xFF, 0xEC, 0x5A, 0xFF,
  0xEC, 0x5A, 0xFF, 0xEC, 0x5A, 0xFF, 0xEB, 0x5A, 0xFF, 0xEB, 0x5A, 0xFF, 0xCB, 0x5A, 0xFF, 0xCB, 0x5A, 0xFF, 0xCB, 0x5A, 0xFF, 0xCB, 0x5A, 0xFF,
  0xEB, 0x5A, 0xFF, 0xCB, 0x5A, 0xFF, 0xCB, 0x5A, 0xFF, 0xCB, 0x5A, 0xFF, 0xCB, 0x52, 0xFF, 0xCB, 0x52, 0xFF, 0xCB, 0x52, 0xFF, 0xE8, 0x39, 0xFF,
  0xC7, 0x39, 0xFF, 0xE7, 0x39, 0xFF, 0x65, 0x29, 0xFF, 0x6D, 0x6B, 0xFF, 0xF3, 0x9C, 0xFF, 0x51, 0x8C, 0xFF, 0x71, 0x8C, 0xFF, 0x71, 0x8C, 0xFF,
  0x30, 0x84, 0xFF, 0x10, 0x84, 0xFF, 0x10, 0x84, 0xFF, 0xEB, 0x5A, 0xFF, 0x65, 0x29, 0xFF, 0x08, 0x42, 0xFF, 0x3C, 0xE7, 0xFF, 0x7D, 0xEF, 0xFF,
  0x5D, 0xEF, 0xFF, 0x5D, 0xEF, 0xFF, 0x5D, 0xEF, 0xFF, 0x5D, 0xEF, 0xFF, 0x7D, 0xEF, 0xFF, 0x7D, 0xEF, 0xFF, 0x7D, 0xEF, 0xFF, 0x5D, 0xEF, 0xFF,
  0x5D, 0xEF, 0xFF, 0x7D, 0xEF, 0xFF, 0x5D, 0xEF, 0xFF, 0x5D, 0xEF, 0xFF, 0x7D, 0xEF, 0xFF, 0x5D, 0xEF, 0xFF, 0x5D, 0xEF, 0xFF, 0x5D, 0xEF, 0xFF,
  0x5D, 0xEF, 0xFF, 0x5D, 0xEF, 0xFF, 0x5D, 0xEF, 0xFF, 0x5D, 0xEF, 0xFF, 0x5D, 0xEF, 0xFF, 0x5D, 0xEF, 0xFF, 0x7D, 0xEF, 0xFF, 0x5D, 0xEF, 0xFF,
  0x7D, 0xEF, 0xFF, 0x5D, 0xEF, 0xFF, 0x7D, 0xEF, 0xFF, 0x5D, 0xEF, 0xFF, 0x5D, 0xEF, 0xFF, 0x7D, 0xEF, 0xFF, 0x5D, 0xEF, 0xFF, 0x5D, 0xEF, 0xFF,
  0x5D, 0xEF, 0xFF, 0x5D, 0xEF, 0xFF, 0x5D, 0xEF, 0xFF, 0x5D, 0xEF, 0xFF, 0x5D, 0xEF, 0xFF, 0x5D, 0xEF, 0xFF, 0x7D, 0xEF, 0xFF, 0x7D, 0xEF, 0xFF,
  0x7D, 0xEF, 0xFF, 0x7D, 0xEF, 0xFF, 0x7D, 0xEF, 0xFF, 0x7D, 0xEF, 0xFF, 0x7D, 0xEF, 0xFF, 0x7D, 0xEF, 0xFF, 0x7D, 0xEF, 0xFF, 0x7D, 0xEF, 0xFF,
  0x7D, 0xEF, 0xFF, 0x7D, 0xEF, 0xFF, 0x7D, 0xEF, 0xFF, 0x5D, 0xEF, 0xFF, 0x7D, 0xEF, 0xFF, 0x7D, 0xEF, 0xFF, 0x5D, 0xEF, 0xFF, 0x9E, 0xF7, 0xFF,
  0xDB, 0xDE, 0xFF, 0xBA, 0xD6, 0xFF, 0x7D, 0xEF, 0xF9, 0xFF, 0xFF, 0xFF, 0x6E, 0x6B, 0x79, 0x00, 0x00, 0x00, 0x00, 0x00, 0x00, 0x00, 0x00, 0x00,
  0x00, 0x00, 0x00, 0x00, 0x00, 0x00, 0x00, 0x00, 0x00, 0x00, 0x00, 0x00, 0xFF, 0xFF, 0x00, 0xFF, 0xFF, 0x00, 0xFF, 0xFF, 0x00, 0xFF, 0xFF, 0x00,
  0xFF, 0xFF, 0x00, 0xFF, 0xFF, 0x00, 0xFF, 0xFF, 0x00, 0xFF, 0xFF, 0x00, 0xFF, 0xFF, 0x00, 0xFF, 0xFF, 0x00, 0xFF, 0xFF, 0x00, 0xFF, 0xFF, 0x00,
  0xFF, 0xFF, 0x00, 0xFF, 0xFF, 0x00, 0xFF, 0xFF, 0x00, 0xFF, 0xFF, 0x00, 0xFF, 0xFF, 0x00, 0xFF, 0xFF, 0x00, 0xFF, 0xFF, 0x00, 0xFF, 0xFF, 0x00,
  0xFF, 0xFF, 0x00, 0xFF, 0xFF, 0x00, 0xFF, 0xFF, 0x00, 0xFF, 0xFF, 0x00, 0xFF, 0xFF, 0x00, 0xFF, 0xFF, 0x00, 0xFF, 0xFF, 0x00, 0xFF, 0xFF, 0x00,
  0xFF, 0xFF, 0x00, 0xFF, 0xFF, 0x00, 0xFF, 0xFF, 0x00, 0xFF, 0xFF, 0x00, 0xFF, 0xFF, 0x00, 0xFF, 0xFF, 0x00, 0xFF, 0xFF, 0x00, 0xFF, 0xFF, 0x00,
  0xFF, 0xFF, 0x00, 0xFF, 0xFF, 0x00, 0xFF, 0xFF, 0x00, 0xFF, 0xFF, 0x00, 0xFF, 0xFF, 0x00, 0xFF, 0xFF, 0x00, 0xFF, 0xFF, 0x00, 0xFF, 0xFF, 0x00,
  0xFF, 0xFF, 0x00, 0xFF, 0xFF, 0x00, 0xFF, 0xFF, 0x00, 0xFF, 0xFF, 0x00, 0xFF, 0xFF, 0x00, 0xFF, 0xFF, 0x00, 0xFF, 0xFF, 0x00, 0xFF, 0xFF, 0x00,
  0xFF, 0xFF, 0x00, 0xFF, 0xFF, 0x00, 0xFF, 0xFF, 0x00, 0x00, 0x00, 0x00, 0x00, 0x00, 0x00, 0x00, 0x00, 0x00, 0x00, 0x00, 0x00, 0x00, 0x00, 0x00,
  0x00, 0x00, 0x00, 0x00, 0x00, 0x00, 0x00, 0x00, 0x00, 0x00, 0x00, 0x00, 0x00, 0x00, 0x00, 0x00, 0x00, 0x00, 0x00, 0x00, 0x00, 0x00, 0x00, 0x00,
  0x00, 0x00, 0x00, 0x00, 0x00, 0x00, 0x00, 0x00, 0x00, 0x00, 0x00, 0x00, 0x00, 0x00, 0x00, 0x00, 0x00, 0x00, 0x00, 0x00, 0x00, 0x00, 0x00, 0x00,
  0x00, 0x00, 0x00, 0x00, 0x00, 0x00, 0x00, 0x00, 0x00, 0x00, 0x00, 0x00, 0x00, 0x00, 0x00, 0x00, 0x00, 0x00, 0x00, 0x00, 0x00, 0x00, 0x00, 0x00,
  0x00, 0x00, 0x00, 0x00, 0x00, 0x00, 0x00, 0x00, 0x00, 0x00, 0x00, 0x00, 0x00, 0x00, 0x00, 0x00, 0x00, 0x00, 0x00, 0x00, 0x00, 0x00, 0x00, 0x00,
  0x00, 0x00, 0x00, 0x00, 0x00, 0x00, 0x00, 0x00, 0x00, 0x00, 0x00, 0x00, 0x00, 0x00, 0x00, 0x00, 0x00, 0x00, 0x00, 0x00, 0x00, 0x00, 0x00, 0x00,
  0x00, 0x00, 0x00, 0x00, 0x00, 0x00, 0x00, 0x00, 0x00, 0x00, 0x00, 0x00, 0x00, 0x00, 0x00, 0x00, 0x00, 0x00, 0x00, 0x00, 0x00, 0x00, 0x00, 0x00,
  0x00, 0x00, 0x00, 0x00, 0x00, 0x00, 0x00, 0x00, 0x00, 0x00, 0x00, 0x00, 0x00, 0x00, 0x00, 0x00, 0x00, 0x00, 0x00, 0x00, 0x00, 0x00, 0x00, 0x00,
  0x00, 0x00, 0x00, 0x00, 0x00, 0x00, 0x00, 0x00, 0x00, 0x00, 0x00, 0x00, 0x81, 0x08, 0x04, 0x69, 0x4A, 0xE9, 0x65, 0x29, 0xFD, 0xFB, 0xE6, 0xFD,
  0x1C, 0xE7, 0xFF, 0x59, 0xCE, 0xFF, 0x9E, 0xF7, 0xFF, 0x5D, 0xEF, 0xFF, 0x7D, 0xEF, 0xFF, 0x7D, 0xEF, 0xFF, 0x7D, 0xEF, 0xFF, 0x7D, 0xEF, 0xFF,
  0x7D, 0xEF, 0xFF, 0x7D, 0xEF, 0xFF, 0x7D, 0xEF, 0xFF, 0x7D, 0xEF, 0xFF, 0x7D, 0xEF, 0xFF, 0x7D, 0xEF, 0xFF, 0x7D, 0xEF, 0xFF, 0x7D, 0xEF, 0xFF,
  0x7D, 0xEF, 0xFF, 0x7D, 0xEF, 0xFF, 0x7D, 0xEF, 0xFF, 0x5D, 0xEF, 0xFF, 0x9E, 0xF7, 0xFF, 0xBA, 0xD6, 0xFF, 0xC7, 0x39, 0xFF, 0x24, 0x21, 0xFF,
  0x8E, 0x73, 0xFF, 0x10, 0x84, 0xFF, 0xB2, 0x94, 0xFF, 0x30, 0x84, 0xFF, 0xF3, 0x9C, 0xFF, 0x30, 0x84, 0xFF, 0xD3, 0x9C, 0xFF, 0x30, 0x84, 0xFF,
  0x6A, 0x4A, 0xFF, 0xEC, 0x5A, 0xFF, 0xEB, 0x5A, 0xFF, 0xEB, 0x5A, 0xFF, 0xEB, 0x5A, 0xFF, 0xEC, 0x5A, 0xFF, 0xEC, 0x5A, 0xFF, 0xEC, 0x5A, 0xFF,
  0xEC, 0x5A, 0xFF, 0xEC, 0x5A, 0xFF, 0xEC, 0x5A, 0xFF, 0xEC, 0x5A, 0xFF, 0xEC, 0x5A, 0xFF, 0xEC, 0x5A, 0xFF, 0xEC, 0x5A, 0xFF, 0xEC, 0x5A, 0xFF,
  0xEC, 0x5A, 0xFF, 0xEC, 0x5A, 0xFF, 0xEC, 0x5A, 0xFF, 0xEB, 0x5A, 0xFF, 0xEB, 0x5A, 0xFF, 0xEC, 0x5A, 0xFF, 0xEB, 0x5A, 0xFF, 0xEB, 0x5A, 0xFF,
  0xCB, 0x5A, 0xFF, 0xCB, 0x5A, 0xFF, 0xCB, 0x5A, 0xFF, 0xCB, 0x5A, 0xFF, 0xCB, 0x5A, 0xFF, 0xCB, 0x5A, 0xFF, 0xCB, 0x5A, 0xFF, 0xCB, 0x52, 0xFF,
  0xCB, 0x52, 0xFF, 0xCB, 0x52, 0xFF, 0xCB, 0x52, 0xFF, 0x08, 0x3A, 0xFF, 0xC7, 0x39, 0xFF, 0xE7, 0x39, 0xFF, 0x86, 0x31, 0xFF, 0xCB, 0x5A, 0xFF,
  0xF3, 0x9C, 0xFF, 0x92, 0x94, 0xFF, 0xB2, 0x94, 0xFF, 0xD3, 0x9C, 0xFF, 0x10, 0x84, 0xFF, 0x72, 0x8C, 0xFF, 0x10, 0x84, 0xFF, 0xEB, 0x5A, 0xFF,
  0x65, 0x29, 0xFF, 0xE7, 0x39, 0xFF, 0x3C, 0xE7, 0xFF, 0x7D, 0xEF, 0xFF, 0x5D, 0xEF, 0xFF, 0x5D, 0xEF, 0xFF, 0x5D, 0xEF, 0xFF, 0x5D, 0xEF, 0xFF,
  0x5D, 0xEF, 0xFF, 0x7D, 0xEF, 0xFF, 0x5D, 0xEF, 0xFF, 0x5D, 0xEF, 0xFF, 0x7D, 0xEF, 0xFF, 0x5D, 0xEF, 0xFF, 0x5D, 0xEF, 0xFF, 0x5D, 0xEF, 0xFF,
  0x5D, 0xEF, 0xFF, 0x5D, 0xEF, 0xFF, 0x5D, 0xEF, 0xFF, 0x5D, 0xEF, 0xFF, 0x5D, 0xEF, 0xFF, 0x5D, 0xEF, 0xFF, 0x5D, 0xEF, 0xFF, 0x7D, 0xEF, 0xFF,
  0x7D, 0xEF, 0xFF, 0x5D, 0xEF, 0xFF, 0x5D, 0xEF, 0xFF, 0x5D, 0xEF, 0xFF, 0x7D, 0xEF, 0xFF, 0x5D, 0xEF, 0xFF, 0x5D, 0xEF, 0xFF, 0x5D, 0xEF, 0xFF,
  0x5D, 0xEF, 0xFF, 0x5D, 0xEF, 0xFF, 0x5D, 0xEF, 0xFF, 0x5D, 0xEF, 0xFF, 0x5D, 0xEF, 0xFF, 0x5D, 0xEF, 0xFF, 0x5D, 0xEF, 0xFF, 0x5D, 0xEF, 0xFF,
  0x7D, 0xEF, 0xFF, 0x5D, 0xEF, 0xFF, 0x7D, 0xEF, 0xFF, 0x7D, 0xEF, 0xFF, 0x5D, 0xEF, 0xFF, 0x7D, 0xEF, 0xFF, 0x5D, 0xEF, 0xFF, 0x7D, 0xEF, 0xFF,
  0x7D, 0xEF, 0xFF, 0x7D, 0xEF, 0xFF, 0x7D, 0xEF, 0xFF, 0x7D, 0xEF, 0xFF, 0x7D, 0xEF, 0xFF, 0x7D, 0xEF, 0xFF, 0x7D, 0xEF, 0xFF, 0x7D, 0xEF, 0xFF,
  0x7D, 0xEF, 0xFF, 0x5D, 0xEF, 0xFF, 0x7D, 0xEF, 0xFF, 0x7D, 0xEF, 0xFF, 0x5C, 0xEF, 0xFF, 0x59, 0xCE, 0xFF, 0x5D, 0xEF, 0xFD, 0xBE, 0xF7, 0xFD,
  0xB6, 0xB5, 0xE2, 0x20, 0x00, 0x02, 0x00, 0x00, 0x00, 0x00, 0x00, 0x00, 0x00, 0x00, 0x00, 0x00, 0x00, 0x00, 0x00, 0x00, 0x00, 0x00, 0x00, 0x00,
  0xFF, 0xFF, 0x00, 0xFF, 0xFF, 0x00, 0xFF, 0xFF, 0x00, 0xFF, 0xFF, 0x00, 0xFF, 0xFF, 0x00, 0xFF, 0xFF, 0x00, 0xFF, 0xFF, 0x00, 0xFF, 0xFF, 0x00,
  0xFF, 0xFF, 0x00, 0xFF, 0xFF, 0x00, 0xFF, 0xFF, 0x00, 0xFF, 0xFF, 0x00, 0xFF, 0xFF, 0x00, 0xFF, 0xFF, 0x00, 0xFF, 0xFF, 0x00, 0xFF, 0xFF, 0x00,
  0xFF, 0xFF, 0x00, 0xFF, 0xFF, 0x00, 0xFF, 0xFF, 0x00, 0xFF, 0xFF, 0x00, 0xFF, 0xFF, 0x00, 0xFF, 0xFF, 0x00, 0xFF, 0xFF, 0x00, 0xFF, 0xFF, 0x00,
  0xFF, 0xFF, 0x00, 0xFF, 0xFF, 0x00, 0xFF, 0xFF, 0x00, 0xFF, 0xFF, 0x00, 0xFF, 0xFF, 0x00, 0xFF, 0xFF, 0x00, 0xFF, 0xFF, 0x00, 0xFF, 0xFF, 0x00,
  0xFF, 0xFF, 0x00, 0xFF, 0xFF, 0x00, 0xFF, 0xFF, 0x00, 0xFF, 0xFF, 0x00, 0xFF, 0xFF, 0x00, 0xFF, 0xFF, 0x00, 0xFF, 0xFF, 0x00, 0xFF, 0xFF, 0x00,
  0xFF, 0xFF, 0x00, 0xFF, 0xFF, 0x00, 0xFF, 0xFF, 0x00, 0xFF, 0xFF, 0x00, 0xFF, 0xFF, 0x00, 0xFF, 0xFF, 0x00, 0xFF, 0xFF, 0x00, 0xFF, 0xFF, 0x00,
  0xFF, 0xFF, 0x00, 0xFF, 0xFF, 0x00, 0xFF, 0xFF, 0x00, 0xFF, 0xFF, 0x00, 0xFF, 0xFF, 0x00, 0xFF, 0xFF, 0x00, 0xFF, 0xFF, 0x00, 0x00, 0x00, 0x00,
  0x00, 0x00, 0x00, 0x00, 0x00, 0x00, 0x00, 0x00, 0x00, 0x00, 0x00, 0x00, 0x00, 0x00, 0x00, 0x00, 0x00, 0x00, 0x00, 0x00, 0x00, 0x00, 0x00, 0x00,
  0x00, 0x00, 0x00, 0x00, 0x00, 0x00, 0x00, 0x00, 0x00, 0x00, 0x00, 0x00, 0x00, 0x00, 0x00, 0x00, 0x00, 0x00, 0x00, 0x00, 0x00, 0x00, 0x00, 0x00,
  0x00, 0x00, 0x00, 0x00, 0x00, 0x00, 0x00, 0x00, 0x00, 0x00, 0x00, 0x00, 0x00, 0x00, 0x00, 0x00, 0x00, 0x00, 0x00, 0x00, 0x00, 0x00, 0x00, 0x00,
  0x00, 0x00, 0x00, 0x00, 0x00, 0x00, 0x00, 0x00, 0x00, 0x00, 0x00, 0x00, 0x00, 0x00, 0x00, 0x00, 0x00, 0x00, 0x00, 0x00, 0x00, 0x00, 0x00, 0x00,
  0x00, 0x00, 0x00, 0x00, 0x00, 0x00, 0x00, 0x00, 0x00, 0x00, 0x00, 0x00, 0x00, 0x00, 0x00, 0x00, 0x00, 0x00, 0x00, 0x00, 0x00, 0x00, 0x00, 0x00,
  0x00, 0x00, 0x00, 0x00, 0x00, 0x00, 0x00, 0x00, 0x00, 0x00, 0x00, 0x00, 0x00, 0x00, 0x00, 0x00, 0x00, 0x00, 0x00, 0x00, 0x00, 0x00, 0x00, 0x00,
  0x00, 0x00, 0x00, 0x00, 0x00, 0x00, 0x00, 0x00, 0x00, 0x00, 0x00, 0x00, 0x00, 0x00, 0x00, 0x00, 0x00, 0x00, 0x00, 0x00, 0x00, 0x00, 0x00, 0x00,
  0x00, 0x00, 0x00, 0x00, 0x00, 0x00, 0x00, 0x00, 0x00, 0x00, 0x00, 0x00, 0x00, 0x00, 0x00, 0x00, 0x00, 0x00, 0x00, 0x00, 0x00, 0x00, 0x00, 0x00,
  0x65, 0x29, 0x32, 0xE7, 0x39, 0xFF, 0x6D, 0x6B, 0xF7, 0xFF, 0xFF, 0xFF, 0x9A, 0xD6, 0xFF, 0xFB, 0xDE, 0xFF, 0x9D, 0xF7, 0xFF, 0x5D, 0xEF, 0xFF,
  0x7D, 0xEF, 0xFF, 0x7D, 0xEF, 0xFF, 0x7D, 0xEF, 0xFF, 0x7D, 0xEF, 0xFF, 0x7D, 0xEF, 0xFF, 0x7D, 0xEF, 0xFF, 0x7D, 0xEF, 0xFF, 0x7D, 0xEF, 0xFF,
  0x7D, 0xEF, 0xFF, 0x7D, 0xEF, 0xFF, 0x7D, 0xEF, 0xFF, 0x7D, 0xEF, 0xFF, 0x7D, 0xEF, 0xFF, 0x7D, 0xEF, 0xFF, 0x7D, 0xEF, 0xFF, 0x5D, 0xEF, 0xFF,
  0x9E, 0xF7, 0xFF, 0xBA, 0xD6, 0xFF, 0xC7, 0x39, 0xFF, 0x24, 0x21, 0xFF, 0x8E, 0x73, 0xFF, 0x10, 0x84, 0xFF, 0x51, 0x8C, 0xFF, 0xCF, 0x7B, 0xFF,
  0xD3, 0x9C, 0xFF, 0x10, 0x84, 0xFF, 0xD3, 0x9C, 0xFF, 0x10, 0x84, 0xFF, 0x69, 0x4A, 0xFF, 0xEC, 0x5A, 0xFF, 0xCB, 0x5A, 0xFF, 0xCB, 0x5A, 0xFF,
  0xEB, 0x5A, 0xFF, 0xEB, 0x5A, 0xFF, 0xEB, 0x5A, 0xFF, 0xEB, 0x5A, 0xFF, 0xEB, 0x5A, 0xFF, 0xEB, 0x5A, 0xFF, 0xEC, 0x5A, 0xFF, 0xEC, 0x5A, 0xFF,
  0xEC, 0x5A, 0xFF, 0xEC, 0x5A, 0xFF, 0xEC, 0x5A, 0xFF, 0xEC, 0x5A, 0xFF, 0xEC, 0x5A, 0xFF, 0xEC, 0x5A, 0xFF, 0xEC, 0x5A, 0xFF, 0xEB, 0x5A, 0xFF,
  0xEB, 0x5A, 0xFF, 0xEB, 0x5A, 0xFF, 0xCB, 0x5A, 0xFF, 0xCB, 0x5A, 0xFF, 0xCB, 0x5A, 0xFF, 0xCB, 0x5A, 0xFF, 0xCB, 0x5A, 0xFF, 0xCB, 0x5A, 0xFF,
  0xCB, 0x5A, 0xFF, 0xCB, 0x5A, 0xFF, 0xCB, 0x5A, 0xFF, 0xCB, 0x52, 0xFF, 0xCB, 0x52, 0xFF, 0xAB, 0x52, 0xFF, 0xCB, 0x52, 0xFF, 0x28, 0x42, 0xFF,
  0xC7, 0x31, 0xFF, 0xE7, 0x39, 0xFF, 0xC7, 0x31, 0xFF, 0xAA, 0x52, 0xFF, 0xD3, 0x9C, 0xFF, 0x10, 0x84, 0xFF, 0x51, 0x8C, 0xFF, 0x92, 0x94, 0xFF,
  0xCF, 0x7B, 0xFF, 0xB2, 0x94, 0xFF, 0x30, 0x84, 0xFF, 0xEB, 0x5A, 0xFF, 0x65, 0x29, 0xFF, 0xE7, 0x39, 0xFF, 0x3C, 0xE7, 0xFF, 0x7D, 0xEF, 0xFF,
  0x5D, 0xEF, 0xFF, 0x5D, 0xEF, 0xFF, 0x5D, 0xEF, 0xFF, 0x5D, 0xEF, 0xFF, 0x5D, 0xEF, 0xFF, 0x7D, 0xEF, 0xFF, 0x7D, 0xEF, 0xFF, 0x7D, 0xEF, 0xFF,
  0x7D, 0xEF, 0xFF, 0x5D, 0xEF, 0xFF, 0x5D, 0xEF, 0xFF, 0x5D, 0xEF, 0xFF, 0x5D, 0xEF, 0xFF, 0x5D, 0xEF, 0xFF, 0x5D, 0xEF, 0xFF, 0x5D, 0xEF, 0xFF,
  0x5D, 0xEF, 0xFF, 0x5D, 0xEF, 0xFF, 0x5D, 0xEF, 0xFF, 0x7D, 0xEF, 0xFF, 0x7D, 0xEF, 0xFF, 0x5D, 0xEF, 0xFF, 0x7D, 0xEF, 0xFF, 0x7D, 0xEF, 0xFF,
  0x5D, 0xEF, 0xFF, 0x5D, 0xEF, 0xFF, 0x5D, 0xEF, 0xFF, 0x5D, 0xEF, 0xFF, 0x5D, 0xEF, 0xFF, 0x5D, 0xEF, 0xFF, 0x5D, 0xEF, 0xFF, 0x5D, 0xEF, 0xFF,
  0x5D, 0xEF, 0xFF, 0x5D, 0xEF, 0xFF, 0x5D, 0xEF, 0xFF, 0x5D, 0xEF, 0xFF, 0x7D, 0xEF, 0xFF, 0x7D, 0xEF, 0xFF, 0x7D, 0xEF, 0xFF, 0x7D, 0xEF, 0xFF,
  0x7D, 0xEF, 0xFF, 0x5D, 0xEF, 0xFF, 0x7D, 0xEF, 0xFF, 0x7D, 0xEF, 0xFF, 0x5D, 0xEF, 0xFF, 0x7D, 0xEF, 0xFF, 0x7D, 0xEF, 0xFF, 0x7D, 0xEF, 0xFF,
  0x7D, 0xEF, 0xFF, 0x7D, 0xEF, 0xFF, 0x7D, 0xEF, 0xFF, 0x7D, 0xEF, 0xFF, 0x7D, 0xEF, 0xFF, 0x7D, 0xEF, 0xFF, 0x7D, 0xEF, 0xFF, 0x5D, 0xEF, 0xFF,
  0x9E, 0xF7, 0xFF, 0x79, 0xCE, 0xFF, 0x1C, 0xE7, 0xFF, 0x7D, 0xEF, 0xF7, 0x3C, 0xE7, 0xFF, 0x86, 0x31, 0x29, 0x00, 0x00, 0x00, 0x00, 0x00, 0x00,
  0x00, 0x00, 0x00, 0x00, 0x00, 0x00, 0x00, 0x00, 0x00, 0x00, 0x00, 0x00, 0xFF, 0xFF, 0x00, 0xFF, 0xFF, 0x00, 0xFF, 0xFF, 0x00, 0xFF, 0xFF, 0x00,
  0xFF, 0xFF, 0x00, 0xFF, 0xFF, 0x00, 0xFF, 0xFF, 0x00, 0xFF, 0xFF, 0x00, 0xFF, 0xFF, 0x00, 0xFF, 0xFF, 0x00, 0xFF, 0xFF, 0x00, 0xFF, 0xFF, 0x00,
  0xFF, 0xFF, 0x00, 0xFF, 0xFF, 0x00, 0xFF, 0xFF, 0x00, 0xFF, 0xFF, 0x00, 0xFF, 0xFF, 0x00, 0xFF, 0xFF, 0x00, 0xFF, 0xFF, 0x00, 0xFF, 0xFF, 0x00,
  0xFF, 0xFF, 0x00, 0xFF, 0xFF, 0x00, 0xFF, 0xFF, 0x00, 0xFF, 0xFF, 0x00, 0xFF, 0xFF, 0x00, 0xFF, 0xFF, 0x00, 0xFF, 0xFF, 0x00, 0xFF, 0xFF, 0x00,
  0xFF, 0xFF, 0x00, 0xFF, 0xFF, 0x00, 0xFF, 0xFF, 0x00, 0xFF, 0xFF, 0x00, 0xFF, 0xFF, 0x00, 0xFF, 0xFF, 0x00, 0xFF, 0xFF, 0x00, 0xFF, 0xFF, 0x00,
  0xFF, 0xFF, 0x00, 0xFF, 0xFF, 0x00, 0xFF, 0xFF, 0x00, 0xFF, 0xFF, 0x00, 0xFF, 0xFF, 0x00, 0xFF, 0xFF, 0x00, 0xFF, 0xFF, 0x00, 0xFF, 0xFF, 0x00,
  0xFF, 0xFF, 0x00, 0xFF, 0xFF, 0x00, 0xFF, 0xFF, 0x00, 0xFF, 0xFF, 0x00, 0xFF, 0xFF, 0x00, 0xFF, 0xFF, 0x00, 0xFF, 0xFF, 0x00, 0xFF, 0xFF, 0x00,
  0xFF, 0xFF, 0x00, 0xFF, 0xFF, 0x00, 0xFF, 0xFF, 0x00, 0x00, 0x00, 0x00, 0x00, 0x00, 0x00, 0x00, 0x00, 0x00, 0x00, 0x00, 0x00, 0x00, 0x00, 0x00,
  0x00, 0x00, 0x00, 0x00, 0x00, 0x00, 0x00, 0x00, 0x00, 0x00, 0x00, 0x00, 0x00, 0x00, 0x00, 0x00, 0x00, 0x00, 0x00, 0x00, 0x00, 0x00, 0x00, 0x00,
  0x00, 0x00, 0x00, 0x00, 0x00, 0x00, 0x00, 0x00, 0x00, 0x00, 0x00, 0x00, 0x00, 0x00, 0x00, 0x00, 0x00, 0x00, 0x00, 0x00, 0x00, 0x00, 0x00, 0x00,
  0x00, 0x00, 0x00, 0x00, 0x00, 0x00, 0x00, 0x00, 0x00, 0x00, 0x00, 0x00, 0x00, 0x00, 0x00, 0x00, 0x00, 0x00, 0x00, 0x00, 0x00, 0x00, 0x00, 0x00,
  0x00, 0x00, 0x00, 0x00, 0x00, 0x00, 0x00, 0x00, 0x00, 0x00, 0x00, 0x00, 0x00, 0x00, 0x00, 0x00, 0x00, 0x00, 0x00, 0x00, 0x00, 0x00, 0x00, 0x00,
  0x00, 0x00, 0x00, 0x00, 0x00, 0x00, 0x00, 0x00, 0x00, 0x00, 0x00, 0x00, 0x00, 0x00, 0x00, 0x00, 0x00, 0x00, 0x00, 0x00, 0x00, 0x00, 0x00, 0x00,
  0x00, 0x00, 0x00, 0x00, 0x00, 0x00, 0x00, 0x00, 0x00, 0x00, 0x00, 0x00, 0x00, 0x00, 0x00, 0x00, 0x00, 0x00, 0x00, 0x00, 0x00, 0x00, 0x00, 0x00,
  0x00, 0x00, 0x00, 0x00, 0x00, 0x00, 0x00, 0x00, 0x00, 0x00, 0x00, 0x00, 0x00, 0x00, 0x00, 0x00, 0x00, 0x00, 0x00, 0x00, 0x00, 0x00, 0x00, 0x00,
  0x00, 0x00, 0x00, 0x00, 0x00, 0x00, 0x00, 0x00, 0x00, 0x00, 0x00, 0x00, 0x49, 0x4A, 0xAB, 0xE7, 0x39, 0xFF, 0xF7, 0xBD, 0xFB, 0xBE, 0xF7, 0xFF,
  0x38, 0xCE, 0xFF, 0x5D, 0xEF, 0xFF, 0x7D, 0xEF, 0xFF, 0x7D, 0xEF, 0xFF, 0x7D, 0xEF, 0xFF, 0x7D, 0xEF, 0xFF, 0x7D, 0xEF, 0xFF, 0x7D, 0xEF, 0xFF,
  0x7D, 0xEF, 0xFF, 0x7D, 0xEF, 0xFF, 0x7D, 0xEF, 0xFF, 0x7D, 0xEF, 0xFF, 0x7D, 0xEF, 0xFF, 0x7D, 0xEF, 0xFF, 0x5D, 0xEF, 0xFF, 0x7D, 0xEF, 0xFF,
  0x7D, 0xEF, 0xFF, 0x7D, 0xEF, 0xFF, 0x5D, 0xEF, 0xFF, 0x5D, 0xEF, 0xFF, 0x9E, 0xF7, 0xFF, 0xBA, 0xD6, 0xFF, 0xA6, 0x31, 0xFF, 0x24, 0x21, 0xFF,
  0x2C, 0x63, 0xFF, 0xEF, 0x7B, 0xFF, 0x30, 0x84, 0xFF, 0xCF, 0x7B, 0xFF, 0x92, 0x94, 0xFF, 0x30, 0x84, 0xFF, 0xB2, 0x94, 0xFF, 0x4D, 0x6B, 0xFF,
  0x49, 0x4A, 0xFF, 0xEC, 0x5A, 0xFF, 0xCB, 0x5A, 0xFF, 0xCB, 0x5A, 0xFF, 0xCB, 0x5A, 0xFF, 0xCB, 0x5A, 0xFF, 0xEB, 0x5A, 0xFF, 0xEB, 0x5A, 0xFF,
  0xCB, 0x5A, 0xFF, 0xEC, 0x5A, 0xFF, 0xEB, 0x5A, 0xFF, 0xEB, 0x5A, 0xFF, 0xEB, 0x5A, 0xFF, 0xEC, 0x5A, 0xFF, 0xEC, 0x5A, 0xFF, 0xEC, 0x5A, 0xFF,
  0xEC, 0x5A, 0xFF, 0xEC, 0x5A, 0xFF, 0xEC, 0x5A, 0xFF, 0xEC, 0x5A, 0xFF, 0xEC, 0x5A, 0xFF, 0xEB, 0x5A, 0xFF, 0xEB, 0x5A, 0xFF, 0xEB, 0x5A, 0xFF,
  0xCB, 0x5A, 0xFF, 0xCB, 0x5A, 0xFF, 0xCB, 0x5A, 0xFF, 0xCB, 0x5A, 0xFF, 0xCB, 0x5A, 0xFF, 0xCB, 0x5A, 0xFF, 0xCB, 0x5A, 0xFF, 0xCB, 0x52, 0xFF,
  0xAB, 0x52, 0xFF, 0xAB, 0x52, 0xFF, 0xCB, 0x52, 0xFF, 0x49, 0x4A, 0xFF, 0xC7, 0x31, 0xFF, 0xE7, 0x39, 0xFF, 0xC7, 0x39, 0xFF, 0x49, 0x42, 0xFF,
  0xD3, 0x9C, 0xFF, 0x92, 0x8C, 0xFF, 0x10, 0x84, 0xFF, 0x71, 0x8C, 0xFF, 0x6D, 0x6B, 0xFF, 0x71, 0x8C, 0xFF, 0x30, 0x84, 0xFF, 0xAA, 0x52, 0xFF,
  0x65, 0x29, 0xFF, 0xE7, 0x39, 0xFF, 0x3C, 0xE7, 0xFF, 0x7D, 0xEF, 0xFF, 0x5D, 0xEF, 0xFF, 0x5D, 0xEF, 0xFF, 0x5D, 0xEF, 0xFF, 0x5D, 0xEF, 0xFF,
  0x5D, 0xEF, 0xFF, 0x5D, 0xEF, 0xFF, 0x5D, 0xEF, 0xFF, 0x5D, 0xEF, 0xFF, 0x5D, 0xEF, 0xFF, 0x7D, 0xEF, 0xFF, 0x5D, 0xEF, 0xFF, 0x7D, 0xEF, 0xFF,
  0x7D, 0xEF, 0xFF, 0x5D, 0xEF, 0xFF, 0x7D, 0xEF, 0xFF, 0x5D, 0xEF, 0xFF, 0x5D, 0xEF, 0xFF, 0x5D, 0xEF, 0xFF, 0x5D, 0xEF, 0xFF, 0x7D, 0xEF, 0xFF,
  0x5D, 0xEF, 0xFF, 0x5D, 0xEF, 0xFF, 0x5D, 0xEF, 0xFF, 0x5D, 0xEF, 0xFF, 0x5D, 0xEF, 0xFF, 0x5D, 0xEF, 0xFF, 0x5D, 0xEF, 0xFF, 0x5D, 0xEF, 0xFF,
  0x5D, 0xEF, 0xFF, 0x5D, 0xEF, 0xFF, 0x5D, 0xEF, 0xFF, 0x5D, 0xEF, 0xFF, 0x5D, 0xEF, 0xFF, 0x5D, 0xEF, 0xFF, 0x5D, 0xEF, 0xFF, 0x5D, 0xEF, 0xFF,
  0x5D, 0xEF, 0xFF, 0x7D, 0xEF, 0xFF, 0x7D, 0xEF, 0xFF, 0x7D, 0xEF, 0xFF, 0x7D, 0xEF, 0xFF, 0x7D, 0xEF, 0xFF, 0x7D, 0xEF, 0xFF, 0x7D, 0xEF, 0xFF,
  0x5D, 0xEF, 0xFF, 0x7D, 0xEF, 0xFF, 0x7D, 0xEF, 0xFF, 0x7D, 0xEF, 0xFF, 0x7D, 0xEF, 0xFF, 0x7D, 0xEF, 0xFF, 0x7D, 0xEF, 0xFF, 0x7D, 0xEF, 0xFF,
  0x7D, 0xEF, 0xFF, 0x5D, 0xEF, 0xFF, 0x7D, 0xEF, 0xFF, 0x5D, 0xEF, 0xFF, 0x9E, 0xF7, 0xFF, 0xDB, 0xDE, 0xFF, 0x9A, 0xD6, 0xFF, 0x7D, 0xEF, 0xF9,
  0xDF, 0xFF, 0xFD, 0xAE, 0x73, 0x86, 0x00, 0x00, 0x00, 0x00, 0x00, 0x00, 0x00, 0x00, 0x00, 0x00, 0x00, 0x00, 0x00, 0x00, 0x00, 0x00, 0x00, 0x00,
  0xFF, 0xFF, 0x00, 0xFF, 0xFF, 0x00, 0xFF, 0xFF, 0x00, 0xFF, 0xFF, 0x00, 0xFF, 0xFF, 0x00, 0xFF, 0xFF, 0x00, 0xFF, 0xFF, 0x00, 0xFF, 0xFF, 0x00,
  0xFF, 0xFF, 0x00, 0xFF, 0xFF, 0x00, 0xFF, 0xFF, 0x00, 0xFF, 0xFF, 0x00, 0xFF, 0xFF, 0x00, 0xFF, 0xFF, 0x00, 0xFF, 0xFF, 0x00, 0xFF, 0xFF, 0x00,
  0xFF, 0xFF, 0x00, 0xFF, 0xFF, 0x00, 0xFF, 0xFF, 0x00, 0xFF, 0xFF, 0x00, 0xFF, 0xFF, 0x00, 0xFF, 0xFF, 0x00, 0xFF, 0xFF, 0x00, 0xFF, 0xFF, 0x00,
  0xFF, 0xFF, 0x00, 0xFF, 0xFF, 0x00, 0xFF, 0xFF, 0x00, 0xFF, 0xFF, 0x00, 0xFF, 0xFF, 0x00, 0xFF, 0xFF, 0x00, 0xFF, 0xFF, 0x00, 0xFF, 0xFF, 0x00,
  0xFF, 0xFF, 0x00, 0xFF, 0xFF, 0x00, 0xFF, 0xFF, 0x00, 0xFF, 0xFF, 0x00, 0xFF, 0xFF, 0x00, 0xFF, 0xFF, 0x00, 0xFF, 0xFF, 0x00, 0xFF, 0xFF, 0x00,
  0xFF, 0xFF, 0x00, 0xFF, 0xFF, 0x00, 0xFF, 0xFF, 0x00, 0xFF, 0xFF, 0x00, 0xFF, 0xFF, 0x00, 0xFF, 0xFF, 0x00, 0xFF, 0xFF, 0x00, 0xFF, 0xFF, 0x00,
  0xFF, 0xFF, 0x00, 0xFF, 0xFF, 0x00, 0xFF, 0xFF, 0x00, 0xFF, 0xFF, 0x00, 0xFF, 0xFF, 0x00, 0xFF, 0xFF, 0x00, 0xFF, 0xFF, 0x00, 0x00, 0x00, 0x00,
  0x00, 0x00, 0x00, 0x00, 0x00, 0x00, 0x00, 0x00, 0x00, 0x00, 0x00, 0x00, 0x00, 0x00, 0x00, 0x00, 0x00, 0x00, 0x00, 0x00, 0x00, 0x00, 0x00, 0x00,
  0x00, 0x00, 0x00, 0x00, 0x00, 0x00, 0x00, 0x00, 0x00, 0x00, 0x00, 0x00, 0x00, 0x00, 0x00, 0x00, 0x00, 0x00, 0x00, 0x00, 0x00, 0x00, 0x00, 0x00,
  0x00, 0x00, 0x00, 0x00, 0x00, 0x00, 0x00, 0x00, 0x00, 0x00, 0x00, 0x00, 0x00, 0x00, 0x00, 0x00, 0x00, 0x00, 0x00, 0x00, 0x00, 0x00, 0x00, 0x00,
  0x00, 0x00, 0x00, 0x00, 0x00, 0x00, 0x00, 0x00, 0x00, 0x00, 0x00, 0x00, 0x00, 0x00, 0x00, 0x00, 0x00, 0x00, 0x00, 0x00, 0x00, 0x00, 0x00, 0x00,
  0x00, 0x00, 0x00, 0x00, 0x00, 0x00, 0x00, 0x00, 0x00, 0x00, 0x00, 0x00, 0x00, 0x00, 0x00, 0x00, 0x00, 0x00, 0x00, 0x00, 0x00, 0x00, 0x00, 0x00,
  0x00, 0x00, 0x00, 0x00, 0x00, 0x00, 0x00, 0x00, 0x00, 0x00, 0x00, 0x00, 0x00, 0x00, 0x00, 0x00, 0x00, 0x00, 0x00, 0x00, 0x00, 0x00, 0x00, 0x00,
  0x00, 0x00, 0x00, 0x00, 0x00, 0x00, 0x00, 0x00, 0x00, 0x00, 0x00, 0x00, 0x00, 0x00, 0x00, 0x00, 0x00, 0x00, 0x00, 0x00, 0x00, 0x00, 0x00, 0x00,
  0x00, 0x00, 0x00, 0x00, 0x00, 0x00, 0x00, 0x00, 0x00, 0x00, 0x00, 0x00, 0x00, 0x00, 0x00, 0x00, 0x00, 0x00, 0x00, 0x00, 0x00, 0xA2, 0x10, 0x09,
  0x69, 0x4A, 0xFD, 0x28, 0x42, 0xFB, 0x7D, 0xEF, 0xFF, 0xDB, 0xDE, 0xFF, 0x59, 0xCE, 0xFF, 0x9E, 0xF7, 0xFF, 0x5D, 0xEF, 0xFF, 0x7D, 0xEF, 0xFF,
  0x7D, 0xEF, 0xFF, 0x7D, 0xEF, 0xFF, 0x7D, 0xEF, 0xFF, 0x7D, 0xEF, 0xFF, 0x7D, 0xEF, 0xFF, 0x7D, 0xEF, 0xFF, 0x7D, 0xEF, 0xFF, 0x7D, 0xEF, 0xFF,
  0x7D, 0xEF, 0xFF, 0x7D, 0xEF, 0xFF, 0x5D, 0xEF, 0xFF, 0x7D, 0xEF, 0xFF, 0x5D, 0xEF, 0xFF, 0x7D, 0xEF, 0xFF, 0x5D, 0xEF, 0xFF, 0x5D, 0xEF, 0xFF,
  0x9E, 0xF7, 0xFF, 0xDA, 0xDE, 0xFF, 0xA6, 0x31, 0xFF, 0x24, 0x21, 0xFF, 0x4D, 0x6B, 0xFF, 0xB2, 0x94, 0xFF, 0xB2, 0x94, 0xFF, 0x51, 0x8C, 0xFF,
  0x91, 0x8C, 0xFF, 0x10, 0x84, 0xFF, 0x51, 0x8C, 0xFF, 0xAA, 0x52, 0xFF, 0xAA, 0x52, 0xFF, 0xCB, 0x5A, 0xFF, 0xCB, 0x5A, 0xFF, 0xCB, 0x5A, 0xFF,
  0xCB, 0x5A, 0xFF, 0xCB, 0x5A, 0xFF, 0xCB, 0x5A, 0xFF, 0xCB, 0x5A, 0xFF, 0xCB, 0x5A, 0xFF, 0xEB, 0x5A, 0xFF, 0xEB, 0x5A, 0xFF, 0xEB, 0x5A, 0xFF,
  0xEB, 0x5A, 0xFF, 0xEB, 0x5A, 0xFF, 0xEB, 0x5A, 0xFF, 0xEB, 0x5A, 0xFF, 0xEC, 0x5A, 0xFF, 0xEC, 0x5A, 0xFF, 0xEC, 0x5A, 0xFF, 0xEC, 0x5A, 0xFF,
  0xEB, 0x5A, 0xFF, 0xEB, 0x5A, 0xFF, 0xCB, 0x5A, 0xFF, 0xCB, 0x5A, 0xFF, 0xCB, 0x5A, 0xFF, 0xCB, 0x5A, 0xFF, 0xCB, 0x5A, 0xFF, 0xCB, 0x5A, 0xFF,
  0xCB, 0x5A, 0xFF, 0xCB, 0x5A, 0xFF, 0xCB, 0x52, 0xFF, 0xCB, 0x52, 0xFF, 0xCB, 0x52, 0xFF, 0xAB, 0x52, 0xFF, 0xCB, 0x52, 0xFF, 0x8A, 0x52, 0xFF,
  0xE7, 0x39, 0xFF, 0xE7, 0x39, 0xFF, 0xE7, 0x39, 0xFF, 0xE7, 0x39, 0xFF, 0x10, 0x84, 0xFF, 0x71, 0x8C, 0xFF, 0xCF, 0x7B, 0xFF, 0xB2, 0x94, 0xFF,
  0xF0, 0x7B, 0xFF, 0xB2, 0x94, 0xFF, 0x30, 0x84, 0xFF, 0x69, 0x4A, 0xFF, 0x45, 0x29, 0xFF, 0xC7, 0x39, 0xFF, 0x3C, 0xE7, 0xFF, 0x7D, 0xEF, 0xFF,
  0x5D, 0xEF, 0xFF, 0x5D, 0xEF, 0xFF, 0x5D, 0xEF, 0xFF, 0x5D, 0xEF, 0xFF, 0x5D, 0xEF, 0xFF, 0x5D, 0xEF, 0xFF, 0x7D, 0xEF, 0xFF, 0x5D, 0xEF, 0xFF,
  0x5D, 0xEF, 0xFF, 0x7D, 0xEF, 0xFF, 0x5D, 0xEF, 0xFF, 0x5D, 0xEF, 0xFF, 0x5D, 0xEF, 0xFF, 0x5D, 0xEF, 0xFF, 0x5D, 0xEF, 0xFF, 0x5D, 0xEF, 0xFF,
  0x5D, 0xEF, 0xFF, 0x5D, 0xEF, 0xFF, 0x5D, 0xEF, 0xFF, 0x5D, 0xEF, 0xFF, 0x5D, 0xEF, 0xFF, 0x5D, 0xEF, 0xFF, 0x5D, 0xEF, 0xFF, 0x5D, 0xEF, 0xFF,
  0x7D, 0xEF, 0xFF, 0x5D, 0xEF, 0xFF, 0x7D, 0xEF, 0xFF, 0x5D, 0xEF, 0xFF, 0x5D, 0xEF, 0xFF, 0x5D, 0xEF, 0xFF, 0x5D, 0xEF, 0xFF, 0x5D, 0xEF, 0xFF,
  0x5D, 0xEF, 0xFF, 0x5D, 0xEF, 0xFF, 0x5D, 0xEF, 0xFF, 0x5D, 0xEF, 0xFF, 0x5D, 0xEF, 0xFF, 0x5D, 0xEF, 0xFF, 0x7D, 0xEF, 0xFF, 0x5D, 0xEF, 0xFF,
  0x7D, 0xEF, 0xFF, 0x5D, 0xEF, 0xFF, 0x7D, 0xEF, 0xFF, 0x7D, 0xEF, 0xFF, 0x7D, 0xEF, 0xFF, 0x7D, 0xEF, 0xFF, 0x7D, 0xEF, 0xFF, 0x7D, 0xEF, 0xFF,
  0x7D, 0xEF, 0xFF, 0x7D, 0xEF, 0xFF, 0x7D, 0xEF, 0xFF, 0x7D, 0xEF, 0xFF, 0x7D, 0xEF, 0xFF, 0x7D, 0xEF, 0xFF, 0x7D, 0xEF, 0xFF, 0x7D, 0xEF, 0xFF,
  0x7D, 0xEF, 0xFF, 0x5D, 0xEF, 0xFF, 0x59, 0xCE, 0xFF, 0x5D, 0xEF, 0xFD, 0xDF, 0xFF, 0xFF, 0xD7, 0xB5, 0xEB, 0x20, 0x00, 0x03, 0x00, 0x00, 0x00,
  0x00, 0x00, 0x00, 0x00, 0x00, 0x00, 0x00, 0x00, 0x00, 0x00, 0x00, 0x00, 0xFF, 0xFF, 0x00, 0xFF, 0xFF, 0x00, 0xFF, 0xFF, 0x00, 0xFF, 0xFF, 0x00,
  0xFF, 0xFF, 0x00, 0xFF, 0xFF, 0x00, 0xFF, 0xFF, 0x00, 0xFF, 0xFF, 0x00, 0xFF, 0xFF, 0x00, 0xFF, 0xFF, 0x00, 0xFF, 0xFF, 0x00, 0xFF, 0xFF, 0x00,
  0xFF, 0xFF, 0x00, 0xFF, 0xFF, 0x00, 0xFF, 0xFF, 0x00, 0xFF, 0xFF, 0x00, 0xFF, 0xFF, 0x00, 0xFF, 0xFF, 0x00, 0xFF, 0xFF, 0x00, 0xFF, 0xFF, 0x00,
  0xFF, 0xFF, 0x00, 0xFF, 0xFF, 0x00, 0xFF, 0xFF, 0x00, 0xFF, 0xFF, 0x00, 0xFF, 0xFF, 0x00, 0xFF, 0xFF, 0x00, 0xFF, 0xFF, 0x00, 0xFF, 0xFF, 0x00,
  0xFF, 0xFF, 0x00, 0xFF, 0xFF, 0x00, 0xFF, 0xFF, 0x00, 0xFF, 0xFF, 0x00, 0xFF, 0xFF, 0x00, 0xFF, 0xFF, 0x00, 0xFF, 0xFF, 0x00, 0xFF, 0xFF, 0x00,
  0xFF, 0xFF, 0x00, 0xFF, 0xFF, 0x00, 0xFF, 0xFF, 0x00, 0xFF, 0xFF, 0x00, 0xFF, 0xFF, 0x00, 0xFF, 0xFF, 0x00, 0xFF, 0xFF, 0x00, 0xFF, 0xFF, 0x00,
  0xFF, 0xFF, 0x00, 0xFF, 0xFF, 0x00, 0xFF, 0xFF, 0x00, 0xFF, 0xFF, 0x00, 0xFF, 0xFF, 0x00, 0xFF, 0xFF, 0x00, 0xFF, 0xFF, 0x00, 0xFF, 0xFF, 0x00,
  0xFF, 0xFF, 0x00, 0xFF, 0xFF, 0x00, 0xFF, 0xFF, 0x00, 0x00, 0x00, 0x00, 0x00, 0x00, 0x00, 0x00, 0x00, 0x00, 0x00, 0x00, 0x00, 0x00, 0x00, 0x00,
  0x00, 0x00, 0x00, 0x00, 0x00, 0x00, 0x00, 0x00, 0x00, 0x00, 0x00, 0x00, 0x00, 0x00, 0x00, 0x00, 0x00, 0x00, 0x00, 0x00, 0x00, 0x00, 0x00, 0x00,
  0x00, 0x00, 0x00, 0x00, 0x00, 0x00, 0x00, 0x00, 0x00, 0x00, 0x00, 0x00, 0x00, 0x00, 0x00, 0x00, 0x00, 0x00, 0x00, 0x00, 0x00, 0x00, 0x00, 0x00,
  0x00, 0x00, 0x00, 0x00, 0x00, 0x00, 0x00, 0x00, 0x00, 0x00, 0x00, 0x00, 0x00, 0x00, 0x00, 0x00, 0x00, 0x00, 0x00, 0x00, 0x00, 0x00, 0x00, 0x00,
  0x00, 0x00, 0x00, 0x00, 0x00, 0x00, 0x00, 0x00, 0x00, 0x00, 0x00, 0x00, 0x00, 0x00, 0x00, 0x00, 0x00, 0x00, 0x00, 0x00, 0x00, 0x00, 0x00, 0x00,
  0x00, 0x00, 0x00, 0x00, 0x00, 0x00, 0x00, 0x00, 0x00, 0x00, 0x00, 0x00, 0x00, 0x00, 0x00, 0x00, 0x00, 0x00, 0x00, 0x00, 0x00, 0x00, 0x00, 0x00,
  0x00, 0x00, 0x00, 0x00, 0x00, 0x00, 0x00, 0x00, 0x00, 0x00, 0x00, 0x00, 0x00, 0x00, 0x00, 0x00, 0x00, 0x00, 0x00, 0x00, 0x00, 0x00, 0x00, 0x00,
  0x00, 0x00, 0x00, 0x00, 0x00, 0x00, 0x00, 0x00, 0x00, 0x00, 0x00, 0x00, 0x00, 0x00, 0x00, 0x00, 0x00, 0x00, 0x00, 0x00, 0x00, 0x00, 0x00, 0x00,
  0x00, 0x00, 0x00, 0x00, 0x00, 0x00, 0x00, 0x00, 0x00, 0x86, 0x31, 0x4D, 0xE3, 0x18, 0xFF, 0x8E, 0x73, 0xF7, 0xDE, 0xFF, 0xFF, 0x18, 0xC6, 0xFF,
  0xFB, 0xDE, 0xFF, 0x9E, 0xF7, 0xFF, 0x7D, 0xEF, 0xFF, 0x7D, 0xEF, 0xFF, 0x7D, 0xEF, 0xFF, 0x7D, 0xEF, 0xFF, 0x7D, 0xEF, 0xFF, 0x7D, 0xEF, 0xFF,
  0x7D, 0xEF, 0xFF, 0x7D, 0xEF, 0xFF, 0x7D, 0xEF, 0xFF, 0x7D, 0xEF, 0xFF, 0x7D, 0xEF, 0xFF, 0x7D, 0xEF, 0xFF, 0x7D, 0xEF, 0xFF, 0x7D, 0xEF, 0xFF,
  0x7D, 0xEF, 0xFF, 0x7D, 0xEF, 0xFF, 0x7D, 0xEF, 0xFF, 0x5D, 0xEF, 0xFF, 0x9E, 0xF7, 0xFF, 0xBA, 0xD6, 0xFF, 0xA6, 0x31, 0xFF, 0x24, 0x21, 0xFF,
  0xCB, 0x5A, 0xFF, 0xAE, 0x73, 0xFF, 0x30, 0x84, 0xFF, 0x51, 0x8C, 0xFF, 0xB2, 0x94, 0xFF, 0xB2, 0x94, 0xFF, 0x92, 0x94, 0xFF, 0x6A, 0x4A, 0xFF,
  0xEC, 0x5A, 0xFF, 0xCB, 0x5A, 0xFF, 0xCB, 0x5A, 0xFF, 0xCB, 0x5A, 0xFF, 0xCB, 0x5A, 0xFF, 0xCB, 0x5A, 0xFF, 0xCB, 0x5A, 0xFF, 0xCB, 0x5A, 0xFF,
  0xEB, 0x5A, 0xFF, 0xEB, 0x5A, 0xFF, 0xEB, 0x5A, 0xFF, 0xCB, 0x5A, 0xFF, 0xCB, 0x5A, 0xFF, 0xEB, 0x5A, 0xFF, 0xCB, 0x5A, 0xFF, 0xEB, 0x5A, 0xFF,
  0xEB, 0x5A, 0xFF, 0xEC, 0x5A, 0xFF, 0xEC, 0x5A, 0xFF, 0xEC, 0x5A, 0xFF, 0xEC, 0x5A, 0xFF, 0xEB, 0x5A, 0xFF, 0xCB, 0x5A, 0xFF, 0xCB, 0x5A, 0xFF,
  0xCB, 0x5A, 0xFF, 0xCB, 0x5A, 0xFF, 0xCB, 0x5A, 0xFF, 0xCB, 0x5A, 0xFF, 0xCB, 0x5A, 0xFF, 0xCB, 0x52, 0xFF, 0xCB, 0x52, 0xFF, 0xCB, 0x52, 0xFF,
  0xCB, 0x52, 0xFF, 0xCB, 0x52, 0xFF, 0xAB, 0x52, 0xFF, 0xAB, 0x52, 0xFF, 0x28, 0x42, 0xFF, 0xC7, 0x39, 0xFF, 0xE8, 0x39, 0xFF, 0xA7, 0x31, 0xFF,
  0x4D, 0x6B, 0xFF, 0xD3, 0x9C, 0xFF, 0x10, 0x84, 0xFF, 0x92, 0x94, 0xFF, 0xAE, 0x73, 0xFF, 0x51, 0x8C, 0xFF, 0xCF, 0x7B, 0xFF, 0x49, 0x4A, 0xFF,
  0x45, 0x29, 0xFF, 0xE7, 0x39, 0xFF, 0x3C, 0xE7, 0xFF, 0x7D, 0xEF, 0xFF, 0x5D, 0xEF, 0xFF, 0x5D, 0xEF, 0xFF, 0x5D, 0xEF, 0xFF, 0x5D, 0xEF, 0xFF,
  0x5D, 0xEF, 0xFF, 0x5D, 0xEF, 0xFF, 0x7D, 0xEF, 0xFF, 0x7D, 0xEF, 0xFF, 0x5D, 0xEF, 0xFF, 0x5D, 0xEF, 0xFF, 0x7D, 0xEF, 0xFF, 0x5D, 0xEF, 0xFF,
  0x5D, 0xEF, 0xFF, 0x5D, 0xEF, 0xFF, 0x5D, 0xEF, 0xFF, 0x5D, 0xEF, 0xFF, 0x7D, 0xEF, 0xFF, 0x7D, 0xEF, 0xFF, 0x7D, 0xEF, 0xFF, 0x5D, 0xEF, 0xFF,
  0x7D, 0xEF, 0xFF, 0x7D, 0xEF, 0xFF, 0x7D, 0xEF, 0xFF, 0x5D, 0xEF, 0xFF, 0x7D, 0xEF, 0xFF, 0x5D, 0xEF, 0xFF, 0x5D, 0xEF, 0xFF, 0x5D, 0xEF, 0xFF,
  0x7D, 0xEF, 0xFF, 0x5D, 0xEF, 0xFF, 0x5D, 0xEF, 0xFF, 0x5D, 0xEF, 0xFF, 0x5D, 0xEF, 0xFF, 0x5D, 0xEF, 0xFF, 0x5D, 0xEF, 0xFF, 0x5D, 0xEF, 0xFF,
  0x5D, 0xEF, 0xFF, 0x5D, 0xEF, 0xFF, 0x7D, 0xEF, 0xFF, 0x5D, 0xEF, 0xFF, 0x5D, 0xEF, 0xFF, 0x7D, 0xEF, 0xFF, 0x7D, 0xEF, 0xFF, 0x7D, 0xEF, 0xFF,
  0x7D, 0xEF, 0xFF, 0x7D, 0xEF, 0xFF, 0x7D, 0xEF, 0xFF, 0x7D, 0xEF, 0xFF, 0x7D, 0xEF, 0xFF, 0x7D, 0xEF, 0xFF, 0x7D, 0xEF, 0xFF, 0x7D, 0xEF, 0xFF,
  0x7D, 0xEF, 0xFF, 0x7D, 0xEF, 0xFF, 0x7D, 0xEF, 0xFF, 0x7D, 0xEF, 0xFF, 0x7D, 0xEF, 0xFF, 0x9E, 0xF7, 0xFF, 0x79, 0xCE, 0xFF, 0x1C, 0xE7, 0xFF,
  0x9D, 0xF7, 0xF9, 0x3C, 0xE7, 0xFF, 0x66, 0x29, 0x29, 0x00, 0x00, 0x00, 0x00, 0x00, 0x00, 0x00, 0x00, 0x00, 0x00, 0x00, 0x00, 0x00, 0x00, 0x00,
  0xFF, 0xFF, 0x00, 0xFF, 0xFF, 0x00, 0xFF, 0xFF, 0x00, 0xFF, 0xFF, 0x00, 0xFF, 0xFF, 0x00, 0xFF, 0xFF, 0x00, 0xFF, 0xFF, 0x00, 0xFF, 0xFF, 0x00,
  0xFF, 0xFF, 0x00, 0xFF, 0xFF, 0x00, 0xFF, 0xFF, 0x00, 0xFF, 0xFF, 0x00, 0xFF, 0xFF, 0x00, 0xFF, 0xFF, 0x00, 0xFF, 0xFF, 0x00, 0xFF, 0xFF, 0x00,
  0xFF, 0xFF, 0x00, 0xFF, 0xFF, 0x00, 0xFF, 0xFF, 0x00, 0xFF, 0xFF, 0x00, 0xFF, 0xFF, 0x00, 0xFF, 0xFF, 0x00, 0xFF, 0xFF, 0x00, 0xFF, 0xFF, 0x00,
  0xFF, 0xFF, 0x00, 0xFF, 0xFF, 0x00, 0xFF, 0xFF, 0x00, 0xFF, 0xFF, 0x00, 0xFF, 0xFF, 0x00, 0xFF, 0xFF, 0x00, 0xFF, 0xFF, 0x00, 0xFF, 0xFF, 0x00,
  0xFF, 0xFF, 0x00, 0xFF, 0xFF, 0x00, 0xFF, 0xFF, 0x00, 0xFF, 0xFF, 0x00, 0xFF, 0xFF, 0x00, 0xFF, 0xFF, 0x00, 0xFF, 0xFF, 0x00, 0xFF, 0xFF, 0x00,
  0xFF, 0xFF, 0x00, 0xFF, 0xFF, 0x00, 0xFF, 0xFF, 0x00, 0xFF, 0xFF, 0x00, 0xFF, 0xFF, 0x00, 0xFF, 0xFF, 0x00, 0xFF, 0xFF, 0x00, 0xFF, 0xFF, 0x00,
  0xFF, 0xFF, 0x00, 0xFF, 0xFF, 0x00, 0xFF, 0xFF, 0x00, 0xFF, 0xFF, 0x00, 0xFF, 0xFF, 0x00, 0xFF, 0xFF, 0x00, 0xFF, 0xFF, 0x00, 0x00, 0x00, 0x00,
  0x00, 0x00, 0x00, 0x00, 0x00, 0x00, 0x00, 0x00, 0x00, 0x00, 0x00, 0x00, 0x00, 0x00, 0x00, 0x00, 0x00, 0x00, 0x00, 0x00, 0x00, 0x00, 0x00, 0x00,
  0x00, 0x00, 0x00, 0x00, 0x00, 0x00, 0x00, 0x00, 0x00, 0x00, 0x00, 0x00, 0x00, 0x00, 0x00, 0x00, 0x00, 0x00, 0x00, 0x00, 0x00, 0x00, 0x00, 0x00,
  0x00, 0x00, 0x00, 0x00, 0x00, 0x00, 0x00, 0x00, 0x00, 0x00, 0x00, 0x00, 0x00, 0x00, 0x00, 0x00, 0x00, 0x00, 0x00, 0x00, 0x00, 0x00, 0x00, 0x00,
  0x00, 0x00, 0x00, 0x00, 0x00, 0x00, 0x00, 0x00, 0x00, 0x00, 0x00, 0x00, 0x00, 0x00, 0x00, 0x00, 0x00, 0x00, 0x00, 0x00, 0x00, 0x00, 0x00, 0x00,
  0x00, 0x00, 0x00, 0x00, 0x00, 0x00, 0x00, 0x00, 0x00, 0x00, 0x00, 0x00, 0x00, 0x00, 0x00, 0x00, 0x00, 0x00, 0x00, 0x00, 0x00, 0x00, 0x00, 0x00,
  0x00, 0x00, 0x00, 0x00, 0x00, 0x00, 0x00, 0x00, 0x00, 0x00, 0x00, 0x00, 0x00, 0x00, 0x00, 0x00, 0x00, 0x00, 0x00, 0x00, 0x00, 0x00, 0x00, 0x00,
  0x00, 0x00, 0x00, 0x00, 0x00, 0x00, 0x00, 0x00, 0x00, 0x00, 0x00, 0x00, 0x00, 0x00, 0x00, 0x00, 0x00, 0x00, 0x00, 0x00, 0x00, 0x00, 0x00, 0x00,
  0x00, 0x00, 0x00, 0x00, 0x00, 0x00, 0x00, 0x00, 0x00, 0x00, 0x00, 0x00, 0x00, 0x00, 0x00, 0x00, 0x00, 0x00, 0x20, 0x00, 0x00, 0x28, 0x42, 0x97,
  0xC3, 0x18, 0xFF, 0x59, 0xCE, 0xF7, 0x7D, 0xEF, 0xFF, 0x38, 0xC6, 0xFF, 0x7D, 0xEF, 0xFF, 0x7D, 0xEF, 0xFF, 0x7D, 0xEF, 0xFF, 0x7D, 0xEF, 0xFF,
  0x7D, 0xEF, 0xFF, 0x7D, 0xEF, 0xFF, 0x7D, 0xEF, 0xFF, 0x7D, 0xEF, 0xFF, 0x7D, 0xEF, 0xFF, 0x7D, 0xEF, 0xFF, 0x7D, 0xEF, 0xFF, 0x7D, 0xEF, 0xFF,
  0x7D, 0xEF, 0xFF, 0x7D, 0xEF, 0xFF, 0x7D, 0xEF, 0xFF, 0x7D, 0xEF, 0xFF, 0x7D, 0xEF, 0xFF, 0x7D, 0xEF, 0xFF, 0x7D, 0xEF, 0xFF, 0x5D, 0xEF, 0xFF,
  0x9E, 0xF7, 0xFF, 0xBA, 0xD6, 0xFF, 0xC7, 0x39, 0xFF, 0x45, 0x29, 0xFF, 0x4D, 0x6B, 0xFF, 0xEF, 0x7B, 0xFF, 0x51, 0x8C, 0xFF, 0xCF, 0x7B, 0xFF,
  0x92, 0x94, 0xFF, 0x10, 0x84, 0xFF, 0xEF, 0x7B, 0xFF, 0x6A, 0x4A, 0xFF, 0xEC, 0x5A, 0xFF, 0xCB, 0x5A, 0xFF, 0xCB, 0x5A, 0xFF, 0xCB, 0x5A, 0xFF,
  0xCB, 0x5A, 0xFF, 0xCB, 0x5A, 0xFF, 0xCB, 0x5A, 0xFF, 0xCB, 0x5A, 0xFF, 0xCB, 0x5A, 0xFF, 0xCB, 0x5A, 0xFF, 0xCB, 0x5A, 0xFF, 0xCB, 0x5A, 0xFF,
  0xCB, 0x5A, 0xFF, 0xCB, 0x5A, 0xFF, 0xCB, 0x5A, 0xFF, 0xCB, 0x5A, 0xFF, 0xEB, 0x5A, 0xFF, 0xEC, 0x5A, 0xFF, 0xEC, 0x5A, 0xFF, 0xEB, 0x5A, 0xFF,
  0xEB, 0x5A, 0xFF, 0xEB, 0x5A, 0xFF, 0xCB, 0x5A, 0xFF, 0xCB, 0x5A, 0xFF, 0xCB, 0x5A, 0xFF, 0xCB, 0x5A, 0xFF, 0xCB, 0x52, 0xFF, 0xCB, 0x5A, 0xFF,
  0xCB, 0x5A, 0xFF, 0xCB, 0x52, 0xFF, 0xCB, 0x52, 0xFF, 0xAB, 0x52, 0xFF, 0xAB, 0x52, 0xFF, 0xCB, 0x52, 0xFF, 0xAB, 0x52, 0xFF, 0xAB, 0x52, 0xFF,
  0x08, 0x42, 0xFF, 0xC7, 0x31, 0xFF, 0xE7, 0x39, 0xFF, 0xA6, 0x31, 0xFF, 0xEB, 0x5A, 0xFF, 0x51, 0x8C, 0xFF, 0xEF, 0x7B, 0xFF, 0xF3, 0x9C, 0xFF,
  0x6D, 0x6B, 0xFF, 0xF4, 0x9C, 0xFF, 0x30, 0x84, 0xFF, 0xAA, 0x52, 0xFF, 0x65, 0x29, 0xFF, 0xE7, 0x39, 0xFF, 0x3C, 0xE7, 0xFF, 0x7D, 0xEF, 0xFF,
  0x5D, 0xEF, 0xFF, 0x5D, 0xEF, 0xFF, 0x5D, 0xEF, 0xFF, 0x5D, 0xEF, 0xFF, 0x5D, 0xEF, 0xFF, 0x5D, 0xEF, 0xFF, 0x5D, 0xEF, 0xFF, 0x7D, 0xEF, 0xFF,
  0x5D, 0xEF, 0xFF, 0x5D, 0xEF, 0xFF, 0x7D, 0xEF, 0xFF, 0x5D, 0xEF, 0xFF, 0x5D, 0xEF, 0xFF, 0x5D, 0xEF, 0xFF, 0x5D, 0xEF, 0xFF, 0x5D, 0xEF, 0xFF,
  0x5D, 0xEF, 0xFF, 0x7D, 0xEF, 0xFF, 0x7D, 0xEF, 0xFF, 0x5D, 0xEF, 0xFF, 0x5D, 0xEF, 0xFF, 0x5D, 0xEF, 0xFF, 0x5D, 0xEF, 0xFF, 0x5D, 0xEF, 0xFF,
  0x7D, 0xEF, 0xFF, 0x5D, 0xEF, 0xFF, 0x7D, 0xEF, 0xFF, 0x5D, 0xEF, 0xFF, 0x5D, 0xEF, 0xFF, 0x5D, 0xEF, 0xFF, 0x5D, 0xEF, 0xFF, 0x5D, 0xEF, 0xFF,
  0x7D, 0xEF, 0xFF, 0x5D, 0xEF, 0xFF, 0x5D, 0xEF, 0xFF, 0x5D, 0xEF, 0xFF, 0x5D, 0xEF, 0xFF, 0x5D, 0xEF, 0xFF, 0x5D, 0xEF, 0xFF, 0x5D, 0xEF, 0xFF,
  0x7D, 0xEF, 0xFF, 0x5D, 0xEF, 0xFF, 0x7D, 0xEF, 0xFF, 0x7D, 0xEF, 0xFF, 0x7D, 0xEF, 0xFF, 0x7D, 0xEF, 0xFF, 0x7D, 0xEF, 0xFF, 0x7D, 0xEF, 0xFF,
  0x7D, 0xEF, 0xFF, 0x7D, 0xEF, 0xFF, 0x7D, 0xEF, 0xFF, 0x7D, 0xEF, 0xFF, 0x7D, 0xEF, 0xFF, 0x7D, 0xEF, 0xFF, 0x7D, 0xEF, 0xFF, 0x7D, 0xEF, 0xFF,
  0x7D, 0xEF, 0xFF, 0x9E, 0xF7, 0xFF, 0xDB, 0xDE, 0xFF, 0x9A, 0xD6, 0xFF, 0x7D, 0xEF, 0xF9, 0xDF, 0xFF, 0xFF, 0x8E, 0x73, 0x86, 0x00, 0x00, 0x00,
  0x00, 0x00, 0x00, 0x00, 0x00, 0x00, 0x00, 0x00, 0x00, 0x00, 0x00, 0x00, 0xFF, 0xFF, 0x00, 0xFF, 0xFF, 0x00, 0xFF, 0xFF, 0x00, 0xFF, 0xFF, 0x00,
  0xFF, 0xFF, 0x00, 0xFF, 0xFF, 0x00, 0xFF, 0xFF, 0x00, 0xFF, 0xFF, 0x00, 0xFF, 0xFF, 0x00, 0xFF, 0xFF, 0x00, 0xFF, 0xFF, 0x00, 0xFF, 0xFF, 0x00,
  0xFF, 0xFF, 0x00, 0xFF, 0xFF, 0x00, 0xFF, 0xFF, 0x00, 0xFF, 0xFF, 0x00, 0xFF, 0xFF, 0x00, 0xFF, 0xFF, 0x00, 0xFF, 0xFF, 0x00, 0xFF, 0xFF, 0x00,
  0xFF, 0xFF, 0x00, 0xFF, 0xFF, 0x00, 0xFF, 0xFF, 0x00, 0xFF, 0xFF, 0x00, 0xFF, 0xFF, 0x00, 0xFF, 0xFF, 0x00, 0xFF, 0xFF, 0x00, 0xFF, 0xFF, 0x00,
  0xFF, 0xFF, 0x00, 0xFF, 0xFF, 0x00, 0xFF, 0xFF, 0x00, 0xFF, 0xFF, 0x00, 0xFF, 0xFF, 0x00, 0xFF, 0xFF, 0x00, 0xFF, 0xFF, 0x00, 0xFF, 0xFF, 0x00,
  0xFF, 0xFF, 0x00, 0xFF, 0xFF, 0x00, 0xFF, 0xFF, 0x00, 0xFF, 0xFF, 0x00, 0xFF, 0xFF, 0x00, 0xFF, 0xFF, 0x00, 0xFF, 0xFF, 0x00, 0xFF, 0xFF, 0x00,
  0xFF, 0xFF, 0x00, 0xFF, 0xFF, 0x00, 0xFF, 0xFF, 0x00, 0xFF, 0xFF, 0x00, 0xFF, 0xFF, 0x00, 0xFF, 0xFF, 0x00, 0xFF, 0xFF, 0x00, 0xFF, 0xFF, 0x00,
  0xFF, 0xFF, 0x00, 0xFF, 0xFF, 0x00, 0xFF, 0xFF, 0x00, 0x00, 0x00, 0x00, 0x00, 0x00, 0x00, 0x00, 0x00, 0x00, 0x00, 0x00, 0x00, 0x00, 0x00, 0x00,
  0x00, 0x00, 0x00, 0x00, 0x00, 0x00, 0x00, 0x00, 0x00, 0x00, 0x00, 0x00, 0x00, 0x00, 0x00, 0x00, 0x00, 0x00, 0x00, 0x00, 0x00, 0x00, 0x00, 0x00,
  0x00, 0x00, 0x00, 0x00, 0x00, 0x00, 0x00, 0x00, 0x00, 0x00, 0x00, 0x00, 0x00, 0x00, 0x00, 0x00, 0x00, 0x00, 0x00, 0x00, 0x00, 0x00, 0x00, 0x00,
  0x00, 0x00, 0x00, 0x00, 0x00, 0x00, 0x00, 0x00, 0x00, 0x00, 0x00, 0x00, 0x00, 0x00, 0x00, 0x00, 0x00, 0x00, 0x00, 0x00, 0x00, 0x00, 0x00, 0x00,
  0x00, 0x00, 0x00, 0x00, 0x00, 0x00, 0x00, 0x00, 0x00, 0x00, 0x00, 0x00, 0x00, 0x00, 0x00, 0x00, 0x00, 0x00, 0x00, 0x00, 0x00, 0x00, 0x00, 0x00,
  0x00, 0x00, 0x00, 0x00, 0x00, 0x00, 0x00, 0x00, 0x00, 0x00, 0x00, 0x00, 0x00, 0x00, 0x00, 0x00, 0x00, 0x00, 0x00, 0x00, 0x00, 0x00, 0x00, 0x00,
  0x00, 0x00, 0x00, 0x00, 0x00, 0x00, 0x00, 0x00, 0x00, 0x00, 0x00, 0x00, 0x00, 0x00, 0x00, 0x00, 0x00, 0x00, 0x00, 0x00, 0x00, 0x00, 0x00, 0x00,
  0x00, 0x00, 0x00, 0x00, 0x00, 0x00, 0x00, 0x00, 0x00, 0x00, 0x00, 0x00, 0x00, 0x00, 0x00, 0x00, 0x00, 0x00, 0x00, 0x00, 0x00, 0x00, 0x00, 0x00,
  0x00, 0x00, 0x00, 0x00, 0x00, 0x00, 0x20, 0x00, 0x00, 0xE3, 0x18, 0x2B, 0xEB, 0x5A, 0xF5, 0xBE, 0xF7, 0xFB, 0xFB, 0xDE, 0xFF, 0x9A, 0xD6, 0xFF,
  0x9E, 0xF7, 0xFF, 0x7D, 0xEF, 0xFF, 0x7D, 0xEF, 0xFF, 0x7D, 0xEF, 0xFF, 0x7D, 0xEF, 0xFF, 0x7D, 0xEF, 0xFF, 0x7D, 0xEF, 0xFF, 0x7D, 0xEF, 0xFF,
  0x7D, 0xEF, 0xFF, 0x7D, 0xEF, 0xFF, 0x7D, 0xEF, 0xFF, 0x7D, 0xEF, 0xFF, 0x7D, 0xEF, 0xFF, 0x7D, 0xEF, 0xFF, 0x7D, 0xEF, 0xFF, 0x7D, 0xEF, 0xFF,
  0x7D, 0xEF, 0xFF, 0x7D, 0xEF, 0xFF, 0x7D, 0xEF, 0xFF, 0x5D, 0xEF, 0xFF, 0x9E, 0xF7, 0xFF, 0xBA, 0xD6, 0xFF, 0xC7, 0x39, 0xFF, 0x45, 0x29, 0xFF,
  0x6D, 0x6B, 0xFF, 0x10, 0x84, 0xFF, 0x92, 0x94, 0xFF, 0x30, 0x84, 0xFF, 0x34, 0xA5, 0xFF, 0x71, 0x8C, 0xFF, 0x71, 0x8C, 0xFF, 0xAA, 0x52, 0xFF,
  0xCB, 0x5A, 0xFF, 0xEB, 0x5A, 0xFF, 0xCB, 0x5A, 0xFF, 0xCB, 0x5A, 0xFF, 0xCB, 0x5A, 0xFF, 0xCB, 0x5A, 0xFF, 0xCB, 0x5A, 0xFF, 0xCB, 0x5A, 0xFF,
  0xCB, 0x5A, 0xFF, 0xCB, 0x5A, 0xFF, 0xCB, 0x5A, 0xFF, 0xCB, 0x5A, 0xFF, 0xCB, 0x5A, 0xFF, 0xCB, 0x5A, 0xFF, 0xCB, 0x5A, 0xFF, 0xCB, 0x5A, 0xFF,
  0xEB, 0x5A, 0xFF, 0xEB, 0x5A, 0xFF, 0xEC, 0x5A, 0xFF, 0xEB, 0x5A, 0xFF, 0xEB, 0x5A, 0xFF, 0xCB, 0x5A, 0xFF, 0xCB, 0x5A, 0xFF, 0xCB, 0x5A, 0xFF,
  0xCB, 0x5A, 0xFF, 0xCB, 0x5A, 0xFF, 0xCB, 0x52, 0xFF, 0xCB, 0x52, 0xFF, 0xCB, 0x52, 0xFF, 0xCB, 0x52, 0xFF, 0xAB, 0x52, 0xFF, 0xAB, 0x52, 0xFF,
  0xAB, 0x52, 0xFF, 0xAB, 0x52, 0xFF, 0xCB, 0x52, 0xFF, 0xAB, 0x52, 0xFF, 0xE8, 0x39, 0xFF, 0xC7, 0x31, 0xFF, 0xE7, 0x39, 0xFF, 0xA6, 0x31, 0xFF,
  0xAE, 0x73, 0xFF, 0x92, 0x94, 0xFF, 0x51, 0x8C, 0xFF, 0x75, 0xAD, 0xFF, 0x6E, 0x6B, 0xFF, 0xB2, 0x94, 0xFF, 0x30, 0x84, 0xFF, 0xAA, 0x52, 0xFF,
  0x45, 0x29, 0xFF, 0xE7, 0x39, 0xFF, 0x1C, 0xE7, 0xFF, 0x7D, 0xEF, 0xFF, 0x5D, 0xEF, 0xFF, 0x5D, 0xEF, 0xFF, 0x5D, 0xEF, 0xFF, 0x5D, 0xEF, 0xFF,
  0x5D, 0xEF, 0xFF, 0x5D, 0xEF, 0xFF, 0x5D, 0xEF, 0xFF, 0x7D, 0xEF, 0xFF, 0x5D, 0xEF, 0xFF, 0x5D, 0xEF, 0xFF, 0x5D, 0xEF, 0xFF, 0x5D, 0xEF, 0xFF,
  0x5D, 0xEF, 0xFF, 0x5D, 0xEF, 0xFF, 0x7D, 0xEF, 0xFF, 0x5D, 0xEF, 0xFF, 0x7D, 0xEF, 0xFF, 0x5D, 0xEF, 0xFF, 0x5D, 0xEF, 0xFF, 0x5D, 0xEF, 0xFF,
  0x7D, 0xEF, 0xFF, 0x5D, 0xEF, 0xFF, 0x5D, 0xEF, 0xFF, 0x5D, 0xEF, 0xFF, 0x5D, 0xEF, 0xFF, 0x5D, 0xEF, 0xFF, 0x5D, 0xEF, 0xFF, 0x7D, 0xEF, 0xFF,
  0x5D, 0xEF, 0xFF, 0x5D, 0xEF, 0xFF, 0x5D, 0xEF, 0xFF, 0x5D, 0xEF, 0xFF, 0x5D, 0xEF, 0xFF, 0x5D, 0xEF, 0xFF, 0x5D, 0xEF, 0xFF, 0x5D, 0xEF, 0xFF,
  0x5D, 0xEF, 0xFF, 0x5D, 0xEF, 0xFF, 0x7D, 0xEF, 0xFF, 0x5D, 0xEF, 0xFF, 0x5D, 0xEF, 0xFF, 0x7D, 0xEF, 0xFF, 0x7D, 0xEF, 0xFF, 0x5D, 0xEF, 0xFF,
  0x7D, 0xEF, 0xFF, 0x7D, 0xEF, 0xFF, 0x7D, 0xEF, 0xFF, 0x7D, 0xEF, 0xFF, 0x7D, 0xEF, 0xFF, 0x7D, 0xEF, 0xFF, 0x7D, 0xEF, 0xFF, 0x7D, 0xEF, 0xFF,
  0x7D, 0xEF, 0xFF, 0x7D, 0xEF, 0xFF, 0x7D, 0xEF, 0xFF, 0x7D, 0xEF, 0xFF, 0x7D, 0xEF, 0xFF, 0x7D, 0xEF, 0xFF, 0x5D, 0xEF, 0xFF, 0x59, 0xCE, 0xFF,
  0x5D, 0xEF, 0xFD, 0xDF, 0xFF, 0xFF, 0xB6, 0xB5, 0xED, 0x20, 0x00, 0x03, 0x00, 0x00, 0x00, 0x00, 0x00, 0x00, 0x00, 0x00, 0x00, 0x00, 0x00, 0x00,
  0xFF, 0xFF, 0x00, 0xFF, 0xFF, 0x00, 0xFF, 0xFF, 0x00, 0xFF, 0xFF, 0x00, 0xFF, 0xFF, 0x00, 0xFF, 0xFF, 0x00, 0xFF, 0xFF, 0x00, 0xFF, 0xFF, 0x00,
  0xFF, 0xFF, 0x00, 0xFF, 0xFF, 0x00, 0xFF, 0xFF, 0x00, 0xFF, 0xFF, 0x00, 0xFF, 0xFF, 0x00, 0xFF, 0xFF, 0x00, 0xFF, 0xFF, 0x00, 0xFF, 0xFF, 0x00,
  0xFF, 0xFF, 0x00, 0xFF, 0xFF, 0x00, 0xFF, 0xFF, 0x00, 0xFF, 0xFF, 0x00, 0xFF, 0xFF, 0x00, 0xFF, 0xFF, 0x00, 0xFF, 0xFF, 0x00, 0xFF, 0xFF, 0x00,
  0xFF, 0xFF, 0x00, 0xFF, 0xFF, 0x00, 0xFF, 0xFF, 0x00, 0xFF, 0xFF, 0x00, 0xFF, 0xFF, 0x00, 0xFF, 0xFF, 0x00, 0xFF, 0xFF, 0x00, 0xFF, 0xFF, 0x00,
  0xFF, 0xFF, 0x00, 0xFF, 0xFF, 0x00, 0xFF, 0xFF, 0x00, 0xFF, 0xFF, 0x00, 0xFF, 0xFF, 0x00, 0xFF, 0xFF, 0x00, 0xFF, 0xFF, 0x00, 0xFF, 0xFF, 0x00,
  0xFF, 0xFF, 0x00, 0xFF, 0xFF, 0x00, 0xFF, 0xFF, 0x00, 0xFF, 0xFF, 0x00, 0xFF, 0xFF, 0x00, 0xFF, 0xFF, 0x00, 0xFF, 0xFF, 0x00, 0xFF, 0xFF, 0x00,
  0xFF, 0xFF, 0x00, 0xFF, 0xFF, 0x00, 0xFF, 0xFF, 0x00, 0xFF, 0xFF, 0x00, 0xFF, 0xFF, 0x00, 0xFF, 0xFF, 0x00, 0xFF, 0xFF, 0x00, 0x00, 0x00, 0x00,
  0x00, 0x00, 0x00, 0x00, 0x00, 0x00, 0x00, 0x00, 0x00, 0x00, 0x00, 0x00, 0x00, 0x00, 0x00, 0x00, 0x00, 0x00, 0x00, 0x00, 0x00, 0x00, 0x00, 0x00,
  0x00, 0x00, 0x00, 0x00, 0x00, 0x00, 0x00, 0x00, 0x00, 0x00, 0x00, 0x00, 0x00, 0x00, 0x00, 0x00, 0x00, 0x00, 0x00, 0x00, 0x00, 0x00, 0x00, 0x00,
  0x00, 0x00, 0x00, 0x00, 0x00, 0x00, 0x00, 0x00, 0x00, 0x00, 0x00, 0x00, 0x00, 0x00, 0x00, 0x00, 0x00, 0x00, 0x00, 0x00, 0x00, 0x00, 0x00, 0x00,
  0x00, 0x00, 0x00, 0x00, 0x00, 0x00, 0x00, 0x00, 0x00, 0x00, 0x00, 0x00, 0x00, 0x00, 0x00, 0x00, 0x00, 0x00, 0x00, 0x00, 0x00, 0x00, 0x00, 0x00,
  0x00, 0x00, 0x00, 0x00, 0x00, 0x00, 0x00, 0x00, 0x00, 0x00, 0x00, 0x00, 0x00, 0x00, 0x00, 0x00, 0x00, 0x00, 0x00, 0x00, 0x00, 0x00, 0x00, 0x00,
  0x00, 0x00, 0x00, 0x00, 0x00, 0x00, 0x00, 0x00, 0x00, 0x00, 0x00, 0x00, 0x00, 0x00, 0x00, 0x00, 0x00, 0x00, 0x00, 0x00, 0x00, 0x00, 0x00, 0x00,
  0x00, 0x00, 0x00, 0x00, 0x00, 0x00, 0x00, 0x00, 0x00, 0x00, 0x00, 0x00, 0x00, 0x00, 0x00, 0x00, 0x00, 0x00, 0x00, 0x00, 0x00, 0x00, 0x00, 0x00,
  0x00, 0x00, 0x00, 0x00, 0x00, 0x00, 0x00, 0x00, 0x00, 0x00, 0x00, 0x00, 0x00, 0x00, 0x00, 0x00, 0x00, 0x00, 0x00, 0x00, 0x00, 0x00, 0x00, 0x02,
  0x34, 0xA5, 0xE9, 0xBE, 0xF7, 0xFF, 0x79, 0xCE, 0xFD, 0x1C, 0xE7, 0xFF, 0x7D, 0xF7, 0xFF, 0x7D, 0xEF, 0xFF, 0x7D, 0xEF, 0xFF, 0x7D, 0xEF, 0xFF,
  0x7D, 0xEF, 0xFF, 0x7D, 0xEF, 0xFF, 0x7D, 0xEF, 0xFF, 0x7D, 0xEF, 0xFF, 0x7D, 0xEF, 0xFF, 0x7D, 0xEF, 0xFF, 0x7D, 0xEF, 0xFF, 0x7D, 0xEF, 0xFF,
  0x7D, 0xEF, 0xFF, 0x7D, 0xEF, 0xFF, 0x7D, 0xEF, 0xFF, 0x7D, 0xEF, 0xFF, 0x7D, 0xEF, 0xFF, 0x7D, 0xEF, 0xFF, 0x7D, 0xEF, 0xFF, 0x5D, 0xEF, 0xFF,
  0x9E, 0xF7, 0xFF, 0xBA, 0xD6, 0xFF, 0xC7, 0x39, 0xFF, 0x24, 0x21, 0xFF, 0x2D, 0x63, 0xFF, 0x10, 0x84, 0xFF, 0x92, 0x94, 0xFF, 0xEF, 0x7B, 0xFF,
  0xB2, 0x94, 0xFF, 0x30, 0x84, 0xFF, 0xD3, 0x9C, 0xFF, 0x0C, 0x63, 0xFF, 0xCB, 0x5A, 0xFF, 0xEC, 0x5A, 0xFF, 0xEB, 0x5A, 0xFF, 0xCB, 0x5A, 0xFF,
  0xCB, 0x5A, 0xFF, 0xCB, 0x5A, 0xFF, 0xCB, 0x5A, 0xFF, 0xCB, 0x5A, 0xFF, 0xCB, 0x5A, 0xFF, 0xCB, 0x5A, 0xFF, 0xCB, 0x5A, 0xFF, 0xCB, 0x5A, 0xFF,
  0xCB, 0x5A, 0xFF, 0xCB, 0x5A, 0xFF, 0xCB, 0x5A, 0xFF, 0xCB, 0x5A, 0xFF, 0xCB, 0x5A, 0xFF, 0xCB, 0x5A, 0xFF, 0xCB, 0x5A, 0xFF, 0xCB, 0x5A, 0xFF,
  0xCB, 0x5A, 0xFF, 0xCB, 0x5A, 0xFF, 0xCB, 0x5A, 0xFF, 0xCB, 0x5A, 0xFF, 0xCB, 0x52, 0xFF, 0xCB, 0x52, 0xFF, 0xCB, 0x52, 0xFF, 0xCB, 0x52, 0xFF,
  0xCB, 0x52, 0xFF, 0xAB, 0x52, 0xFF, 0xAB, 0x52, 0xFF, 0xAB, 0x52, 0xFF, 0xAB, 0x52, 0xFF, 0xAB, 0x52, 0xFF, 0xAB, 0x52, 0xFF, 0xAB, 0x52, 0xFF,
  0xE8, 0x39, 0xFF, 0xC7, 0x31, 0xFF, 0xC7, 0x31, 0xFF, 0xA7, 0x31, 0xFF, 0x92, 0x94, 0xFF, 0xF3, 0x9C, 0xFF, 0x10, 0x84, 0xFF, 0xF3, 0x9C, 0xFF,
  0x4D, 0x6B, 0xFF, 0x72, 0x8C, 0xFF, 0x71, 0x8C, 0xFF, 0x8A, 0x52, 0xFF, 0x65, 0x29, 0xFF, 0xE7, 0x39, 0xFF, 0x1C, 0xE7, 0xFF, 0x7D, 0xEF, 0xFF,
  0x5D, 0xEF, 0xFF, 0x5D, 0xEF, 0xFF, 0x5D, 0xEF, 0xFF, 0x7D, 0xEF, 0xFF, 0x5D, 0xEF, 0xFF, 0x5D, 0xEF, 0xFF, 0x5D, 0xEF, 0xFF, 0x5D, 0xEF, 0xFF,
  0x5D, 0xEF, 0xFF, 0x5D, 0xEF, 0xFF, 0x5D, 0xEF, 0xFF, 0x5D, 0xEF, 0xFF, 0x7D, 0xEF, 0xFF, 0x7D, 0xEF, 0xFF, 0x5D, 0xEF, 0xFF, 0x5D, 0xEF, 0xFF,
  0x5D, 0xEF, 0xFF, 0x5D, 0xEF, 0xFF, 0x5D, 0xEF, 0xFF, 0x5D, 0xEF, 0xFF, 0x7D, 0xEF, 0xFF, 0x5D, 0xEF, 0xFF, 0x5D, 0xEF, 0xFF, 0x7D, 0xEF, 0xFF,
  0x7D, 0xEF, 0xFF, 0x5D, 0xEF, 0xFF, 0x7D, 0xEF, 0xFF, 0x5D, 0xEF, 0xFF, 0x7D, 0xEF, 0xFF, 0x5D, 0xEF, 0xFF, 0x5D, 0xEF, 0xFF, 0x7D, 0xEF, 0xFF,
  0x7D, 0xEF, 0xFF, 0x5D, 0xEF, 0xFF, 0x5D, 0xEF, 0xFF, 0x5D, 0xEF, 0xFF, 0x5D, 0xEF, 0xFF, 0x5D, 0xEF, 0xFF, 0x7D, 0xEF, 0xFF, 0x5D, 0xEF, 0xFF,
  0x5D, 0xEF, 0xFF, 0x7D, 0xEF, 0xFF, 0x7D, 0xEF, 0xFF, 0x7D, 0xEF, 0xFF, 0x7D, 0xEF, 0xFF, 0x7D, 0xEF, 0xFF, 0x7D, 0xEF, 0xFF, 0x7D, 0xEF, 0xFF,
  0x7D, 0xEF, 0xFF, 0x7D, 0xEF, 0xFF, 0x7D, 0xEF, 0xFF, 0x7D, 0xEF, 0xFF, 0x5D, 0xEF, 0xFF, 0x7D, 0xEF, 0xFF, 0x7D, 0xEF, 0xFF, 0x7D, 0xEF, 0xFF,
  0x7D, 0xEF, 0xFF, 0x5D, 0xEF, 0xFF, 0x9E, 0xF7, 0xFF, 0x79, 0xCE, 0xFF, 0x1C, 0xE7, 0xFF, 0x9E, 0xF7, 0xF7, 0x5D, 0xEF, 0xFF, 0x65, 0x29, 0x29,
  0x00, 0x00, 0x00, 0x00, 0x00, 0x00, 0x00, 0x00, 0x00, 0x00, 0x00, 0x00, 0xFF, 0xFF, 0x00, 0xFF, 0xFF, 0x00, 0xFF, 0xFF, 0x00, 0xFF, 0xFF, 0x00,
  0xFF, 0xFF, 0x00, 0xFF, 0xFF, 0x00, 0xFF, 0xFF, 0x00, 0xFF, 0xFF, 0x00, 0xFF, 0xFF, 0x00, 0xFF, 0xFF, 0x00, 0xFF, 0xFF, 0x00, 0xFF, 0xFF, 0x00,
  0xFF, 0xFF, 0x00, 0xFF, 0xFF, 0x00, 0xFF, 0xFF, 0x00, 0xFF, 0xFF, 0x00, 0xFF, 0xFF, 0x00, 0xFF, 0xFF, 0x00, 0xFF, 0xFF, 0x00, 0xFF, 0xFF, 0x00,
  0xFF, 0xFF, 0x00, 0xFF, 0xFF, 0x00, 0xFF, 0xFF, 0x00, 0xFF, 0xFF, 0x00, 0xFF, 0xFF, 0x00, 0xFF, 0xFF, 0x00, 0xFF, 0xFF, 0x00, 0xFF, 0xFF, 0x00,
  0xFF, 0xFF, 0x00, 0xFF, 0xFF, 0x00, 0xFF, 0xFF, 0x00, 0xFF, 0xFF, 0x00, 0xFF, 0xFF, 0x00, 0xFF, 0xFF, 0x00, 0xFF, 0xFF, 0x00, 0xFF, 0xFF, 0x00,
  0xFF, 0xFF, 0x00, 0xFF, 0xFF, 0x00, 0xFF, 0xFF, 0x00, 0xFF, 0xFF, 0x00, 0xFF, 0xFF, 0x00, 0xFF, 0xFF, 0x00, 0xFF, 0xFF, 0x00, 0xFF, 0xFF, 0x00,
  0xFF, 0xFF, 0x00, 0xFF, 0xFF, 0x00, 0xFF, 0xFF, 0x00, 0xFF, 0xFF, 0x00, 0xFF, 0xFF, 0x00, 0xFF, 0xFF, 0x00, 0xFF, 0xFF, 0x00, 0xFF, 0xFF, 0x00,
  0xFF, 0xFF, 0x00, 0xFF, 0xFF, 0x00, 0xFF, 0xFF, 0x00, 0x00, 0x00, 0x00, 0x00, 0x00, 0x00, 0x00, 0x00, 0x00, 0x00, 0x00, 0x00, 0x00, 0x00, 0x00,
  0x00, 0x00, 0x00, 0x00, 0x00, 0x00, 0x00, 0x00, 0x00, 0x00, 0x00, 0x00, 0x00, 0x00, 0x00, 0x00, 0x00, 0x00, 0x00, 0x00, 0x00, 0x00, 0x00, 0x00,
  0x00, 0x00, 0x00, 0x00, 0x00, 0x00, 0x00, 0x00, 0x00, 0x00, 0x00, 0x00, 0x00, 0x00, 0x00, 0x00, 0x00, 0x00, 0x00, 0x00, 0x00, 0x00, 0x00, 0x00,
  0x00, 0x00, 0x00, 0x00, 0x00, 0x00, 0x00, 0x00, 0x00, 0x00, 0x00, 0x00, 0x00, 0x00, 0x00, 0x00, 0x00, 0x00, 0x00, 0x00, 0x00, 0x00, 0x00, 0x00,
  0x00, 0x00, 0x00, 0x00, 0x00, 0x00, 0x00, 0x00, 0x00, 0x00, 0x00, 0x00, 0x00, 0x00, 0x00, 0x00, 0x00, 0x00, 0x00, 0x00, 0x00, 0x00, 0x00, 0x00,
  0x00, 0x00, 0x00, 0x00, 0x00, 0x00, 0x00, 0x00, 0x00, 0x00, 0x00, 0x00, 0x00, 0x00, 0x00, 0x00, 0x00, 0x00, 0x00, 0x00, 0x00, 0x00, 0x00, 0x00,
  0x00, 0x00, 0x00, 0x00, 0x00, 0x00, 0x00, 0x00, 0x00, 0x00, 0x00, 0x00, 0x00, 0x00, 0x00, 0x00, 0x00, 0x00, 0x00, 0x00, 0x00, 0x00, 0x00, 0x00,
  0x00, 0x00, 0x00, 0x00, 0x00, 0x00, 0x00, 0x00, 0x00, 0x00, 0x00, 0x00, 0x00, 0x00, 0x00, 0x00, 0x00, 0x00, 0x00, 0x00, 0x00, 0x00, 0x00, 0x00,
  0x00, 0x00, 0x00, 0x00, 0x00, 0x00, 0x00, 0x00, 0x00, 0xA6, 0x31, 0x35, 0xFB, 0xDE, 0xFF, 0x3C, 0xE7, 0xF7, 0x58, 0xCE, 0xFF, 0x7D, 0xEF, 0xFF,
  0x7D, 0xEF, 0xFF, 0x7D, 0xEF, 0xFF, 0x7D, 0xEF, 0xFF, 0x7D, 0xEF, 0xFF, 0x7D, 0xEF, 0xFF, 0x7D, 0xEF, 0xFF, 0x7D, 0xEF, 0xFF, 0x7D, 0xEF, 0xFF,
  0x7D, 0xEF, 0xFF, 0x7D, 0xEF, 0xFF, 0x7D, 0xEF, 0xFF, 0x7D, 0xEF, 0xFF, 0x7D, 0xEF, 0xFF, 0x7D, 0xEF, 0xFF, 0x7D, 0xEF, 0xFF, 0x7D, 0xEF, 0xFF,
  0x7D, 0xEF, 0xFF, 0x7D, 0xEF, 0xFF, 0x7D, 0xEF, 0xFF, 0x5D, 0xEF, 0xFF, 0x9E, 0xF7, 0xFF, 0xDA, 0xDE, 0xFF, 0xA6, 0x31, 0xFF, 0x04, 0x21, 0xFF,
  0x4D, 0x6B, 0xFF, 0x51, 0x8C, 0xFF, 0x92, 0x94, 0xFF, 0xEF, 0x7B, 0xFF, 0xB2, 0x94, 0xFF, 0x10, 0x84, 0xFF, 0xD3, 0x9C, 0xFF, 0x6D, 0x6B, 0xFF,
  0xAB, 0x52, 0xFF, 0xEC, 0x5A, 0xFF, 0xEB, 0x5A, 0xFF, 0xEB, 0x5A, 0xFF, 0xEB, 0x5A, 0xFF, 0xCB, 0x5A, 0xFF, 0xCB, 0x5A, 0xFF, 0xCB, 0x5A, 0xFF,
  0xEB, 0x5A, 0xFF, 0xCB, 0x5A, 0xFF, 0xCB, 0x5A, 0xFF, 0xCB, 0x5A, 0xFF, 0xCB, 0x5A, 0xFF, 0xCB, 0x5A, 0xFF, 0xCB, 0x5A, 0xFF, 0xCB, 0x5A, 0xFF,
  0xCB, 0x5A, 0xFF, 0xEB, 0x5A, 0xFF, 0xCB, 0x5A, 0xFF, 0xCB, 0x5A, 0xFF, 0xCB, 0x5A, 0xFF, 0xCB, 0x5A, 0xFF, 0xCB, 0x5A, 0xFF, 0xCB, 0x5A, 0xFF,
  0xCB, 0x52, 0xFF, 0xCB, 0x52, 0xFF, 0xAB, 0x52, 0xFF, 0xCB, 0x52, 0xFF, 0xAB, 0x52, 0xFF, 0xAB, 0x52, 0xFF, 0xAB, 0x52, 0xFF, 0xAB, 0x52, 0xFF,
  0xAB, 0x52, 0xFF, 0xAB, 0x52, 0xFF, 0xAB, 0x52, 0xFF, 0x8A, 0x52, 0xFF, 0xE7, 0x39, 0xFF, 0xC7, 0x39, 0xFF, 0xA7, 0x31, 0xFF, 0xE7, 0x39, 0xFF,
  0x14, 0x9D, 0xFF, 0xB2, 0x94, 0xFF, 0xEF, 0x7B, 0xFF, 0xB2, 0x94, 0xFF, 0x4D, 0x6B, 0xFF, 0xD3, 0x9C, 0xFF, 0xD3, 0x9C, 0xFF, 0xAA, 0x52, 0xFF,
  0x86, 0x31, 0xFF, 0x08, 0x42, 0xFF, 0x3C, 0xE7, 0xFF, 0x7D, 0xEF, 0xFF, 0x5D, 0xEF, 0xFF, 0x5D, 0xEF, 0xFF, 0x5D, 0xEF, 0xFF, 0x7D, 0xEF, 0xFF,
  0x5D, 0xEF, 0xFF, 0x5D, 0xEF, 0xFF, 0x5D, 0xEF, 0xFF, 0x5D, 0xEF, 0xFF, 0x5D, 0xEF, 0xFF, 0x5D, 0xEF, 0xFF, 0x5D, 0xEF, 0xFF, 0x7D, 0xEF, 0xFF,
  0x5D, 0xEF, 0xFF, 0x5D, 0xEF, 0xFF, 0x7D, 0xEF, 0xFF, 0x7D, 0xEF, 0xFF, 0x5D, 0xEF, 0xFF, 0x7D, 0xEF, 0xFF, 0x5D, 0xEF, 0xFF, 0x5D, 0xEF, 0xFF,
  0x5D, 0xEF, 0xFF, 0x5D, 0xEF, 0xFF, 0x7D, 0xEF, 0xFF, 0x5D, 0xEF, 0xFF, 0x5D, 0xEF, 0xFF, 0x5D, 0xEF, 0xFF, 0x5D, 0xEF, 0xFF, 0x7D, 0xEF, 0xFF,
  0x5D, 0xEF, 0xFF, 0x5D, 0xEF, 0xFF, 0x7D, 0xEF, 0xFF, 0x7D, 0xEF, 0xFF, 0x7D, 0xEF, 0xFF, 0x5D, 0xEF, 0xFF, 0x5D, 0xEF, 0xFF, 0x5D, 0xEF, 0xFF,
  0x5D, 0xEF, 0xFF, 0x5D, 0xEF, 0xFF, 0x5D, 0xEF, 0xFF, 0x5D, 0xEF, 0xFF, 0x5D, 0xEF, 0xFF, 0x5D, 0xEF, 0xFF, 0x7D, 0xEF, 0xFF, 0x7D, 0xEF, 0xFF,
  0x7D, 0xEF, 0xFF, 0x7D, 0xEF, 0xFF, 0x7D, 0xEF, 0xFF, 0x7D, 0xEF, 0xFF, 0x7D, 0xEF, 0xFF, 0x7D, 0xEF, 0xFF, 0x7D, 0xEF, 0xFF, 0x7D, 0xEF, 0xFF,
  0x7D, 0xEF, 0xFF, 0x7D, 0xEF, 0xFF, 0x7D, 0xEF, 0xFF, 0x7D, 0xEF, 0xFF, 0x7D, 0xEF, 0xFF, 0x7D, 0xEF, 0xFF, 0x9E, 0xF7, 0xFF, 0xDB, 0xDE, 0xFF,
  0x9A, 0xD6, 0xFF, 0x7D, 0xEF, 0xF9, 0xDF, 0xFF, 0xFF, 0x8E, 0x73, 0x86, 0x00, 0x00, 0x00, 0x00, 0x00, 0x00, 0x00, 0x00, 0x00, 0x00, 0x00, 0x00,
  0xFF, 0xFF, 0x00, 0xFF, 0xFF, 0x00, 0xFF, 0xFF, 0x00, 0xFF, 0xFF, 0x00, 0xFF, 0xFF, 0x00, 0xFF, 0xFF, 0x00, 0xFF, 0xFF, 0x00, 0xFF, 0xFF, 0x00,
  0xFF, 0xFF, 0x00, 0xFF, 0xFF, 0x00, 0xFF, 0xFF, 0x00, 0xFF, 0xFF, 0x00, 0xFF, 0xFF, 0x00, 0xFF, 0xFF, 0x00, 0xFF, 0xFF, 0x00, 0xFF, 0xFF, 0x00,
  0xFF, 0xFF, 0x00, 0xFF, 0xFF, 0x00, 0xFF, 0xFF, 0x00, 0xFF, 0xFF, 0x00, 0xFF, 0xFF, 0x00, 0xFF, 0xFF, 0x00, 0xFF, 0xFF, 0x00, 0xFF, 0xFF, 0x00,
  0xFF, 0xFF, 0x00, 0xFF, 0xFF, 0x00, 0xFF, 0xFF, 0x00, 0xFF, 0xFF, 0x00, 0xFF, 0xFF, 0x00, 0xFF, 0xFF, 0x00, 0xFF, 0xFF, 0x00, 0xFF, 0xFF, 0x00,
  0xFF, 0xFF, 0x00, 0xFF, 0xFF, 0x00, 0xFF, 0xFF, 0x00, 0xFF, 0xFF, 0x00, 0xFF, 0xFF, 0x00, 0xFF, 0xFF, 0x00, 0xFF, 0xFF, 0x00, 0xFF, 0xFF, 0x00,
  0xFF, 0xFF, 0x00, 0xFF, 0xFF, 0x00, 0xFF, 0xFF, 0x00, 0xFF, 0xFF, 0x00, 0xFF, 0xFF, 0x00, 0xFF, 0xFF, 0x00, 0xFF, 0xFF, 0x00, 0xFF, 0xFF, 0x00,
  0xFF, 0xFF, 0x00, 0xFF, 0xFF, 0x00, 0xFF, 0xFF, 0x00, 0xFF, 0xFF, 0x00, 0xFF, 0xFF, 0x00, 0xFF, 0xFF, 0x00, 0xFF, 0xFF, 0x00, 0x00, 0x00, 0x00,
  0x00, 0x00, 0x00, 0x00, 0x00, 0x00, 0x00, 0x00, 0x00, 0x00, 0x00, 0x00, 0x00, 0x00, 0x00, 0x00, 0x00, 0x00, 0x00, 0x00, 0x00, 0x00, 0x00, 0x00,
  0x00, 0x00, 0x00, 0x00, 0x00, 0x00, 0x00, 0x00, 0x00, 0x00, 0x00, 0x00, 0x00, 0x00, 0x00, 0x00, 0x00, 0x00, 0x00, 0x00, 0x00, 0x00, 0x00, 0x00,
  0x00, 0x00, 0x00, 0x00, 0x00, 0x00, 0x00, 0x00, 0x00, 0x00, 0x00, 0x00, 0x00, 0x00, 0x00, 0x00, 0x00, 0x00, 0x00, 0x00, 0x00, 0x00, 0x00, 0x00,
  0x00, 0x00, 0x00, 0x00, 0x00, 0x00, 0x00, 0x00, 0x00, 0x00, 0x00, 0x00, 0x00, 0x00, 0x00, 0x00, 0x00, 0x00, 0x00, 0x00, 0x00, 0x00, 0x00, 0x00,
  0x00, 0x00, 0x00, 0x00, 0x00, 0x00, 0x00, 0x00, 0x00, 0x00, 0x00, 0x00, 0x00, 0x00, 0x00, 0x00, 0x00, 0x00, 0x00, 0x00, 0x00, 0x00, 0x00, 0x00,
  0x00, 0x00, 0x00, 0x00, 0x00, 0x00, 0x00, 0x00, 0x00, 0x00, 0x00, 0x00, 0x00, 0x00, 0x00, 0x00, 0x00, 0x00, 0x00, 0x00, 0x00, 0x00, 0x00, 0x00,
  0x00, 0x00, 0x00, 0x00, 0x00, 0x00, 0x00, 0x00, 0x00, 0x00, 0x00, 0x00, 0x00, 0x00, 0x00, 0x00, 0x00, 0x00, 0x00, 0x00, 0x00, 0x00, 0x00, 0x00,
  0x00, 0x00, 0x00, 0x00, 0x00, 0x00, 0x00, 0x00, 0x00, 0x00, 0x00, 0x00, 0x00, 0x00, 0x00, 0x00, 0x00, 0x00, 0x00, 0x00, 0x00, 0xEF, 0x7B, 0xA3,
  0xDF, 0xFF, 0xFF, 0xBA, 0xD6, 0xF9, 0x9A, 0xD6, 0xFF, 0x9E, 0xF7, 0xFF, 0x5D, 0xEF, 0xFF, 0x7D, 0xEF, 0xFF, 0x7D, 0xEF, 0xFF, 0x7D, 0xEF, 0xFF,
  0x7D, 0xEF, 0xFF, 0x7D, 0xEF, 0xFF, 0x7D, 0xEF, 0xFF, 0x7D, 0xEF, 0xFF, 0x7D, 0xEF, 0xFF, 0x7D, 0xEF, 0xFF, 0x7D, 0xEF, 0xFF, 0x7D, 0xEF, 0xFF,
  0x7D, 0xEF, 0xFF, 0x7D, 0xEF, 0xFF, 0x7D, 0xEF, 0xFF, 0x7D, 0xEF, 0xFF, 0x7D, 0xEF, 0xFF, 0x7D, 0xEF, 0xFF, 0x7D, 0xEF, 0xFF, 0x5D, 0xEF, 0xFF,
  0x9E, 0xF7, 0xFF, 0xFB, 0xDE, 0xFF, 0xA6, 0x31, 0xFF, 0x45, 0x29, 0xFF, 0x4D, 0x6B, 0xFF, 0x92, 0x94, 0xFF, 0xB2, 0x94, 0xFF, 0xCF, 0x7B, 0xFF,
  0xD3, 0x9C, 0xFF, 0xEF, 0x7B, 0xFF, 0x34, 0xA5, 0xFF, 0xCF, 0x7B, 0xFF, 0xAA, 0x52, 0xFF, 0xEC, 0x5A, 0xFF, 0xCB, 0x5A, 0xFF, 0xEB, 0x5A, 0xFF,
  0xEB, 0x5A, 0xFF, 0xCB, 0x5A, 0xFF, 0xCB, 0x5A, 0xFF, 0xCB, 0x5A, 0xFF, 0xCB, 0x5A, 0xFF, 0xCB, 0x5A, 0xFF, 0xCB, 0x5A, 0xFF, 0xCB, 0x5A, 0xFF,
  0xCB, 0x5A, 0xFF, 0xCB, 0x5A, 0xFF, 0xEB, 0x5A, 0xFF, 0xCB, 0x5A, 0xFF, 0xCB, 0x5A, 0xFF, 0xCB, 0x5A, 0xFF, 0xCB, 0x5A, 0xFF, 0xCB, 0x5A, 0xFF,
  0xCB, 0x52, 0xFF, 0xCB, 0x52, 0xFF, 0xCB, 0x52, 0xFF, 0xCB, 0x52, 0xFF, 0xAB, 0x52, 0xFF, 0xCB, 0x52, 0xFF, 0xAB, 0x52, 0xFF, 0xAB, 0x52, 0xFF,
  0xAB, 0x52, 0xFF, 0xAB, 0x52, 0xFF, 0xAB, 0x52, 0xFF, 0xAB, 0x52, 0xFF, 0xAB, 0x52, 0xFF, 0xAB, 0x52, 0xFF, 0xAB, 0x52, 0xFF, 0x8A, 0x4A, 0xFF,
  0xC7, 0x31, 0xFF, 0xC7, 0x39, 0xFF, 0xA7, 0x31, 0xFF, 0x8A, 0x4A, 0xFF, 0xD3, 0x9C, 0xFF, 0xAF, 0x7B, 0xFF, 0x10, 0x84, 0xFF, 0xF3, 0x9C, 0xFF,
  0x6D, 0x6B, 0xFF, 0x30, 0x84, 0xFF, 0x92, 0x94, 0xFF, 0x69, 0x4A, 0xFF, 0x24, 0x21, 0xFF, 0xC7, 0x39, 0xFF, 0x5C, 0xEF, 0xFF, 0x7D, 0xEF, 0xFF,
  0x5D, 0xEF, 0xFF, 0x5D, 0xEF, 0xFF, 0x5D, 0xEF, 0xFF, 0x5D, 0xEF, 0xFF, 0x5D, 0xEF, 0xFF, 0x5D, 0xEF, 0xFF, 0x7D, 0xEF, 0xFF, 0x5D, 0xEF, 0xFF,
  0x5D, 0xEF, 0xFF, 0x5D, 0xEF, 0xFF, 0x7D, 0xEF, 0xFF, 0x5D, 0xEF, 0xFF, 0x5D, 0xEF, 0xFF, 0x5D, 0xEF, 0xFF, 0x5D, 0xEF, 0xFF, 0x5D, 0xEF, 0xFF,
  0x5D, 0xEF, 0xFF, 0x5D, 0xEF, 0xFF, 0x5D, 0xEF, 0xFF, 0x5D, 0xEF, 0xFF, 0x5D, 0xEF, 0xFF, 0x7D, 0xEF, 0xFF, 0x7D, 0xEF, 0xFF, 0x5D, 0xEF, 0xFF,
  0x5D, 0xEF, 0xFF, 0x7D, 0xEF, 0xFF, 0x5D, 0xEF, 0xFF, 0x5D, 0xEF, 0xFF, 0x5D, 0xEF, 0xFF, 0x5D, 0xEF, 0xFF, 0x7D, 0xEF, 0xFF, 0x5D, 0xEF, 0xFF,
  0x5D, 0xEF, 0xFF, 0x5D, 0xEF, 0xFF, 0x5D, 0xEF, 0xFF, 0x5D, 0xEF, 0xFF, 0x5D, 0xEF, 0xFF, 0x5D, 0xEF, 0xFF, 0x5D, 0xEF, 0xFF, 0x5D, 0xEF, 0xFF,
  0x5D, 0xEF, 0xFF, 0x5D, 0xEF, 0xFF, 0x7D, 0xEF, 0xFF, 0x7D, 0xEF, 0xFF, 0x7D, 0xEF, 0xFF, 0x7D, 0xEF, 0xFF, 0x7D, 0xEF, 0xFF, 0x7D, 0xEF, 0xFF,
  0x7D, 0xEF, 0xFF, 0x7D, 0xEF, 0xFF, 0x7D, 0xEF, 0xFF, 0x7D, 0xEF, 0xFF, 0x7D, 0xEF, 0xFF, 0x7D, 0xEF, 0xFF, 0x7D, 0xEF, 0xFF, 0x7D, 0xEF, 0xFF,
  0x7D, 0xEF, 0xFF, 0x7D, 0xEF, 0xFF, 0x7D, 0xEF, 0xFF, 0x5D, 0xEF, 0xFF, 0x59, 0xCE, 0xFF, 0x5D, 0xEF, 0xFF, 0xBE, 0xF7, 0xFD, 0xD7, 0xBD, 0xEB,
  0x41, 0x08, 0x03, 0x00, 0x00, 0x00, 0x00, 0x00, 0x00, 0x00, 0x00, 0x00, 0xFF, 0xFF, 0x00, 0xFF, 0xFF, 0x00, 0xFF, 0xFF, 0x00, 0xFF, 0xFF, 0x00,
  0xFF, 0xFF, 0x00, 0xFF, 0xFF, 0x00, 0xFF, 0xFF, 0x00, 0xFF, 0xFF, 0x00, 0xFF, 0xFF, 0x00, 0xFF, 0xFF, 0x00, 0xFF, 0xFF, 0x00, 0xFF, 0xFF, 0x00,
  0xFF, 0xFF, 0x00, 0xFF, 0xFF, 0x00, 0xFF, 0xFF, 0x00, 0xFF, 0xFF, 0x00, 0xFF, 0xFF, 0x00, 0xFF, 0xFF, 0x00, 0xFF, 0xFF, 0x00, 0xFF, 0xFF, 0x00,
  0xFF, 0xFF, 0x00, 0xFF, 0xFF, 0x00, 0xFF, 0xFF, 0x00, 0xFF, 0xFF, 0x00, 0xFF, 0xFF, 0x00, 0xFF, 0xFF, 0x00, 0xFF, 0xFF, 0x00, 0xFF, 0xFF, 0x00,
  0xFF, 0xFF, 0x00, 0xFF, 0xFF, 0x00, 0xFF, 0xFF, 0x00, 0xFF, 0xFF, 0x00, 0xFF, 0xFF, 0x00, 0xFF, 0xFF, 0x00, 0xFF, 0xFF, 0x00, 0xFF, 0xFF, 0x00,
  0xFF, 0xFF, 0x00, 0xFF, 0xFF, 0x00, 0xFF, 0xFF, 0x00, 0xFF, 0xFF, 0x00, 0xFF, 0xFF, 0x00, 0xFF, 0xFF, 0x00, 0xFF, 0xFF, 0x00, 0xFF, 0xFF, 0x00,
  0xFF, 0xFF, 0x00, 0xFF, 0xFF, 0x00, 0xFF, 0xFF, 0x00, 0xFF, 0xFF, 0x00, 0xFF, 0xFF, 0x00, 0xFF, 0xFF, 0x00, 0xFF, 0xFF, 0x00, 0xFF, 0xFF, 0x00,
  0xFF, 0xFF, 0x00, 0xFF, 0xFF, 0x00, 0xFF, 0xFF, 0x00, 0x00, 0x00, 0x00, 0x00, 0x00, 0x00, 0x00, 0x00, 0x00, 0x00, 0x00, 0x00, 0x00, 0x00, 0x00,
  0x00, 0x00, 0x00, 0x00, 0x00, 0x00, 0x00, 0x00, 0x00, 0x00, 0x00, 0x00, 0x00, 0x00, 0x00, 0x00, 0x00, 0x00, 0x00, 0x00, 0x00, 0x00, 0x00, 0x00,
  0x00, 0x00, 0x00, 0x00, 0x00, 0x00, 0x00, 0x00, 0x00, 0x00, 0x00, 0x00, 0x00, 0x00, 0x00, 0x00, 0x00, 0x00, 0x00, 0x00, 0x00, 0x00, 0x00, 0x00,
  0x00, 0x00, 0x00, 0x00, 0x00, 0x00, 0x00, 0x00, 0x00, 0x00, 0x00, 0x00, 0x00, 0x00, 0x00, 0x00, 0x00, 0x00, 0x00, 0x00, 0x00, 0x00, 0x00, 0x00,
  0x00, 0x00, 0x00, 0x00, 0x00, 0x00, 0x00, 0x00, 0x00, 0x00, 0x00, 0x00, 0x00, 0x00, 0x00, 0x00, 0x00, 0x00, 0x00, 0x00, 0x00, 0x00, 0x00, 0x00,
  0x00, 0x00, 0x00, 0x00, 0x00, 0x00, 0x00, 0x00, 0x00, 0x00, 0x00, 0x00, 0x00, 0x00, 0x00, 0x00, 0x00, 0x00, 0x00, 0x00, 0x00, 0x00, 0x00, 0x00,
  0x00, 0x00, 0x00, 0x00, 0x00, 0x00, 0x00, 0x00, 0x00, 0x00, 0x00, 0x00, 0x00, 0x00, 0x00, 0x00, 0x00, 0x00, 0x00, 0x00, 0x00, 0x00, 0x00, 0x00,
  0x00, 0x00, 0x00, 0x00, 0x00, 0x00, 0x00, 0x00, 0x00, 0x00, 0x00, 0x00, 0x00, 0x00, 0x00, 0x00, 0x00, 0x00, 0x00, 0x00, 0x00, 0x00, 0x00, 0x00,
  0x00, 0x00, 0x00, 0x00, 0x00, 0x00, 0x82, 0x10, 0x0B, 0x38, 0xC6, 0xFF, 0xDE, 0xFF, 0xFD, 0x59, 0xCE, 0xFF, 0xFB, 0xE6, 0xFF, 0x9D, 0xF7, 0xFF,
  0x7D, 0xEF, 0xFF, 0x7D, 0xEF, 0xFF, 0x7D, 0xEF, 0xFF, 0x7D, 0xEF, 0xFF, 0x7D, 0xEF, 0xFF, 0x7D, 0xEF, 0xFF, 0x7D, 0xEF, 0xFF, 0x7D, 0xEF, 0xFF,
  0x7D, 0xEF, 0xFF, 0x7D, 0xEF, 0xFF, 0x7D, 0xEF, 0xFF, 0x7D, 0xEF, 0xFF, 0x7D, 0xEF, 0xFF, 0x7D, 0xEF, 0xFF, 0x7D, 0xEF, 0xFF, 0x7D, 0xEF, 0xFF,
  0x7D, 0xEF, 0xFF, 0x7D, 0xEF, 0xFF, 0x7D, 0xEF, 0xFF, 0x7D, 0xEF, 0xFF, 0x5D, 0xEF, 0xFF, 0xBE, 0xF7, 0xFF, 0x28, 0x42, 0xFF, 0x65, 0x29, 0xFF,
  0x86, 0x31, 0xFF, 0xCF, 0x7B, 0xFF, 0x30, 0x84, 0xFF, 0xAF, 0x73, 0xFF, 0xF3, 0x9C, 0xFF, 0x10, 0x84, 0xFF, 0x14, 0xA5, 0xFF, 0x30, 0x84, 0xFF,
  0xCB, 0x52, 0xFF, 0x0C, 0x63, 0xFF, 0xEC, 0x5A, 0xFF, 0xEC, 0x5A, 0xFF, 0xEC, 0x5A, 0xFF, 0xEC, 0x5A, 0xFF, 0xEC, 0x5A, 0xFF, 0xEC, 0x5A, 0xFF,
  0xEC, 0x5A, 0xFF, 0xEC, 0x5A, 0xFF, 0xEC, 0x5A, 0xFF, 0xEC, 0x5A, 0xFF, 0xEC, 0x5A, 0xFF, 0xEC, 0x5A, 0xFF, 0xEC, 0x5A, 0xFF, 0xEC, 0x5A, 0xFF,
  0xEC, 0x5A, 0xFF, 0xEC, 0x5A, 0xFF, 0xEC, 0x5A, 0xFF, 0xEB, 0x5A, 0xFF, 0xCB, 0x5A, 0xFF, 0xCB, 0x5A, 0xFF, 0xCB, 0x52, 0xFF, 0xCB, 0x52, 0xFF,
  0xCB, 0x52, 0xFF, 0xCB, 0x52, 0xFF, 0xCB, 0x52, 0xFF, 0xCB, 0x52, 0xFF, 0xCB, 0x52, 0xFF, 0xCB, 0x52, 0xFF, 0xCB, 0x52, 0xFF, 0xCB, 0x52, 0xFF,
  0xCB, 0x52, 0xFF, 0xCB, 0x5A, 0xFF, 0xEB, 0x5A, 0xFF, 0x8A, 0x52, 0xFF, 0xA7, 0x31, 0xFF, 0xC7, 0x39, 0xFF, 0xA7, 0x31, 0xFF, 0xCB, 0x5A, 0xFF,
  0x34, 0xA5, 0xFF, 0xCF, 0x7B, 0xFF, 0x30, 0x84, 0xFF, 0x75, 0xAD, 0xFF, 0x6D, 0x6B, 0xFF, 0x30, 0x84, 0xFF, 0xEF, 0x7B, 0xFF, 0x65, 0x29, 0xFF,
  0x45, 0x29, 0xFF, 0xAA, 0x52, 0xFF, 0xDF, 0xFF, 0xFF, 0x5D, 0xEF, 0xFF, 0x5D, 0xEF, 0xFF, 0x5D, 0xEF, 0xFF, 0x5D, 0xEF, 0xFF, 0x5D, 0xEF, 0xFF,
  0x5D, 0xEF, 0xFF, 0x5D, 0xEF, 0xFF, 0x5D, 0xEF, 0xFF, 0x5D, 0xEF, 0xFF, 0x5D, 0xEF, 0xFF, 0x7D, 0xEF, 0xFF, 0x5D, 0xEF, 0xFF, 0x7D, 0xEF, 0xFF,
  0x5D, 0xEF, 0xFF, 0x7D, 0xEF, 0xFF, 0x5D, 0xEF, 0xFF, 0x5D, 0xEF, 0xFF, 0x5D, 0xEF, 0xFF, 0x5D, 0xEF, 0xFF, 0x5D, 0xEF, 0xFF, 0x7D, 0xEF, 0xFF,
  0x7D, 0xEF, 0xFF, 0x5D, 0xEF, 0xFF, 0x7D, 0xEF, 0xFF, 0x5D, 0xEF, 0xFF, 0x5D, 0xEF, 0xFF, 0x7D, 0xEF, 0xFF, 0x7D, 0xEF, 0xFF, 0x7D, 0xEF, 0xFF,
  0x5D, 0xEF, 0xFF, 0x5D, 0xEF, 0xFF, 0x7D, 0xEF, 0xFF, 0x5D, 0xEF, 0xFF, 0x5D, 0xEF, 0xFF, 0x5D, 0xEF, 0xFF, 0x5D, 0xEF, 0xFF, 0x5D, 0xEF, 0xFF,
  0x5D, 0xEF, 0xFF, 0x5D, 0xEF, 0xFF, 0x5D, 0xEF, 0xFF, 0x5D, 0xEF, 0xFF, 0x5D, 0xEF, 0xFF, 0x5D, 0xEF, 0xFF, 0x7D, 0xEF, 0xFF, 0x7D, 0xEF, 0xFF,
  0x7D, 0xEF, 0xFF, 0x7D, 0xEF, 0xFF, 0x7D, 0xEF, 0xFF, 0x7D, 0xEF, 0xFF, 0x7D, 0xEF, 0xFF, 0x7D, 0xEF, 0xFF, 0x7D, 0xEF, 0xFF, 0x7D, 0xEF, 0xFF,
  0x7D, 0xEF, 0xFF, 0x7D, 0xEF, 0xFF, 0x7D, 0xEF, 0xFF, 0x7D, 0xEF, 0xFF, 0x5D, 0xEF, 0xFF, 0x5D, 0xEF, 0xFF, 0x5D, 0xEF, 0xFF, 0x9E, 0xF7, 0xFF,
  0x79, 0xCE, 0xFF, 0x1C, 0xE7, 0xFF, 0x7D, 0xEF, 0xF7, 0x5C, 0xEF, 0xFF, 0x86, 0x31, 0x28, 0x00, 0x00, 0x00, 0x00, 0x00, 0x00, 0x00, 0x00, 0x00,
  0xFF, 0xFF, 0x00, 0xFF, 0xFF, 0x00, 0xFF, 0xFF, 0x00, 0xFF, 0xFF, 0x00, 0xFF, 0xFF, 0x00, 0xFF, 0xFF, 0x00, 0xFF, 0xFF, 0x00, 0xFF, 0xFF, 0x00,
  0xFF, 0xFF, 0x00, 0xFF, 0xFF, 0x00, 0xFF, 0xFF, 0x00, 0xFF, 0xFF, 0x00, 0xFF, 0xFF, 0x00, 0xFF, 0xFF, 0x00, 0xFF, 0xFF, 0x00, 0xFF, 0xFF, 0x00,
  0xFF, 0xFF, 0x00, 0xFF, 0xFF, 0x00, 0xFF, 0xFF, 0x00, 0xFF, 0xFF, 0x00, 0xFF, 0xFF, 0x00, 0xFF, 0xFF, 0x00, 0xFF, 0xFF, 0x00, 0xFF, 0xFF, 0x00,
  0xFF, 0xFF, 0x00, 0xFF, 0xFF, 0x00, 0xFF, 0xFF, 0x00, 0xFF, 0xFF, 0x00, 0xFF, 0xFF, 0x00, 0xFF, 0xFF, 0x00, 0xFF, 0xFF, 0x00, 0xFF, 0xFF, 0x00,
  0xFF, 0xFF, 0x00, 0xFF, 0xFF, 0x00, 0xFF, 0xFF, 0x00, 0xFF, 0xFF, 0x00, 0xFF, 0xFF, 0x00, 0xFF, 0xFF, 0x00, 0xFF, 0xFF, 0x00, 0xFF, 0xFF, 0x00,
  0xFF, 0xFF, 0x00, 0xFF, 0xFF, 0x00, 0xFF, 0xFF, 0x00, 0xFF, 0xFF, 0x00, 0xFF, 0xFF, 0x00, 0xFF, 0xFF, 0x00, 0xFF, 0xFF, 0x00, 0xFF, 0xFF, 0x00,
  0xFF, 0xFF, 0x00, 0xFF, 0xFF, 0x00, 0xFF, 0xFF, 0x00, 0xFF, 0xFF, 0x00, 0xFF, 0xFF, 0x00, 0xFF, 0xFF, 0x00, 0xFF, 0xFF, 0x00, 0x00, 0x00, 0x00,
  0x00, 0x00, 0x00, 0x00, 0x00, 0x00, 0x00, 0x00, 0x00, 0x00, 0x00, 0x00, 0x00, 0x00, 0x00, 0x00, 0x00, 0x00, 0x00, 0x00, 0x00, 0x00, 0x00, 0x00,
  0x00, 0x00, 0x00, 0x00, 0x00, 0x00, 0x00, 0x00, 0x00, 0x00, 0x00, 0x00, 0x00, 0x00, 0x00, 0x00, 0x00, 0x00, 0x00, 0x00, 0x00, 0x00, 0x00, 0x00,
  0x00, 0x00, 0x00, 0x00, 0x00, 0x00, 0x00, 0x00, 0x00, 0x00, 0x00, 0x00, 0x00, 0x00, 0x00, 0x00, 0x00, 0x00, 0x00, 0x00, 0x00, 0x00, 0x00, 0x00,
  0x00, 0x00, 0x00, 0x00, 0x00, 0x00, 0x00, 0x00, 0x00, 0x00, 0x00, 0x00, 0x00, 0x00, 0x00, 0x00, 0x00, 0x00, 0x00, 0x00, 0x00, 0x00, 0x00, 0x00,
  0x00, 0x00, 0x00, 0x00, 0x00, 0x00, 0x00, 0x00, 0x00, 0x00, 0x00, 0x00, 0x00, 0x00, 0x00, 0x00, 0x00, 0x00, 0x00, 0x00, 0x00, 0x00, 0x00, 0x00,
  0x00, 0x00, 0x00, 0x00, 0x00, 0x00, 0x00, 0x00, 0x00, 0x00, 0x00, 0x00, 0x00, 0x00, 0x00, 0x00, 0x00, 0x00, 0x00, 0x00, 0x00, 0x00, 0x00, 0x00,
  0x00, 0x00, 0x00, 0x00, 0x00, 0x00, 0x00, 0x00, 0x00, 0x00, 0x00, 0x00, 0x00, 0x00, 0x00, 0x00, 0x00, 0x00, 0x00, 0x00, 0x00, 0x00, 0x00, 0x00,
  0x00, 0x00, 0x00, 0x00, 0x00, 0x00, 0x00, 0x00, 0x00, 0x00, 0x00, 0x00, 0x00, 0x00, 0x00, 0x00, 0x00, 0x00, 0x08, 0x42, 0x49, 0x7D, 0xEF, 0xFF,
  0x5D, 0xEF, 0xF7, 0x59, 0xCE, 0xFF, 0x7D, 0xEF, 0xFF, 0x7D, 0xEF, 0xFF, 0x7D, 0xEF, 0xFF, 0x7D, 0xEF, 0xFF, 0x7D, 0xEF, 0xFF, 0x7D, 0xEF, 0xFF,
  0x7D, 0xEF, 0xFF, 0x7D, 0xEF, 0xFF, 0x7D, 0xEF, 0xFF, 0x7D, 0xEF, 0xFF, 0x7D, 0xEF, 0xFF, 0x7D, 0xEF, 0xFF, 0x7D, 0xEF, 0xFF, 0x7D, 0xEF, 0xFF,
  0x7D, 0xEF, 0xFF, 0x7D, 0xEF, 0xFF, 0x7D, 0xEF, 0xFF, 0x7D, 0xEF, 0xFF, 0x7D, 0xEF, 0xFF, 0x7D, 0xEF, 0xFF, 0x7D, 0xEF, 0xFF, 0x7D, 0xEF, 0xFF,
  0x5D, 0xEF, 0xFF, 0xBE, 0xF7, 0xFF, 0x13, 0xA5, 0xFF, 0x41, 0x08, 0xFF, 0xA6, 0x31, 0xFF, 0xE7, 0x39, 0xFF, 0x49, 0x42, 0xFF, 0x8A, 0x4A, 0xFF,
  0x0C, 0x63, 0xFF, 0x69, 0x4A, 0xFF, 0xAA, 0x52, 0xFF, 0x8A, 0x52, 0xFF, 0xC7, 0x39, 0xFF, 0x08, 0x42, 0xFF, 0xE7, 0x39, 0xFF, 0xE7, 0x39, 0xFF,
  0x08, 0x3A, 0xFF, 0x08, 0x42, 0xFF, 0x08, 0x42, 0xFF, 0xE8, 0x39, 0xFF, 0xE7, 0x39, 0xFF, 0xE7, 0x39, 0xFF, 0xE7, 0x39, 0xFF, 0xE8, 0x39, 0xFF,
  0x08, 0x3A, 0xFF, 0xE8, 0x39, 0xFF, 0xE7, 0x39, 0xFF, 0xE8, 0x39, 0xFF, 0x08, 0x3A, 0xFF, 0xE8, 0x39, 0xFF, 0xE7, 0x39, 0xFF, 0xE7, 0x39, 0xFF,
  0xE7, 0x39, 0xFF, 0xE7, 0x39, 0xFF, 0xE7, 0x39, 0xFF, 0xE7, 0x39, 0xFF, 0xE7, 0x39, 0xFF, 0xC7, 0x39, 0xFF, 0xC7, 0x39, 0xFF, 0xE7, 0x39, 0xFF,
  0xE7, 0x39, 0xFF, 0xE7, 0x39, 0xFF, 0xE7, 0x39, 0xFF, 0xE7, 0x39, 0xFF, 0x08, 0x3A, 0xFF, 0xE7, 0x39, 0xFF, 0xE7, 0x39, 0xFF, 0xA7, 0x31, 0xFF,
  0x65, 0x29, 0xFF, 0x86, 0x31, 0xFF, 0x86, 0x31, 0xFF, 0xE7, 0x39, 0xFF, 0xEB, 0x5A, 0xFF, 0x49, 0x4A, 0xFF, 0xAA, 0x52, 0xFF, 0x2C, 0x63, 0xFF,
  0x28, 0x42, 0xFF, 0x69, 0x4A, 0xFF, 0x08, 0x42, 0xFF, 0xE7, 0x39, 0xFF, 0x82, 0x10, 0xFF, 0xF7, 0xBD, 0xFF, 0xBE, 0xF7, 0xFF, 0x5D, 0xEF, 0xFF,
  0x5D, 0xEF, 0xFF, 0x5D, 0xEF, 0xFF, 0x5D, 0xEF, 0xFF, 0x5D, 0xEF, 0xFF, 0x5D, 0xEF, 0xFF, 0x5D, 0xEF, 0xFF, 0x5D, 0xEF, 0xFF, 0x7D, 0xEF, 0xFF,
  0x5D, 0xEF, 0xFF, 0x5D, 0xEF, 0xFF, 0x5D, 0xEF, 0xFF, 0x5D, 0xEF, 0xFF, 0x5D, 0xEF, 0xFF, 0x5D, 0xEF, 0xFF, 0x7D, 0xEF, 0xFF, 0x5D, 0xEF, 0xFF,
  0x7D, 0xEF, 0xFF, 0x5D, 0xEF, 0xFF, 0x7D, 0xEF, 0xFF, 0x7D, 0xEF, 0xFF, 0x7D, 0xEF, 0xFF, 0x5D, 0xEF, 0xFF, 0x7D, 0xEF, 0xFF, 0x7D, 0xEF, 0xFF,
  0x7D, 0xEF, 0xFF, 0x7D, 0xEF, 0xFF, 0x7D, 0xEF, 0xFF, 0x5D, 0xEF, 0xFF, 0x5D, 0xEF, 0xFF, 0x5D, 0xEF, 0xFF, 0x7D, 0xEF, 0xFF, 0x5D, 0xEF, 0xFF,
  0x5D, 0xEF, 0xFF, 0x5D, 0xEF, 0xFF, 0x5D, 0xEF, 0xFF, 0x5D, 0xEF, 0xFF, 0x5D, 0xEF, 0xFF, 0x5D, 0xEF, 0xFF, 0x5D, 0xEF, 0xFF, 0x5D, 0xEF, 0xFF,
  0x5D, 0xEF, 0xFF, 0x5D, 0xEF, 0xFF, 0x7D, 0xEF, 0xFF, 0x5D, 0xEF, 0xFF, 0x7D, 0xEF, 0xFF, 0x7D, 0xEF, 0xFF, 0x7D, 0xEF, 0xFF, 0x7D, 0xEF, 0xFF,
  0x7D, 0xEF, 0xFF, 0x7D, 0xEF, 0xFF, 0x7D, 0xEF, 0xFF, 0x7D, 0xEF, 0xFF, 0x7D, 0xEF, 0xFF, 0x7D, 0xEF, 0xFF, 0x5D, 0xEF, 0xFF, 0x5D, 0xEF, 0xFF,
  0x7D, 0xEF, 0xFF, 0x5D, 0xEF, 0xFF, 0x5D, 0xEF, 0xFF, 0x7D, 0xF7, 0xFF, 0xDB, 0xDE, 0xFF, 0x9A, 0xD6, 0xFF, 0x5D, 0xEF, 0xF9, 0xDF, 0xFF, 0xFF,
  0x8E, 0x73, 0x88, 0x00, 0x00, 0x00, 0x00, 0x00, 0x00, 0x00, 0x00, 0x00, 0xFF, 0xFF, 0x00, 0xFF, 0xFF, 0x00, 0xFF, 0xFF, 0x00, 0xFF, 0xFF, 0x00,
  0xFF, 0xFF, 0x00, 0xFF, 0xFF, 0x00, 0xFF, 0xFF, 0x00, 0xFF, 0xFF, 0x00, 0xFF, 0xFF, 0x00, 0xFF, 0xFF, 0x00, 0xFF, 0xFF, 0x00, 0xFF, 0xFF, 0x00,
  0xFF, 0xFF, 0x00, 0xFF, 0xFF, 0x00, 0xFF, 0xFF, 0x00, 0xFF, 0xFF, 0x00, 0xFF, 0xFF, 0x00, 0xFF, 0xFF, 0x00, 0xFF, 0xFF, 0x00, 0xFF, 0xFF, 0x00,
  0xFF, 0xFF, 0x00, 0xFF, 0xFF, 0x00, 0xFF, 0xFF, 0x00, 0xFF, 0xFF, 0x00, 0xFF, 0xFF, 0x00, 0xFF, 0xFF, 0x00, 0xFF, 0xFF, 0x00, 0xFF, 0xFF, 0x00,
  0xFF, 0xFF, 0x00, 0xFF, 0xFF, 0x00, 0xFF, 0xFF, 0x00, 0xFF, 0xFF, 0x00, 0xFF, 0xFF, 0x00, 0xFF, 0xFF, 0x00, 0xFF, 0xFF, 0x00, 0xFF, 0xFF, 0x00,
  0xFF, 0xFF, 0x00, 0xFF, 0xFF, 0x00, 0xFF, 0xFF, 0x00, 0xFF, 0xFF, 0x00, 0xFF, 0xFF, 0x00, 0xFF, 0xFF, 0x00, 0xFF, 0xFF, 0x00, 0xFF, 0xFF, 0x00,
  0xFF, 0xFF, 0x00, 0xFF, 0xFF, 0x00, 0xFF, 0xFF, 0x00, 0xFF, 0xFF, 0x00, 0xFF, 0xFF, 0x00, 0xFF, 0xFF, 0x00, 0xFF, 0xFF, 0x00, 0xFF, 0xFF, 0x00,
  0xFF, 0xFF, 0x00, 0xFF, 0xFF, 0x00, 0xFF, 0xFF, 0x00, 0x00, 0x00, 0x00, 0x00, 0x00, 0x00, 0x00, 0x00, 0x00, 0x00, 0x00, 0x00, 0x00, 0x00, 0x00,
  0x00, 0x00, 0x00, 0x00, 0x00, 0x00, 0x00, 0x00, 0x00, 0x00, 0x00, 0x00, 0x00, 0x00, 0x00, 0x00, 0x00, 0x00, 0x00, 0x00, 0x00, 0x00, 0x00, 0x00,
  0x00, 0x00, 0x00, 0x00, 0x00, 0x00, 0x00, 0x00, 0x00, 0x00, 0x00, 0x00, 0x00, 0x00, 0x00, 0x00, 0x00, 0x00, 0x00, 0x00, 0x00, 0x00, 0x00, 0x00,
  0x00, 0x00, 0x00, 0x00, 0x00, 0x00, 0x00, 0x00, 0x00, 0x00, 0x00, 0x00, 0x00, 0x00, 0x00, 0x00, 0x00, 0x00, 0x00, 0x00, 0x00, 0x00, 0x00, 0x00,
  0x00, 0x00, 0x00, 0x00, 0x00, 0x00, 0x00, 0x00, 0x00, 0x00, 0x00, 0x00, 0x00, 0x00, 0x00, 0x00, 0x00, 0x00, 0x00, 0x00, 0x00, 0x00, 0x00, 0x00,
  0x00, 0x00, 0x00, 0x00, 0x00, 0x00, 0x00, 0x00, 0x00, 0x00, 0x00, 0x00, 0x00, 0x00, 0x00, 0x00, 0x00, 0x00, 0x00, 0x00, 0x00, 0x00, 0x00, 0x00,
  0x00, 0x00, 0x00, 0x00, 0x00, 0x00, 0x00, 0x00, 0x00, 0x00, 0x00, 0x00, 0x00, 0x00, 0x00, 0x00, 0x00, 0x00, 0x00, 0x00, 0x00, 0x00, 0x00, 0x00,
  0x00, 0x00, 0x00, 0x00, 0x00, 0x00, 0x00, 0x00, 0x00, 0x00, 0x00, 0x00, 0x00, 0x00, 0x00, 0x00, 0x00, 0x00, 0x00, 0x00, 0x00, 0x00, 0x00, 0x00,
  0x00, 0x00, 0x00, 0x00, 0x00, 0x00, 0xB2, 0x94, 0xCA, 0xFF, 0xFF, 0xFF, 0xDB, 0xDE, 0xFB, 0xBA, 0xD6, 0xFF, 0x9E, 0xF7, 0xFF, 0x7D, 0xEF, 0xFF,
  0x7D, 0xEF, 0xFF, 0x7D, 0xEF, 0xFF, 0x7D, 0xEF, 0xFF, 0x7D, 0xEF, 0xFF, 0x7D, 0xEF, 0xFF, 0x7D, 0xEF, 0xFF, 0x7D, 0xEF, 0xFF, 0x7D, 0xEF, 0xFF,
  0x7D, 0xEF, 0xFF, 0x7D, 0xEF, 0xFF, 0x7D, 0xEF, 0xFF, 0x7D, 0xEF, 0xFF, 0x7D, 0xEF, 0xFF, 0x5D, 0xEF, 0xFF, 0x7D, 0xEF, 0xFF, 0x7D, 0xEF, 0xFF,
  0x7D, 0xEF, 0xFF, 0x5D, 0xEF, 0xFF, 0x7D, 0xEF, 0xFF, 0x7D, 0xEF, 0xFF, 0x5D, 0xEF, 0xFF, 0x3C, 0xEF, 0xFF, 0xBE, 0xFF, 0xFF, 0x71, 0x94, 0xFF,
  0xE3, 0x18, 0xFF, 0x04, 0x21, 0xFF, 0x24, 0x21, 0xFF, 0x24, 0x21, 0xFF, 0x24, 0x21, 0xFF, 0x24, 0x21, 0xFF, 0x03, 0x21, 0xFF, 0x04, 0x21, 0xFF,
  0x45, 0x29, 0xFF, 0x45, 0x29, 0xFF, 0x45, 0x29, 0xFF, 0x65, 0x29, 0xFF, 0x65, 0x29, 0xFF, 0x45, 0x29, 0xFF, 0x45, 0x29, 0xFF, 0x45, 0x29, 0xFF,
  0x45, 0x29, 0xFF, 0x24, 0x21, 0xFF, 0x24, 0x21, 0xFF, 0x24, 0x29, 0xFF, 0x45, 0x29, 0xFF, 0x45, 0x29, 0xFF, 0x45, 0x29, 0xFF, 0x45, 0x29, 0xFF,
  0x45, 0x29, 0xFF, 0x24, 0x21, 0xFF, 0x24, 0x21, 0xFF, 0x04, 0x21, 0xFF, 0x24, 0x21, 0xFF, 0x24, 0x21, 0xFF, 0x24, 0x21, 0xFF, 0x24, 0x21, 0xFF,
  0x24, 0x21, 0xFF, 0x24, 0x21, 0xFF, 0x04, 0x21, 0xFF, 0x04, 0x21, 0xFF, 0x24, 0x21, 0xFF, 0x24, 0x21, 0xFF, 0x44, 0x29, 0xFF, 0x45, 0x29, 0xFF,
  0x45, 0x29, 0xFF, 0x45, 0x29, 0xFF, 0x24, 0x21, 0xFF, 0x24, 0x21, 0xFF, 0x45, 0x29, 0xFF, 0x65, 0x29, 0xFF, 0x65, 0x29, 0xFF, 0x24, 0x21, 0xFF,
  0xE3, 0x18, 0xFF, 0x04, 0x21, 0xFF, 0x24, 0x21, 0xFF, 0x24, 0x21, 0xFF, 0x24, 0x21, 0xFF, 0x24, 0x21, 0xFF, 0x24, 0x21, 0xFF, 0xC3, 0x18, 0xFF,
  0xD3, 0x9C, 0xFF, 0xBE, 0xFF, 0xFF, 0x5C, 0xEF, 0xFF, 0x5D, 0xEF, 0xFF, 0x5D, 0xEF, 0xFF, 0x5D, 0xEF, 0xFF, 0x5D, 0xEF, 0xFF, 0x5D, 0xEF, 0xFF,
  0x7D, 0xEF, 0xFF, 0x7D, 0xEF, 0xFF, 0x5D, 0xEF, 0xFF, 0x5D, 0xEF, 0xFF, 0x5D, 0xEF, 0xFF, 0x7D, 0xEF, 0xFF, 0x5D, 0xEF, 0xFF, 0x5D, 0xEF, 0xFF,
  0x7D, 0xEF, 0xFF, 0x7D, 0xEF, 0xFF, 0x5D, 0xEF, 0xFF, 0x5D, 0xEF, 0xFF, 0x7D, 0xEF, 0xFF, 0x5D, 0xEF, 0xFF, 0x5D, 0xEF, 0xFF, 0x5D, 0xEF, 0xFF,
  0x5D, 0xEF, 0xFF, 0x5D, 0xEF, 0xFF, 0x7D, 0xEF, 0xFF, 0x7D, 0xEF, 0xFF, 0x7D, 0xEF, 0xFF, 0x7D, 0xEF, 0xFF, 0x5D, 0xEF, 0xFF, 0x5D, 0xEF, 0xFF,
  0x7D, 0xEF, 0xFF, 0x5D, 0xEF, 0xFF, 0x5D, 0xEF, 0xFF, 0x5D, 0xEF, 0xFF, 0x5D, 0xEF, 0xFF, 0x5D, 0xEF, 0xFF, 0x5D, 0xEF, 0xFF, 0x5D, 0xEF, 0xFF,
  0x5D, 0xEF, 0xFF, 0x5D, 0xEF, 0xFF, 0x5D, 0xEF, 0xFF, 0x5D, 0xEF, 0xFF, 0x5D, 0xEF, 0xFF, 0x7D, 0xEF, 0xFF, 0x5D, 0xEF, 0xFF, 0x5D, 0xEF, 0xFF,
  0x7D, 0xEF, 0xFF, 0x7D, 0xEF, 0xFF, 0x7D, 0xEF, 0xFF, 0x7D, 0xEF, 0xFF, 0x7D, 0xEF, 0xFF, 0x7D, 0xEF, 0xFF, 0x7D, 0xEF, 0xFF, 0x7D, 0xEF, 0xFF,
  0x7D, 0xEF, 0xFF, 0x7D, 0xEF, 0xFF, 0x5D, 0xEF, 0xFF, 0x7D, 0xEF, 0xFF, 0x7D, 0xEF, 0xFF, 0x7D, 0xEF, 0xFF, 0x5D, 0xEF, 0xFF, 0x7D, 0xEF, 0xFF,
  0x5D, 0xEF, 0xFF, 0x59, 0xCE, 0xFF, 0x5D, 0xEF, 0xFD, 0xDE, 0xFF, 0xFF, 0xB6, 0xB5, 0xEB, 0x20, 0x00, 0x03, 0x00, 0x00, 0x00, 0x00, 0x00, 0x00,
  0xFF, 0xFF, 0x00, 0xFF, 0xFF, 0x00, 0xFF, 0xFF, 0x00, 0xFF, 0xFF, 0x00, 0xFF, 0xFF, 0x00, 0xFF, 0xFF, 0x00, 0xFF, 0xFF, 0x00, 0xFF, 0xFF, 0x00,
  0xFF, 0xFF, 0x00, 0xFF, 0xFF, 0x00, 0xFF, 0xFF, 0x00, 0xFF, 0xFF, 0x00, 0xFF, 0xFF, 0x00, 0xFF, 0xFF, 0x00, 0xFF, 0xFF, 0x00, 0xFF, 0xFF, 0x00,
  0xFF, 0xFF, 0x00, 0xFF, 0xFF, 0x00, 0xFF, 0xFF, 0x00, 0xFF, 0xFF, 0x00, 0xFF, 0xFF, 0x00, 0xFF, 0xFF, 0x00, 0xFF, 0xFF, 0x00, 0xFF, 0xFF, 0x00,
  0xFF, 0xFF, 0x00, 0xFF, 0xFF, 0x00, 0xFF, 0xFF, 0x00, 0xFF, 0xFF, 0x00, 0xFF, 0xFF, 0x00, 0xFF, 0xFF, 0x00, 0xFF, 0xFF, 0x00, 0xFF, 0xFF, 0x00,
  0xFF, 0xFF, 0x00, 0xFF, 0xFF, 0x00, 0xFF, 0xFF, 0x00, 0xFF, 0xFF, 0x00, 0xFF, 0xFF, 0x00, 0xFF, 0xFF, 0x00, 0xFF, 0xFF, 0x00, 0xFF, 0xFF, 0x00,
  0xFF, 0xFF, 0x00, 0xFF, 0xFF, 0x00, 0xFF, 0xFF, 0x00, 0xFF, 0xFF, 0x00, 0xFF, 0xFF, 0x00, 0xFF, 0xFF, 0x00, 0xFF, 0xFF, 0x00, 0xFF, 0xFF, 0x00,
  0xFF, 0xFF, 0x00, 0xFF, 0xFF, 0x00, 0xFF, 0xFF, 0x00, 0xFF, 0xFF, 0x00, 0xFF, 0xFF, 0x00, 0xFF, 0xFF, 0x00, 0xFF, 0xFF, 0x00, 0x00, 0x00, 0x00,
  0x00, 0x00, 0x00, 0x00, 0x00, 0x00, 0x00, 0x00, 0x00, 0x00, 0x00, 0x00, 0x00, 0x00, 0x00, 0x00, 0x00, 0x00, 0x00, 0x00, 0x00, 0x00, 0x00, 0x00,
  0x00, 0x00, 0x00, 0x00, 0x00, 0x00, 0x00, 0x00, 0x00, 0x00, 0x00, 0x00, 0x00, 0x00, 0x00, 0x00, 0x00, 0x00, 0x00, 0x00, 0x00, 0x00, 0x00, 0x00,
  0x00, 0x00, 0x00, 0x00, 0x00, 0x00, 0x00, 0x00, 0x00, 0x00, 0x00, 0x00, 0x00, 0x00, 0x00, 0x00, 0x00, 0x00, 0x00, 0x00, 0x00, 0x00, 0x00, 0x00,
  0x00, 0x00, 0x00, 0x00, 0x00, 0x00, 0x00, 0x00, 0x00, 0x00, 0x00, 0x00, 0x00, 0x00, 0x00, 0x00, 0x00, 0x00, 0x00, 0x00, 0x00, 0x00, 0x00, 0x00,
  0x00, 0x00, 0x00, 0x00, 0x00, 0x00, 0x00, 0x00, 0x00, 0x00, 0x00, 0x00, 0x00, 0x00, 0x00, 0x00, 0x00, 0x00, 0x00, 0x00, 0x00, 0x00, 0x00, 0x00,
  0x00, 0x00, 0x00, 0x00, 0x00, 0x00, 0x00, 0x00, 0x00, 0x00, 0x00, 0x00, 0x00, 0x00, 0x00, 0x00, 0x00, 0x00, 0x00, 0x00, 0x00, 0x00, 0x00, 0x00,
  0x00, 0x00, 0x00, 0x00, 0x00, 0x00, 0x00, 0x00, 0x00, 0x00, 0x00, 0x00, 0x00, 0x00, 0x00, 0x00, 0x00, 0x00, 0x00, 0x00, 0x00, 0x00, 0x00, 0x00,
  0x00, 0x00, 0x00, 0x00, 0x00, 0x00, 0x00, 0x00, 0x00, 0x00, 0x00, 0x00, 0x00, 0x00, 0x00, 0x04, 0x21, 0x1C, 0xBA, 0xD6, 0xFF, 0x9E, 0xF7, 0xF9,
  0x59, 0xCE, 0xFF, 0x3C, 0xE7, 0xFF, 0x7D, 0xF7, 0xFF, 0x7D, 0xEF, 0xFF, 0x7D, 0xEF, 0xFF, 0x7D, 0xEF, 0xFF, 0x7D, 0xEF, 0xFF, 0x7D, 0xEF, 0xFF,
  0x7D, 0xEF, 0xFF, 0x7D, 0xEF, 0xFF, 0x7D, 0xEF, 0xFF, 0x7D, 0xEF, 0xFF, 0x7D, 0xEF, 0xFF, 0x7D, 0xEF, 0xFF, 0x7D, 0xEF, 0xFF, 0x7D, 0xEF, 0xFF,
  0x7D, 0xEF, 0xFF, 0x7D, 0xEF, 0xFF, 0x7D, 0xEF, 0xFF, 0x5D, 0xEF, 0xFF, 0x5D, 0xEF, 0xFF, 0x7D, 0xEF, 0xFF, 0x5D, 0xEF, 0xFF, 0x7D, 0xEF, 0xFF,
  0x7D, 0xEF, 0xFF, 0x7D, 0xEF, 0xFF, 0x5D, 0xEF, 0xFF, 0xDF, 0xFF, 0xFF, 0x79, 0xCE, 0xFF, 0x30, 0x84, 0xFF, 0xAE, 0x73, 0xFF, 0xCF, 0x7B, 0xFF,
  0xAE, 0x73, 0xFF, 0x8E, 0x73, 0xFF, 0xAE, 0x73, 0xFF, 0xAE, 0x73, 0xFF, 0x8E, 0x73, 0xFF, 0xAE, 0x73, 0xFF, 0xAE, 0x73, 0xFF, 0xAE, 0x73, 0xFF,
  0x8E, 0x73, 0xFF, 0x8E, 0x73, 0xFF, 0x8E, 0x73, 0xFF, 0x8E, 0x73, 0xFF, 0x8E, 0x73, 0xFF, 0xAE, 0x73, 0xFF, 0x8E, 0x73, 0xFF, 0x8E, 0x73, 0xFF,
  0x8E, 0x73, 0xFF, 0x8E, 0x73, 0xFF, 0x8E, 0x73, 0xFF, 0x8E, 0x73, 0xFF, 0x8E, 0x73, 0xFF, 0x8E, 0x73, 0xFF, 0xAE, 0x73, 0xFF, 0xAE, 0x73, 0xFF,
  0xAE, 0x73, 0xFF, 0x8E, 0x73, 0xFF, 0xAE, 0x73, 0xFF, 0x8E, 0x73, 0xFF, 0x8E, 0x73, 0xFF, 0xAE, 0x73, 0xFF, 0x8E, 0x73, 0xFF, 0x8E, 0x73, 0xFF,
  0x8E, 0x73, 0xFF, 0x8E, 0x73, 0xFF, 0x8E, 0x73, 0xFF, 0x8E, 0x73, 0xFF, 0x8E, 0x73, 0xFF, 0x8E, 0x73, 0xFF, 0xAE, 0x73, 0xFF, 0xAE, 0x73, 0xFF,
  0xAE, 0x73, 0xFF, 0x8E, 0x73, 0xFF, 0x8E, 0x73, 0xFF, 0x8E, 0x73, 0xFF, 0x8E, 0x73, 0xFF, 0x8E, 0x73, 0xFF, 0x8E, 0x73, 0xFF, 0x8E, 0x73, 0xFF,
  0x8E, 0x73, 0xFF, 0xAE, 0x73, 0xFF, 0x92, 0x94, 0xFF, 0xBA, 0xD6, 0xFF, 0xDF, 0xFF, 0xFF, 0x5D, 0xEF, 0xFF, 0x5D, 0xEF, 0xFF, 0x5D, 0xEF, 0xFF,
  0x5D, 0xEF, 0xFF, 0x5D, 0xEF, 0xFF, 0x5D, 0xEF, 0xFF, 0x7D, 0xEF, 0xFF, 0x7D, 0xEF, 0xFF, 0x7D, 0xEF, 0xFF, 0x7D, 0xEF, 0xFF, 0x5D, 0xEF, 0xFF,
  0x7D, 0xEF, 0xFF, 0x5D, 0xEF, 0xFF, 0x5D, 0xEF, 0xFF, 0x5D, 0xEF, 0xFF, 0x5D, 0xEF, 0xFF, 0x7D, 0xEF, 0xFF, 0x5D, 0xEF, 0xFF, 0x5D, 0xEF, 0xFF,
  0x7D, 0xEF, 0xFF, 0x5D, 0xEF, 0xFF, 0x5D, 0xEF, 0xFF, 0x5D, 0xEF, 0xFF, 0x5D, 0xEF, 0xFF, 0x7D, 0xEF, 0xFF, 0x7D, 0xEF, 0xFF, 0x7D, 0xEF, 0xFF,
  0x5D, 0xEF, 0xFF, 0x7D, 0xEF, 0xFF, 0x5D, 0xEF, 0xFF, 0x5D, 0xEF, 0xFF, 0x5D, 0xEF, 0xFF, 0x5D, 0xEF, 0xFF, 0x5D, 0xEF, 0xFF, 0x5D, 0xEF, 0xFF,
  0x5D, 0xEF, 0xFF, 0x5D, 0xEF, 0xFF, 0x5D, 0xEF, 0xFF, 0x5D, 0xEF, 0xFF, 0x5D, 0xEF, 0xFF, 0x5D, 0xEF, 0xFF, 0x5D, 0xEF, 0xFF, 0x5D, 0xEF, 0xFF,
  0x7D, 0xEF, 0xFF, 0x7D, 0xEF, 0xFF, 0x5D, 0xEF, 0xFF, 0x7D, 0xEF, 0xFF, 0x7D, 0xEF, 0xFF, 0x7D, 0xEF, 0xFF, 0x7D, 0xEF, 0xFF, 0x7D, 0xEF, 0xFF,
  0x7D, 0xEF, 0xFF, 0x7D, 0xEF, 0xFF, 0x7D, 0xEF, 0xFF, 0x7D, 0xEF, 0xFF, 0x7D, 0xEF, 0xFF, 0x7D, 0xEF, 0xFF, 0x7D, 0xEF, 0xFF, 0x5D, 0xEF, 0xFF,
  0x5D, 0xEF, 0xFF, 0x5D, 0xEF, 0xFF, 0x7D, 0xEF, 0xFF, 0x5D, 0xEF, 0xFF, 0x9E, 0xF7, 0xFF, 0x79, 0xCE, 0xFF, 0x1C, 0xE7, 0xFF, 0x9E, 0xF7, 0xF7,
  0x3C, 0xEF, 0xFF, 0x65, 0x29, 0x29, 0x00, 0x00, 0x00, 0x00, 0x00, 0x00, 0xFF, 0xFF, 0x00, 0xFF, 0xFF, 0x00, 0xFF, 0xFF, 0x00, 0xFF, 0xFF, 0x00,
  0xFF, 0xFF, 0x00, 0xFF, 0xFF, 0x00, 0xFF, 0xFF, 0x00, 0xFF, 0xFF, 0x00, 0xFF, 0xFF, 0x00, 0xFF, 0xFF, 0x00, 0xFF, 0xFF, 0x00, 0xFF, 0xFF, 0x00,
  0xFF, 0xFF, 0x00, 0xFF, 0xFF, 0x00, 0xFF, 0xFF, 0x00, 0xFF, 0xFF, 0x00, 0xFF, 0xFF, 0x00, 0xFF, 0xFF, 0x00, 0xFF, 0xFF, 0x00, 0xFF, 0xFF, 0x00,
  0xFF, 0xFF, 0x00, 0xFF, 0xFF, 0x00, 0xFF, 0xFF, 0x00, 0xFF, 0xFF, 0x00, 0xFF, 0xFF, 0x00, 0xFF, 0xFF, 0x00, 0xFF, 0xFF, 0x00, 0xFF, 0xFF, 0x00,
  0xFF, 0xFF, 0x00, 0xFF, 0xFF, 0x00, 0xFF, 0xFF, 0x00, 0xFF, 0xFF, 0x00, 0xFF, 0xFF, 0x00, 0xFF, 0xFF, 0x00, 0xFF, 0xFF, 0x00, 0xFF, 0xFF, 0x00,
  0xFF, 0xFF, 0x00, 0xFF, 0xFF, 0x00, 0xFF, 0xFF, 0x00, 0xFF, 0xFF, 0x00, 0xFF, 0xFF, 0x00, 0xFF, 0xFF, 0x00, 0xFF, 0xFF, 0x00, 0xFF, 0xFF, 0x00,
  0xFF, 0xFF, 0x00, 0xFF, 0xFF, 0x00, 0xFF, 0xFF, 0x00, 0xFF, 0xFF, 0x00, 0xFF, 0xFF, 0x00, 0xFF, 0xFF, 0x00, 0xFF, 0xFF, 0x00, 0xFF, 0xFF, 0x00,
  0xFF, 0xFF, 0x00, 0xFF, 0xFF, 0x00, 0xFF, 0xFF, 0x00, 0x00, 0x00, 0x00, 0x00, 0x00, 0x00, 0x00, 0x00, 0x00, 0x00, 0x00, 0x00, 0x00, 0x00, 0x00,
  0x00, 0x00, 0x00, 0x00, 0x00, 0x00, 0x00, 0x00, 0x00, 0x00, 0x00, 0x00, 0x00, 0x00, 0x00, 0x00, 0x00, 0x00, 0x00, 0x00, 0x00, 0x00, 0x00, 0x00,
  0x00, 0x00, 0x00, 0x00, 0x00, 0x00, 0x00, 0x00, 0x00, 0x00, 0x00, 0x00, 0x00, 0x00, 0x00, 0x00, 0x00, 0x00, 0x00, 0x00, 0x00, 0x00, 0x00, 0x00,
  0x00, 0x00, 0x00, 0x00, 0x00, 0x00, 0x00, 0x00, 0x00, 0x00, 0x00, 0x00, 0x00, 0x00, 0x00, 0x00, 0x00, 0x00, 0x00, 0x00, 0x00, 0x00, 0x00, 0x00,
  0x00, 0x00, 0x00, 0x00, 0x00, 0x00, 0x00, 0x00, 0x00, 0x00, 0x00, 0x00, 0x00, 0x00, 0x00, 0x00, 0x00, 0x00, 0x00, 0x00, 0x00, 0x00, 0x00, 0x00,
  0x00, 0x00, 0x00, 0x00, 0x00, 0x00, 0x00, 0x00, 0x00, 0x00, 0x00, 0x00, 0x00, 0x00, 0x00, 0x00, 0x00, 0x00, 0x00, 0x00, 0x00, 0x00, 0x00, 0x00,
  0x00, 0x00, 0x00, 0x00, 0x00, 0x00, 0x00, 0x00, 0x00, 0x00, 0x00, 0x00, 0x00, 0x00, 0x00, 0x00, 0x00, 0x00, 0x00, 0x00, 0x00, 0x00, 0x00, 0x00,
  0x00, 0x00, 0x00, 0x00, 0x00, 0x00, 0x00, 0x00, 0x00, 0x00, 0x00, 0x00, 0x00, 0x00, 0x00, 0x00, 0x00, 0x00, 0x00, 0x00, 0x00, 0x00, 0x00, 0x00,
  0x00, 0x00, 0x00, 0xEB, 0x5A, 0x71, 0xBE, 0xF7, 0xFD, 0x1C, 0xE7, 0xF7, 0x59, 0xCE, 0xFF, 0x9E, 0xF7, 0xFF, 0x7D, 0xEF, 0xFF, 0x7D, 0xEF, 0xFF,
  0x7D, 0xEF, 0xFF, 0x7D, 0xEF, 0xFF, 0x7D, 0xEF, 0xFF, 0x7D, 0xEF, 0xFF, 0x7D, 0xEF, 0xFF, 0x7D, 0xEF, 0xFF, 0x7D, 0xEF, 0xFF, 0x7D, 0xEF, 0xFF,
  0x7D, 0xEF, 0xFF, 0x7D, 0xEF, 0xFF, 0x7D, 0xEF, 0xFF, 0x7D, 0xEF, 0xFF, 0x7D, 0xEF, 0xFF, 0x7D, 0xEF, 0xFF, 0x7D, 0xEF, 0xFF, 0x7D, 0xEF, 0xFF,
  0x7D, 0xEF, 0xFF, 0x7D, 0xEF, 0xFF, 0x7D, 0xEF, 0xFF, 0x7D, 0xEF, 0xFF, 0x5D, 0xEF, 0xFF, 0x5D, 0xEF, 0xFF, 0x7D, 0xEF, 0xFF, 0x5D, 0xEF, 0xFF,
  0x9E, 0xF7, 0xFF, 0xFF, 0xFF, 0xFF, 0xFF, 0xFF, 0xFF, 0xFF, 0xFF, 0xFF, 0xFF, 0xFF, 0xFF, 0xFF, 0xFF, 0xFF, 0xFF, 0xFF, 0xFF, 0xFF, 0xFF, 0xFF,
  0xFF, 0xFF, 0xFF, 0xFF, 0xFF, 0xFF, 0xFF, 0xFF, 0xFF, 0xFF, 0xFF, 0xFF, 0xFF, 0xFF, 0xFF, 0xFF, 0xFF, 0xFF, 0xFF, 0xFF, 0xFF, 0xFF, 0xFF, 0xFF,
  0xFF, 0xFF, 0xFF, 0xFF, 0xFF, 0xFF, 0xFF, 0xFF, 0xFF, 0xFF, 0xFF, 0xFF, 0xFF, 0xFF, 0xFF, 0xFF, 0xFF, 0xFF, 0xDF, 0xFF, 0xFF, 0xFF, 0xFF, 0xFF,
  0xFF, 0xFF, 0xFF, 0xFF, 0xFF, 0xFF, 0xFF, 0xFF, 0xFF, 0xFF, 0xFF, 0xFF, 0xFF, 0xFF, 0xFF, 0xFF, 0xFF, 0xFF, 0xFF, 0xFF, 0xFF, 0xFF, 0xFF, 0xFF,
  0xFF, 0xFF, 0xFF, 0xFF, 0xFF, 0xFF, 0xFF, 0xFF, 0xFF, 0xFF, 0xFF, 0xFF, 0xFF, 0xFF, 0xFF, 0xFF, 0xFF, 0xFF, 0xDF, 0xFF, 0xFF, 0xDF, 0xFF, 0xFF,
  0xFF, 0xFF, 0xFF, 0xFF, 0xFF, 0xFF, 0xFF, 0xFF, 0xFF, 0xFF, 0xFF, 0xFF, 0xFF, 0xFF, 0xFF, 0xDF, 0xFF, 0xFF, 0xFF, 0xFF, 0xFF, 0xFF, 0xFF, 0xFF,
  0xFF, 0xFF, 0xFF, 0xFF, 0xFF, 0xFF, 0xDF, 0xFF, 0xFF, 0xFF, 0xFF, 0xFF, 0xFF, 0xFF, 0xFF, 0xFF, 0xFF, 0xFF, 0xFF, 0xFF, 0xFF, 0x9E, 0xF7, 0xFF,
  0x5C, 0xEF, 0xFF, 0x5D, 0xEF, 0xFF, 0x5D, 0xEF, 0xFF, 0x5D, 0xEF, 0xFF, 0x5D, 0xEF, 0xFF, 0x5D, 0xEF, 0xFF, 0x5D, 0xEF, 0xFF, 0x7D, 0xEF, 0xFF,
  0x5D, 0xEF, 0xFF, 0x5D, 0xEF, 0xFF, 0x5D, 0xEF, 0xFF, 0x5D, 0xEF, 0xFF, 0x5D, 0xEF, 0xFF, 0x5D, 0xEF, 0xFF, 0x5D, 0xEF, 0xFF, 0x5D, 0xEF, 0xFF,
  0x5D, 0xEF, 0xFF, 0x5D, 0xEF, 0xFF, 0x5D, 0xEF, 0xFF, 0x5D, 0xEF, 0xFF, 0x5D, 0xEF, 0xFF, 0x5D, 0xEF, 0xFF, 0x7D, 0xEF, 0xFF, 0x5D, 0xEF, 0xFF,
  0x7D, 0xEF, 0xFF, 0x7D, 0xEF, 0xFF, 0x5D, 0xEF, 0xFF, 0x7D, 0xEF, 0xFF, 0x7D, 0xEF, 0xFF, 0x5D, 0xEF, 0xFF, 0x5D, 0xEF, 0xFF, 0x7D, 0xEF, 0xFF,
  0x5D, 0xEF, 0xFF, 0x7D, 0xEF, 0xFF, 0x7D, 0xEF, 0xFF, 0x7D, 0xEF, 0xFF, 0x5D, 0xEF, 0xFF, 0x5D, 0xEF, 0xFF, 0x5D, 0xEF, 0xFF, 0x5D, 0xEF, 0xFF,
  0x5D, 0xEF, 0xFF, 0x5D, 0xEF, 0xFF, 0x5D, 0xEF, 0xFF, 0x5D, 0xEF, 0xFF, 0x5D, 0xEF, 0xFF, 0x5D, 0xEF, 0xFF, 0x7D, 0xEF, 0xFF, 0x5D, 0xEF, 0xFF,
  0x7D, 0xEF, 0xFF, 0x7D, 0xEF, 0xFF, 0x7D, 0xEF, 0xFF, 0x7D, 0xEF, 0xFF, 0x7D, 0xEF, 0xFF, 0x7D, 0xEF, 0xFF, 0x7D, 0xEF, 0xFF, 0x7D, 0xEF, 0xFF,
  0x7D, 0xEF, 0xFF, 0x7D, 0xEF, 0xFF, 0x5D, 0xEF, 0xFF, 0x7D, 0xEF, 0xFF, 0x7D, 0xEF, 0xFF, 0x5D, 0xEF, 0xFF, 0x5D, 0xEF, 0xFF, 0x5D, 0xEF, 0xFF,
  0x9E, 0xF7, 0xFF, 0xDB, 0xDE, 0xFF, 0xBA, 0xD6, 0xFF, 0x7D, 0xEF, 0xF9, 0xDF, 0xFF, 0xFF, 0x8E, 0x73, 0x86, 0x00, 0x00, 0x00, 0x00, 0x00, 0x00,
  0xFF, 0xFF, 0x00, 0xFF, 0xFF, 0x00, 0xFF, 0xFF, 0x00, 0xFF, 0xFF, 0x00, 0xFF, 0xFF, 0x00, 0xFF, 0xFF, 0x00, 0xFF, 0xFF, 0x00, 0xFF, 0xFF, 0x00,
  0xFF, 0xFF, 0x00, 0xFF, 0xFF, 0x00, 0xFF, 0xFF, 0x00, 0xFF, 0xFF, 0x00, 0xFF, 0xFF, 0x00, 0xFF, 0xFF, 0x00, 0xFF, 0xFF, 0x00, 0xFF, 0xFF, 0x00,
  0xFF, 0xFF, 0x00, 0xFF, 0xFF, 0x00, 0xFF, 0xFF, 0x00, 0xFF, 0xFF, 0x00, 0xFF, 0xFF, 0x00, 0xFF, 0xFF, 0x00, 0xFF, 0xFF, 0x00, 0xFF, 0xFF, 0x00,
  0xFF, 0xFF, 0x00, 0xFF, 0xFF, 0x00, 0xFF, 0xFF, 0x00, 0xFF, 0xFF, 0x00, 0xFF, 0xFF, 0x00, 0xFF, 0xFF, 0x00, 0xFF, 0xFF, 0x00, 0xFF, 0xFF, 0x00,
  0xFF, 0xFF, 0x00, 0xFF, 0xFF, 0x00, 0xFF, 0xFF, 0x00, 0xFF, 0xFF, 0x00, 0xFF, 0xFF, 0x00, 0xFF, 0xFF, 0x00, 0xFF, 0xFF, 0x00, 0xFF, 0xFF, 0x00,
  0xFF, 0xFF, 0x00, 0xFF, 0xFF, 0x00, 0xFF, 0xFF, 0x00, 0xFF, 0xFF, 0x00, 0xFF, 0xFF, 0x00, 0xFF, 0xFF, 0x00, 0xFF, 0xFF, 0x00, 0xFF, 0xFF, 0x00,
  0xFF, 0xFF, 0x00, 0xFF, 0xFF, 0x00, 0xFF, 0xFF, 0x00, 0xFF, 0xFF, 0x00, 0xFF, 0xFF, 0x00, 0xFF, 0xFF, 0x00, 0xFF, 0xFF, 0x00, 0x00, 0x00, 0x00,
  0x00, 0x00, 0x00, 0x00, 0x00, 0x00, 0x00, 0x00, 0x00, 0x00, 0x00, 0x00, 0x00, 0x00, 0x00, 0x00, 0x00, 0x00, 0x00, 0x00, 0x00, 0x00, 0x00, 0x00,
  0x00, 0x00, 0x00, 0x00, 0x00, 0x00, 0x00, 0x00, 0x00, 0x00, 0x00, 0x00, 0x00, 0x00, 0x00, 0x00, 0x00, 0x00, 0x00, 0x00, 0x00, 0x00, 0x00, 0x00,
  0x00, 0x00, 0x00, 0x00, 0x00, 0x00, 0x00, 0x00, 0x00, 0x00, 0x00, 0x00, 0x00, 0x00, 0x00, 0x00, 0x00, 0x00, 0x00, 0x00, 0x00, 0x00, 0x00, 0x00,
  0x00, 0x00, 0x00, 0x00, 0x00, 0x00, 0x00, 0x00, 0x00, 0x00, 0x00, 0x00, 0x00, 0x00, 0x00, 0x00, 0x00, 0x00, 0x00, 0x00, 0x00, 0x00, 0x00, 0x00,
  0x00, 0x00, 0x00, 0x00, 0x00, 0x00, 0x00, 0x00, 0x00, 0x00, 0x00, 0x00, 0x00, 0x00, 0x00, 0x00, 0x00, 0x00, 0x00, 0x00, 0x00, 0x00, 0x00, 0x00,
  0x00, 0x00, 0x00, 0x00, 0x00, 0x00, 0x00, 0x00, 0x00, 0x00, 0x00, 0x00, 0x00, 0x00, 0x00, 0x00, 0x00, 0x00, 0x00, 0x00, 0x00, 0x00, 0x00, 0x00,
  0x00, 0x00, 0x00, 0x00, 0x00, 0x00, 0x00, 0x00, 0x00, 0x00, 0x00, 0x00, 0x00, 0x00, 0x00, 0x00, 0x00, 0x00, 0x00, 0x00, 0x00, 0x00, 0x00, 0x00,
  0x00, 0x00, 0x00, 0x00, 0x00, 0x00, 0x00, 0x00, 0x00, 0x00, 0x00, 0x00, 0x20, 0x00, 0x03, 0x75, 0xAD, 0xE6, 0xFF, 0xFF, 0xFD, 0x9A, 0xD6, 0xFD,
  0xBA, 0xD6, 0xFF, 0x9E, 0xF7, 0xFF, 0x5D, 0xEF, 0xFF, 0x5D, 0xEF, 0xFF, 0x7D, 0xEF, 0xFF, 0x7D, 0xEF, 0xFF, 0x7D, 0xEF, 0xFF, 0x7D, 0xEF, 0xFF,
  0x7D, 0xEF, 0xFF, 0x7D, 0xEF, 0xFF, 0x7D, 0xEF, 0xFF, 0x7D, 0xEF, 0xFF, 0x7D, 0xEF, 0xFF, 0x7D, 0xEF, 0xFF, 0x7D, 0xEF, 0xFF, 0x7D, 0xEF, 0xFF,
  0x7D, 0xEF, 0xFF, 0x7D, 0xEF, 0xFF, 0x7D, 0xEF, 0xFF, 0x7D, 0xEF, 0xFF, 0x7D, 0xEF, 0xFF, 0x7D, 0xEF, 0xFF, 0x7D, 0xEF, 0xFF, 0x7D, 0xEF, 0xFF,
  0x7D, 0xEF, 0xFF, 0x7D, 0xEF, 0xFF, 0x7D, 0xEF, 0xFF, 0x7D, 0xEF, 0xFF, 0x5D, 0xEF, 0xFF, 0x5C, 0xEF, 0xFF, 0x5C, 0xEF, 0xFF, 0x5D, 0xEF, 0xFF,
  0x5C, 0xEF, 0xFF, 0x5C, 0xEF, 0xFF, 0x3C, 0xEF, 0xFF, 0x3C, 0xEF, 0xFF, 0x3C, 0xEF, 0xFF, 0x3C, 0xEF, 0xFF, 0x3C, 0xEF, 0xFF, 0x3C, 0xEF, 0xFF,
  0x5C, 0xEF, 0xFF, 0x5C, 0xEF, 0xFF, 0x5C, 0xEF, 0xFF, 0x5D, 0xEF, 0xFF, 0x5C, 0xEF, 0xFF, 0x3C, 0xEF, 0xFF, 0x3C, 0xEF, 0xFF, 0x3C, 0xEF, 0xFF,
  0x3C, 0xEF, 0xFF, 0x3C, 0xEF, 0xFF, 0x3C, 0xEF, 0xFF, 0x5C, 0xEF, 0xFF, 0x5C, 0xEF, 0xFF, 0x5D, 0xEF, 0xFF, 0x5D, 0xEF, 0xFF, 0x5C, 0xEF, 0xFF,
  0x3C, 0xEF, 0xFF, 0x3C, 0xEF, 0xFF, 0x5C, 0xEF, 0xFF, 0x3C, 0xEF, 0xFF, 0x3C, 0xEF, 0xFF, 0x3C, 0xEF, 0xFF, 0x3C, 0xEF, 0xFF, 0x3C, 0xEF, 0xFF,
  0x3C, 0xEF, 0xFF, 0x3C, 0xEF, 0xFF, 0x5C, 0xEF, 0xFF, 0x3C, 0xEF, 0xFF, 0x3C, 0xEF, 0xFF, 0x3C, 0xEF, 0xFF, 0x3C, 0xEF, 0xFF, 0x3C, 0xEF, 0xFF,
  0x3C, 0xEF, 0xFF, 0x3C, 0xE7, 0xFF, 0x3C, 0xEF, 0xFF, 0x3C, 0xEF, 0xFF, 0x3C, 0xEF, 0xFF, 0x3C, 0xEF, 0xFF, 0x3C, 0xEF, 0xFF, 0x3C, 0xEF, 0xFF,
  0x3C, 0xEF, 0xFF, 0x3C, 0xEF, 0xFF, 0x3C, 0xEF, 0xFF, 0x5D, 0xEF, 0xFF, 0x5D, 0xEF, 0xFF, 0x5D, 0xEF, 0xFF, 0x5D, 0xEF, 0xFF, 0x5D, 0xEF, 0xFF,
  0x5D, 0xEF, 0xFF, 0x5D, 0xEF, 0xFF, 0x5D, 0xEF, 0xFF, 0x5D, 0xEF, 0xFF, 0x5D, 0xEF, 0xFF, 0x5D, 0xEF, 0xFF, 0x5D, 0xEF, 0xFF, 0x7D, 0xEF, 0xFF,
  0x7D, 0xEF, 0xFF, 0x5D, 0xEF, 0xFF, 0x5D, 0xEF, 0xFF, 0x7D, 0xEF, 0xFF, 0x5D, 0xEF, 0xFF, 0x5D, 0xEF, 0xFF, 0x5D, 0xEF, 0xFF, 0x5D, 0xEF, 0xFF,
  0x7D, 0xEF, 0xFF, 0x5D, 0xEF, 0xFF, 0x7D, 0xEF, 0xFF, 0x5D, 0xEF, 0xFF, 0x5D, 0xEF, 0xFF, 0x7D, 0xEF, 0xFF, 0x7D, 0xEF, 0xFF, 0x5D, 0xEF, 0xFF,
  0x7D, 0xEF, 0xFF, 0x5D, 0xEF, 0xFF, 0x7D, 0xEF, 0xFF, 0x5D, 0xEF, 0xFF, 0x7D, 0xEF, 0xFF, 0x5D, 0xEF, 0xFF, 0x5D, 0xEF, 0xFF, 0x5D, 0xEF, 0xFF,
  0x5D, 0xEF, 0xFF, 0x5D, 0xEF, 0xFF, 0x5D, 0xEF, 0xFF, 0x5D, 0xEF, 0xFF, 0x5D, 0xEF, 0xFF, 0x5D, 0xEF, 0xFF, 0x5D, 0xEF, 0xFF, 0x5D, 0xEF, 0xFF,
  0x7D, 0xEF, 0xFF, 0x5D, 0xEF, 0xFF, 0x7D, 0xEF, 0xFF, 0x5D, 0xEF, 0xFF, 0x7D, 0xEF, 0xFF, 0x7D, 0xEF, 0xFF, 0x7D, 0xEF, 0xFF, 0x7D, 0xEF, 0xFF,
  0x7D, 0xEF, 0xFF, 0x7D, 0xEF, 0xFF, 0x7D, 0xEF, 0xFF, 0x7D, 0xEF, 0xFF, 0x7D, 0xEF, 0xFF, 0x7D, 0xEF, 0xFF, 0x7D, 0xEF, 0xFF, 0x7D, 0xEF, 0xFF,
  0x7D, 0xEF, 0xFF, 0x7D, 0xEF, 0xFF, 0x5D, 0xEF, 0xFF, 0x5D, 0xEF, 0xFF, 0x7D, 0xEF, 0xFF, 0x5D, 0xEF, 0xFF, 0x59, 0xCE, 0xFF, 0x5D, 0xEF, 0xFD,
  0xBE, 0xF7, 0xFF, 0xB6, 0xB5, 0xEB, 0x20, 0x00, 0x03, 0x00, 0x00, 0x00, 0xFF, 0xFF, 0x00, 0xFF, 0xFF, 0x00, 0xFF, 0xFF, 0x00, 0xFF, 0xFF, 0x00,
  0xFF, 0xFF, 0x00, 0xFF, 0xFF, 0x00, 0xFF, 0xFF, 0x00, 0xFF, 0xFF, 0x00, 0xFF, 0xFF, 0x00, 0xFF, 0xFF, 0x00, 0xFF, 0xFF, 0x00, 0xFF, 0xFF, 0x00,
  0xFF, 0xFF, 0x00, 0xFF, 0xFF, 0x00, 0xFF, 0xFF, 0x00, 0xFF, 0xFF, 0x00, 0xFF, 0xFF, 0x00, 0xFF, 0xFF, 0x00, 0xFF, 0xFF, 0x00, 0xFF, 0xFF, 0x00,
  0xFF, 0xFF, 0x00, 0xFF, 0xFF, 0x00, 0xFF, 0xFF, 0x00, 0xFF, 0xFF, 0x00, 0xFF, 0xFF, 0x00, 0xFF, 0xFF, 0x00, 0xFF, 0xFF, 0x00, 0xFF, 0xFF, 0x00,
  0xFF, 0xFF, 0x00, 0xFF, 0xFF, 0x00, 0xFF, 0xFF, 0x00, 0xFF, 0xFF, 0x00, 0xFF, 0xFF, 0x00, 0xFF, 0xFF, 0x00, 0xFF, 0xFF, 0x00, 0xFF, 0xFF, 0x00,
  0xFF, 0xFF, 0x00, 0xFF, 0xFF, 0x00, 0xFF, 0xFF, 0x00, 0xFF, 0xFF, 0x00, 0xFF, 0xFF, 0x00, 0xFF, 0xFF, 0x00, 0xFF, 0xFF, 0x00, 0xFF, 0xFF, 0x00,
  0xFF, 0xFF, 0x00, 0xFF, 0xFF, 0x00, 0xFF, 0xFF, 0x00, 0xFF, 0xFF, 0x00, 0xFF, 0xFF, 0x00, 0xFF, 0xFF, 0x00, 0xFF, 0xFF, 0x00, 0xFF, 0xFF, 0x00,
  0xFF, 0xFF, 0x00, 0xFF, 0xFF, 0x00, 0xFF, 0xFF, 0x00, 0x00, 0x00, 0x00, 0x00, 0x00, 0x00, 0x00, 0x00, 0x00, 0x00, 0x00, 0x00, 0x00, 0x00, 0x00,
  0x00, 0x00, 0x00, 0x00, 0x00, 0x00, 0x00, 0x00, 0x00, 0x00, 0x00, 0x00, 0x00, 0x00, 0x00, 0x00, 0x00, 0x00, 0x00, 0x00, 0x00, 0x00, 0x00, 0x00,
  0x00, 0x00, 0x00, 0x00, 0x00, 0x00, 0x00, 0x00, 0x00, 0x00, 0x00, 0x00, 0x00, 0x00, 0x00, 0x00, 0x00, 0x00, 0x00, 0x00, 0x00, 0x00, 0x00, 0x00,
  0x00, 0x00, 0x00, 0x00, 0x00, 0x00, 0x00, 0x00, 0x00, 0x00, 0x00, 0x00, 0x00, 0x00, 0x00, 0x00, 0x00, 0x00, 0x00, 0x00, 0x00, 0x00, 0x00, 0x00,
  0x00, 0x00, 0x00, 0x00, 0x00, 0x00, 0x00, 0x00, 0x00, 0x00, 0x00, 0x00, 0x00, 0x00, 0x00, 0x00, 0x00, 0x00, 0x00, 0x00, 0x00, 0x00, 0x00, 0x00,
  0x00, 0x00, 0x00, 0x00, 0x00, 0x00, 0x00, 0x00, 0x00, 0x00, 0x00, 0x00, 0x00, 0x00, 0x00, 0x00, 0x00, 0x00, 0x00, 0x00, 0x00, 0x00, 0x00, 0x00,
  0x00, 0x00, 0x00, 0x00, 0x00, 0x00, 0x00, 0x00, 0x00, 0x00, 0x00, 0x00, 0x00, 0x00, 0x00, 0x00, 0x00, 0x00, 0x00, 0x00, 0x00, 0x00, 0x00, 0x00,
  0x00, 0x00, 0x00, 0x00, 0x00, 0x00, 0x00, 0x00, 0x00, 0x00, 0x00, 0x00, 0x00, 0x00, 0x00, 0x00, 0x00, 0x00, 0x00, 0x00, 0x00, 0x00, 0x00, 0x00,
  0xC7, 0x39, 0x35, 0x7D, 0xEF, 0xFF, 0xBE, 0xF7, 0xF7, 0x59, 0xCE, 0xFF, 0x1C, 0xE7, 0xFF, 0x7D, 0xEF, 0xFF, 0x7D, 0xEF, 0xFF, 0x7D, 0xEF, 0xFF,
  0x7D, 0xEF, 0xFF, 0x7D, 0xEF, 0xFF, 0x7D, 0xEF, 0xFF, 0x7D, 0xEF, 0xFF, 0x7D, 0xEF, 0xFF, 0x7D, 0xEF, 0xFF, 0x7D, 0xEF, 0xFF, 0x7D, 0xEF, 0xFF,
  0x7D, 0xEF, 0xFF, 0x7D, 0xEF, 0xFF, 0x7D, 0xEF, 0xFF, 0x7D, 0xEF, 0xFF, 0x7D, 0xEF, 0xFF, 0x7D, 0xEF, 0xFF, 0x7D, 0xEF, 0xFF, 0x7D, 0xEF, 0xFF,
  0x7D, 0xEF, 0xFF, 0x7D, 0xEF, 0xFF, 0x7D, 0xEF, 0xFF, 0x5D, 0xEF, 0xFF, 0x5D, 0xEF, 0xFF, 0x5D, 0xEF, 0xFF, 0x7D, 0xEF, 0xFF, 0x5D, 0xEF, 0xFF,
  0x5D, 0xEF, 0xFF, 0x7D, 0xEF, 0xFF, 0x7D, 0xEF, 0xFF, 0x5D, 0xEF, 0xFF, 0x5D, 0xEF, 0xFF, 0x5D, 0xEF, 0xFF, 0x5D, 0xEF, 0xFF, 0x7D, 0xEF, 0xFF,
  0x5D, 0xEF, 0xFF, 0x7D, 0xEF, 0xFF, 0x7D, 0xEF, 0xFF, 0x7D, 0xEF, 0xFF, 0x5D, 0xEF, 0xFF, 0x7D, 0xEF, 0xFF, 0x7D, 0xEF, 0xFF, 0x7D, 0xEF, 0xFF,
  0x7D, 0xEF, 0xFF, 0x5D, 0xEF, 0xFF, 0x5D, 0xEF, 0xFF, 0x5D, 0xEF, 0xFF, 0x5D, 0xEF, 0xFF, 0x7D, 0xEF, 0xFF, 0x5D, 0xEF, 0xFF, 0x7D, 0xEF, 0xFF,
  0x7D, 0xEF, 0xFF, 0x5D, 0xEF, 0xFF, 0x5D, 0xEF, 0xFF, 0x5D, 0xEF, 0xFF, 0x5D, 0xEF, 0xFF, 0x5D, 0xEF, 0xFF, 0x5D, 0xEF, 0xFF, 0x5D, 0xEF, 0xFF,
  0x5D, 0xEF, 0xFF, 0x5D, 0xEF, 0xFF, 0x5D, 0xEF, 0xFF, 0x5D, 0xEF, 0xFF, 0x5D, 0xEF, 0xFF, 0x5D, 0xEF, 0xFF, 0x5D, 0xEF, 0xFF, 0x5D, 0xEF, 0xFF,
  0x5D, 0xEF, 0xFF, 0x5D, 0xEF, 0xFF, 0x5D, 0xEF, 0xFF, 0x5D, 0xEF, 0xFF, 0x5D, 0xEF, 0xFF, 0x5D, 0xEF, 0xFF, 0x5D, 0xEF, 0xFF, 0x5D, 0xEF, 0xFF,
  0x5D, 0xEF, 0xFF, 0x5D, 0xEF, 0xFF, 0x5D, 0xEF, 0xFF, 0x5D, 0xEF, 0xFF, 0x5D, 0xEF, 0xFF, 0x5D, 0xEF, 0xFF, 0x5D, 0xEF, 0xFF, 0x5D, 0xEF, 0xFF,
  0x5D, 0xEF, 0xFF, 0x5D, 0xEF, 0xFF, 0x5D, 0xEF, 0xFF, 0x5D, 0xEF, 0xFF, 0x5D, 0xEF, 0xFF, 0x5D, 0xEF, 0xFF, 0x5D, 0xEF, 0xFF, 0x5D, 0xEF, 0xFF,
  0x5D, 0xEF, 0xFF, 0x5D, 0xEF, 0xFF, 0x5D, 0xEF, 0xFF, 0x5D, 0xEF, 0xFF, 0x5D, 0xEF, 0xFF, 0x5D, 0xEF, 0xFF, 0x5D, 0xEF, 0xFF, 0x7D, 0xEF, 0xFF,
  0x5D, 0xEF, 0xFF, 0x5D, 0xEF, 0xFF, 0x7D, 0xEF, 0xFF, 0x5D, 0xEF, 0xFF, 0x5D, 0xEF, 0xFF, 0x5D, 0xEF, 0xFF, 0x5D, 0xEF, 0xFF, 0x7D, 0xEF, 0xFF,
  0x7D, 0xEF, 0xFF, 0x7D, 0xEF, 0xFF, 0x7D, 0xEF, 0xFF, 0x5D, 0xEF, 0xFF, 0x5D, 0xEF, 0xFF, 0x7D, 0xEF, 0xFF, 0x5D, 0xEF, 0xFF, 0x5D, 0xEF, 0xFF,
  0x5D, 0xEF, 0xFF, 0x5D, 0xEF, 0xFF, 0x5D, 0xEF, 0xFF, 0x5D, 0xEF, 0xFF, 0x5D, 0xEF, 0xFF, 0x5D, 0xEF, 0xFF, 0x5D, 0xEF, 0xFF, 0x5D, 0xEF, 0xFF,
  0x5D, 0xEF, 0xFF, 0x5D, 0xEF, 0xFF, 0x5D, 0xEF, 0xFF, 0x5D, 0xEF, 0xFF, 0x7D, 0xEF, 0xFF, 0x7D, 0xEF, 0xFF, 0x5D, 0xEF, 0xFF, 0x7D, 0xEF, 0xFF,
  0x7D, 0xEF, 0xFF, 0x7D, 0xEF, 0xFF, 0x7D, 0xEF, 0xFF, 0x5D, 0xEF, 0xFF, 0x5D, 0xEF, 0xFF, 0x7D, 0xEF, 0xFF, 0x7D, 0xEF, 0xFF, 0x7D, 0xEF, 0xFF,
  0x7D, 0xEF, 0xFF, 0x7D, 0xEF, 0xFF, 0x7D, 0xEF, 0xFF, 0x7D, 0xEF, 0xFF, 0x7D, 0xEF, 0xFF, 0x5D, 0xEF, 0xFF, 0x5D, 0xEF, 0xFF, 0x5D, 0xEF, 0xFF,
  0x5D, 0xEF, 0xFF, 0x7D, 0xEF, 0xFF, 0x59, 0xCE, 0xFF, 0x1C, 0xE7, 0xFF, 0x5D, 0xEF, 0xF7, 0x5C, 0xEF, 0xFF, 0x65, 0x29, 0x28, 0x00, 0x00, 0x00,
  0xFF, 0xFF, 0x00, 0xFF, 0xFF, 0x00, 0xFF, 0xFF, 0x00, 0xFF, 0xFF, 0x00, 0xFF, 0xFF, 0x00, 0xFF, 0xFF, 0x00, 0xFF, 0xFF, 0x00, 0xFF, 0xFF, 0x00,
  0xFF, 0xFF, 0x00, 0xFF, 0xFF, 0x00, 0xFF, 0xFF, 0x00, 0xFF, 0xFF, 0x00, 0xFF, 0xFF, 0x00, 0xFF, 0xFF, 0x00, 0xFF, 0xFF, 0x00, 0xFF, 0xFF, 0x00,
  0xFF, 0xFF, 0x00, 0xFF, 0xFF, 0x00, 0xFF, 0xFF, 0x00, 0xFF, 0xFF, 0x00, 0xFF, 0xFF, 0x00, 0xFF, 0xFF, 0x00, 0xFF, 0xFF, 0x00, 0xFF, 0xFF, 0x00,
  0xFF, 0xFF, 0x00, 0xFF, 0xFF, 0x00, 0xFF, 0xFF, 0x00, 0xFF, 0xFF, 0x00, 0xFF, 0xFF, 0x00, 0xFF, 0xFF, 0x00, 0xFF, 0xFF, 0x00, 0xFF, 0xFF, 0x00,
  0xFF, 0xFF, 0x00, 0xFF, 0xFF, 0x00, 0xFF, 0xFF, 0x00, 0xFF, 0xFF, 0x00, 0xFF, 0xFF, 0x00, 0xFF, 0xFF, 0x00, 0xFF, 0xFF, 0x00, 0xFF, 0xFF, 0x00,
  0xFF, 0xFF, 0x00, 0xFF, 0xFF, 0x00, 0xFF, 0xFF, 0x00, 0xFF, 0xFF, 0x00, 0xFF, 0xFF, 0x00, 0xFF, 0xFF, 0x00, 0xFF, 0xFF, 0x00, 0xFF, 0xFF, 0x00,
  0xFF, 0xFF, 0x00, 0xFF, 0xFF, 0x00, 0xFF, 0xFF, 0x00, 0xFF, 0xFF, 0x00, 0xFF, 0xFF, 0x00, 0xFF, 0xFF, 0x00, 0xFF, 0xFF, 0x00, 0x00, 0x00, 0x00,
  0x00, 0x00, 0x00, 0x00, 0x00, 0x00, 0x00, 0x00, 0x00, 0x00, 0x00, 0x00, 0x00, 0x00, 0x00, 0x00, 0x00, 0x00, 0x00, 0x00, 0x00, 0x00, 0x00, 0x00,
  0x00, 0x00, 0x00, 0x00, 0x00, 0x00, 0x00, 0x00, 0x00, 0x00, 0x00, 0x00, 0x00, 0x00, 0x00, 0x00, 0x00, 0x00, 0x00, 0x00, 0x00, 0x00, 0x00, 0x00,
  0x00, 0x00, 0x00, 0x00, 0x00, 0x00, 0x00, 0x00, 0x00, 0x00, 0x00, 0x00, 0x00, 0x00, 0x00, 0x00, 0x00, 0x00, 0x00, 0x00, 0x00, 0x00, 0x00, 0x00,
  0x00, 0x00, 0x00, 0x00, 0x00, 0x00, 0x00, 0x00, 0x00, 0x00, 0x00, 0x00, 0x00, 0x00, 0x00, 0x00, 0x00, 0x00, 0x00, 0x00, 0x00, 0x00, 0x00, 0x00,
  0x00, 0x00, 0x00, 0x00, 0x00, 0x00, 0x00, 0x00, 0x00, 0x00, 0x00, 0x00, 0x00, 0x00, 0x00, 0x00, 0x00, 0x00, 0x00, 0x00, 0x00, 0x00, 0x00, 0x00,
  0x00, 0x00, 0x00, 0x00, 0x00, 0x00, 0x00, 0x00, 0x00, 0x00, 0x00, 0x00, 0x00, 0x00, 0x00, 0x00, 0x00, 0x00, 0x00, 0x00, 0x00, 0x00, 0x00, 0x00,
  0x00, 0x00, 0x00, 0x00, 0x00, 0x00, 0x00, 0x00, 0x00, 0x00, 0x00, 0x00, 0x00, 0x00, 0x00, 0x00, 0x00, 0x00, 0x00, 0x00, 0x00, 0x00, 0x00, 0x00,
  0x00, 0x00, 0x00, 0x00, 0x00, 0x00, 0x00, 0x00, 0x00, 0x00, 0x00, 0x00, 0x10, 0x84, 0xA2, 0xFF, 0xFF, 0xFF, 0x3C, 0xEF, 0xF9, 0x58, 0xCE, 0xFF,
  0x5D, 0xEF, 0xFF, 0x5D, 0xEF, 0xFF, 0x7D, 0xEF, 0xFF, 0x7D, 0xEF, 0xFF, 0x7D, 0xEF, 0xFF, 0x7D, 0xEF, 0xFF, 0x7D, 0xEF, 0xFF, 0x7D, 0xEF, 0xFF,
  0x7D, 0xEF, 0xFF, 0x7D, 0xEF, 0xFF, 0x7D, 0xEF, 0xFF, 0x7D, 0xEF, 0xFF, 0x7D, 0xEF, 0xFF, 0x7D, 0xEF, 0xFF, 0x7D, 0xEF, 0xFF, 0x7D, 0xEF, 0xFF,
  0x7D, 0xEF, 0xFF, 0x7D, 0xEF, 0xFF, 0x7D, 0xEF, 0xFF, 0x7D, 0xEF, 0xFF, 0x7D, 0xEF, 0xFF, 0x7D, 0xEF, 0xFF, 0x7D, 0xEF, 0xFF, 0x7D, 0xEF, 0xFF,
  0x7D, 0xEF, 0xFF, 0x7D, 0xEF, 0xFF, 0x7D, 0xEF, 0xFF, 0x7D, 0xEF, 0xFF, 0x5D, 0xEF, 0xFF, 0x7D, 0xEF, 0xFF, 0x7D, 0xEF, 0xFF, 0x5D, 0xEF, 0xFF,
  0x5D, 0xEF, 0xFF, 0x5D, 0xEF, 0xFF, 0x5D, 0xEF, 0xFF, 0x7D, 0xEF, 0xFF, 0x7D, 0xEF, 0xFF, 0x7D, 0xEF, 0xFF, 0x7D, 0xEF, 0xFF, 0x7D, 0xEF, 0xFF,
  0x7D, 0xEF, 0xFF, 0x7D, 0xEF, 0xFF, 0x5D, 0xEF, 0xFF, 0x7D, 0xEF, 0xFF, 0x7D, 0xEF, 0xFF, 0x7D, 0xEF, 0xFF, 0x7D, 0xEF, 0xFF, 0x7D, 0xEF, 0xFF,
  0x5D, 0xEF, 0xFF, 0x7D, 0xEF, 0xFF, 0x7D, 0xEF, 0xFF, 0x7D, 0xEF, 0xFF, 0x7D, 0xEF, 0xFF, 0x7D, 0xEF, 0xFF, 0x5D, 0xEF, 0xFF, 0x7D, 0xEF, 0xFF,
  0x7D, 0xEF, 0xFF, 0x5D, 0xEF, 0xFF, 0x5D, 0xEF, 0xFF, 0x5D, 0xEF, 0xFF, 0x7D, 0xEF, 0xFF, 0x5D, 0xEF, 0xFF, 0x7D, 0xEF, 0xFF, 0x5D, 0xEF, 0xFF,
  0x7D, 0xEF, 0xFF, 0x7D, 0xEF, 0xFF, 0x5D, 0xEF, 0xFF, 0x5D, 0xEF, 0xFF, 0x5D, 0xEF, 0xFF, 0x5D, 0xEF, 0xFF, 0x5D, 0xEF, 0xFF, 0x5D, 0xEF, 0xFF,
  0x5D, 0xEF, 0xFF, 0x5D, 0xEF, 0xFF, 0x5D, 0xEF, 0xFF, 0x5D, 0xEF, 0xFF, 0x7D, 0xEF, 0xFF, 0x5D, 0xEF, 0xFF, 0x7D, 0xEF, 0xFF, 0x5D, 0xEF, 0xFF,
  0x5D, 0xEF, 0xFF, 0x5D, 0xEF, 0xFF, 0x5D, 0xEF, 0xFF, 0x5D, 0xEF, 0xFF, 0x5D, 0xEF, 0xFF, 0x5D, 0xEF, 0xFF, 0x5D, 0xEF, 0xFF, 0x5D, 0xEF, 0xFF,
  0x5D, 0xEF, 0xFF, 0x5D, 0xEF, 0xFF, 0x5D, 0xEF, 0xFF, 0x5D, 0xEF, 0xFF, 0x5D, 0xEF, 0xFF, 0x5D, 0xEF, 0xFF, 0x5D, 0xEF, 0xFF, 0x7D, 0xEF, 0xFF,
  0x5D, 0xEF, 0xFF, 0x5D, 0xEF, 0xFF, 0x7D, 0xEF, 0xFF, 0x7D, 0xEF, 0xFF, 0x7D, 0xEF, 0xFF, 0x7D, 0xEF, 0xFF, 0x7D, 0xEF, 0xFF, 0x5D, 0xEF, 0xFF,
  0x7D, 0xEF, 0xFF, 0x7D, 0xEF, 0xFF, 0x7D, 0xEF, 0xFF, 0x7D, 0xEF, 0xFF, 0x7D, 0xEF, 0xFF, 0x5D, 0xEF, 0xFF, 0x7D, 0xEF, 0xFF, 0x7D, 0xEF, 0xFF,
  0x7D, 0xEF, 0xFF, 0x7D, 0xEF, 0xFF, 0x7D, 0xEF, 0xFF, 0x7D, 0xEF, 0xFF, 0x7D, 0xEF, 0xFF, 0x5D, 0xEF, 0xFF, 0x5D, 0xEF, 0xFF, 0x5D, 0xEF, 0xFF,
  0x7D, 0xEF, 0xFF, 0x5D, 0xEF, 0xFF, 0x5D, 0xEF, 0xFF, 0x5D, 0xEF, 0xFF, 0x5D, 0xEF, 0xFF, 0x5D, 0xEF, 0xFF, 0x5D, 0xEF, 0xFF, 0x5D, 0xEF, 0xFF,
  0x5D, 0xEF, 0xFF, 0x7D, 0xEF, 0xFF, 0x7D, 0xEF, 0xFF, 0x7D, 0xEF, 0xFF, 0x7D, 0xEF, 0xFF, 0x7D, 0xEF, 0xFF, 0x7D, 0xEF, 0xFF, 0x9E, 0xF7, 0xFF,
  0xBE, 0xF7, 0xFF, 0x5D, 0xEF, 0xFF, 0x5D, 0xEF, 0xFF, 0x5D, 0xEF, 0xFF, 0x5D, 0xEF, 0xFF, 0x7D, 0xEF, 0xFF, 0x7D, 0xEF, 0xFF, 0x5D, 0xEF, 0xFF,
  0x5D, 0xEF, 0xFF, 0x7D, 0xF7, 0xFF, 0xBE, 0xF7, 0xFF, 0x7D, 0xEF, 0xFF, 0x5D, 0xEF, 0xFF, 0x7D, 0xEF, 0xFF, 0x79, 0xCE, 0xFF, 0xBA, 0xD6, 0xFF,
  0x5D, 0xEF, 0xF9, 0xBE, 0xF7, 0xFF, 0x8E, 0x73, 0x89, 0x00, 0x00, 0x00, 0xFF, 0xFF, 0x00, 0xFF, 0xFF, 0x00, 0xFF, 0xFF, 0x00, 0xFF, 0xFF, 0x00,
  0xFF, 0xFF, 0x00, 0xFF, 0xFF, 0x00, 0xFF, 0xFF, 0x00, 0xFF, 0xFF, 0x00, 0xFF, 0xFF, 0x00, 0xFF, 0xFF, 0x00, 0xFF, 0xFF, 0x00, 0xFF, 0xFF, 0x00,
  0xFF, 0xFF, 0x00, 0xFF, 0xFF, 0x00, 0xFF, 0xFF, 0x00, 0xFF, 0xFF, 0x00, 0xFF, 0xFF, 0x00, 0xFF, 0xFF, 0x00, 0xFF, 0xFF, 0x00, 0xFF, 0xFF, 0x00,
  0xFF, 0xFF, 0x00, 0xFF, 0xFF, 0x00, 0xFF, 0xFF, 0x00, 0xFF, 0xFF, 0x00, 0xFF, 0xFF, 0x00, 0xFF, 0xFF, 0x00, 0xFF, 0xFF, 0x00, 0xFF, 0xFF, 0x00,
  0xFF, 0xFF, 0x00, 0xFF, 0xFF, 0x00, 0xFF, 0xFF, 0x00, 0xFF, 0xFF, 0x00, 0xFF, 0xFF, 0x00, 0xFF, 0xFF, 0x00, 0xFF, 0xFF, 0x00, 0xFF, 0xFF, 0x00,
  0xFF, 0xFF, 0x00, 0xFF, 0xFF, 0x00, 0xFF, 0xFF, 0x00, 0xFF, 0xFF, 0x00, 0xFF, 0xFF, 0x00, 0xFF, 0xFF, 0x00, 0xFF, 0xFF, 0x00, 0xFF, 0xFF, 0x00,
  0xFF, 0xFF, 0x00, 0xFF, 0xFF, 0x00, 0xFF, 0xFF, 0x00, 0xFF, 0xFF, 0x00, 0xFF, 0xFF, 0x00, 0xFF, 0xFF, 0x00, 0xFF, 0xFF, 0x00, 0xFF, 0xFF, 0x00,
  0xFF, 0xFF, 0x00, 0xFF, 0xFF, 0x00, 0xFF, 0xFF, 0x00, 0x00, 0x00, 0x00, 0x00, 0x00, 0x00, 0x00, 0x00, 0x00, 0x00, 0x00, 0x00, 0x00, 0x00, 0x00,
  0x00, 0x00, 0x00, 0x00, 0x00, 0x00, 0x00, 0x00, 0x00, 0x00, 0x00, 0x00, 0x00, 0x00, 0x00, 0x00, 0x00, 0x00, 0x00, 0x00, 0x00, 0x00, 0x00, 0x00,
  0x00, 0x00, 0x00, 0x00, 0x00, 0x00, 0x00, 0x00, 0x00, 0x00, 0x00, 0x00, 0x00, 0x00, 0x00, 0x00, 0x00, 0x00, 0x00, 0x00, 0x00, 0x00, 0x00, 0x00,
  0x00, 0x00, 0x00, 0x00, 0x00, 0x00, 0x00, 0x00, 0x00, 0x00, 0x00, 0x00, 0x00, 0x00, 0x00, 0x00, 0x00, 0x00, 0x00, 0x00, 0x00, 0x00, 0x00, 0x00,
  0x00, 0x00, 0x00, 0x00, 0x00, 0x00, 0x00, 0x00, 0x00, 0x00, 0x00, 0x00, 0x00, 0x00, 0x00, 0x00, 0x00, 0x00, 0x00, 0x00, 0x00, 0x00, 0x00, 0x00,
  0x00, 0x00, 0x00, 0x00, 0x00, 0x00, 0x00, 0x00, 0x00, 0x00, 0x00, 0x00, 0x00, 0x00, 0x00, 0x00, 0x00, 0x00, 0x00, 0x00, 0x00, 0x00, 0x00, 0x00,
  0x00, 0x00, 0x00, 0x00, 0x00, 0x00, 0x00, 0x00, 0x00, 0x00, 0x00, 0x00, 0x00, 0x00, 0x00, 0x00, 0x00, 0x00, 0x00, 0x00, 0x00, 0x00, 0x00, 0x00,
  0x00, 0x00, 0x00, 0x00, 0x00, 0x00, 0x00, 0x00, 0x00, 0x00, 0x00, 0x00, 0x00, 0x00, 0x00, 0x00, 0x00, 0x00, 0x00, 0x00, 0x00, 0x61, 0x08, 0x05,
  0xB6, 0xBD, 0xEF, 0x9E, 0xF7, 0xFD, 0xDB, 0xDE, 0xFF, 0x59, 0xCE, 0xFF, 0x9E, 0xF7, 0xFF, 0x7D, 0xEF, 0xFF, 0x5D, 0xEF, 0xFF, 0x5D, 0xEF, 0xFF,
  0x7D, 0xEF, 0xFF, 0x7D, 0xEF, 0xFF, 0x5D, 0xEF, 0xFF, 0x5D, 0xEF, 0xFF, 0x5D, 0xEF, 0xFF, 0x5D, 0xEF, 0xFF, 0x5D, 0xEF, 0xFF, 0x7D, 0xEF, 0xFF,
  0x7D, 0xEF, 0xFF, 0x7D, 0xEF, 0xFF, 0x5D, 0xEF, 0xFF, 0x7D, 0xEF, 0xFF, 0x7D, 0xEF, 0xFF, 0x7D, 0xEF, 0xFF, 0x7D, 0xEF, 0xFF, 0x7D, 0xEF, 0xFF,
  0x5D, 0xEF, 0xFF, 0x5D, 0xEF, 0xFF, 0x5D, 0xEF, 0xFF, 0x5D, 0xEF, 0xFF, 0x5D, 0xEF, 0xFF, 0x5D, 0xEF, 0xFF, 0x5D, 0xEF, 0xFF, 0x5D, 0xEF, 0xFF,
  0x5D, 0xEF, 0xFF, 0x5D, 0xEF, 0xFF, 0x5D, 0xEF, 0xFF, 0x5D, 0xEF, 0xFF, 0x5D, 0xEF, 0xFF, 0x5D, 0xEF, 0xFF, 0x5D, 0xEF, 0xFF, 0x5D, 0xEF, 0xFF,
  0x5D, 0xEF, 0xFF, 0x5D, 0xEF, 0xFF, 0x5D, 0xEF, 0xFF, 0x5D, 0xEF, 0xFF, 0x5D, 0xEF, 0xFF, 0x5D, 0xEF, 0xFF, 0x5D, 0xEF, 0xFF, 0x5D, 0xEF, 0xFF,
  0x5D, 0xEF, 0xFF, 0x5D, 0xEF, 0xFF, 0x5D, 0xEF, 0xFF, 0x5D, 0xEF, 0xFF, 0x5D, 0xEF, 0xFF, 0x5D, 0xEF, 0xFF, 0x5D, 0xEF, 0xFF, 0x5D, 0xEF, 0xFF,
  0x5D, 0xEF, 0xFF, 0x5D, 0xEF, 0xFF, 0x5D, 0xEF, 0xFF, 0x5D, 0xEF, 0xFF, 0x5D, 0xEF, 0xFF, 0x5D, 0xEF, 0xFF, 0x5D, 0xEF, 0xFF, 0x5D, 0xEF, 0xFF,
  0x5D, 0xEF, 0xFF, 0x5D, 0xEF, 0xFF, 0x5D, 0xEF, 0xFF, 0x5D, 0xEF, 0xFF, 0x5D, 0xEF, 0xFF, 0x5D, 0xEF, 0xFF, 0x5D, 0xEF, 0xFF, 0x5D, 0xEF, 0xFF,
  0x5D, 0xEF, 0xFF, 0x5D, 0xEF, 0xFF, 0x5D, 0xEF, 0xFF, 0x5D, 0xEF, 0xFF, 0x5D, 0xEF, 0xFF, 0x5D, 0xEF, 0xFF, 0x5D, 0xEF, 0xFF, 0x5D, 0xEF, 0xFF,
  0x5D, 0xEF, 0xFF, 0x5D, 0xEF, 0xFF, 0x5D, 0xEF, 0xFF, 0x5D, 0xEF, 0xFF, 0x5D, 0xEF, 0xFF, 0x5D, 0xEF, 0xFF, 0x5D, 0xEF, 0xFF, 0x5D, 0xEF, 0xFF,
  0x5D, 0xEF, 0xFF, 0x5D, 0xEF, 0xFF, 0x5D, 0xEF, 0xFF, 0x5D, 0xEF, 0xFF, 0x5D, 0xEF, 0xFF, 0x5D, 0xEF, 0xFF, 0x5D, 0xEF, 0xFF, 0x5D, 0xEF, 0xFF,
  0x5D, 0xEF, 0xFF, 0x5D, 0xEF, 0xFF, 0x5D, 0xEF, 0xFF, 0x5D, 0xEF, 0xFF, 0x5D, 0xEF, 0xFF, 0x5D, 0xEF, 0xFF, 0x5D, 0xEF, 0xFF, 0x5D, 0xEF, 0xFF,
  0x5D, 0xEF, 0xFF, 0x5D, 0xEF, 0xFF, 0x5D, 0xEF, 0xFF, 0x5D, 0xEF, 0xFF, 0x5D, 0xEF, 0xFF, 0x5D, 0xEF, 0xFF, 0x5D, 0xEF, 0xFF, 0x5D, 0xEF, 0xFF,
  0x5D, 0xEF, 0xFF, 0x5D, 0xEF, 0xFF, 0x5D, 0xEF, 0xFF, 0x5D, 0xEF, 0xFF, 0x5D, 0xEF, 0xFF, 0x5D, 0xEF, 0xFF, 0x5D, 0xEF, 0xFF, 0x5D, 0xEF, 0xFF,
  0x5D, 0xEF, 0xFF, 0x5D, 0xEF, 0xFF, 0x5D, 0xEF, 0xFF, 0x5D, 0xEF, 0xFF, 0x5D, 0xEF, 0xFF, 0x5D, 0xEF, 0xFF, 0x5D, 0xEF, 0xFF, 0x5D, 0xEF, 0xFF,
  0x5D, 0xEF, 0xFF, 0x5D, 0xEF, 0xFF, 0x5D, 0xEF, 0xFF, 0x5D, 0xEF, 0xFF, 0x5D, 0xEF, 0xFF, 0x5D, 0xEF, 0xFF, 0x5D, 0xEF, 0xFF, 0x5D, 0xEF, 0xFF,
  0x5D, 0xEF, 0xFF, 0x5D, 0xEF, 0xFF, 0x5D, 0xEF, 0xFF, 0xDB, 0xDE, 0xFF, 0xBA, 0xD6, 0xFF, 0x9E, 0xF7, 0xFF, 0x9E, 0xF7, 0xFF, 0x9D, 0xF7, 0xFF,
  0x7D, 0xF7, 0xFF, 0x9E, 0xF7, 0xFF, 0xBE, 0xF7, 0xFF, 0x9E, 0xF7, 0xFF, 0xBE, 0xF7, 0xFF, 0xFB, 0xDE, 0xFF, 0x9A, 0xD6, 0xFF, 0x5D, 0xEF, 0xFF,
  0x5D, 0xEF, 0xFF, 0x7D, 0xEF, 0xFF, 0xDB, 0xDE, 0xFF, 0xDA, 0xDE, 0xFF, 0x7D, 0xEF, 0xFB, 0x9E, 0xF7, 0xFF, 0x51, 0x8C, 0xB7, 0x00, 0x00, 0x00,
  0xFF, 0xFF, 0x00, 0xFF, 0xFF, 0x00, 0xFF, 0xFF, 0x00, 0xFF, 0xFF, 0x00, 0xFF, 0xFF, 0x00, 0xFF, 0xFF, 0x00, 0xFF, 0xFF, 0x00, 0xFF, 0xFF, 0x00,
  0xFF, 0xFF, 0x00, 0xFF, 0xFF, 0x00, 0xFF, 0xFF, 0x00, 0xFF, 0xFF, 0x00, 0xFF, 0xFF, 0x00, 0xFF, 0xFF, 0x00, 0xFF, 0xFF, 0x00, 0xFF, 0xFF, 0x00,
  0xFF, 0xFF, 0x00, 0xFF, 0xFF, 0x00, 0xFF, 0xFF, 0x00, 0xFF, 0xFF, 0x00, 0xFF, 0xFF, 0x00, 0xFF, 0xFF, 0x00, 0xFF, 0xFF, 0x00, 0xFF, 0xFF, 0x00,
  0xFF, 0xFF, 0x00, 0xFF, 0xFF, 0x00, 0xFF, 0xFF, 0x00, 0xFF, 0xFF, 0x00, 0xFF, 0xFF, 0x00, 0xFF, 0xFF, 0x00, 0xFF, 0xFF, 0x00, 0xFF, 0xFF, 0x00,
  0xFF, 0xFF, 0x00, 0xFF, 0xFF, 0x00, 0xFF, 0xFF, 0x00, 0xFF, 0xFF, 0x00, 0xFF, 0xFF, 0x00, 0xFF, 0xFF, 0x00, 0xFF, 0xFF, 0x00, 0xFF, 0xFF, 0x00,
  0xFF, 0xFF, 0x00, 0xFF, 0xFF, 0x00, 0xFF, 0xFF, 0x00, 0xFF, 0xFF, 0x00, 0xFF, 0xFF, 0x00, 0xFF, 0xFF, 0x00, 0xFF, 0xFF, 0x00, 0xFF, 0xFF, 0x00,
  0xFF, 0xFF, 0x00, 0xFF, 0xFF, 0x00, 0xFF, 0xFF, 0x00, 0xFF, 0xFF, 0x00, 0xFF, 0xFF, 0x00, 0xFF, 0xFF, 0x00, 0xFF, 0xFF, 0x00, 0x00, 0x00, 0x00,
  0x00, 0x00, 0x00, 0x00, 0x00, 0x00, 0x00, 0x00, 0x00, 0x00, 0x00, 0x00, 0x00, 0x00, 0x00, 0x00, 0x00, 0x00, 0x00, 0x00, 0x00, 0x00, 0x00, 0x00,
  0x00, 0x00, 0x00, 0x00, 0x00, 0x00, 0x00, 0x00, 0x00, 0x00, 0x00, 0x00, 0x00, 0x00, 0x00, 0x00, 0x00, 0x00, 0x00, 0x00, 0x00, 0x00, 0x00, 0x00,
  0x00, 0x00, 0x00, 0x00, 0x00, 0x00, 0x00, 0x00, 0x00, 0x00, 0x00, 0x00, 0x00, 0x00, 0x00, 0x00, 0x00, 0x00, 0x00, 0x00, 0x00, 0x00, 0x00, 0x00,
  0x00, 0x00, 0x00, 0x00, 0x00, 0x00, 0x00, 0x00, 0x00, 0x00, 0x00, 0x00, 0x00, 0x00, 0x00, 0x00, 0x00, 0x00, 0x00, 0x00, 0x00, 0x00, 0x00, 0x00,
  0x00, 0x00, 0x00, 0x00, 0x00, 0x00, 0x00, 0x00, 0x00, 0x00, 0x00, 0x00, 0x00, 0x00, 0x00, 0x00, 0x00, 0x00, 0x00, 0x00, 0x00, 0x00, 0x00, 0x00,
  0x00, 0x00, 0x00, 0x00, 0x00, 0x00, 0x00, 0x00, 0x00, 0x00, 0x00, 0x00, 0x00, 0x00, 0x00, 0x00, 0x00, 0x00, 0x00, 0x00, 0x00, 0x00, 0x00, 0x00,
  0x00, 0x00, 0x00, 0x00, 0x00, 0x00, 0x00, 0x00, 0x00, 0x00, 0x00, 0x00, 0x00, 0x00, 0x00, 0x00, 0x00, 0x00, 0x00, 0x00, 0x00, 0x00, 0x00, 0x00,
  0x00, 0x00, 0x00, 0x00, 0x00, 0x00, 0x00, 0x00, 0x00, 0xC3, 0x18, 0x0B, 0xD7, 0xBD, 0xFB, 0xFB, 0xDE, 0xFB, 0x79, 0xCE, 0xFF, 0x9A, 0xD6, 0xFF,
  0x9E, 0xF7, 0xFF, 0x7D, 0xEF, 0xFF, 0x3C, 0xE7, 0xFF, 0xBA, 0xD6, 0xFF, 0xDB, 0xDE, 0xFF, 0xDB, 0xDE, 0xFF, 0xBA, 0xD6, 0xFF, 0xBA, 0xD6, 0xFF,
  0xBA, 0xD6, 0xFF, 0xBA, 0xD6, 0xFF, 0xBA, 0xD6, 0xFF, 0xBA, 0xD6, 0xFF, 0xBA, 0xD6, 0xFF, 0xDA, 0xDE, 0xFF, 0xDA, 0xDE, 0xFF, 0xBA, 0xD6, 0xFF,
  0xBA, 0xD6, 0xFF, 0xBA, 0xD6, 0xFF, 0xBA, 0xD6, 0xFF, 0xBA, 0xD6, 0xFF, 0xBA, 0xD6, 0xFF, 0xBA, 0xD6, 0xFF, 0xBA, 0xD6, 0xFF, 0xBA, 0xD6, 0xFF,
  0xBA, 0xD6, 0xFF, 0xBA, 0xD6, 0xFF, 0xBA, 0xD6, 0xFF, 0xBA, 0xD6, 0xFF, 0xBA, 0xD6, 0xFF, 0xBA, 0xD6, 0xFF, 0xBA, 0xD6, 0xFF, 0xBA, 0xD6, 0xFF,
  0xBA, 0xD6, 0xFF, 0xBA, 0xD6, 0xFF, 0xBA, 0xD6, 0xFF, 0x9A, 0xD6, 0xFF, 0x9A, 0xD6, 0xFF, 0x9A, 0xD6, 0xFF, 0xBA, 0xD6, 0xFF, 0xBA, 0xD6, 0xFF,
  0xBA, 0xD6, 0xFF, 0xBA, 0xD6, 0xFF, 0xBA, 0xD6, 0xFF, 0xBA, 0xD6, 0xFF, 0xBA, 0xD6, 0xFF, 0xBA, 0xD6, 0xFF, 0xBA, 0xD6, 0xFF, 0xBA, 0xD6, 0xFF,
  0xBA, 0xD6, 0xFF, 0xBA, 0xD6, 0xFF, 0xBA, 0xD6, 0xFF, 0xBA, 0xD6, 0xFF, 0xBA, 0xD6, 0xFF, 0xBA, 0xD6, 0xFF, 0xBA, 0xD6, 0xFF, 0xBA, 0xD6, 0xFF,
  0xBA, 0xD6, 0xFF, 0xBA, 0xD6, 0xFF, 0xBA, 0xD6, 0xFF, 0xBA, 0xD6, 0xFF, 0xBA, 0xD6, 0xFF, 0xBA, 0xD6, 0xFF, 0xBA, 0xD6, 0xFF, 0xBA, 0xD6, 0xFF,
  0xBA, 0xD6, 0xFF, 0xBA, 0xD6, 0xFF, 0xBA, 0xD6, 0xFF, 0xBA, 0xD6, 0xFF, 0xBA, 0xD6, 0xFF, 0xBA, 0xD6, 0xFF, 0xBA, 0xD6, 0xFF, 0xBA, 0xD6, 0xFF,
  0xBA, 0xD6, 0xFF, 0xBA, 0xD6, 0xFF, 0xBA, 0xD6, 0xFF, 0x9A, 0xD6, 0xFF, 0xBA, 0xD6, 0xFF, 0xBA, 0xD6, 0xFF, 0xBA, 0xD6, 0xFF, 0x9A, 0xD6, 0xFF,
  0xBA, 0xD6, 0xFF, 0x9A, 0xD6, 0xFF, 0xBA, 0xD6, 0xFF, 0xBA, 0xD6, 0xFF, 0xBA, 0xD6, 0xFF, 0xBA, 0xD6, 0xFF, 0xBA, 0xD6, 0xFF, 0xBA, 0xD6, 0xFF,
  0xBA, 0xD6, 0xFF, 0xBA, 0xD6, 0xFF, 0xBA, 0xD6, 0xFF, 0xBA, 0xD6, 0xFF, 0xBA, 0xD6, 0xFF, 0xBA, 0xD6, 0xFF, 0x9A, 0xD6, 0xFF, 0x9A, 0xD6, 0xFF,
  0x9A, 0xD6, 0xFF, 0x9A, 0xD6, 0xFF, 0x9A, 0xD6, 0xFF, 0x9A, 0xD6, 0xFF, 0x9A, 0xD6, 0xFF, 0xBA, 0xD6, 0xFF, 0xBA, 0xD6, 0xFF, 0xBA, 0xD6, 0xFF,
  0xBA, 0xD6, 0xFF, 0xBA, 0xD6, 0xFF, 0xBA, 0xD6, 0xFF, 0xBA, 0xD6, 0xFF, 0xBA, 0xD6, 0xFF, 0x9A, 0xD6, 0xFF, 0x9A, 0xD6, 0xFF, 0x9A, 0xD6, 0xFF,
  0xBA, 0xD6, 0xFF, 0xBA, 0xD6, 0xFF, 0xBA, 0xD6, 0xFF, 0x9A, 0xD6, 0xFF, 0x9A, 0xD6, 0xFF, 0x9A, 0xD6, 0xFF, 0x9A, 0xD6, 0xFF, 0x9A, 0xD6, 0xFF,
  0x9A, 0xD6, 0xFF, 0x9A, 0xD6, 0xFF, 0xBA, 0xD6, 0xFF, 0xBA, 0xD6, 0xFF, 0xBA, 0xD6, 0xFF, 0xBA, 0xD6, 0xFF, 0xBA, 0xD6, 0xFF, 0xBA, 0xD6, 0xFF,
  0x9A, 0xD6, 0xFF, 0x9A, 0xD6, 0xFF, 0xBA, 0xD6, 0xFF, 0xBA, 0xD6, 0xFF, 0xBA, 0xD6, 0xFF, 0xDB, 0xDE, 0xFF, 0xB6, 0xB5, 0xFF, 0xE3, 0x18, 0xFF,
  0xA2, 0x10, 0xFF, 0x92, 0x94, 0xFF, 0x18, 0xC6, 0xFF, 0xD7, 0xBD, 0xFF, 0xD7, 0xBD, 0xFF, 0xD7, 0xBD, 0xFF, 0xD7, 0xBD, 0xFF, 0x18, 0xC6, 0xFF,
  0x96, 0xB5, 0xFF, 0xA6, 0x31, 0xFF, 0x41, 0x08, 0xFF, 0x51, 0x8C, 0xFF, 0x1C, 0xE7, 0xFF, 0xFB, 0xDE, 0xFF, 0x79, 0xCE, 0xFF, 0xDB, 0xDE, 0xFF,
  0x3C, 0xEF, 0xFB, 0x9A, 0xD6, 0xFF, 0xEF, 0x7B, 0xB5, 0x00, 0x00, 0x00, 0xFF, 0xFF, 0x00, 0xFF, 0xFF, 0x00, 0xFF, 0xFF, 0x00, 0xFF, 0xFF, 0x00,
  0xFF, 0xFF, 0x00, 0xFF, 0xFF, 0x00, 0xFF, 0xFF, 0x00, 0xFF, 0xFF, 0x00, 0xFF, 0xFF, 0x00, 0xFF, 0xFF, 0x00, 0xFF, 0xFF, 0x00, 0xFF, 0xFF, 0x00,
  0xFF, 0xFF, 0x00, 0xFF, 0xFF, 0x00, 0xFF, 0xFF, 0x00, 0xFF, 0xFF, 0x00, 0xFF, 0xFF, 0x00, 0xFF, 0xFF, 0x00, 0xFF, 0xFF, 0x00, 0xFF, 0xFF, 0x00,
  0xFF, 0xFF, 0x00, 0xFF, 0xFF, 0x00, 0xFF, 0xFF, 0x00, 0xFF, 0xFF, 0x00, 0xFF, 0xFF, 0x00, 0xFF, 0xFF, 0x00, 0xFF, 0xFF, 0x00, 0xFF, 0xFF, 0x00,
  0xFF, 0xFF, 0x00, 0xFF, 0xFF, 0x00, 0xFF, 0xFF, 0x00, 0xFF, 0xFF, 0x00, 0xFF, 0xFF, 0x00, 0xFF, 0xFF, 0x00, 0xFF, 0xFF, 0x00, 0xFF, 0xFF, 0x00,
  0xFF, 0xFF, 0x00, 0xFF, 0xFF, 0x00, 0xFF, 0xFF, 0x00, 0xFF, 0xFF, 0x00, 0xFF, 0xFF, 0x00, 0xFF, 0xFF, 0x00, 0xFF, 0xFF, 0x00, 0xFF, 0xFF, 0x00,
  0xFF, 0xFF, 0x00, 0xFF, 0xFF, 0x00, 0xFF, 0xFF, 0x00, 0xFF, 0xFF, 0x00, 0xFF, 0xFF, 0x00, 0xFF, 0xFF, 0x00, 0xFF, 0xFF, 0x00, 0xFF, 0xFF, 0x00,
  0xFF, 0xFF, 0x00, 0xFF, 0xFF, 0x00, 0xFF, 0xFF, 0x00, 0x00, 0x00, 0x00, 0x00, 0x00, 0x00, 0x00, 0x00, 0x00, 0x00, 0x00, 0x00, 0x00, 0x00, 0x00,
  0x00, 0x00, 0x00, 0x00, 0x00, 0x00, 0x00, 0x00, 0x00, 0x00, 0x00, 0x00, 0x00, 0x00, 0x00, 0x00, 0x00, 0x00, 0x00, 0x00, 0x00, 0x00, 0x00, 0x00,
  0x00, 0x00, 0x00, 0x00, 0x00, 0x00, 0x00, 0x00, 0x00, 0x00, 0x00, 0x00, 0x00, 0x00, 0x00, 0x00, 0x00, 0x00, 0x00, 0x00, 0x00, 0x00, 0x00, 0x00,
  0x00, 0x00, 0x00, 0x00, 0x00, 0x00, 0x00, 0x00, 0x00, 0x00, 0x00, 0x00, 0x00, 0x00, 0x00, 0x00, 0x00, 0x00, 0x00, 0x00, 0x00, 0x00, 0x00, 0x00,
  0x00, 0x00, 0x00, 0x00, 0x00, 0x00, 0x00, 0x00, 0x00, 0x00, 0x00, 0x00, 0x00, 0x00, 0x00, 0x00, 0x00, 0x00, 0x00, 0x00, 0x00, 0x00, 0x00, 0x00,
  0x00, 0x00, 0x00, 0x00, 0x00, 0x00, 0x00, 0x00, 0x00, 0x00, 0x00, 0x00, 0x00, 0x00, 0x00, 0x00, 0x00, 0x00, 0x00, 0x00, 0x00, 0x00, 0x00, 0x00,
  0x00, 0x00, 0x00, 0x00, 0x00, 0x00, 0x00, 0x00, 0x00, 0x00, 0x00, 0x00, 0x00, 0x00, 0x00, 0x00, 0x00, 0x00, 0x00, 0x00, 0x00, 0x00, 0x00, 0x00,
  0x00, 0x00, 0x00, 0x00, 0x00, 0x00, 0x00, 0x00, 0x00, 0x00, 0x00, 0x00, 0x00, 0x00, 0x00, 0x00, 0x00, 0x00, 0x00, 0x00, 0x00, 0x00, 0x00, 0x01,
  0xB2, 0x94, 0xD7, 0x7D, 0xEF, 0xFF, 0x1C, 0xE7, 0xFD, 0x9A, 0xD6, 0xFF, 0x9E, 0xF7, 0xFF, 0x5D, 0xEF, 0xFF, 0x7D, 0xEF, 0xFF, 0x7D, 0xEF, 0xFF,
  0x7D, 0xEF, 0xFF, 0x5D, 0xEF, 0xFF, 0x7D, 0xEF, 0xFF, 0x7D, 0xEF, 0xFF, 0x7D, 0xEF, 0xFF, 0x7D, 0xEF, 0xFF, 0x7D, 0xEF, 0xFF, 0x7D, 0xEF, 0xFF,
  0x7D, 0xEF, 0xFF, 0x7D, 0xEF, 0xFF, 0x7D, 0xEF, 0xFF, 0x7D, 0xEF, 0xFF, 0x7D, 0xEF, 0xFF, 0x7D, 0xEF, 0xFF, 0x7D, 0xEF, 0xFF, 0x7D, 0xEF, 0xFF,
  0x7D, 0xEF, 0xFF, 0x7D, 0xEF, 0xFF, 0x7D, 0xEF, 0xFF, 0x7D, 0xEF, 0xFF, 0x7D, 0xEF, 0xFF, 0x7D, 0xEF, 0xFF, 0x7D, 0xEF, 0xFF, 0x7D, 0xEF, 0xFF,
  0x7D, 0xEF, 0xFF, 0x7D, 0xEF, 0xFF, 0x7D, 0xEF, 0xFF, 0x7D, 0xEF, 0xFF, 0x7D, 0xEF, 0xFF, 0x7D, 0xEF, 0xFF, 0x7D, 0xEF, 0xFF, 0x7D, 0xEF, 0xFF,
  0x7D, 0xEF, 0xFF, 0x7D, 0xEF, 0xFF, 0x7D, 0xEF, 0xFF, 0x7D, 0xEF, 0xFF, 0x7D, 0xEF, 0xFF, 0x7D, 0xEF, 0xFF, 0x7D, 0xEF, 0xFF, 0x7D, 0xEF, 0xFF,
  0x7D, 0xEF, 0xFF, 0x7D, 0xEF, 0xFF, 0x7D, 0xEF, 0xFF, 0x7D, 0xEF, 0xFF, 0x7D, 0xEF, 0xFF, 0x7D, 0xEF, 0xFF, 0x7D, 0xEF, 0xFF, 0x7D, 0xEF, 0xFF,
  0x7D, 0xEF, 0xFF, 0x7D, 0xEF, 0xFF, 0x7D, 0xEF, 0xFF, 0x7D, 0xEF, 0xFF, 0x7D, 0xEF, 0xFF, 0x7D, 0xEF, 0xFF, 0x7D, 0xEF, 0xFF, 0x7D, 0xEF, 0xFF,
  0x7D, 0xEF, 0xFF, 0x7D, 0xEF, 0xFF, 0x7D, 0xEF, 0xFF, 0x7D, 0xEF, 0xFF, 0x7D, 0xEF, 0xFF, 0x7D, 0xEF, 0xFF, 0x7D, 0xEF, 0xFF, 0x7D, 0xEF, 0xFF,
  0x7D, 0xEF, 0xFF, 0x7D, 0xEF, 0xFF, 0x7D, 0xEF, 0xFF, 0x7D, 0xEF, 0xFF, 0x5D, 0xEF, 0xFF, 0x7D, 0xEF, 0xFF, 0x7D, 0xEF, 0xFF, 0x7D, 0xEF, 0xFF,
  0x7D, 0xEF, 0xFF, 0x7D, 0xEF, 0xFF, 0x7D, 0xEF, 0xFF, 0x7D, 0xEF, 0xFF, 0x7D, 0xEF, 0xFF, 0x7D, 0xEF, 0xFF, 0x7D, 0xEF, 0xFF, 0x7D, 0xEF, 0xFF,
  0x7D, 0xEF, 0xFF, 0x7D, 0xEF, 0xFF, 0x7D, 0xEF, 0xFF, 0x7D, 0xEF, 0xFF, 0x7D, 0xEF, 0xFF, 0x7D, 0xEF, 0xFF, 0x7D, 0xEF, 0xFF, 0x7D, 0xEF, 0xFF,
  0x7D, 0xEF, 0xFF, 0x7D, 0xEF, 0xFF, 0x7D, 0xEF, 0xFF, 0x7D, 0xEF, 0xFF, 0x7D, 0xEF, 0xFF, 0x7D, 0xEF, 0xFF, 0x7D, 0xEF, 0xFF, 0x7D, 0xEF, 0xFF,
  0x7D, 0xEF, 0xFF, 0x7D, 0xEF, 0xFF, 0x7D, 0xEF, 0xFF, 0x7D, 0xEF, 0xFF, 0x7D, 0xEF, 0xFF, 0x7D, 0xEF, 0xFF, 0x7D, 0xEF, 0xFF, 0x7D, 0xEF, 0xFF,
  0x5D, 0xEF, 0xFF, 0x7D, 0xEF, 0xFF, 0x7D, 0xEF, 0xFF, 0x7D, 0xEF, 0xFF, 0x7D, 0xEF, 0xFF, 0x7D, 0xEF, 0xFF, 0x7D, 0xEF, 0xFF, 0x7D, 0xEF, 0xFF,
  0x7D, 0xEF, 0xFF, 0x7D, 0xEF, 0xFF, 0x7D, 0xEF, 0xFF, 0x7D, 0xEF, 0xFF, 0x7D, 0xEF, 0xFF, 0x7D, 0xEF, 0xFF, 0x7D, 0xEF, 0xFF, 0x7D, 0xEF, 0xFF,
  0x5D, 0xEF, 0xFF, 0x7D, 0xEF, 0xFF, 0x7D, 0xEF, 0xFF, 0x7D, 0xEF, 0xFF, 0x7D, 0xEF, 0xFF, 0x7D, 0xEF, 0xFF, 0x5D, 0xEF, 0xFF, 0x7D, 0xEF, 0xFF,
  0x5D, 0xEF, 0xFF, 0x7D, 0xF7, 0xFF, 0xFB, 0xE6, 0xFF, 0xEB, 0x5A, 0xFF, 0xC7, 0x39, 0xFF, 0x20, 0x00, 0xFF, 0xA2, 0x10, 0xFF, 0xC3, 0x18, 0xFF,
  0xA2, 0x10, 0xFF, 0x82, 0x10, 0xFF, 0x61, 0x08, 0xFF, 0x82, 0x10, 0xFF, 0x82, 0x10, 0xFF, 0xE3, 0x18, 0xFF, 0xAA, 0x52, 0xFF, 0xF7, 0xBD, 0xFF,
  0x9E, 0xF7, 0xFF, 0x9E, 0xF7, 0xFF, 0xDB, 0xDE, 0xFF, 0xBA, 0xD6, 0xFF, 0x3C, 0xE7, 0xF9, 0xFB, 0xDE, 0xFF, 0x8E, 0x73, 0x9A, 0x00, 0x00, 0x00,
  0xFF, 0xFF, 0x00, 0xFF, 0xFF, 0x00, 0xFF, 0xFF, 0x00, 0xFF, 0xFF, 0x00, 0xFF, 0xFF, 0x00, 0xFF, 0xFF, 0x00, 0xFF, 0xFF, 0x00, 0xFF, 0xFF, 0x00,
  0xFF, 0xFF, 0x00, 0xFF, 0xFF, 0x00, 0xFF, 0xFF, 0x00, 0xFF, 0xFF, 0x00, 0xFF, 0xFF, 0x00, 0xFF, 0xFF, 0x00, 0xFF, 0xFF, 0x00, 0xFF, 0xFF, 0x00,
  0xFF, 0xFF, 0x00, 0xFF, 0xFF, 0x00, 0xFF, 0xFF, 0x00, 0xFF, 0xFF, 0x00, 0xFF, 0xFF, 0x00, 0xFF, 0xFF, 0x00, 0xFF, 0xFF, 0x00, 0xFF, 0xFF, 0x00,
  0xFF, 0xFF, 0x00, 0xFF, 0xFF, 0x00, 0xFF, 0xFF, 0x00, 0xFF, 0xFF, 0x00, 0xFF, 0xFF, 0x00, 0xFF, 0xFF, 0x00, 0xFF, 0xFF, 0x00, 0xFF, 0xFF, 0x00,
  0xFF, 0xFF, 0x00, 0xFF, 0xFF, 0x00, 0xFF, 0xFF, 0x00, 0xFF, 0xFF, 0x00, 0xFF, 0xFF, 0x00, 0xFF, 0xFF, 0x00, 0xFF, 0xFF, 0x00, 0xFF, 0xFF, 0x00,
  0xFF, 0xFF, 0x00, 0xFF, 0xFF, 0x00, 0xFF, 0xFF, 0x00, 0xFF, 0xFF, 0x00, 0xFF, 0xFF, 0x00, 0xFF, 0xFF, 0x00, 0xFF, 0xFF, 0x00, 0xFF, 0xFF, 0x00,
  0xFF, 0xFF, 0x00, 0xFF, 0xFF, 0x00, 0xFF, 0xFF, 0x00, 0xFF, 0xFF, 0x00, 0xFF, 0xFF, 0x00, 0xFF, 0xFF, 0x00, 0xFF, 0xFF, 0x00, 0x00, 0x00, 0x00,
  0x00, 0x00, 0x00, 0x00, 0x00, 0x00, 0x00, 0x00, 0x00, 0x00, 0x00, 0x00, 0x00, 0x00, 0x00, 0x00, 0x00, 0x00, 0x00, 0x00, 0x00, 0x00, 0x00, 0x00,
  0x00, 0x00, 0x00, 0x00, 0x00, 0x00, 0x00, 0x00, 0x00, 0x00, 0x00, 0x00, 0x00, 0x00, 0x00, 0x00, 0x00, 0x00, 0x00, 0x00, 0x00, 0x00, 0x00, 0x00,
  0x00, 0x00, 0x00, 0x00, 0x00, 0x00, 0x00, 0x00, 0x00, 0x00, 0x00, 0x00, 0x00, 0x00, 0x00, 0x00, 0x00, 0x00, 0x00, 0x00, 0x00, 0x00, 0x00, 0x00,
  0x00, 0x00, 0x00, 0x00, 0x00, 0x00, 0x00, 0x00, 0x00, 0x00, 0x00, 0x00, 0x00, 0x00, 0x00, 0x00, 0x00, 0x00, 0x00, 0x00, 0x00, 0x00, 0x00, 0x00,
  0x00, 0x00, 0x00, 0x00, 0x00, 0x00, 0x00, 0x00, 0x00, 0x00, 0x00, 0x00, 0x00, 0x00, 0x00, 0x00, 0x00, 0x00, 0x00, 0x00, 0x00, 0x00, 0x00, 0x00,
  0x00, 0x00, 0x00, 0x00, 0x00, 0x00, 0x00, 0x00, 0x00, 0x00, 0x00, 0x00, 0x00, 0x00, 0x00, 0x00, 0x00, 0x00, 0x00, 0x00, 0x00, 0x00, 0x00, 0x00,
  0x00, 0x00, 0x00, 0x00, 0x00, 0x00, 0x00, 0x00, 0x00, 0x00, 0x00, 0x00, 0x00, 0x00, 0x00, 0x00, 0x00, 0x00, 0x00, 0x00, 0x00, 0x00, 0x00, 0x00,
  0x00, 0x00, 0x00, 0x00, 0x00, 0x00, 0x00, 0x00, 0x00, 0x00, 0x00, 0x00, 0x6D, 0x6B, 0x89, 0x7D, 0xEF, 0xFF, 0x5D, 0xEF, 0xF9, 0x79, 0xCE, 0xFF,
  0x7D, 0xEF, 0xFF, 0x7D, 0xEF, 0xFF, 0x7D, 0xEF, 0xFF, 0x5D, 0xEF, 0xFF, 0x5D, 0xEF, 0xFF, 0x5D, 0xEF, 0xFF, 0x5D, 0xEF, 0xFF, 0x5D, 0xEF, 0xFF,
  0x7D, 0xEF, 0xFF, 0x7D, 0xEF, 0xFF, 0x7D, 0xEF, 0xFF, 0x7D, 0xEF, 0xFF, 0x7D, 0xEF, 0xFF, 0x5D, 0xEF, 0xFF, 0x5D, 0xEF, 0xFF, 0x7D, 0xEF, 0xFF,
  0x5D, 0xEF, 0xFF, 0x5D, 0xEF, 0xFF, 0x7D, 0xEF, 0xFF, 0x7D, 0xEF, 0xFF, 0x7D, 0xEF, 0xFF, 0x5D, 0xEF, 0xFF, 0x7D, 0xEF, 0xFF, 0x7D, 0xEF, 0xFF,
  0x5D, 0xEF, 0xFF, 0x5D, 0xEF, 0xFF, 0x7D, 0xEF, 0xFF, 0x5D, 0xEF, 0xFF, 0x5D, 0xEF, 0xFF, 0x5D, 0xEF, 0xFF, 0x5D, 0xEF, 0xFF, 0x5D, 0xEF, 0xFF,
  0x7D, 0xEF, 0xFF, 0x5D, 0xEF, 0xFF, 0x5D, 0xEF, 0xFF, 0x5D, 0xEF, 0xFF, 0x5D, 0xEF, 0xFF, 0x5D, 0xEF, 0xFF, 0x5D, 0xEF, 0xFF, 0x5D, 0xEF, 0xFF,
  0x5D, 0xEF, 0xFF, 0x5D, 0xEF, 0xFF, 0x5D, 0xEF, 0xFF, 0x7D, 0xEF, 0xFF, 0x7D, 0xEF, 0xFF, 0x7D, 0xEF, 0xFF, 0x7D, 0xEF, 0xFF, 0x5D, 0xEF, 0xFF,
  0x7D, 0xEF, 0xFF, 0x5D, 0xEF, 0xFF, 0x5D, 0xEF, 0xFF, 0x5D, 0xEF, 0xFF, 0x5D, 0xEF, 0xFF, 0x5D, 0xEF, 0xFF, 0x5D, 0xEF, 0xFF, 0x5D, 0xEF, 0xFF,
  0x5D, 0xEF, 0xFF, 0x5D, 0xEF, 0xFF, 0x5D, 0xEF, 0xFF, 0x5D, 0xEF, 0xFF, 0x5D, 0xEF, 0xFF, 0x5D, 0xEF, 0xFF, 0x5D, 0xEF, 0xFF, 0x5D, 0xEF, 0xFF,
  0x5D, 0xEF, 0xFF, 0x5D, 0xEF, 0xFF, 0x5D, 0xEF, 0xFF, 0x5D, 0xEF, 0xFF, 0x5D, 0xEF, 0xFF, 0x5D, 0xEF, 0xFF, 0x5D, 0xEF, 0xFF, 0x5D, 0xEF, 0xFF,
  0x5D, 0xEF, 0xFF, 0x5D, 0xEF, 0xFF, 0x5D, 0xEF, 0xFF, 0x5D, 0xEF, 0xFF, 0x5D, 0xEF, 0xFF, 0x5D, 0xEF, 0xFF, 0x5D, 0xEF, 0xFF, 0x5D, 0xEF, 0xFF,
  0x7D, 0xEF, 0xFF, 0x5D, 0xEF, 0xFF, 0x5D, 0xEF, 0xFF, 0x5D, 0xEF, 0xFF, 0x5D, 0xEF, 0xFF, 0x5D, 0xEF, 0xFF, 0x5D, 0xEF, 0xFF, 0x7D, 0xEF, 0xFF,
  0x5D, 0xEF, 0xFF, 0x5D, 0xEF, 0xFF, 0x5D, 0xEF, 0xFF, 0x5D, 0xEF, 0xFF, 0x5D, 0xEF, 0xFF, 0x5D, 0xEF, 0xFF, 0x5D, 0xEF, 0xFF, 0x5D, 0xEF, 0xFF,
  0x5D, 0xEF, 0xFF, 0x5D, 0xEF, 0xFF, 0x5D, 0xEF, 0xFF, 0x5D, 0xEF, 0xFF, 0x5D, 0xEF, 0xFF, 0x7D, 0xEF, 0xFF, 0x5D, 0xEF, 0xFF, 0x5D, 0xEF, 0xFF,
  0x5D, 0xEF, 0xFF, 0x5D, 0xEF, 0xFF, 0x5D, 0xEF, 0xFF, 0x5D, 0xEF, 0xFF, 0x5D, 0xEF, 0xFF, 0x5D, 0xEF, 0xFF, 0x5D, 0xEF, 0xFF, 0x5D, 0xEF, 0xFF,
  0x5D, 0xEF, 0xFF, 0x5D, 0xEF, 0xFF, 0x5D, 0xEF, 0xFF, 0x5D, 0xEF, 0xFF, 0x5D, 0xEF, 0xFF, 0x5D, 0xEF, 0xFF, 0x5D, 0xEF, 0xFF, 0x5D, 0xEF, 0xFF,
  0x5D, 0xEF, 0xFF, 0x5D, 0xEF, 0xFF, 0x5D, 0xEF, 0xFF, 0x5D, 0xEF, 0xFF, 0x5D, 0xEF, 0xFF, 0x5D, 0xEF, 0xFF, 0x5D, 0xEF, 0xFF, 0x5D, 0xEF, 0xFF,
  0x5D, 0xEF, 0xFF, 0x5D, 0xEF, 0xFF, 0x5D, 0xEF, 0xFF, 0x5D, 0xEF, 0xFF, 0x5D, 0xEF, 0xFF, 0x5D, 0xEF, 0xFF, 0x7D, 0xEF, 0xFF, 0xBE, 0xFF, 0xFF,
  0x7D, 0xF7, 0xFF, 0xD3, 0x9C, 0xFF, 0xEF, 0x7B, 0xFF, 0x10, 0x84, 0xFF, 0x10, 0x84, 0xFF, 0xEF, 0x7B, 0xFF, 0xCF, 0x7B, 0xFF, 0xCF, 0x7B, 0xFF,
  0xEF, 0x7B, 0xFF, 0xF7, 0xBD, 0xFF, 0xFF, 0xFF, 0xFF, 0x9E, 0xF7, 0xFF, 0x5D, 0xEF, 0xFF, 0x7D, 0xEF, 0xFF, 0x79, 0xCE, 0xFF, 0xBA, 0xDE, 0xFF,
  0x3C, 0xE7, 0xF7, 0xBA, 0xD6, 0xFF, 0xAA, 0x52, 0x67, 0x00, 0x00, 0x00, 0xFF, 0xFF, 0x00, 0xFF, 0xFF, 0x00, 0xFF, 0xFF, 0x00, 0xFF, 0xFF, 0x00,
  0xFF, 0xFF, 0x00, 0xFF, 0xFF, 0x00, 0xFF, 0xFF, 0x00, 0xFF, 0xFF, 0x00, 0xFF, 0xFF, 0x00, 0xFF, 0xFF, 0x00, 0xFF, 0xFF, 0x00, 0xFF, 0xFF, 0x00,
  0xFF, 0xFF, 0x00, 0xFF, 0xFF, 0x00, 0xFF, 0xFF, 0x00, 0xFF, 0xFF, 0x00, 0xFF, 0xFF, 0x00, 0xFF, 0xFF, 0x00, 0xFF, 0xFF, 0x00, 0xFF, 0xFF, 0x00,
  0xFF, 0xFF, 0x00, 0xFF, 0xFF, 0x00, 0xFF, 0xFF, 0x00, 0xFF, 0xFF, 0x00, 0xFF, 0xFF, 0x00, 0xFF, 0xFF, 0x00, 0xFF, 0xFF, 0x00, 0xFF, 0xFF, 0x00,
  0xFF, 0xFF, 0x00, 0xFF, 0xFF, 0x00, 0xFF, 0xFF, 0x00, 0xFF, 0xFF, 0x00, 0xFF, 0xFF, 0x00, 0xFF, 0xFF, 0x00, 0xFF, 0xFF, 0x00, 0xFF, 0xFF, 0x00,
  0xFF, 0xFF, 0x00, 0xFF, 0xFF, 0x00, 0xFF, 0xFF, 0x00, 0xFF, 0xFF, 0x00, 0xFF, 0xFF, 0x00, 0xFF, 0xFF, 0x00, 0xFF, 0xFF, 0x00, 0xFF, 0xFF, 0x00,
  0xFF, 0xFF, 0x00, 0xFF, 0xFF, 0x00, 0xFF, 0xFF, 0x00, 0xFF, 0xFF, 0x00, 0xFF, 0xFF, 0x00, 0xFF, 0xFF, 0x00, 0xFF, 0xFF, 0x00, 0xFF, 0xFF, 0x00,
  0xFF, 0xFF, 0x00, 0xFF, 0xFF, 0x00, 0xFF, 0xFF, 0x00, 0x00, 0x00, 0x00, 0x00, 0x00, 0x00, 0x00, 0x00, 0x00, 0x00, 0x00, 0x00, 0x00, 0x00, 0x00,
  0x00, 0x00, 0x00, 0x00, 0x00, 0x00, 0x00, 0x00, 0x00, 0x00, 0x00, 0x00, 0x00, 0x00, 0x00, 0x00, 0x00, 0x00, 0x00, 0x00, 0x00, 0x00, 0x00, 0x00,
  0x00, 0x00, 0x00, 0x00, 0x00, 0x00, 0x00, 0x00, 0x00, 0x00, 0x00, 0x00, 0x00, 0x00, 0x00, 0x00, 0x00, 0x00, 0x00, 0x00, 0x00, 0x00, 0x00, 0x00,
  0x00, 0x00, 0x00, 0x00, 0x00, 0x00, 0x00, 0x00, 0x00, 0x00, 0x00, 0x00, 0x00, 0x00, 0x00, 0x00, 0x00, 0x00, 0x00, 0x00, 0x00, 0x00, 0x00, 0x00,
  0x00, 0x00, 0x00, 0x00, 0x00, 0x00, 0x00, 0x00, 0x00, 0x00, 0x00, 0x00, 0x00, 0x00, 0x00, 0x00, 0x00, 0x00, 0x00, 0x00, 0x00, 0x00, 0x00, 0x00,
  0x00, 0x00, 0x00, 0x00, 0x00, 0x00, 0x00, 0x00, 0x00, 0x00, 0x00, 0x00, 0x00, 0x00, 0x00, 0x00, 0x00, 0x00, 0x00, 0x00, 0x00, 0x00, 0x00, 0x00,
  0x00, 0x00, 0x00, 0x00, 0x00, 0x00, 0x00, 0x00, 0x00, 0x00, 0x00, 0x00, 0x00, 0x00, 0x00, 0x00, 0x00, 0x00, 0x00, 0x00, 0x00, 0x00, 0x00, 0x00,
  0x00, 0x00, 0x00, 0x00, 0x00, 0x00, 0x00, 0x00, 0x00, 0x00, 0x00, 0x00, 0x00, 0x00, 0x00, 0x00, 0x00, 0x00, 0x00, 0x00, 0x00, 0x00, 0x00, 0x00,
  0x49, 0x4A, 0x4A, 0x5D, 0xEF, 0xFF, 0x9E, 0xF7, 0xF7, 0x79, 0xCE, 0xFF, 0x1C, 0xE7, 0xFF, 0x7D, 0xEF, 0xFF, 0x7D, 0xEF, 0xFF, 0x5D, 0xEF, 0xFF,
  0x7D, 0xEF, 0xFF, 0x7D, 0xEF, 0xFF, 0x7D, 0xEF, 0xFF, 0x7D, 0xEF, 0xFF, 0x7D, 0xEF, 0xFF, 0x7D, 0xEF, 0xFF, 0x7D, 0xEF, 0xFF, 0x7D, 0xEF, 0xFF,
  0x7D, 0xEF, 0xFF, 0x7D, 0xEF, 0xFF, 0x5D, 0xEF, 0xFF, 0x7D, 0xEF, 0xFF, 0x5D, 0xEF, 0xFF, 0x7D, 0xEF, 0xFF, 0x7D, 0xEF, 0xFF, 0x7D, 0xEF, 0xFF,
  0x5D, 0xEF, 0xFF, 0x7D, 0xEF, 0xFF, 0x5D, 0xEF, 0xFF, 0x5D, 0xEF, 0xFF, 0x7D, 0xEF, 0xFF, 0x5D, 0xEF, 0xFF, 0x7D, 0xEF, 0xFF, 0x5D, 0xEF, 0xFF,
  0x5D, 0xEF, 0xFF, 0x7D, 0xEF, 0xFF, 0x5D, 0xEF, 0xFF, 0x7D, 0xEF, 0xFF, 0x7D, 0xEF, 0xFF, 0x7D, 0xEF, 0xFF, 0x5D, 0xEF, 0xFF, 0x7D, 0xEF, 0xFF,
  0x7D, 0xEF, 0xFF, 0x5D, 0xEF, 0xFF, 0x5D, 0xEF, 0xFF, 0x7D, 0xEF, 0xFF, 0x7D, 0xEF, 0xFF, 0x7D, 0xEF, 0xFF, 0x7D, 0xEF, 0xFF, 0x5D, 0xEF, 0xFF,
  0x5D, 0xEF, 0xFF, 0x7D, 0xEF, 0xFF, 0x7D, 0xEF, 0xFF, 0x7D, 0xEF, 0xFF, 0x7D, 0xEF, 0xFF, 0x7D, 0xEF, 0xFF, 0x7D, 0xEF, 0xFF, 0x5D, 0xEF, 0xFF,
  0x5D, 0xEF, 0xFF, 0x5D, 0xEF, 0xFF, 0x5D, 0xEF, 0xFF, 0x7D, 0xEF, 0xFF, 0x5D, 0xEF, 0xFF, 0x5D, 0xEF, 0xFF, 0x5D, 0xEF, 0xFF, 0x5D, 0xEF, 0xFF,
  0x5D, 0xEF, 0xFF, 0x5D, 0xEF, 0xFF, 0x5D, 0xEF, 0xFF, 0x5D, 0xEF, 0xFF, 0x5D, 0xEF, 0xFF, 0x5D, 0xEF, 0xFF, 0x5D, 0xEF, 0xFF, 0x5D, 0xEF, 0xFF,
  0x7D, 0xEF, 0xFF, 0x7D, 0xEF, 0xFF, 0x5D, 0xEF, 0xFF, 0x7D, 0xEF, 0xFF, 0x5D, 0xEF, 0xFF, 0x5D, 0xEF, 0xFF, 0x5D, 0xEF, 0xFF, 0x7D, 0xEF, 0xFF,
  0x5D, 0xEF, 0xFF, 0x5D, 0xEF, 0xFF, 0x5D, 0xEF, 0xFF, 0x5D, 0xEF, 0xFF, 0x5D, 0xEF, 0xFF, 0x5D, 0xEF, 0xFF, 0x5D, 0xEF, 0xFF, 0x5D, 0xEF, 0xFF,
  0x7D, 0xEF, 0xFF, 0x5D, 0xEF, 0xFF, 0x7D, 0xEF, 0xFF, 0x7D, 0xEF, 0xFF, 0x5D, 0xEF, 0xFF, 0x5D, 0xEF, 0xFF, 0x5D, 0xEF, 0xFF, 0x7D, 0xEF, 0xFF,
  0x5D, 0xEF, 0xFF, 0x5D, 0xEF, 0xFF, 0x5D, 0xEF, 0xFF, 0x5D, 0xEF, 0xFF, 0x5D, 0xEF, 0xFF, 0x5D, 0xEF, 0xFF, 0x5D, 0xEF, 0xFF, 0x5D, 0xEF, 0xFF,
  0x5D, 0xEF, 0xFF, 0x5D, 0xEF, 0xFF, 0x5D, 0xEF, 0xFF, 0x5D, 0xEF, 0xFF, 0x5D, 0xEF, 0xFF, 0x5D, 0xEF, 0xFF, 0x5D, 0xEF, 0xFF, 0x5D, 0xEF, 0xFF,
  0x5D, 0xEF, 0xFF, 0x7D, 0xEF, 0xFF, 0x5D, 0xEF, 0xFF, 0x5D, 0xEF, 0xFF, 0x5D, 0xEF, 0xFF, 0x5D, 0xEF, 0xFF, 0x5D, 0xEF, 0xFF, 0x5D, 0xEF, 0xFF,
  0x5D, 0xEF, 0xFF, 0x5D, 0xEF, 0xFF, 0x5D, 0xEF, 0xFF, 0x5D, 0xEF, 0xFF, 0x5D, 0xEF, 0xFF, 0x5D, 0xEF, 0xFF, 0x5D, 0xEF, 0xFF, 0x5D, 0xEF, 0xFF,
  0x5D, 0xEF, 0xFF, 0x5D, 0xEF, 0xFF, 0x5D, 0xEF, 0xFF, 0x5D, 0xEF, 0xFF, 0x5D, 0xEF, 0xFF, 0x5D, 0xEF, 0xFF, 0x5D, 0xEF, 0xFF, 0x5D, 0xEF, 0xFF,
  0x5D, 0xEF, 0xFF, 0x5D, 0xEF, 0xFF, 0x5D, 0xEF, 0xFF, 0x5C, 0xEF, 0xFF, 0x5D, 0xEF, 0xFF, 0xDF, 0xFF, 0xFF, 0xBE, 0xFF, 0xFF, 0xBE, 0xF7, 0xFF,
  0xBE, 0xF7, 0xFF, 0xBE, 0xF7, 0xFF, 0xBE, 0xF7, 0xFF, 0xBE, 0xF7, 0xFF, 0xBE, 0xF7, 0xFF, 0x9E, 0xF7, 0xFF, 0x5D, 0xEF, 0xFF, 0x5D, 0xEF, 0xFF,
  0x5D, 0xEF, 0xFF, 0x7D, 0xEF, 0xFF, 0x38, 0xC6, 0xFF, 0xFB, 0xE6, 0xFF, 0x3C, 0xE7, 0xF7, 0x9A, 0xD6, 0xFF, 0xE7, 0x39, 0x3C, 0x00, 0x00, 0x00,
  0xFF, 0xFF, 0x00, 0xFF, 0xFF, 0x00, 0xFF, 0xFF, 0x00, 0xFF, 0xFF, 0x00, 0xFF, 0xFF, 0x00, 0xFF, 0xFF, 0x00, 0xFF, 0xFF, 0x00, 0xFF, 0xFF, 0x00,
  0xFF, 0xFF, 0x00, 0xFF, 0xFF, 0x00, 0xFF, 0xFF, 0x00, 0xFF, 0xFF, 0x00, 0xFF, 0xFF, 0x00, 0xFF, 0xFF, 0x00, 0xFF, 0xFF, 0x00, 0xFF, 0xFF, 0x00,
  0xFF, 0xFF, 0x00, 0xFF, 0xFF, 0x00, 0xFF, 0xFF, 0x00, 0xFF, 0xFF, 0x00, 0xFF, 0xFF, 0x00, 0xFF, 0xFF, 0x00, 0xFF, 0xFF, 0x00, 0xFF, 0xFF, 0x00,
  0xFF, 0xFF, 0x00, 0xFF, 0xFF, 0x00, 0xFF, 0xFF, 0x00, 0xFF, 0xFF, 0x00, 0xFF, 0xFF, 0x00, 0xFF, 0xFF, 0x00, 0xFF, 0xFF, 0x00, 0xFF, 0xFF, 0x00,
  0xFF, 0xFF, 0x00, 0xFF, 0xFF, 0x00, 0xFF, 0xFF, 0x00, 0xFF, 0xFF, 0x00, 0xFF, 0xFF, 0x00, 0xFF, 0xFF, 0x00, 0xFF, 0xFF, 0x00, 0xFF, 0xFF, 0x00,
  0xFF, 0xFF, 0x00, 0xFF, 0xFF, 0x00, 0xFF, 0xFF, 0x00, 0xFF, 0xFF, 0x00, 0xFF, 0xFF, 0x00, 0xFF, 0xFF, 0x00, 0xFF, 0xFF, 0x00, 0xFF, 0xFF, 0x00,
  0xFF, 0xFF, 0x00, 0xFF, 0xFF, 0x00, 0xFF, 0xFF, 0x00, 0xFF, 0xFF, 0x00, 0xFF, 0xFF, 0x00, 0xFF, 0xFF, 0x00, 0xFF, 0xFF, 0x00, 0x00, 0x00, 0x00,
  0x00, 0x00, 0x00, 0x00, 0x00, 0x00, 0x00, 0x00, 0x00, 0x00, 0x00, 0x00, 0x00, 0x00, 0x00, 0x00, 0x00, 0x00, 0x00, 0x00, 0x00, 0x00, 0x00, 0x00,
  0x00, 0x00, 0x00, 0x00, 0x00, 0x00, 0x00, 0x00, 0x00, 0x00, 0x00, 0x00, 0x00, 0x00, 0x00, 0x00, 0x00, 0x00, 0x00, 0x00, 0x00, 0x00, 0x00, 0x00,
  0x00, 0x00, 0x00, 0x00, 0x00, 0x00, 0x00, 0x00, 0x00, 0x00, 0x00, 0x00, 0x00, 0x00, 0x00, 0x00, 0x00, 0x00, 0x00, 0x00, 0x00, 0x00, 0x00, 0x00,
  0x00, 0x00, 0x00, 0x00, 0x00, 0x00, 0x00, 0x00, 0x00, 0x00, 0x00, 0x00, 0x00, 0x00, 0x00, 0x00, 0x00, 0x00, 0x00, 0x00, 0x00, 0x00, 0x00, 0x00,
  0x00, 0x00, 0x00, 0x00, 0x00, 0x00, 0x00, 0x00, 0x00, 0x00, 0x00, 0x00, 0x00, 0x00, 0x00, 0x00, 0x00, 0x00, 0x00, 0x00, 0x00, 0x00, 0x00, 0x00,
  0x00, 0x00, 0x00, 0x00, 0x00, 0x00, 0x00, 0x00, 0x00, 0x00, 0x00, 0x00, 0x00, 0x00, 0x00, 0x00, 0x00, 0x00, 0x00, 0x00, 0x00, 0x00, 0x00, 0x00,
  0x00, 0x00, 0x00, 0x00, 0x00, 0x00, 0x00, 0x00, 0x00, 0x00, 0x00, 0x00, 0x00, 0x00, 0x00, 0x00, 0x00, 0x00, 0x00, 0x00, 0x00, 0x00, 0x00, 0x00,
  0x00, 0x00, 0x00, 0x00, 0x00, 0x00, 0x00, 0x00, 0x00, 0x00, 0x00, 0x00, 0x04, 0x21, 0x18, 0x79, 0xD6, 0xFF, 0x9E, 0xF7, 0xF9, 0xBA, 0xDE, 0xFF,
  0xDB, 0xDE, 0xFF, 0x7D, 0xF7, 0xFF, 0x5D, 0xEF, 0xFF, 0x7D, 0xEF, 0xFF, 0x7D, 0xEF, 0xFF, 0x7D, 0xEF, 0xFF, 0x7D, 0xEF, 0xFF, 0x5D, 0xEF, 0xFF,
  0x7D, 0xEF, 0xFF, 0x7D, 0xEF, 0xFF, 0x5D, 0xEF, 0xFF, 0x7D, 0xEF, 0xFF, 0x7D, 0xEF, 0xFF, 0x7D, 0xEF, 0xFF, 0x7D, 0xEF, 0xFF, 0x7D, 0xEF, 0xFF,
  0x7D, 0xEF, 0xFF, 0x7D, 0xEF, 0xFF, 0x7D, 0xEF, 0xFF, 0x7D, 0xEF, 0xFF, 0x7D, 0xEF, 0xFF, 0x7D, 0xEF, 0xFF, 0x7D, 0xEF, 0xFF, 0x7D, 0xEF, 0xFF,
  0x7D, 0xEF, 0xFF, 0x7D, 0xEF, 0xFF, 0x7D, 0xEF, 0xFF, 0x5D, 0xEF, 0xFF, 0x5D, 0xEF, 0xFF, 0x7D, 0xEF, 0xFF, 0x5D, 0xEF, 0xFF, 0x5D, 0xEF, 0xFF,
  0x5D, 0xEF, 0xFF, 0x7D, 0xEF, 0xFF, 0x5D, 0xEF, 0xFF, 0x7D, 0xEF, 0xFF, 0x7D, 0xEF, 0xFF, 0x5D, 0xEF, 0xFF, 0x5D, 0xEF, 0xFF, 0x7D, 0xEF, 0xFF,
  0x5D, 0xEF, 0xFF, 0x5D, 0xEF, 0xFF, 0x5D, 0xEF, 0xFF, 0x5D, 0xEF, 0xFF, 0x5D, 0xEF, 0xFF, 0x7D, 0xEF, 0xFF, 0x7D, 0xEF, 0xFF, 0x5D, 0xEF, 0xFF,
  0x7D, 0xEF, 0xFF, 0x7D, 0xEF, 0xFF, 0x5D, 0xEF, 0xFF, 0x5D, 0xEF, 0xFF, 0x5D, 0xEF, 0xFF, 0x5D, 0xEF, 0xFF, 0x5D, 0xEF, 0xFF, 0x7D, 0xEF, 0xFF,
  0x5D, 0xEF, 0xFF, 0x5D, 0xEF, 0xFF, 0x5D, 0xEF, 0xFF, 0x5D, 0xEF, 0xFF, 0x5D, 0xEF, 0xFF, 0x5D, 0xEF, 0xFF, 0x5D, 0xEF, 0xFF, 0x5D, 0xEF, 0xFF,
  0x5D, 0xEF, 0xFF, 0x5D, 0xEF, 0xFF, 0x5D, 0xEF, 0xFF, 0x5D, 0xEF, 0xFF, 0x5D, 0xEF, 0xFF, 0x5D, 0xEF, 0xFF, 0x5D, 0xEF, 0xFF, 0x5D, 0xEF, 0xFF,
  0x5D, 0xEF, 0xFF, 0x5D, 0xEF, 0xFF, 0x5D, 0xEF, 0xFF, 0x5D, 0xEF, 0xFF, 0x5D, 0xEF, 0xFF, 0x5D, 0xEF, 0xFF, 0x5D, 0xEF, 0xFF, 0x7D, 0xEF, 0xFF,
  0x5D, 0xEF, 0xFF, 0x5D, 0xEF, 0xFF, 0x7D, 0xEF, 0xFF, 0x5D, 0xEF, 0xFF, 0x5D, 0xEF, 0xFF, 0x5D, 0xEF, 0xFF, 0x5D, 0xEF, 0xFF, 0x5D, 0xEF, 0xFF,
  0x5D, 0xEF, 0xFF, 0x5D, 0xEF, 0xFF, 0x7D, 0xEF, 0xFF, 0x5D, 0xEF, 0xFF, 0x5D, 0xEF, 0xFF, 0x5D, 0xEF, 0xFF, 0x5D, 0xEF, 0xFF, 0x5D, 0xEF, 0xFF,
  0x5D, 0xEF, 0xFF, 0x5D, 0xEF, 0xFF, 0x5D, 0xEF, 0xFF, 0x5D, 0xEF, 0xFF, 0x5D, 0xEF, 0xFF, 0x5D, 0xEF, 0xFF, 0x5D, 0xEF, 0xFF, 0x5D, 0xEF, 0xFF,
  0x5D, 0xEF, 0xFF, 0x7D, 0xEF, 0xFF, 0x5D, 0xEF, 0xFF, 0x7D, 0xEF, 0xFF, 0x5D, 0xEF, 0xFF, 0x5D, 0xEF, 0xFF, 0x7D, 0xEF, 0xFF, 0x5D, 0xEF, 0xFF,
  0x5D, 0xEF, 0xFF, 0x5D, 0xEF, 0xFF, 0x5D, 0xEF, 0xFF, 0x5D, 0xEF, 0xFF, 0x5D, 0xEF, 0xFF, 0x7D, 0xEF, 0xFF, 0x5D, 0xEF, 0xFF, 0x5D, 0xEF, 0xFF,
  0x5D, 0xEF, 0xFF, 0x5D, 0xEF, 0xFF, 0x5D, 0xEF, 0xFF, 0x5D, 0xEF, 0xFF, 0x5D, 0xEF, 0xFF, 0x5D, 0xEF, 0xFF, 0x5D, 0xEF, 0xFF, 0x5D, 0xEF, 0xFF,
  0x5D, 0xEF, 0xFF, 0x5D, 0xEF, 0xFF, 0x5D, 0xEF, 0xFF, 0x5D, 0xEF, 0xFF, 0x5D, 0xEF, 0xFF, 0x5D, 0xEF, 0xFF, 0x5D, 0xEF, 0xFF, 0x5D, 0xEF, 0xFF,
  0x5D, 0xEF, 0xFF, 0x5D, 0xEF, 0xFF, 0x5D, 0xEF, 0xFF, 0x5D, 0xEF, 0xFF, 0x5D, 0xEF, 0xFF, 0x5D, 0xEF, 0xFF, 0x5D, 0xEF, 0xFF, 0x5D, 0xEF, 0xFF,
  0x5D, 0xEF, 0xFF, 0x5D, 0xEF, 0xFF, 0x5D, 0xEF, 0xFF, 0x5D, 0xEF, 0xFF, 0x5D, 0xEF, 0xFF, 0x5C, 0xEF, 0xFF, 0x38, 0xC6, 0xFF, 0x5D, 0xEF, 0xFF,
  0x3C, 0xE7, 0xF9, 0x38, 0xC6, 0xFF, 0x04, 0x21, 0x1A, 0x00, 0x00, 0x00, 0xFF, 0xFF, 0x00, 0xFF, 0xFF, 0x00, 0xFF, 0xFF, 0x00, 0xFF, 0xFF, 0x00,
  0xFF, 0xFF, 0x00, 0xFF, 0xFF, 0x00, 0xFF, 0xFF, 0x00, 0xFF, 0xFF, 0x00, 0xFF, 0xFF, 0x00, 0xFF, 0xFF, 0x00, 0xFF, 0xFF, 0x00, 0xFF, 0xFF, 0x00,
  0xFF, 0xFF, 0x00, 0xFF, 0xFF, 0x00, 0xFF, 0xFF, 0x00, 0xFF, 0xFF, 0x00, 0xFF, 0xFF, 0x00, 0xFF, 0xFF, 0x00, 0xFF, 0xFF, 0x00, 0xFF, 0xFF, 0x00,
  0xFF, 0xFF, 0x00, 0xFF, 0xFF, 0x00, 0xFF, 0xFF, 0x00, 0xFF, 0xFF, 0x00, 0xFF, 0xFF, 0x00, 0xFF, 0xFF, 0x00, 0xFF, 0xFF, 0x00, 0xFF, 0xFF, 0x00,
  0xFF, 0xFF, 0x00, 0xFF, 0xFF, 0x00, 0xFF, 0xFF, 0x00, 0xFF, 0xFF, 0x00, 0xFF, 0xFF, 0x00, 0xFF, 0xFF, 0x00, 0xFF, 0xFF, 0x00, 0xFF, 0xFF, 0x00,
  0xFF, 0xFF, 0x00, 0xFF, 0xFF, 0x00, 0xFF, 0xFF, 0x00, 0xFF, 0xFF, 0x00, 0xFF, 0xFF, 0x00, 0xFF, 0xFF, 0x00, 0xFF, 0xFF, 0x00, 0xFF, 0xFF, 0x00,
  0xFF, 0xFF, 0x00, 0xFF, 0xFF, 0x00, 0xFF, 0xFF, 0x00, 0xFF, 0xFF, 0x00, 0xFF, 0xFF, 0x00, 0xFF, 0xFF, 0x00, 0xFF, 0xFF, 0x00, 0xFF, 0xFF, 0x00,
  0xFF, 0xFF, 0x00, 0xFF, 0xFF, 0x00, 0xFF, 0xFF, 0x00, 0x00, 0x00, 0x00, 0x00, 0x00, 0x00, 0x00, 0x00, 0x00, 0x00, 0x00, 0x00, 0x00, 0x00, 0x00,
  0x00, 0x00, 0x00, 0x00, 0x00, 0x00, 0x00, 0x00, 0x00, 0x00, 0x00, 0x00, 0x00, 0x00, 0x00, 0x00, 0x00, 0x00, 0x00, 0x00, 0x00, 0x00, 0x00, 0x00,
  0x00, 0x00, 0x00, 0x00, 0x00, 0x00, 0x00, 0x00, 0x00, 0x00, 0x00, 0x00, 0x00, 0x00, 0x00, 0x00, 0x00, 0x00, 0x00, 0x00, 0x00, 0x00, 0x00, 0x00,
  0x00, 0x00, 0x00, 0x00, 0x00, 0x00, 0x00, 0x00, 0x00, 0x00, 0x00, 0x00, 0x00, 0x00, 0x00, 0x00, 0x00, 0x00, 0x00, 0x00, 0x00, 0x00, 0x00, 0x00,
  0x00, 0x00, 0x00, 0x00, 0x00, 0x00, 0x00, 0x00, 0x00, 0x00, 0x00, 0x00, 0x00, 0x00, 0x00, 0x00, 0x00, 0x00, 0x00, 0x00, 0x00, 0x00, 0x00, 0x00,
  0x00, 0x00, 0x00, 0x00, 0x00, 0x00, 0x00, 0x00, 0x00, 0x00, 0x00, 0x00, 0x00, 0x00, 0x00, 0x00, 0x00, 0x00, 0x00, 0x00, 0x00, 0x00, 0x00, 0x00,
  0x00, 0x00, 0x00, 0x00, 0x00, 0x00, 0x00, 0x00, 0x00, 0x00, 0x00, 0x00, 0x00, 0x00, 0x00, 0x00, 0x00, 0x00, 0x00, 0x00, 0x00, 0x00, 0x00, 0x00,
  0x00, 0x00, 0x00, 0x00, 0x00, 0x00, 0x00, 0x00, 0x00, 0x00, 0x00, 0x00, 0x00, 0x00, 0x00, 0x00, 0x00, 0x00, 0x00, 0x00, 0x01, 0x61, 0x08, 0x08,
  0x45, 0x29, 0x24, 0x55, 0xAD, 0xED, 0x7D, 0xEF, 0xFF, 0xFB, 0xDE, 0xFF, 0x9A, 0xD6, 0xFF, 0x9E, 0xF7, 0xFF, 0x5D, 0xEF, 0xFF, 0x7D, 0xEF, 0xFF,
  0x7D, 0xEF, 0xFF, 0x5D, 0xEF, 0xFF, 0x7D, 0xEF, 0xFF, 0x7D, 0xEF, 0xFF, 0x5D, 0xEF, 0xFF, 0x7D, 0xEF, 0xFF, 0x5D, 0xEF, 0xFF, 0x5D, 0xEF, 0xFF,
  0x7D, 0xEF, 0xFF, 0x7D, 0xEF, 0xFF, 0x7D, 0xEF, 0xFF, 0x5D, 0xEF, 0xFF, 0x7D, 0xEF, 0xFF, 0x7D, 0xEF, 0xFF, 0x7D, 0xEF, 0xFF, 0x7D, 0xEF, 0xFF,
  0x7D, 0xEF, 0xFF, 0x5D, 0xEF, 0xFF, 0x7D, 0xEF, 0xFF, 0x5D, 0xEF, 0xFF, 0x5D, 0xEF, 0xFF, 0x7D, 0xEF, 0xFF, 0x7D, 0xEF, 0xFF, 0x7D, 0xEF, 0xFF,
  0x5D, 0xEF, 0xFF, 0x7D, 0xEF, 0xFF, 0x7D, 0xEF, 0xFF, 0x5D, 0xEF, 0xFF, 0x5D, 0xEF, 0xFF, 0x5D, 0xEF, 0xFF, 0x5D, 0xEF, 0xFF, 0x5D, 0xEF, 0xFF,
  0x7D, 0xEF, 0xFF, 0x7D, 0xEF, 0xFF, 0x7D, 0xEF, 0xFF, 0x5D, 0xEF, 0xFF, 0x5D, 0xEF, 0xFF, 0x7D, 0xEF, 0xFF, 0x7D, 0xEF, 0xFF, 0x7D, 0xEF, 0xFF,
  0x7D, 0xEF, 0xFF, 0x5D, 0xEF, 0xFF, 0x5D, 0xEF, 0xFF, 0x7D, 0xEF, 0xFF, 0x5D, 0xEF, 0xFF, 0x7D, 0xEF, 0xFF, 0x7D, 0xEF, 0xFF, 0x5D, 0xEF, 0xFF,
  0x5D, 0xEF, 0xFF, 0x5D, 0xEF, 0xFF, 0x5D, 0xEF, 0xFF, 0x5D, 0xEF, 0xFF, 0x5D, 0xEF, 0xFF, 0x5D, 0xEF, 0xFF, 0x5D, 0xEF, 0xFF, 0x5D, 0xEF, 0xFF,
  0x5D, 0xEF, 0xFF, 0x5D, 0xEF, 0xFF, 0x5D, 0xEF, 0xFF, 0x5D, 0xEF, 0xFF, 0x5D, 0xEF, 0xFF, 0x5D, 0xEF, 0xFF, 0x5D, 0xEF, 0xFF, 0x5D, 0xEF, 0xFF,
  0x5D, 0xEF, 0xFF, 0x5D, 0xEF, 0xFF, 0x5D, 0xEF, 0xFF, 0x5D, 0xEF, 0xFF, 0x5D, 0xEF, 0xFF, 0x5D, 0xEF, 0xFF, 0x5D, 0xEF, 0xFF, 0x5D, 0xEF, 0xFF,
  0x5D, 0xEF, 0xFF, 0x5D, 0xEF, 0xFF, 0x5D, 0xEF, 0xFF, 0x5D, 0xEF, 0xFF, 0x7D, 0xEF, 0xFF, 0x7D, 0xEF, 0xFF, 0x7D, 0xEF, 0xFF, 0x7D, 0xEF, 0xFF,
  0x7D, 0xEF, 0xFF, 0x5D, 0xEF, 0xFF, 0x5D, 0xEF, 0xFF, 0x7D, 0xEF, 0xFF, 0x5D, 0xEF, 0xFF, 0x5D, 0xEF, 0xFF, 0x5D, 0xEF, 0xFF, 0x5D, 0xEF, 0xFF,
  0x5D, 0xEF, 0xFF, 0x5D, 0xEF, 0xFF, 0x5D, 0xEF, 0xFF, 0x5D, 0xEF, 0xFF, 0x5D, 0xEF, 0xFF, 0x5D, 0xEF, 0xFF, 0x5D, 0xEF, 0xFF, 0x5D, 0xEF, 0xFF,
  0x5D, 0xEF, 0xFF, 0x7D, 0xEF, 0xFF, 0x5D, 0xEF, 0xFF, 0x5D, 0xEF, 0xFF, 0x5D, 0xEF, 0xFF, 0x5D, 0xEF, 0xFF, 0x5D, 0xEF, 0xFF, 0x5D, 0xEF, 0xFF,
  0x7D, 0xEF, 0xFF, 0x5D, 0xEF, 0xFF, 0x5D, 0xEF, 0xFF, 0x5D, 0xEF, 0xFF, 0x7D, 0xEF, 0xFF, 0x5D, 0xEF, 0xFF, 0x7D, 0xEF, 0xFF, 0x5D, 0xEF, 0xFF,
  0x5D, 0xEF, 0xFF, 0x5D, 0xEF, 0xFF, 0x5D, 0xEF, 0xFF, 0x5D, 0xEF, 0xFF, 0x5D, 0xEF, 0xFF, 0x5D, 0xEF, 0xFF, 0x5D, 0xEF, 0xFF, 0x5D, 0xEF, 0xFF,
  0x5D, 0xEF, 0xFF, 0x5D, 0xEF, 0xFF, 0x5D, 0xEF, 0xFF, 0x5D, 0xEF, 0xFF, 0x5D, 0xEF, 0xFF, 0x5D, 0xEF, 0xFF, 0x5D, 0xEF, 0xFF, 0x5D, 0xEF, 0xFF,
  0x5D, 0xEF, 0xFF, 0x5D, 0xEF, 0xFF, 0x5D, 0xEF, 0xFF, 0x5D, 0xEF, 0xFF, 0x5D, 0xEF, 0xFF, 0x5D, 0xEF, 0xFF, 0x5D, 0xEF, 0xFF, 0x5D, 0xEF, 0xFF,
  0x5D, 0xEF, 0xFF, 0x5D, 0xEF, 0xFF, 0x5D, 0xEF, 0xFF, 0x5D, 0xEF, 0xFF, 0x5D, 0xEF, 0xFF, 0x5D, 0xEF, 0xFF, 0x5D, 0xEF, 0xFF, 0x5D, 0xEF, 0xFF,
  0x7D, 0xEF, 0xFF, 0x3C, 0xE7, 0xFF, 0x59, 0xCE, 0xFF, 0x7D, 0xEF, 0xFF, 0x3C, 0xE7, 0xFD, 0x75, 0xAD, 0xF9, 0x61, 0x08, 0x08, 0x00, 0x00, 0x00,
  0xFF, 0xFF, 0x00, 0xFF, 0xFF, 0x00, 0xFF, 0xFF, 0x00, 0xFF, 0xFF, 0x00, 0xFF, 0xFF, 0x00, 0xFF, 0xFF, 0x00, 0xFF, 0xFF, 0x00, 0xFF, 0xFF, 0x00,
  0xFF, 0xFF, 0x00, 0xFF, 0xFF, 0x00, 0xFF, 0xFF, 0x00, 0xFF, 0xFF, 0x00, 0xFF, 0xFF, 0x00, 0xFF, 0xFF, 0x00, 0xFF, 0xFF, 0x00, 0xFF, 0xFF, 0x00,
  0xFF, 0xFF, 0x00, 0xFF, 0xFF, 0x00, 0xFF, 0xFF, 0x00, 0xFF, 0xFF, 0x00, 0xFF, 0xFF, 0x00, 0xFF, 0xFF, 0x00, 0xFF, 0xFF, 0x00, 0xFF, 0xFF, 0x00,
  0xFF, 0xFF, 0x00, 0xFF, 0xFF, 0x00, 0xFF, 0xFF, 0x00, 0xFF, 0xFF, 0x00, 0xFF, 0xFF, 0x00, 0xFF, 0xFF, 0x00, 0xFF, 0xFF, 0x00, 0xFF, 0xFF, 0x00,
  0xFF, 0xFF, 0x00, 0xFF, 0xFF, 0x00, 0xFF, 0xFF, 0x00, 0xFF, 0xFF, 0x00, 0xFF, 0xFF, 0x00, 0xFF, 0xFF, 0x00, 0xFF, 0xFF, 0x00, 0xFF, 0xFF, 0x00,
  0xFF, 0xFF, 0x00, 0xFF, 0xFF, 0x00, 0xFF, 0xFF, 0x00, 0xFF, 0xFF, 0x00, 0xFF, 0xFF, 0x00, 0xFF, 0xFF, 0x00, 0xFF, 0xFF, 0x00, 0xFF, 0xFF, 0x00,
  0xFF, 0xFF, 0x00, 0xFF, 0xFF, 0x00, 0xFF, 0xFF, 0x00, 0xFF, 0xFF, 0x00, 0xFF, 0xFF, 0x00, 0xFF, 0xFF, 0x00, 0xFF, 0xFF, 0x00, 0x00, 0x00, 0x00,
  0x00, 0x00, 0x00, 0x00, 0x00, 0x00, 0x00, 0x00, 0x00, 0x00, 0x00, 0x00, 0x00, 0x00, 0x00, 0x00, 0x00, 0x00, 0x00, 0x00, 0x00, 0x00, 0x00, 0x00,
  0x00, 0x00, 0x00, 0x00, 0x00, 0x00, 0x00, 0x00, 0x00, 0x00, 0x00, 0x00, 0x00, 0x00, 0x00, 0x00, 0x00, 0x00, 0x00, 0x00, 0x00, 0x00, 0x00, 0x00,
  0x00, 0x00, 0x00, 0x00, 0x00, 0x00, 0x00, 0x00, 0x00, 0x00, 0x00, 0x00, 0x00, 0x00, 0x00, 0x00, 0x00, 0x00, 0x00, 0x00, 0x00, 0x00, 0x00, 0x00,
  0x00, 0x00, 0x00, 0x00, 0x00, 0x00, 0x00, 0x00, 0x00, 0x00, 0x00, 0x00, 0x00, 0x00, 0x00, 0x00, 0x00, 0x00, 0x00, 0x00, 0x00, 0x00, 0x00, 0x00,
  0x00, 0x00, 0x00, 0x00, 0x00, 0x00, 0x00, 0x00, 0x00, 0x00, 0x00, 0x00, 0x00, 0x00, 0x00, 0x00, 0x00, 0x00, 0x00, 0x00, 0x00, 0x00, 0x00, 0x00,
  0x00, 0x00, 0x00, 0x00, 0x00, 0x00, 0x00, 0x00, 0x00, 0x00, 0x00, 0x00, 0x00, 0x00, 0x00, 0x00, 0x00, 0x00, 0x00, 0x00, 0x00, 0x00, 0x00, 0x00,
  0x00, 0x00, 0x00, 0x00, 0x00, 0x00, 0x00, 0x00, 0x00, 0x00, 0x00, 0x00, 0x00, 0x00, 0x00, 0x00, 0x00, 0x00, 0x20, 0x00, 0x03, 0xC3, 0x18, 0x13,
  0xE7, 0x39, 0x37, 0x6D, 0x6B, 0x82, 0xF3, 0x9C, 0xCC, 0x9A, 0xD6, 0xFF, 0xB2, 0x94, 0xED, 0xEF, 0x7B, 0xED, 0x7D, 0xF7, 0xFF, 0x3C, 0xE7, 0xFF,
  0x79, 0xCE, 0xFF, 0x7D, 0xEF, 0xFF, 0x7D, 0xEF, 0xFF, 0x7D, 0xEF, 0xFF, 0x7D, 0xEF, 0xFF, 0x5D, 0xEF, 0xFF, 0x7D, 0xEF, 0xFF, 0x7D, 0xEF, 0xFF,
  0x7D, 0xEF, 0xFF, 0x7D, 0xEF, 0xFF, 0x5D, 0xEF, 0xFF, 0x5D, 0xEF, 0xFF, 0x7D, 0xEF, 0xFF, 0x7D, 0xEF, 0xFF, 0x7D, 0xEF, 0xFF, 0x7D, 0xEF, 0xFF,
  0x7D, 0xEF, 0xFF, 0x7D, 0xEF, 0xFF, 0x7D, 0xEF, 0xFF, 0x7D, 0xEF, 0xFF, 0x5D, 0xEF, 0xFF, 0x5D, 0xEF, 0xFF, 0x7D, 0xEF, 0xFF, 0x5D, 0xEF, 0xFF,
  0x5D, 0xEF, 0xFF, 0x7D, 0xEF, 0xFF, 0x7D, 0xEF, 0xFF, 0x5D, 0xEF, 0xFF, 0x5D, 0xEF, 0xFF, 0x7D, 0xEF, 0xFF, 0x5D, 0xEF, 0xFF, 0x5D, 0xEF, 0xFF,
  0x5D, 0xEF, 0xFF, 0x7D, 0xEF, 0xFF, 0x5D, 0xEF, 0xFF, 0x7D, 0xEF, 0xFF, 0x5D, 0xEF, 0xFF, 0x5D, 0xEF, 0xFF, 0x5D, 0xEF, 0xFF, 0x5D, 0xEF, 0xFF,
  0x5D, 0xEF, 0xFF, 0x7D, 0xEF, 0xFF, 0x5D, 0xEF, 0xFF, 0x7D, 0xEF, 0xFF, 0x7D, 0xEF, 0xFF, 0x7D, 0xEF, 0xFF, 0x7D, 0xEF, 0xFF, 0x7D, 0xEF, 0xFF,
  0x5D, 0xEF, 0xFF, 0x5D, 0xEF, 0xFF, 0x5D, 0xEF, 0xFF, 0x5D, 0xEF, 0xFF, 0x7D, 0xEF, 0xFF, 0x5D, 0xEF, 0xFF, 0x5D, 0xEF, 0xFF, 0x5D, 0xEF, 0xFF,
  0x5D, 0xEF, 0xFF, 0x5D, 0xEF, 0xFF, 0x5D, 0xEF, 0xFF, 0x5D, 0xEF, 0xFF, 0x7D, 0xEF, 0xFF, 0x5D, 0xEF, 0xFF, 0x5D, 0xEF, 0xFF, 0x5D, 0xEF, 0xFF,
  0x5D, 0xEF, 0xFF, 0x5D, 0xEF, 0xFF, 0x5D, 0xEF, 0xFF, 0x5D, 0xEF, 0xFF, 0x5D, 0xEF, 0xFF, 0x5D, 0xEF, 0xFF, 0x5D, 0xEF, 0xFF, 0x5D, 0xEF, 0xFF,
  0x5D, 0xEF, 0xFF, 0x5D, 0xEF, 0xFF, 0x5D, 0xEF, 0xFF, 0x5D, 0xEF, 0xFF, 0x5D, 0xEF, 0xFF, 0x5D, 0xEF, 0xFF, 0x5D, 0xEF, 0xFF, 0x5D, 0xEF, 0xFF,
  0x5D, 0xEF, 0xFF, 0x5D, 0xEF, 0xFF, 0x5D, 0xEF, 0xFF, 0x7D, 0xEF, 0xFF, 0x7D, 0xEF, 0xFF, 0x7D, 0xEF, 0xFF, 0x7D, 0xEF, 0xFF, 0x5D, 0xEF, 0xFF,
  0x5D, 0xEF, 0xFF, 0x5D, 0xEF, 0xFF, 0x5D, 0xEF, 0xFF, 0x5D, 0xEF, 0xFF, 0x5D, 0xEF, 0xFF, 0x5D, 0xEF, 0xFF, 0x5D, 0xEF, 0xFF, 0x5D, 0xEF, 0xFF,
  0x5D, 0xEF, 0xFF, 0x5D, 0xEF, 0xFF, 0x5D, 0xEF, 0xFF, 0x5D, 0xEF, 0xFF, 0x7D, 0xEF, 0xFF, 0x5D, 0xEF, 0xFF, 0x5D, 0xEF, 0xFF, 0x7D, 0xEF, 0xFF,
  0x5D, 0xEF, 0xFF, 0x5D, 0xEF, 0xFF, 0x7D, 0xEF, 0xFF, 0x7D, 0xEF, 0xFF, 0x5D, 0xEF, 0xFF, 0x5D, 0xEF, 0xFF, 0x5D, 0xEF, 0xFF, 0x7D, 0xEF, 0xFF,
  0x5D, 0xEF, 0xFF, 0x7D, 0xEF, 0xFF, 0x7D, 0xEF, 0xFF, 0x5D, 0xEF, 0xFF, 0x5D, 0xEF, 0xFF, 0x5D, 0xEF, 0xFF, 0x5D, 0xEF, 0xFF, 0x5D, 0xEF, 0xFF,
  0x5D, 0xEF, 0xFF, 0x5D, 0xEF, 0xFF, 0x5D, 0xEF, 0xFF, 0x5D, 0xEF, 0xFF, 0x5D, 0xEF, 0xFF, 0x5D, 0xEF, 0xFF, 0x5D, 0xEF, 0xFF, 0x5D, 0xEF, 0xFF,
  0x5D, 0xEF, 0xFF, 0x5D, 0xEF, 0xFF, 0x5D, 0xEF, 0xFF, 0x5D, 0xEF, 0xFF, 0x5D, 0xEF, 0xFF, 0x5D, 0xEF, 0xFF, 0x5D, 0xEF, 0xFF, 0x5D, 0xEF, 0xFF,
  0x5D, 0xEF, 0xFF, 0x5D, 0xEF, 0xFF, 0x5D, 0xEF, 0xFF, 0x5D, 0xEF, 0xFF, 0x5D, 0xEF, 0xFF, 0x5D, 0xEF, 0xFF, 0x5D, 0xEF, 0xFF, 0x5D, 0xEF, 0xFF,
  0x5D, 0xEF, 0xFF, 0x5D, 0xEF, 0xFF, 0x5D, 0xEF, 0xFF, 0x5D, 0xEF, 0xFF, 0x7D, 0xF7, 0xFF, 0xFB, 0xDE, 0xFF, 0x79, 0xD6, 0xFF, 0x5D, 0xEF, 0xFD,
  0x1C, 0xE7, 0xFF, 0x92, 0x94, 0xDA, 0x20, 0x00, 0x01, 0x00, 0x00, 0x00, 0xFF, 0xFF, 0x00, 0xFF, 0xFF, 0x00, 0xFF, 0xFF, 0x00, 0xFF, 0xFF, 0x00,
  0xFF, 0xFF, 0x00, 0xFF, 0xFF, 0x00, 0xFF, 0xFF, 0x00, 0xFF, 0xFF, 0x00, 0xFF, 0xFF, 0x00, 0xFF, 0xFF, 0x00, 0xFF, 0xFF, 0x00, 0xFF, 0xFF, 0x00,
  0xFF, 0xFF, 0x00, 0xFF, 0xFF, 0x00, 0xFF, 0xFF, 0x00, 0xFF, 0xFF, 0x00, 0xFF, 0xFF, 0x00, 0xFF, 0xFF, 0x00, 0xFF, 0xFF, 0x00, 0xFF, 0xFF, 0x00,
  0xFF, 0xFF, 0x00, 0xFF, 0xFF, 0x00, 0xFF, 0xFF, 0x00, 0xFF, 0xFF, 0x00, 0xFF, 0xFF, 0x00, 0xFF, 0xFF, 0x00, 0xFF, 0xFF, 0x00, 0xFF, 0xFF, 0x00,
  0xFF, 0xFF, 0x00, 0xFF, 0xFF, 0x00, 0xFF, 0xFF, 0x00, 0xFF, 0xFF, 0x00, 0xFF, 0xFF, 0x00, 0xFF, 0xFF, 0x00, 0xFF, 0xFF, 0x00, 0xFF, 0xFF, 0x00,
  0xFF, 0xFF, 0x00, 0xFF, 0xFF, 0x00, 0xFF, 0xFF, 0x00, 0xFF, 0xFF, 0x00, 0xFF, 0xFF, 0x00, 0xFF, 0xFF, 0x00, 0xFF, 0xFF, 0x00, 0xFF, 0xFF, 0x00,
  0xFF, 0xFF, 0x00, 0xFF, 0xFF, 0x00, 0xFF, 0xFF, 0x00, 0xFF, 0xFF, 0x00, 0xFF, 0xFF, 0x00, 0xFF, 0xFF, 0x00, 0xFF, 0xFF, 0x00, 0xFF, 0xFF, 0x00,
  0xFF, 0xFF, 0x00, 0xFF, 0xFF, 0x00, 0xFF, 0xFF, 0x00, 0x00, 0x00, 0x00, 0x00, 0x00, 0x00, 0x00, 0x00, 0x00, 0x00, 0x00, 0x00, 0x00, 0x00, 0x00,
  0x00, 0x00, 0x00, 0x00, 0x00, 0x00, 0x00, 0x00, 0x00, 0x00, 0x00, 0x00, 0x00, 0x00, 0x00, 0x00, 0x00, 0x00, 0x00, 0x00, 0x00, 0x00, 0x00, 0x00,
  0x00, 0x00, 0x00, 0x00, 0x00, 0x00, 0x00, 0x00, 0x00, 0x00, 0x00, 0x00, 0x00, 0x00, 0x00, 0x00, 0x00, 0x00, 0x00, 0x00, 0x00, 0x00, 0x00, 0x00,
  0x00, 0x00, 0x00, 0x00, 0x00, 0x00, 0x00, 0x00, 0x00, 0x00, 0x00, 0x00, 0x00, 0x00, 0x00, 0x00, 0x00, 0x00, 0x00, 0x00, 0x00, 0x00, 0x00, 0x00,
  0x00, 0x00, 0x00, 0x00, 0x00, 0x00, 0x00, 0x00, 0x00, 0x00, 0x00, 0x00, 0x00, 0x00, 0x00, 0x00, 0x00, 0x00, 0x00, 0x00, 0x00, 0x00, 0x00, 0x00,
  0x00, 0x00, 0x00, 0x00, 0x00, 0x00, 0x00, 0x00, 0x00, 0x00, 0x00, 0x00, 0x00, 0x00, 0x00, 0x00, 0x00, 0x00, 0x00, 0x00, 0x00, 0x00, 0x00, 0x00,
  0x00, 0x00, 0x00, 0x00, 0x00, 0x00, 0x00, 0x00, 0x00, 0x00, 0x00, 0x00, 0x00, 0x00, 0x00, 0x00, 0x00, 0x00, 0x82, 0x10, 0x09, 0x45, 0x29, 0x1E,
  0xAA, 0x52, 0x55, 0x51, 0x8C, 0xA5, 0xB6, 0xB5, 0xE2, 0xDB, 0xDE, 0xFF, 0xBE, 0xF7, 0xFF, 0xFF, 0xFF, 0xFF, 0xDF, 0xFF, 0xFF, 0xBE, 0xF7, 0xFF,
  0xBA, 0xD6, 0xFF, 0x31, 0x8C, 0xFF, 0x1C, 0xE7, 0xFF, 0x9E, 0xF7, 0xFF, 0x79, 0xCE, 0xFF, 0x5D, 0xEF, 0xFF, 0x7D, 0xEF, 0xFF, 0x7D, 0xEF, 0xFF,
  0x7D, 0xEF, 0xFF, 0x5D, 0xEF, 0xFF, 0x7D, 0xEF, 0xFF, 0x5D, 0xEF, 0xFF, 0x5D, 0xEF, 0xFF, 0x7D, 0xEF, 0xFF, 0x7D, 0xEF, 0xFF, 0x7D, 0xEF, 0xFF,
  0x7D, 0xEF, 0xFF, 0x7D, 0xEF, 0xFF, 0x7D, 0xEF, 0xFF, 0x7D, 0xEF, 0xFF, 0x7D, 0xEF, 0xFF, 0x7D, 0xEF, 0xFF, 0x5D, 0xEF, 0xFF, 0x7D, 0xEF, 0xFF,
  0x7D, 0xEF, 0xFF, 0x7D, 0xEF, 0xFF, 0x5D, 0xEF, 0xFF, 0x5D, 0xEF, 0xFF, 0x5D, 0xEF, 0xFF, 0x7D, 0xEF, 0xFF, 0x7D, 0xEF, 0xFF, 0x7D, 0xEF, 0xFF,
  0x7D, 0xEF, 0xFF, 0x5D, 0xEF, 0xFF, 0x5D, 0xEF, 0xFF, 0x5D, 0xEF, 0xFF, 0x5D, 0xEF, 0xFF, 0x5D, 0xEF, 0xFF, 0x5D, 0xEF, 0xFF, 0x7D, 0xEF, 0xFF,
  0x5D, 0xEF, 0xFF, 0x5D, 0xEF, 0xFF, 0x5D, 0xEF, 0xFF, 0x7D, 0xEF, 0xFF, 0x5D, 0xEF, 0xFF, 0x7D, 0xEF, 0xFF, 0x5D, 0xEF, 0xFF, 0x5D, 0xEF, 0xFF,
  0x7D, 0xEF, 0xFF, 0x7D, 0xEF, 0xFF, 0x7D, 0xEF, 0xFF, 0x5D, 0xEF, 0xFF, 0x5D, 0xEF, 0xFF, 0x7D, 0xEF, 0xFF, 0x5D, 0xEF, 0xFF, 0x5D, 0xEF, 0xFF,
  0x7D, 0xEF, 0xFF, 0x7D, 0xEF, 0xFF, 0x5D, 0xEF, 0xFF, 0x5D, 0xEF, 0xFF, 0x5D, 0xEF, 0xFF, 0x5D, 0xEF, 0xFF, 0x5D, 0xEF, 0xFF, 0x5D, 0xEF, 0xFF,
  0x7D, 0xEF, 0xFF, 0x5D, 0xEF, 0xFF, 0x7D, 0xEF, 0xFF, 0x5D, 0xEF, 0xFF, 0x5D, 0xEF, 0xFF, 0x5D, 0xEF, 0xFF, 0x5D, 0xEF, 0xFF, 0x7D, 0xEF, 0xFF,
  0x5D, 0xEF, 0xFF, 0x5D, 0xEF, 0xFF, 0x5D, 0xEF, 0xFF, 0x7D, 0xEF, 0xFF, 0x5D, 0xEF, 0xFF, 0x5D, 0xEF, 0xFF, 0x5D, 0xEF, 0xFF, 0x5D, 0xEF, 0xFF,
  0x5D, 0xEF, 0xFF, 0x7D, 0xEF, 0xFF, 0x5D, 0xEF, 0xFF, 0x5D, 0xEF, 0xFF, 0x5D, 0xEF, 0xFF, 0x5D, 0xEF, 0xFF, 0x7D, 0xEF, 0xFF, 0x7D, 0xEF, 0xFF,
  0x5D, 0xEF, 0xFF, 0x5D, 0xEF, 0xFF, 0x5D, 0xEF, 0xFF, 0x5D, 0xEF, 0xFF, 0x5D, 0xEF, 0xFF, 0x5D, 0xEF, 0xFF, 0x5D, 0xEF, 0xFF, 0x7D, 0xEF, 0xFF,
  0x5D, 0xEF, 0xFF, 0x5D, 0xEF, 0xFF, 0x5D, 0xEF, 0xFF, 0x5D, 0xEF, 0xFF, 0x5D, 0xEF, 0xFF, 0x5D, 0xEF, 0xFF, 0x5D, 0xEF, 0xFF, 0x5D, 0xEF, 0xFF,
  0x5D, 0xEF, 0xFF, 0x7D, 0xEF, 0xFF, 0x7D, 0xEF, 0xFF, 0x7D, 0xEF, 0xFF, 0x7D, 0xEF, 0xFF, 0x7D, 0xEF, 0xFF, 0x5D, 0xEF, 0xFF, 0x5D, 0xEF, 0xFF,
  0x7D, 0xEF, 0xFF, 0x7D, 0xEF, 0xFF, 0x5D, 0xEF, 0xFF, 0x7D, 0xEF, 0xFF, 0x5D, 0xEF, 0xFF, 0x7D, 0xEF, 0xFF, 0x7D, 0xEF, 0xFF, 0x7D, 0xEF, 0xFF,
  0x5D, 0xEF, 0xFF, 0x7D, 0xEF, 0xFF, 0x5D, 0xEF, 0xFF, 0x5D, 0xEF, 0xFF, 0x5D, 0xEF, 0xFF, 0x5D, 0xEF, 0xFF, 0x5D, 0xEF, 0xFF, 0x5D, 0xEF, 0xFF,
  0x5D, 0xEF, 0xFF, 0x5D, 0xEF, 0xFF, 0x5D, 0xEF, 0xFF, 0x5D, 0xEF, 0xFF, 0x5D, 0xEF, 0xFF, 0x5D, 0xEF, 0xFF, 0x5D, 0xEF, 0xFF, 0x5D, 0xEF, 0xFF,
  0x5D, 0xEF, 0xFF, 0x5D, 0xEF, 0xFF, 0x5D, 0xEF, 0xFF, 0x5D, 0xEF, 0xFF, 0x5D, 0xEF, 0xFF, 0x5D, 0xEF, 0xFF, 0x5D, 0xEF, 0xFF, 0x5D, 0xEF, 0xFF,
  0x5D, 0xEF, 0xFF, 0x5D, 0xEF, 0xFF, 0x5D, 0xEF, 0xFF, 0x5D, 0xEF, 0xFF, 0x5D, 0xEF, 0xFF, 0x5D, 0xEF, 0xFF, 0x5D, 0xEF, 0xFF, 0x5D, 0xEF, 0xFF,
  0x9E, 0xF7, 0xFF, 0x9A, 0xD6, 0xFF, 0xBA, 0xDE, 0xFF, 0x5D, 0xEF, 0xFB, 0xDB, 0xDE, 0xFF, 0x8E, 0x73, 0xA2, 0x00, 0x00, 0x00, 0x00, 0x00, 0x00,
  0xFF, 0xFF, 0x00, 0xFF, 0xFF, 0x00, 0xFF, 0xFF, 0x00, 0xFF, 0xFF, 0x00, 0xFF, 0xFF, 0x00, 0xFF, 0xFF, 0x00, 0xFF, 0xFF, 0x00, 0xFF, 0xFF, 0x00,
  0xFF, 0xFF, 0x00, 0xFF, 0xFF, 0x00, 0xFF, 0xFF, 0x00, 0xFF, 0xFF, 0x00, 0xFF, 0xFF, 0x00, 0xFF, 0xFF, 0x00, 0xFF, 0xFF, 0x00, 0xFF, 0xFF, 0x00,
  0xFF, 0xFF, 0x00, 0xFF, 0xFF, 0x00, 0xFF, 0xFF, 0x00, 0xFF, 0xFF, 0x00, 0xFF, 0xFF, 0x00, 0xFF, 0xFF, 0x00, 0xFF, 0xFF, 0x00, 0xFF, 0xFF, 0x00,
  0xFF, 0xFF, 0x00, 0xFF, 0xFF, 0x00, 0xFF, 0xFF, 0x00, 0xFF, 0xFF, 0x00, 0xFF, 0xFF, 0x00, 0xFF, 0xFF, 0x00, 0xFF, 0xFF, 0x00, 0xFF, 0xFF, 0x00,
  0xFF, 0xFF, 0x00, 0xFF, 0xFF, 0x00, 0xFF, 0xFF, 0x00, 0xFF, 0xFF, 0x00, 0xFF, 0xFF, 0x00, 0xFF, 0xFF, 0x00, 0xFF, 0xFF, 0x00, 0xFF, 0xFF, 0x00,
  0xFF, 0xFF, 0x00, 0xFF, 0xFF, 0x00, 0xFF, 0xFF, 0x00, 0xFF, 0xFF, 0x00, 0xFF, 0xFF, 0x00, 0xFF, 0xFF, 0x00, 0xFF, 0xFF, 0x00, 0xFF, 0xFF, 0x00,
  0xFF, 0xFF, 0x00, 0xFF, 0xFF, 0x00, 0xFF, 0xFF, 0x00, 0xFF, 0xFF, 0x00, 0xFF, 0xFF, 0x00, 0xFF, 0xFF, 0x00, 0xFF, 0xFF, 0x00, 0x00, 0x00, 0x00,
  0x00, 0x00, 0x00, 0x00, 0x00, 0x00, 0x00, 0x00, 0x00, 0x00, 0x00, 0x00, 0x00, 0x00, 0x00, 0x00, 0x00, 0x00, 0x00, 0x00, 0x00, 0x00, 0x00, 0x00,
  0x00, 0x00, 0x00, 0x00, 0x00, 0x00, 0x00, 0x00, 0x00, 0x00, 0x00, 0x00, 0x00, 0x00, 0x00, 0x00, 0x00, 0x00, 0x00, 0x00, 0x00, 0x00, 0x00, 0x00,
  0x00, 0x00, 0x00, 0x00, 0x00, 0x00, 0x00, 0x00, 0x00, 0x00, 0x00, 0x00, 0x00, 0x00, 0x00, 0x00, 0x00, 0x00, 0x00, 0x00, 0x00, 0x00, 0x00, 0x00,
  0x00, 0x00, 0x00, 0x00, 0x00, 0x00, 0x00, 0x00, 0x00, 0x00, 0x00, 0x00, 0x00, 0x00, 0x00, 0x00, 0x00, 0x00, 0x00, 0x00, 0x00, 0x00, 0x00, 0x00,
  0x00, 0x00, 0x00, 0x00, 0x00, 0x00, 0x00, 0x00, 0x00, 0x00, 0x00, 0x00, 0x00, 0x00, 0x00, 0x00, 0x00, 0x00, 0x00, 0x00, 0x00, 0x00, 0x00, 0x00,
  0x00, 0x00, 0x00, 0x00, 0x00, 0x00, 0x00, 0x00, 0x00, 0x00, 0x00, 0x00, 0x00, 0x00, 0x00, 0x20, 0x00, 0x03, 0x04, 0x21, 0x18, 0xE7, 0x39, 0x40,
  0xAE, 0x73, 0x8C, 0xD3, 0x9C, 0xBC, 0x59, 0xCE, 0xFB, 0x7D, 0xEF, 0xFF, 0xDF, 0xFF, 0xFF, 0xFF, 0xFF, 0xFF, 0xDE, 0xFF, 0xFF, 0x9E, 0xF7, 0xFB,
  0x9D, 0xF7, 0xF7, 0x7D, 0xEF, 0xF9, 0x5D, 0xEF, 0xFD, 0xFB, 0xDE, 0xFF, 0xD6, 0xBD, 0xFD, 0x8E, 0x73, 0xFF, 0x38, 0xCE, 0xFF, 0x9E, 0xF7, 0xFF,
  0x9A, 0xD6, 0xFF, 0xFB, 0xDE, 0xFF, 0x7D, 0xF7, 0xFF, 0x5D, 0xEF, 0xFF, 0x5D, 0xEF, 0xFF, 0x5D, 0xEF, 0xFF, 0x5D, 0xEF, 0xFF, 0x5D, 0xEF, 0xFF,
  0x5D, 0xEF, 0xFF, 0x7D, 0xEF, 0xFF, 0x7D, 0xEF, 0xFF, 0x7D, 0xEF, 0xFF, 0x5D, 0xEF, 0xFF, 0x7D, 0xEF, 0xFF, 0x7D, 0xEF, 0xFF, 0x7D, 0xEF, 0xFF,
  0x5D, 0xEF, 0xFF, 0x5D, 0xEF, 0xFF, 0x7D, 0xEF, 0xFF, 0x7D, 0xEF, 0xFF, 0x7D, 0xEF, 0xFF, 0x7D, 0xEF, 0xFF, 0x7D, 0xEF, 0xFF, 0x7D, 0xEF, 0xFF,
  0x7D, 0xEF, 0xFF, 0x7D, 0xEF, 0xFF, 0x7D, 0xEF, 0xFF, 0x7D, 0xEF, 0xFF, 0x7D, 0xEF, 0xFF, 0x7D, 0xEF, 0xFF, 0x5D, 0xEF, 0xFF, 0x5D, 0xEF, 0xFF,
  0x7D, 0xEF, 0xFF, 0x5D, 0xEF, 0xFF, 0x5D, 0xEF, 0xFF, 0x7D, 0xEF, 0xFF, 0x7D, 0xEF, 0xFF, 0x5D, 0xEF, 0xFF, 0x7D, 0xEF, 0xFF, 0x5D, 0xEF, 0xFF,
  0x5D, 0xEF, 0xFF, 0x7D, 0xEF, 0xFF, 0x5D, 0xEF, 0xFF, 0x7D, 0xEF, 0xFF, 0x7D, 0xEF, 0xFF, 0x7D, 0xEF, 0xFF, 0x7D, 0xEF, 0xFF, 0x5D, 0xEF, 0xFF,
  0x7D, 0xEF, 0xFF, 0x7D, 0xEF, 0xFF, 0x5D, 0xEF, 0xFF, 0x5D, 0xEF, 0xFF, 0x5D, 0xEF, 0xFF, 0x5D, 0xEF, 0xFF, 0x7D, 0xEF, 0xFF, 0x5D, 0xEF, 0xFF,
  0x5D, 0xEF, 0xFF, 0x5D, 0xEF, 0xFF, 0x5D, 0xEF, 0xFF, 0x5D, 0xEF, 0xFF, 0x5D, 0xEF, 0xFF, 0x5D, 0xEF, 0xFF, 0x7D, 0xEF, 0xFF, 0x7D, 0xEF, 0xFF,
  0x7D, 0xEF, 0xFF, 0x5D, 0xEF, 0xFF, 0x7D, 0xEF, 0xFF, 0x7D, 0xEF, 0xFF, 0x7D, 0xEF, 0xFF, 0x7D, 0xEF, 0xFF, 0x5D, 0xEF, 0xFF, 0x5D, 0xEF, 0xFF,
  0x7D, 0xEF, 0xFF, 0x5D, 0xEF, 0xFF, 0x5D, 0xEF, 0xFF, 0x5D, 0xEF, 0xFF, 0x5D, 0xEF, 0xFF, 0x5D, 0xEF, 0xFF, 0x5D, 0xEF, 0xFF, 0x5D, 0xEF, 0xFF,
  0x5D, 0xEF, 0xFF, 0x7D, 0xEF, 0xFF, 0x5D, 0xEF, 0xFF, 0x7D, 0xEF, 0xFF, 0x5D, 0xEF, 0xFF, 0x7D, 0xEF, 0xFF, 0x5D, 0xEF, 0xFF, 0x7D, 0xEF, 0xFF,
  0x5D, 0xEF, 0xFF, 0x7D, 0xEF, 0xFF, 0x5D, 0xEF, 0xFF, 0x5D, 0xEF, 0xFF, 0x5D, 0xEF, 0xFF, 0x5D, 0xEF, 0xFF, 0x5D, 0xEF, 0xFF, 0x5D, 0xEF, 0xFF,
  0x5D, 0xEF, 0xFF, 0x5D, 0xEF, 0xFF, 0x5D, 0xEF, 0xFF, 0x5D, 0xEF, 0xFF, 0x5D, 0xEF, 0xFF, 0x5D, 0xEF, 0xFF, 0x5D, 0xEF, 0xFF, 0x5D, 0xEF, 0xFF,
  0x7D, 0xEF, 0xFF, 0x5D, 0xEF, 0xFF, 0x5D, 0xEF, 0xFF, 0x7D, 0xEF, 0xFF, 0x5D, 0xEF, 0xFF, 0x5D, 0xEF, 0xFF, 0x7D, 0xEF, 0xFF, 0x5D, 0xEF, 0xFF,
  0x7D, 0xEF, 0xFF, 0x7D, 0xEF, 0xFF, 0x5D, 0xEF, 0xFF, 0x7D, 0xEF, 0xFF, 0x5D, 0xEF, 0xFF, 0x5D, 0xEF, 0xFF, 0x5D, 0xEF, 0xFF, 0x5D, 0xEF, 0xFF,
  0x5D, 0xEF, 0xFF, 0x5D, 0xEF, 0xFF, 0x5D, 0xEF, 0xFF, 0x5D, 0xEF, 0xFF, 0x5D, 0xEF, 0xFF, 0x5D, 0xEF, 0xFF, 0x5D, 0xEF, 0xFF, 0x5D, 0xEF, 0xFF,
  0x5D, 0xEF, 0xFF, 0x5D, 0xEF, 0xFF, 0x5D, 0xEF, 0xFF, 0x5D, 0xEF, 0xFF, 0x5D, 0xEF, 0xFF, 0x5D, 0xEF, 0xFF, 0x5D, 0xEF, 0xFF, 0x5D, 0xEF, 0xFF,
  0x5D, 0xEF, 0xFF, 0x5D, 0xEF, 0xFF, 0x5D, 0xEF, 0xFF, 0x5D, 0xEF, 0xFF, 0x5D, 0xEF, 0xFF, 0x5D, 0xEF, 0xFF, 0x5D, 0xEF, 0xFF, 0x5D, 0xEF, 0xFF,
  0x5D, 0xEF, 0xFF, 0x5D, 0xEF, 0xFF, 0x5D, 0xEF, 0xFF, 0x5D, 0xEF, 0xFF, 0x9E, 0xF7, 0xFF, 0x79, 0xCE, 0xFF, 0xFB, 0xE6, 0xFF, 0x3C, 0xE7, 0xF7,
  0xBA, 0xDE, 0xFF, 0xAB, 0x5A, 0x6C, 0x00, 0x00, 0x00, 0x00, 0x00, 0x00, 0xFF, 0xFF, 0x00, 0xFF, 0xFF, 0x00, 0xFF, 0xFF, 0x00, 0xFF, 0xFF, 0x00,
  0xFF, 0xFF, 0x00, 0xFF, 0xFF, 0x00, 0xFF, 0xFF, 0x00, 0xFF, 0xFF, 0x00, 0xFF, 0xFF, 0x00, 0xFF, 0xFF, 0x00, 0xFF, 0xFF, 0x00, 0xFF, 0xFF, 0x00,
  0xFF, 0xFF, 0x00, 0xFF, 0xFF, 0x00, 0xFF, 0xFF, 0x00, 0xFF, 0xFF, 0x00, 0xFF, 0xFF, 0x00, 0xFF, 0xFF, 0x00, 0xFF, 0xFF, 0x00, 0xFF, 0xFF, 0x00,
  0xFF, 0xFF, 0x00, 0xFF, 0xFF, 0x00, 0xFF, 0xFF, 0x00, 0xFF, 0xFF, 0x00, 0xFF, 0xFF, 0x00, 0xFF, 0xFF, 0x00, 0xFF, 0xFF, 0x00, 0xFF, 0xFF, 0x00,
  0xFF, 0xFF, 0x00, 0xFF, 0xFF, 0x00, 0xFF, 0xFF, 0x00, 0xFF, 0xFF, 0x00, 0xFF, 0xFF, 0x00, 0xFF, 0xFF, 0x00, 0xFF, 0xFF, 0x00, 0xFF, 0xFF, 0x00,
  0xFF, 0xFF, 0x00, 0xFF, 0xFF, 0x00, 0xFF, 0xFF, 0x00, 0xFF, 0xFF, 0x00, 0xFF, 0xFF, 0x00, 0xFF, 0xFF, 0x00, 0xFF, 0xFF, 0x00, 0xFF, 0xFF, 0x00,
  0xFF, 0xFF, 0x00, 0xFF, 0xFF, 0x00, 0xFF, 0xFF, 0x00, 0xFF, 0xFF, 0x00, 0xFF, 0xFF, 0x00, 0xFF, 0xFF, 0x00, 0xFF, 0xFF, 0x00, 0xFF, 0xFF, 0x00,
  0xFF, 0xFF, 0x00, 0xFF, 0xFF, 0x00, 0xFF, 0xFF, 0x00, 0x00, 0x00, 0x00, 0x00, 0x00, 0x00, 0x00, 0x00, 0x00, 0x00, 0x00, 0x00, 0x00, 0x00, 0x00,
  0x00, 0x00, 0x00, 0x00, 0x00, 0x00, 0x00, 0x00, 0x00, 0x00, 0x00, 0x00, 0x00, 0x00, 0x00, 0x00, 0x00, 0x00, 0x00, 0x00, 0x00, 0x00, 0x00, 0x00,
  0x00, 0x00, 0x00, 0x00, 0x00, 0x00, 0x00, 0x00, 0x00, 0x00, 0x00, 0x00, 0x00, 0x00, 0x00, 0x00, 0x00, 0x00, 0x00, 0x00, 0x00, 0x00, 0x00, 0x00,
  0x00, 0x00, 0x00, 0x00, 0x00, 0x00, 0x00, 0x00, 0x00, 0x00, 0x00, 0x00, 0x00, 0x00, 0x00, 0x00, 0x00, 0x00, 0x00, 0x00, 0x00, 0x00, 0x00, 0x00,
  0x00, 0x00, 0x00, 0x00, 0x00, 0x00, 0x00, 0x00, 0x00, 0x00, 0x00, 0x00, 0x00, 0x00, 0x00, 0x00, 0x00, 0x00, 0x00, 0x00, 0x00, 0x00, 0x00, 0x00,
  0x00, 0x00, 0x00, 0x00, 0x00, 0x00, 0x00, 0x00, 0x00, 0x00, 0x00, 0x00, 0x00, 0x00, 0x00, 0x00, 0x00, 0x00, 0x00, 0x00, 0x00, 0x00, 0x00, 0x00,
  0x8A, 0x52, 0x58, 0xF7, 0xBD, 0xE6, 0x1C, 0xE7, 0xFF, 0x9E, 0xF7, 0xFF, 0xDF, 0xFF, 0xFF, 0xFF, 0xFF, 0xFF, 0xDF, 0xFF, 0xFF, 0xBE, 0xF7, 0xF9,
  0x9E, 0xF7, 0xF7, 0x7D, 0xEF, 0xFB, 0x1C, 0xE7, 0xFD, 0x9A, 0xD6, 0xFF, 0xF7, 0xBD, 0xFF, 0x34, 0xA5, 0xFF, 0x71, 0x8C, 0xFF, 0x10, 0x84, 0xFF,
  0xF3, 0x9C, 0xFF, 0xCB, 0x5A, 0xFF, 0x55, 0xAD, 0xFF, 0xBE, 0xF7, 0xFF, 0xBA, 0xDE, 0xFF, 0xBA, 0xD6, 0xFF, 0x9E, 0xF7, 0xFF, 0x5D, 0xEF, 0xFF,
  0x7D, 0xEF, 0xFF, 0x7D, 0xEF, 0xFF, 0x5D, 0xEF, 0xFF, 0x5D, 0xEF, 0xFF, 0x5D, 0xEF, 0xFF, 0x5D, 0xEF, 0xFF, 0x5D, 0xEF, 0xFF, 0x7D, 0xEF, 0xFF,
  0x7D, 0xEF, 0xFF, 0x5D, 0xEF, 0xFF, 0x5D, 0xEF, 0xFF, 0x5D, 0xEF, 0xFF, 0x7D, 0xEF, 0xFF, 0x7D, 0xEF, 0xFF, 0x7D, 0xEF, 0xFF, 0x5D, 0xEF, 0xFF,
  0x7D, 0xEF, 0xFF, 0x7D, 0xEF, 0xFF, 0x5D, 0xEF, 0xFF, 0x7D, 0xEF, 0xFF, 0x7D, 0xEF, 0xFF, 0x7D, 0xEF, 0xFF, 0x7D, 0xEF, 0xFF, 0x7D, 0xEF, 0xFF,
  0x7D, 0xEF, 0xFF, 0x5D, 0xEF, 0xFF, 0x5D, 0xEF, 0xFF, 0x7D, 0xEF, 0xFF, 0x5D, 0xEF, 0xFF, 0x7D, 0xEF, 0xFF, 0x5D, 0xEF, 0xFF, 0x7D, 0xEF, 0xFF,
  0x7D, 0xEF, 0xFF, 0x7D, 0xEF, 0xFF, 0x7D, 0xEF, 0xFF, 0x5D, 0xEF, 0xFF, 0x7D, 0xEF, 0xFF, 0x7D, 0xEF, 0xFF, 0x7D, 0xEF, 0xFF, 0x5D, 0xEF, 0xFF,
  0x7D, 0xEF, 0xFF, 0x5D, 0xEF, 0xFF, 0x7D, 0xEF, 0xFF, 0x5D, 0xEF, 0xFF, 0x7D, 0xEF, 0xFF, 0x5D, 0xEF, 0xFF, 0x7D, 0xEF, 0xFF, 0x7D, 0xEF, 0xFF,
  0x5D, 0xEF, 0xFF, 0x5D, 0xEF, 0xFF, 0x7D, 0xEF, 0xFF, 0x5D, 0xEF, 0xFF, 0x5D, 0xEF, 0xFF, 0x5D, 0xEF, 0xFF, 0x5D, 0xEF, 0xFF, 0x5D, 0xEF, 0xFF,
  0x5D, 0xEF, 0xFF, 0x5D, 0xEF, 0xFF, 0x7D, 0xEF, 0xFF, 0x7D, 0xEF, 0xFF, 0x5D, 0xEF, 0xFF, 0x7D, 0xEF, 0xFF, 0x5D, 0xEF, 0xFF, 0x5D, 0xEF, 0xFF,
  0x5D, 0xEF, 0xFF, 0x5D, 0xEF, 0xFF, 0x5D, 0xEF, 0xFF, 0x5D, 0xEF, 0xFF, 0x5D, 0xEF, 0xFF, 0x5D, 0xEF, 0xFF, 0x5D, 0xEF, 0xFF, 0x5D, 0xEF, 0xFF,
  0x7D, 0xEF, 0xFF, 0x5D, 0xEF, 0xFF, 0x5D, 0xEF, 0xFF, 0x5D, 0xEF, 0xFF, 0x5D, 0xEF, 0xFF, 0x5D, 0xEF, 0xFF, 0x5D, 0xEF, 0xFF, 0x5D, 0xEF, 0xFF,
  0x7D, 0xEF, 0xFF, 0x7D, 0xEF, 0xFF, 0x5D, 0xEF, 0xFF, 0x5D, 0xEF, 0xFF, 0x5D, 0xEF, 0xFF, 0x7D, 0xEF, 0xFF, 0x5D, 0xEF, 0xFF, 0x5D, 0xEF, 0xFF,
  0x5D, 0xEF, 0xFF, 0x7D, 0xEF, 0xFF, 0x7D, 0xEF, 0xFF, 0x5D, 0xEF, 0xFF, 0x5D, 0xEF, 0xFF, 0x5D, 0xEF, 0xFF, 0x5D, 0xEF, 0xFF, 0x5D, 0xEF, 0xFF,
  0x5D, 0xEF, 0xFF, 0x5D, 0xEF, 0xFF, 0x5D, 0xEF, 0xFF, 0x7D, 0xEF, 0xFF, 0x5D, 0xEF, 0xFF, 0x7D, 0xEF, 0xFF, 0x7D, 0xEF, 0xFF, 0x5D, 0xEF, 0xFF,
  0x7D, 0xEF, 0xFF, 0x5D, 0xEF, 0xFF, 0x5D, 0xEF, 0xFF, 0x7D, 0xEF, 0xFF, 0x5D, 0xEF, 0xFF, 0x5D, 0xEF, 0xFF, 0x7D, 0xEF, 0xFF, 0x7D, 0xEF, 0xFF,
  0x7D, 0xEF, 0xFF, 0x5D, 0xEF, 0xFF, 0x7D, 0xEF, 0xFF, 0x5D, 0xEF, 0xFF, 0x5D, 0xEF, 0xFF, 0x5D, 0xEF, 0xFF, 0x5D, 0xEF, 0xFF, 0x5D, 0xEF, 0xFF,
  0x5D, 0xEF, 0xFF, 0x5D, 0xEF, 0xFF, 0x5D, 0xEF, 0xFF, 0x5D, 0xEF, 0xFF, 0x5D, 0xEF, 0xFF, 0x5D, 0xEF, 0xFF, 0x5D, 0xEF, 0xFF, 0x5D, 0xEF, 0xFF,
  0x5D, 0xEF, 0xFF, 0x5D, 0xEF, 0xFF, 0x5D, 0xEF, 0xFF, 0x5D, 0xEF, 0xFF, 0x5D, 0xEF, 0xFF, 0x5D, 0xEF, 0xFF, 0x5D, 0xEF, 0xFF, 0x5D, 0xEF, 0xFF,
  0x5D, 0xEF, 0xFF, 0x5D, 0xEF, 0xFF, 0x5D, 0xEF, 0xFF, 0x5D, 0xEF, 0xFF, 0x5D, 0xEF, 0xFF, 0x5D, 0xEF, 0xFF, 0x5D, 0xEF, 0xFF, 0x5D, 0xEF, 0xFF,
  0x7D, 0xEF, 0xFF, 0x59, 0xCE, 0xFF, 0x5D, 0xEF, 0xFF, 0x3C, 0xE7, 0xF7, 0x38, 0xC6, 0xFF, 0xC7, 0x39, 0x3D, 0x00, 0x00, 0x00, 0x00, 0x00, 0x00,
  0xFF, 0xFF, 0x00, 0xFF, 0xFF, 0x00, 0xFF, 0xFF, 0x00, 0xFF, 0xFF, 0x00, 0xFF, 0xFF, 0x00, 0xFF, 0xFF, 0x00, 0xFF, 0xFF, 0x00, 0xFF, 0xFF, 0x00,
  0xFF, 0xFF, 0x00, 0xFF, 0xFF, 0x00, 0xFF, 0xFF, 0x00, 0xFF, 0xFF, 0x00, 0xFF, 0xFF, 0x00, 0xFF, 0xFF, 0x00, 0xFF, 0xFF, 0x00, 0xFF, 0xFF, 0x00,
  0xFF, 0xFF, 0x00, 0xFF, 0xFF, 0x00, 0xFF, 0xFF, 0x00, 0xFF, 0xFF, 0x00, 0xFF, 0xFF, 0x00, 0xFF, 0xFF, 0x00, 0xFF, 0xFF, 0x00, 0xFF, 0xFF, 0x00,
  0xFF, 0xFF, 0x00, 0xFF, 0xFF, 0x00, 0xFF, 0xFF, 0x00, 0xFF, 0xFF, 0x00, 0xFF, 0xFF, 0x00, 0xFF, 0xFF, 0x00, 0xFF, 0xFF, 0x00, 0xFF, 0xFF, 0x00,
  0xFF, 0xFF, 0x00, 0xFF, 0xFF, 0x00, 0xFF, 0xFF, 0x00, 0xFF, 0xFF, 0x00, 0xFF, 0xFF, 0x00, 0xFF, 0xFF, 0x00, 0xFF, 0xFF, 0x00, 0xFF, 0xFF, 0x00,
  0xFF, 0xFF, 0x00, 0xFF, 0xFF, 0x00, 0xFF, 0xFF, 0x00, 0xFF, 0xFF, 0x00, 0xFF, 0xFF, 0x00, 0xFF, 0xFF, 0x00, 0xFF, 0xFF, 0x00, 0xFF, 0xFF, 0x00,
  0xFF, 0xFF, 0x00, 0xFF, 0xFF, 0x00, 0xFF, 0xFF, 0x00, 0xFF, 0xFF, 0x00, 0xFF, 0xFF, 0x00, 0xFF, 0xFF, 0x00, 0xFF, 0xFF, 0x00, 0x00, 0x00, 0x00,
  0x00, 0x00, 0x00, 0x00, 0x00, 0x00, 0x00, 0x00, 0x00, 0x00, 0x00, 0x00, 0x00, 0x00, 0x00, 0x00, 0x00, 0x00, 0x00, 0x00, 0x00, 0x00, 0x00, 0x00,
  0x00, 0x00, 0x00, 0x00, 0x00, 0x00, 0x00, 0x00, 0x00, 0x00, 0x00, 0x00, 0x00, 0x00, 0x00, 0x00, 0x00, 0x00, 0x00, 0x00, 0x00, 0x00, 0x00, 0x00,
  0x00, 0x00, 0x00, 0x00, 0x00, 0x00, 0x00, 0x00, 0x00, 0x00, 0x00, 0x00, 0x00, 0x00, 0x00, 0x00, 0x00, 0x00, 0x00, 0x00, 0x00, 0x00, 0x00, 0x00,
  0x00, 0x00, 0x00, 0x00, 0x00, 0x00, 0x00, 0x00, 0x00, 0x00, 0x00, 0x00, 0x00, 0x00, 0x00, 0x00, 0x00, 0x00, 0x00, 0x00, 0x00, 0x00, 0x00, 0x00,
  0x00, 0x00, 0x00, 0x00, 0x00, 0x00, 0x00, 0x00, 0x00, 0x00, 0x00, 0x00, 0x00, 0x00, 0x00, 0x00, 0x00, 0x00, 0x00, 0x00, 0x00, 0x00, 0x00, 0x00,
  0x00, 0x00, 0x00, 0x00, 0x00, 0x00, 0x00, 0x00, 0x00, 0xC3, 0x18, 0x12, 0xDB, 0xDE, 0xFF, 0xFF, 0xFF, 0xFF, 0xBE, 0xF7, 0xF9, 0x9E, 0xF7, 0xF7,
  0x7D, 0xF7, 0xF9, 0x5D, 0xEF, 0xFB, 0xDB, 0xDE, 0xFD, 0x38, 0xC6, 0xFF, 0x95, 0xB5, 0xFF, 0xF3, 0xA4, 0xFF, 0x92, 0x94, 0xFF, 0x92, 0x94, 0xFF,
  0xF3, 0x9C, 0xFF, 0x75, 0xAD, 0xFF, 0xD7, 0xBD, 0xFF, 0x79, 0xCE, 0xFF, 0x7D, 0xEF, 0xFF, 0xD3, 0x9C, 0xFF, 0x51, 0x8C, 0xFF, 0x9E, 0xF7, 0xFF,
  0x1C, 0xE7, 0xFF, 0x59, 0xCE, 0xFF, 0x7D, 0xF7, 0xFF, 0x5D, 0xEF, 0xFF, 0x7D, 0xEF, 0xFF, 0x5D, 0xEF, 0xFF, 0x5D, 0xEF, 0xFF, 0x7D, 0xEF, 0xFF,
  0x7D, 0xEF, 0xFF, 0x7D, 0xEF, 0xFF, 0x7D, 0xEF, 0xFF, 0x5D, 0xEF, 0xFF, 0x5D, 0xEF, 0xFF, 0x7D, 0xEF, 0xFF, 0x5D, 0xEF, 0xFF, 0x7D, 0xEF, 0xFF,
  0x7D, 0xEF, 0xFF, 0x7D, 0xEF, 0xFF, 0x7D, 0xEF, 0xFF, 0x7D, 0xEF, 0xFF, 0x5D, 0xEF, 0xFF, 0x7D, 0xEF, 0xFF, 0x7D, 0xEF, 0xFF, 0x7D, 0xEF, 0xFF,
  0x7D, 0xEF, 0xFF, 0x7D, 0xEF, 0xFF, 0x7D, 0xEF, 0xFF, 0x7D, 0xEF, 0xFF, 0x5D, 0xEF, 0xFF, 0x7D, 0xEF, 0xFF, 0x7D, 0xEF, 0xFF, 0x7D, 0xEF, 0xFF,
  0x7D, 0xEF, 0xFF, 0x7D, 0xEF, 0xFF, 0x7D, 0xEF, 0xFF, 0x5D, 0xEF, 0xFF, 0x5D, 0xEF, 0xFF, 0x5D, 0xEF, 0xFF, 0x5D, 0xEF, 0xFF, 0x7D, 0xEF, 0xFF,
  0x7D, 0xEF, 0xFF, 0x7D, 0xEF, 0xFF, 0x7D, 0xEF, 0xFF, 0x5D, 0xEF, 0xFF, 0x5D, 0xEF, 0xFF, 0x7D, 0xEF, 0xFF, 0x5D, 0xEF, 0xFF, 0x5D, 0xEF, 0xFF,
  0x5D, 0xEF, 0xFF, 0x5D, 0xEF, 0xFF, 0x7D, 0xEF, 0xFF, 0x5D, 0xEF, 0xFF, 0x5D, 0xEF, 0xFF, 0x5D, 0xEF, 0xFF, 0x7D, 0xEF, 0xFF, 0x5D, 0xEF, 0xFF,
  0x5D, 0xEF, 0xFF, 0x5D, 0xEF, 0xFF, 0x5D, 0xEF, 0xFF, 0x7D, 0xEF, 0xFF, 0x5D, 0xEF, 0xFF, 0x5D, 0xEF, 0xFF, 0x5D, 0xEF, 0xFF, 0x5D, 0xEF, 0xFF,
  0x5D, 0xEF, 0xFF, 0x5D, 0xEF, 0xFF, 0x5D, 0xEF, 0xFF, 0x5D, 0xEF, 0xFF, 0x5D, 0xEF, 0xFF, 0x7D, 0xEF, 0xFF, 0x5D, 0xEF, 0xFF, 0x5D, 0xEF, 0xFF,
  0x5D, 0xEF, 0xFF, 0x5D, 0xEF, 0xFF, 0x5D, 0xEF, 0xFF, 0x5D, 0xEF, 0xFF, 0x7D, 0xEF, 0xFF, 0x5D, 0xEF, 0xFF, 0x5D, 0xEF, 0xFF, 0x5D, 0xEF, 0xFF,
  0x5D, 0xEF, 0xFF, 0x5D, 0xEF, 0xFF, 0x5D, 0xEF, 0xFF, 0x5D, 0xEF, 0xFF, 0x7D, 0xEF, 0xFF, 0x7D, 0xEF, 0xFF, 0x7D, 0xEF, 0xFF, 0x5D, 0xEF, 0xFF,
  0x5D, 0xEF, 0xFF, 0x5D, 0xEF, 0xFF, 0x7D, 0xEF, 0xFF, 0x5D, 0xEF, 0xFF, 0x5D, 0xEF, 0xFF, 0x5D, 0xEF, 0xFF, 0x5D, 0xEF, 0xFF, 0x5D, 0xEF, 0xFF,
  0x5D, 0xEF, 0xFF, 0x5D, 0xEF, 0xFF, 0x5D, 0xEF, 0xFF, 0x5D, 0xEF, 0xFF, 0x5D, 0xEF, 0xFF, 0x5D, 0xEF, 0xFF, 0x7D, 0xEF, 0xFF, 0x7D, 0xEF, 0xFF,
  0x7D, 0xEF, 0xFF, 0x5D, 0xEF, 0xFF, 0x5D, 0xEF, 0xFF, 0x5D, 0xEF, 0xFF, 0x7D, 0xEF, 0xFF, 0x5D, 0xEF, 0xFF, 0x7D, 0xEF, 0xFF, 0x7D, 0xEF, 0xFF,
  0x7D, 0xEF, 0xFF, 0x5D, 0xEF, 0xFF, 0x7D, 0xEF, 0xFF, 0x7D, 0xEF, 0xFF, 0x7D, 0xEF, 0xFF, 0x7D, 0xEF, 0xFF, 0x5D, 0xEF, 0xFF, 0x7D, 0xEF, 0xFF,
  0x5D, 0xEF, 0xFF, 0x5D, 0xEF, 0xFF, 0x5D, 0xEF, 0xFF, 0x5D, 0xEF, 0xFF, 0x5D, 0xEF, 0xFF, 0x5D, 0xEF, 0xFF, 0x5D, 0xEF, 0xFF, 0x5D, 0xEF, 0xFF,
  0x5D, 0xEF, 0xFF, 0x5D, 0xEF, 0xFF, 0x5D, 0xEF, 0xFF, 0x5D, 0xEF, 0xFF, 0x5D, 0xEF, 0xFF, 0x5D, 0xEF, 0xFF, 0x5D, 0xEF, 0xFF, 0x5D, 0xEF, 0xFF,
  0x5D, 0xEF, 0xFF, 0x5D, 0xEF, 0xFF, 0x5D, 0xEF, 0xFF, 0x5D, 0xEF, 0xFF, 0x7D, 0xEF, 0xFF, 0x5D, 0xEF, 0xFF, 0x5D, 0xEF, 0xFF, 0x5D, 0xEF, 0xFF,
  0x5D, 0xEF, 0xFF, 0x5D, 0xEF, 0xFF, 0x5D, 0xEF, 0xFF, 0x7D, 0xEF, 0xFF, 0x3C, 0xE7, 0xFF, 0x59, 0xCE, 0xFF, 0x5D, 0xEF, 0xFF, 0xDB, 0xDE, 0xFB,
  0x96, 0xB5, 0xFF, 0xA2, 0x18, 0x12, 0x00, 0x00, 0x00, 0x00, 0x00, 0x00, 0xFF, 0xFF, 0x00, 0xFF, 0xFF, 0x00, 0xFF, 0xFF, 0x00, 0xFF, 0xFF, 0x00,
  0xFF, 0xFF, 0x00, 0xFF, 0xFF, 0x00, 0xFF, 0xFF, 0x00, 0xFF, 0xFF, 0x00, 0xFF, 0xFF, 0x00, 0xFF, 0xFF, 0x00, 0xFF, 0xFF, 0x00, 0xFF, 0xFF, 0x00,
  0xFF, 0xFF, 0x00, 0xFF, 0xFF, 0x00, 0xFF, 0xFF, 0x00, 0xFF, 0xFF, 0x00, 0xFF, 0xFF, 0x00, 0xFF, 0xFF, 0x00, 0xFF, 0xFF, 0x00, 0xFF, 0xFF, 0x00,
  0xFF, 0xFF, 0x00, 0xFF, 0xFF, 0x00, 0xFF, 0xFF, 0x00, 0xFF, 0xFF, 0x00, 0xFF, 0xFF, 0x00, 0xFF, 0xFF, 0x00, 0xFF, 0xFF, 0x00, 0xFF, 0xFF, 0x00,
  0xFF, 0xFF, 0x00, 0xFF, 0xFF, 0x00, 0xFF, 0xFF, 0x00, 0xFF, 0xFF, 0x00, 0xFF, 0xFF, 0x00, 0xFF, 0xFF, 0x00, 0xFF, 0xFF, 0x00, 0xFF, 0xFF, 0x00,
  0xFF, 0xFF, 0x00, 0xFF, 0xFF, 0x00, 0xFF, 0xFF, 0x00, 0xFF, 0xFF, 0x00, 0xFF, 0xFF, 0x00, 0xFF, 0xFF, 0x00, 0xFF, 0xFF, 0x00, 0xFF, 0xFF, 0x00,
  0xFF, 0xFF, 0x00, 0xFF, 0xFF, 0x00, 0xFF, 0xFF, 0x00, 0xFF, 0xFF, 0x00, 0xFF, 0xFF, 0x00, 0xFF, 0xFF, 0x00, 0xFF, 0xFF, 0x00, 0xFF, 0xFF, 0x00,
  0xFF, 0xFF, 0x00, 0xFF, 0xFF, 0x00, 0xFF, 0xFF, 0x00, 0x00, 0x00, 0x00, 0x00, 0x00, 0x00, 0x00, 0x00, 0x00, 0x00, 0x00, 0x00, 0x00, 0x00, 0x00,
  0x00, 0x00, 0x00, 0x00, 0x00, 0x00, 0x00, 0x00, 0x00, 0x00, 0x00, 0x00, 0x00, 0x00, 0x00, 0x00, 0x00, 0x00, 0x00, 0x00, 0x00, 0x00, 0x00, 0x00,
  0x00, 0x00, 0x00, 0x00, 0x00, 0x00, 0x00, 0x00, 0x00, 0x00, 0x00, 0x00, 0x00, 0x00, 0x00, 0x00, 0x00, 0x00, 0x00, 0x00, 0x00, 0x00, 0x00, 0x00,
  0x00, 0x00, 0x00, 0x00, 0x00, 0x00, 0x00, 0x00, 0x00, 0x00, 0x00, 0x00, 0x00, 0x00, 0x00, 0x00, 0x00, 0x00, 0x00, 0x00, 0x00, 0x00, 0x00, 0x00,
  0x00, 0x00, 0x00, 0x00, 0x00, 0x00, 0x00, 0x00, 0x00, 0x00, 0x00, 0x00, 0x00, 0x00, 0x00, 0x00, 0x00, 0x00, 0x00, 0x00, 0x00, 0x00, 0x00, 0x00,
  0x00, 0x00, 0x00, 0x00, 0x00, 0x00, 0x00, 0x00, 0x00, 0x00, 0x00, 0x00, 0x00, 0x00, 0x00, 0x00, 0x00, 0x00, 0x00, 0x00, 0x00, 0x49, 0x4A, 0x63,
  0x79, 0xCE, 0xFD, 0x9A, 0xD6, 0xF5, 0xBA, 0xD6, 0xFF, 0x59, 0xCE, 0xFF, 0xB6, 0xB5, 0xFF, 0xF3, 0x9C, 0xFF, 0x92, 0x94, 0xFF, 0x71, 0x8C, 0xFF,
  0xF3, 0x9C, 0xFF, 0xB6, 0xBD, 0xFF, 0x79, 0xCE, 0xFF, 0x1C, 0xE7, 0xFF, 0x5D, 0xEF, 0xFF, 0x7D, 0xEF, 0xFF, 0x5D, 0xEF, 0xFF, 0x3C, 0xE7, 0xFF,
  0x3C, 0xEF, 0xFF, 0xB6, 0xBD, 0xFF, 0x6D, 0x6B, 0xFF, 0x1C, 0xE7, 0xFF, 0x5D, 0xEF, 0xFF, 0x59, 0xCE, 0xFF, 0x5D, 0xEF, 0xFF, 0x7D, 0xEF, 0xFF,
  0x5D, 0xEF, 0xFF, 0x7D, 0xEF, 0xFF, 0x7D, 0xEF, 0xFF, 0x7D, 0xEF, 0xFF, 0x7D, 0xEF, 0xFF, 0x5D, 0xEF, 0xFF, 0x7D, 0xEF, 0xFF, 0x5D, 0xEF, 0xFF,
  0x5D, 0xEF, 0xFF, 0x5D, 0xEF, 0xFF, 0x7D, 0xEF, 0xFF, 0x7D, 0xEF, 0xFF, 0x7D, 0xEF, 0xFF, 0x7D, 0xEF, 0xFF, 0x7D, 0xEF, 0xFF, 0x7D, 0xEF, 0xFF,
  0x5D, 0xEF, 0xFF, 0x7D, 0xEF, 0xFF, 0x7D, 0xEF, 0xFF, 0x7D, 0xEF, 0xFF, 0x7D, 0xEF, 0xFF, 0x7D, 0xEF, 0xFF, 0x7D, 0xEF, 0xFF, 0x7D, 0xEF, 0xFF,
  0x5D, 0xEF, 0xFF, 0x7D, 0xEF, 0xFF, 0x7D, 0xEF, 0xFF, 0x7D, 0xEF, 0xFF, 0x7D, 0xEF, 0xFF, 0x5D, 0xEF, 0xFF, 0x5D, 0xEF, 0xFF, 0x5D, 0xEF, 0xFF,
  0x5D, 0xEF, 0xFF, 0x5D, 0xEF, 0xFF, 0x7D, 0xEF, 0xFF, 0x5D, 0xEF, 0xFF, 0x5D, 0xEF, 0xFF, 0x5D, 0xEF, 0xFF, 0x5D, 0xEF, 0xFF, 0x5D, 0xEF, 0xFF,
  0x7D, 0xEF, 0xFF, 0x7D, 0xEF, 0xFF, 0x5D, 0xEF, 0xFF, 0x5D, 0xEF, 0xFF, 0x5D, 0xEF, 0xFF, 0x5D, 0xEF, 0xFF, 0x5D, 0xEF, 0xFF, 0x5D, 0xEF, 0xFF,
  0x7D, 0xEF, 0xFF, 0x7D, 0xEF, 0xFF, 0x5D, 0xEF, 0xFF, 0x5D, 0xEF, 0xFF, 0x5D, 0xEF, 0xFF, 0x5D, 0xEF, 0xFF, 0x5D, 0xEF, 0xFF, 0x5D, 0xEF, 0xFF,
  0x7D, 0xEF, 0xFF, 0x5D, 0xEF, 0xFF, 0x5D, 0xEF, 0xFF, 0x7D, 0xEF, 0xFF, 0x7D, 0xEF, 0xFF, 0x5D, 0xEF, 0xFF, 0x5D, 0xEF, 0xFF, 0x7D, 0xEF, 0xFF,
  0x7D, 0xEF, 0xFF, 0x7D, 0xEF, 0xFF, 0x5D, 0xEF, 0xFF, 0x7D, 0xEF, 0xFF, 0x7D, 0xEF, 0xFF, 0x5D, 0xEF, 0xFF, 0x7D, 0xEF, 0xFF, 0x5D, 0xEF, 0xFF,
  0x5D, 0xEF, 0xFF, 0x5D, 0xEF, 0xFF, 0x5D, 0xEF, 0xFF, 0x5D, 0xEF, 0xFF, 0x5D, 0xEF, 0xFF, 0x7D, 0xEF, 0xFF, 0x7D, 0xEF, 0xFF, 0x5D, 0xEF, 0xFF,
  0x7D, 0xEF, 0xFF, 0x7D, 0xEF, 0xFF, 0x7D, 0xEF, 0xFF, 0x5D, 0xEF, 0xFF, 0x7D, 0xEF, 0xFF, 0x5D, 0xEF, 0xFF, 0x5D, 0xEF, 0xFF, 0x5D, 0xEF, 0xFF,
  0x5D, 0xEF, 0xFF, 0x7D, 0xEF, 0xFF, 0x5D, 0xEF, 0xFF, 0x5D, 0xEF, 0xFF, 0x5D, 0xEF, 0xFF, 0x5D, 0xEF, 0xFF, 0x5D, 0xEF, 0xFF, 0x5D, 0xEF, 0xFF,
  0x5D, 0xEF, 0xFF, 0x5D, 0xEF, 0xFF, 0x7D, 0xEF, 0xFF, 0x7D, 0xEF, 0xFF, 0x7D, 0xEF, 0xFF, 0x7D, 0xEF, 0xFF, 0x5D, 0xEF, 0xFF, 0x5D, 0xEF, 0xFF,
  0x7D, 0xEF, 0xFF, 0x7D, 0xEF, 0xFF, 0x7D, 0xEF, 0xFF, 0x7D, 0xEF, 0xFF, 0x7D, 0xEF, 0xFF, 0x7D, 0xEF, 0xFF, 0x5D, 0xEF, 0xFF, 0x7D, 0xEF, 0xFF,
  0x7D, 0xEF, 0xFF, 0x7D, 0xEF, 0xFF, 0x5D, 0xEF, 0xFF, 0x7D, 0xEF, 0xFF, 0x5D, 0xEF, 0xFF, 0x5D, 0xEF, 0xFF, 0x5D, 0xEF, 0xFF, 0x5D, 0xEF, 0xFF,
  0x5D, 0xEF, 0xFF, 0x5D, 0xEF, 0xFF, 0x5D, 0xEF, 0xFF, 0x5D, 0xEF, 0xFF, 0x5D, 0xEF, 0xFF, 0x5D, 0xEF, 0xFF, 0x5D, 0xEF, 0xFF, 0x5D, 0xEF, 0xFF,
  0x5D, 0xEF, 0xFF, 0x5D, 0xEF, 0xFF, 0x5D, 0xEF, 0xFF, 0x5D, 0xEF, 0xFF, 0x5D, 0xEF, 0xFF, 0x5D, 0xEF, 0xFF, 0x5D, 0xEF, 0xFF, 0x5D, 0xEF, 0xFF,
  0x5D, 0xEF, 0xFF, 0x5D, 0xEF, 0xFF, 0x5D, 0xEF, 0xFF, 0x5D, 0xEF, 0xFF, 0x7D, 0xEF, 0xFF, 0x5D, 0xEF, 0xFF, 0x5D, 0xEF, 0xFF, 0x7D, 0xEF, 0xFF,
  0xFB, 0xDE, 0xFF, 0x79, 0xCE, 0xFF, 0x3C, 0xEF, 0xFD, 0x1C, 0xE7, 0xFF, 0xD3, 0x94, 0xE0, 0xE3, 0x10, 0x08, 0x61, 0x08, 0x01, 0x00, 0x00, 0x00,
  0xFF, 0xFF, 0x00, 0xFF, 0xFF, 0x00, 0xFF, 0xFF, 0x00, 0xFF, 0xFF, 0x00, 0xFF, 0xFF, 0x00, 0xFF, 0xFF, 0x00, 0xFF, 0xFF, 0x00, 0xFF, 0xFF, 0x00,
  0xFF, 0xFF, 0x00, 0xFF, 0xFF, 0x00, 0xFF, 0xFF, 0x00, 0xFF, 0xFF, 0x00, 0xFF, 0xFF, 0x00, 0xFF, 0xFF, 0x00, 0xFF, 0xFF, 0x00, 0xFF, 0xFF, 0x00,
  0xFF, 0xFF, 0x00, 0xFF, 0xFF, 0x00, 0xFF, 0xFF, 0x00, 0xFF, 0xFF, 0x00, 0xFF, 0xFF, 0x00, 0xFF, 0xFF, 0x00, 0xFF, 0xFF, 0x00, 0xFF, 0xFF, 0x00,
  0xFF, 0xFF, 0x00, 0xFF, 0xFF, 0x00, 0xFF, 0xFF, 0x00, 0xFF, 0xFF, 0x00, 0xFF, 0xFF, 0x00, 0xFF, 0xFF, 0x00, 0xFF, 0xFF, 0x00, 0xFF, 0xFF, 0x00,
  0xFF, 0xFF, 0x00, 0xFF, 0xFF, 0x00, 0xFF, 0xFF, 0x00, 0xFF, 0xFF, 0x00, 0xFF, 0xFF, 0x00, 0xFF, 0xFF, 0x00, 0xFF, 0xFF, 0x00, 0xFF, 0xFF, 0x00,
  0xFF, 0xFF, 0x00, 0xFF, 0xFF, 0x00, 0xFF, 0xFF, 0x00, 0xFF, 0xFF, 0x00, 0xFF, 0xFF, 0x00, 0xFF, 0xFF, 0x00, 0xFF, 0xFF, 0x00, 0xFF, 0xFF, 0x00,
  0xFF, 0xFF, 0x00, 0xFF, 0xFF, 0x00, 0xFF, 0xFF, 0x00, 0xFF, 0xFF, 0x00, 0xFF, 0xFF, 0x00, 0xFF, 0xFF, 0x00, 0xFF, 0xFF, 0x00, 0x00, 0x00, 0x00,
  0x00, 0x00, 0x00, 0x00, 0x00, 0x00, 0x00, 0x00, 0x00, 0x00, 0x00, 0x00, 0x00, 0x00, 0x00, 0x00, 0x00, 0x00, 0x00, 0x00, 0x00, 0x00, 0x00, 0x00,
  0x00, 0x00, 0x00, 0x00, 0x00, 0x00, 0x00, 0x00, 0x00, 0x00, 0x00, 0x00, 0x00, 0x00, 0x00, 0x00, 0x00, 0x00, 0x00, 0x00, 0x00, 0x00, 0x00, 0x00,
  0x00, 0x00, 0x00, 0x00, 0x00, 0x00, 0x00, 0x00, 0x00, 0x00, 0x00, 0x00, 0x00, 0x00, 0x00, 0x00, 0x00, 0x00, 0x00, 0x00, 0x00, 0x00, 0x00, 0x00,
  0x00, 0x00, 0x00, 0x00, 0x00, 0x00, 0x00, 0x00, 0x00, 0x00, 0x00, 0x00, 0x00, 0x00, 0x00, 0x00, 0x00, 0x00, 0x00, 0x00, 0x00, 0x00, 0x00, 0x00,
  0x00, 0x00, 0x00, 0x00, 0x00, 0x00, 0x00, 0x00, 0x00, 0x00, 0x00, 0x00, 0x00, 0x00, 0x00, 0x00, 0x00, 0x00, 0x00, 0x00, 0x00, 0x00, 0x00, 0x00,
  0x00, 0x00, 0x00, 0x00, 0x00, 0x00, 0x00, 0x00, 0x00, 0x65, 0x29, 0x29, 0xCF, 0x7B, 0xED, 0x92, 0x94, 0xFB, 0x51, 0x8C, 0xFF, 0x51, 0x8C, 0xFF,
  0x14, 0xA5, 0xFF, 0xD7, 0xBD, 0xFF, 0xDB, 0xDE, 0xFF, 0x5D, 0xEF, 0xFF, 0x7D, 0xF7, 0xFF, 0x7D, 0xF7, 0xFF, 0x5D, 0xEF, 0xFF, 0x3C, 0xEF, 0xFF,
  0x3C, 0xE7, 0xFF, 0x1C, 0xE7, 0xFF, 0x1C, 0xE7, 0xFF, 0x1C, 0xE7, 0xFF, 0x1C, 0xE7, 0xFF, 0x99, 0xD6, 0xFF, 0x4D, 0x6B, 0xFF, 0x79, 0xCE, 0xFF,
  0x9E, 0xF7, 0xFF, 0x79, 0xCE, 0xFF, 0x1B, 0xE7, 0xFF, 0x7D, 0xF7, 0xFF, 0x5D, 0xEF, 0xFF, 0x7D, 0xEF, 0xFF, 0x5D, 0xEF, 0xFF, 0x7D, 0xEF, 0xFF,
  0x7D, 0xEF, 0xFF, 0x5D, 0xEF, 0xFF, 0x5D, 0xEF, 0xFF, 0x7D, 0xEF, 0xFF, 0x7D, 0xEF, 0xFF, 0x5D, 0xEF, 0xFF, 0x5D, 0xEF, 0xFF, 0x5D, 0xEF, 0xFF,
  0x7D, 0xEF, 0xFF, 0x5D, 0xEF, 0xFF, 0x7D, 0xEF, 0xFF, 0x5D, 0xEF, 0xFF, 0x7D, 0xEF, 0xFF, 0x7D, 0xEF, 0xFF, 0x5D, 0xEF, 0xFF, 0x7D, 0xEF, 0xFF,
  0x5D, 0xEF, 0xFF, 0x5D, 0xEF, 0xFF, 0x7D, 0xEF, 0xFF, 0x7D, 0xEF, 0xFF, 0x5D, 0xEF, 0xFF, 0x5D, 0xEF, 0xFF, 0x5D, 0xEF, 0xFF, 0x5D, 0xEF, 0xFF,
  0x5D, 0xEF, 0xFF, 0x5D, 0xEF, 0xFF, 0x5D, 0xEF, 0xFF, 0x5D, 0xEF, 0xFF, 0x5D, 0xEF, 0xFF, 0x5D, 0xEF, 0xFF, 0x5D, 0xEF, 0xFF, 0x7D, 0xEF, 0xFF,
  0x7D, 0xEF, 0xFF, 0x5D, 0xEF, 0xFF, 0x5D, 0xEF, 0xFF, 0x5D, 0xEF, 0xFF, 0x7D, 0xEF, 0xFF, 0x5D, 0xEF, 0xFF, 0x7D, 0xEF, 0xFF, 0x5D, 0xEF, 0xFF,
  0x7D, 0xEF, 0xFF, 0x7D, 0xEF, 0xFF, 0x7D, 0xEF, 0xFF, 0x5D, 0xEF, 0xFF, 0x5D, 0xEF, 0xFF, 0x5D, 0xEF, 0xFF, 0x5D, 0xEF, 0xFF, 0x5D, 0xEF, 0xFF,
  0x5D, 0xEF, 0xFF, 0x5D, 0xEF, 0xFF, 0x5D, 0xEF, 0xFF, 0x7D, 0xEF, 0xFF, 0x5D, 0xEF, 0xFF, 0x5D, 0xEF, 0xFF, 0x5D, 0xEF, 0xFF, 0x7D, 0xEF, 0xFF,
  0x7D, 0xEF, 0xFF, 0x5D, 0xEF, 0xFF, 0x5D, 0xEF, 0xFF, 0x7D, 0xEF, 0xFF, 0x7D, 0xEF, 0xFF, 0x7D, 0xEF, 0xFF, 0x7D, 0xEF, 0xFF, 0x5D, 0xEF, 0xFF,
  0x7D, 0xEF, 0xFF, 0x7D, 0xEF, 0xFF, 0x5D, 0xEF, 0xFF, 0x7D, 0xEF, 0xFF, 0x5D, 0xEF, 0xFF, 0x5D, 0xEF, 0xFF, 0x5D, 0xEF, 0xFF, 0x7D, 0xEF, 0xFF,
  0x7D, 0xEF, 0xFF, 0x7D, 0xEF, 0xFF, 0x5D, 0xEF, 0xFF, 0x5D, 0xEF, 0xFF, 0x5D, 0xEF, 0xFF, 0x7D, 0xEF, 0xFF, 0x5D, 0xEF, 0xFF, 0x5D, 0xEF, 0xFF,
  0x7D, 0xEF, 0xFF, 0x5D, 0xEF, 0xFF, 0x5D, 0xEF, 0xFF, 0x5D, 0xEF, 0xFF, 0x5D, 0xEF, 0xFF, 0x5D, 0xEF, 0xFF, 0x7D, 0xEF, 0xFF, 0x5D, 0xEF, 0xFF,
  0x5D, 0xEF, 0xFF, 0x5D, 0xEF, 0xFF, 0x5D, 0xEF, 0xFF, 0x7D, 0xEF, 0xFF, 0x5D, 0xEF, 0xFF, 0x5D, 0xEF, 0xFF, 0x5D, 0xEF, 0xFF, 0x7D, 0xEF, 0xFF,
  0x7D, 0xEF, 0xFF, 0x7D, 0xEF, 0xFF, 0x7D, 0xEF, 0xFF, 0x7D, 0xEF, 0xFF, 0x7D, 0xEF, 0xFF, 0x5D, 0xEF, 0xFF, 0x7D, 0xEF, 0xFF, 0x7D, 0xEF, 0xFF,
  0x7D, 0xEF, 0xFF, 0x7D, 0xEF, 0xFF, 0x7D, 0xEF, 0xFF, 0x7D, 0xEF, 0xFF, 0x7D, 0xEF, 0xFF, 0x5D, 0xEF, 0xFF, 0x5D, 0xEF, 0xFF, 0x7D, 0xEF, 0xFF,
  0x7D, 0xEF, 0xFF, 0x7D, 0xEF, 0xFF, 0x5D, 0xEF, 0xFF, 0x5D, 0xEF, 0xFF, 0x5D, 0xEF, 0xFF, 0x5D, 0xEF, 0xFF, 0x5D, 0xEF, 0xFF, 0x5D, 0xEF, 0xFF,
  0x5D, 0xEF, 0xFF, 0x5D, 0xEF, 0xFF, 0x5D, 0xEF, 0xFF, 0x5D, 0xEF, 0xFF, 0x5D, 0xEF, 0xFF, 0x5D, 0xEF, 0xFF, 0x5D, 0xEF, 0xFF, 0x5D, 0xEF, 0xFF,
  0x5D, 0xEF, 0xFF, 0x5D, 0xEF, 0xFF, 0x5D, 0xEF, 0xFF, 0x5D, 0xEF, 0xFF, 0x5D, 0xEF, 0xFF, 0x5D, 0xEF, 0xFF, 0x5D, 0xEF, 0xFF, 0x5D, 0xEF, 0xFF,
  0x5D, 0xEF, 0xFF, 0x5D, 0xEF, 0xFF, 0x5D, 0xEF, 0xFF, 0x7D, 0xF7, 0xFF, 0xBA, 0xD6, 0xFF, 0xDB, 0xDE, 0xFF, 0x5D, 0xEF, 0xFF, 0x3C, 0xE7, 0xFF,
  0x2D, 0x83, 0xF7, 0xE3, 0x70, 0xD9, 0x46, 0x7A, 0xB2, 0xC3, 0x10, 0x05, 0xFF, 0xFF, 0x00, 0xFF, 0xFF, 0x00, 0xFF, 0xFF, 0x00, 0xFF, 0xFF, 0x00,
  0xFF, 0xFF, 0x00, 0xFF, 0xFF, 0x00, 0xFF, 0xFF, 0x00, 0xFF, 0xFF, 0x00, 0xFF, 0xFF, 0x00, 0xFF, 0xFF, 0x00, 0xFF, 0xFF, 0x00, 0xFF, 0xFF, 0x00,
  0xFF, 0xFF, 0x00, 0xFF, 0xFF, 0x00, 0xFF, 0xFF, 0x00, 0xFF, 0xFF, 0x00, 0xFF, 0xFF, 0x00, 0xFF, 0xFF, 0x00, 0xFF, 0xFF, 0x00, 0xFF, 0xFF, 0x00,
  0xFF, 0xFF, 0x00, 0xFF, 0xFF, 0x00, 0xFF, 0xFF, 0x00, 0xFF, 0xFF, 0x00, 0xFF, 0xFF, 0x00, 0xFF, 0xFF, 0x00, 0xFF, 0xFF, 0x00, 0xFF, 0xFF, 0x00,
  0xFF, 0xFF, 0x00, 0xFF, 0xFF, 0x00, 0xFF, 0xFF, 0x00, 0xFF, 0xFF, 0x00, 0xFF, 0xFF, 0x00, 0xFF, 0xFF, 0x00, 0xFF, 0xFF, 0x00, 0xFF, 0xFF, 0x00,
  0xFF, 0xFF, 0x00, 0xFF, 0xFF, 0x00, 0xFF, 0xFF, 0x00, 0xFF, 0xFF, 0x00, 0xFF, 0xFF, 0x00, 0xFF, 0xFF, 0x00, 0xFF, 0xFF, 0x00, 0xFF, 0xFF, 0x00,
  0xFF, 0xFF, 0x00, 0xFF, 0xFF, 0x00, 0xFF, 0xFF, 0x00, 0xFF, 0xFF, 0x00, 0xFF, 0xFF, 0x00, 0xFF, 0xFF, 0x00, 0xFF, 0xFF, 0x00, 0xFF, 0xFF, 0x00,
  0xFF, 0xFF, 0x00, 0xFF, 0xFF, 0x00, 0xFF, 0xFF, 0x00, 0x00, 0x00, 0x00, 0x00, 0x00, 0x00, 0x00, 0x00, 0x00, 0x00, 0x00, 0x00, 0x00, 0x00, 0x00,
  0x00, 0x00, 0x00, 0x00, 0x00, 0x00, 0x00, 0x00, 0x00, 0x00, 0x00, 0x00, 0x00, 0x00, 0x00, 0x00, 0x00, 0x00, 0x00, 0x00, 0x00, 0x00, 0x00, 0x00,
  0x00, 0x00, 0x00, 0x00, 0x00, 0x00, 0x00, 0x00, 0x00, 0x00, 0x00, 0x00, 0x00, 0x00, 0x00, 0x00, 0x00, 0x00, 0x00, 0x00, 0x00, 0x00, 0x00, 0x00,
  0x00, 0x00, 0x00, 0x00, 0x00, 0x00, 0x00, 0x00, 0x00, 0x00, 0x00, 0x00, 0x00, 0x00, 0x00, 0x00, 0x00, 0x00, 0x00, 0x00, 0x00, 0x00, 0x00, 0x00,
  0x00, 0x00, 0x00, 0x00, 0x00, 0x00, 0x00, 0x00, 0x00, 0x00, 0x00, 0x00, 0x00, 0x00, 0x00, 0x00, 0x00, 0x00, 0x00, 0x00, 0x00, 0x00, 0x00, 0x00,
  0x00, 0x00, 0x00, 0x00, 0x00, 0x00, 0x00, 0x00, 0x00, 0x00, 0x00, 0x00, 0x00, 0x00, 0x00, 0x00, 0x00, 0x00, 0x00, 0x00, 0x00, 0x00, 0x00, 0x00,
  0x92, 0x94, 0xCC, 0x7D, 0xEF, 0xFF, 0xFB, 0xDE, 0xFD, 0x3C, 0xE7, 0xFF, 0x7D, 0xEF, 0xFF, 0x7D, 0xEF, 0xFF, 0x5D, 0xEF, 0xFF, 0x3C, 0xEF, 0xFF,
  0x3C, 0xEF, 0xFF, 0x3C, 0xEF, 0xFF, 0x3C, 0xEF, 0xFF, 0x3C, 0xEF, 0xFF, 0x3C, 0xEF, 0xFF, 0x3C, 0xE7, 0xFF, 0x3C, 0xE7, 0xFF, 0x1C, 0xE7, 0xFF,
  0x1C, 0xE7, 0xFF, 0x3C, 0xEF, 0xFF, 0x10, 0x84, 0xFF, 0x55, 0xAD, 0xFF, 0xDF, 0xFF, 0xFF, 0xDB, 0xDE, 0xFF, 0x9A, 0xD6, 0xFF, 0x9E, 0xF7, 0xFF,
  0x5D, 0xEF, 0xFF, 0x5D, 0xEF, 0xFF, 0x5D, 0xEF, 0xFF, 0x7D, 0xEF, 0xFF, 0x7D, 0xEF, 0xFF, 0x7D, 0xEF, 0xFF, 0x5D, 0xEF, 0xFF, 0x7D, 0xEF, 0xFF,
  0x5D, 0xEF, 0xFF, 0x7D, 0xEF, 0xFF, 0x5D, 0xEF, 0xFF, 0x5D, 0xEF, 0xFF, 0x7D, 0xEF, 0xFF, 0x5D, 0xEF, 0xFF, 0x7D, 0xEF, 0xFF, 0x7D, 0xEF, 0xFF,
  0x5D, 0xEF, 0xFF, 0x7D, 0xEF, 0xFF, 0x7D, 0xEF, 0xFF, 0x7D, 0xEF, 0xFF, 0x5D, 0xEF, 0xFF, 0x7D, 0xEF, 0xFF, 0x7D, 0xEF, 0xFF, 0x5D, 0xEF, 0xFF,
  0x5D, 0xEF, 0xFF, 0x7D, 0xEF, 0xFF, 0x7D, 0xEF, 0xFF, 0x7D, 0xEF, 0xFF, 0x7D, 0xEF, 0xFF, 0x7D, 0xEF, 0xFF, 0x5D, 0xEF, 0xFF, 0x5D, 0xEF, 0xFF,
  0x7D, 0xEF, 0xFF, 0x7D, 0xEF, 0xFF, 0x7D, 0xEF, 0xFF, 0x5D, 0xEF, 0xFF, 0x7D, 0xEF, 0xFF, 0x5D, 0xEF, 0xFF, 0x5D, 0xEF, 0xFF, 0x5D, 0xEF, 0xFF,
  0x5D, 0xEF, 0xFF, 0x7D, 0xEF, 0xFF, 0x5D, 0xEF, 0xFF, 0x7D, 0xEF, 0xFF, 0x7D, 0xEF, 0xFF, 0x5D, 0xEF, 0xFF, 0x7D, 0xEF, 0xFF, 0x5D, 0xEF, 0xFF,
  0x5D, 0xEF, 0xFF, 0x5D, 0xEF, 0xFF, 0x5D, 0xEF, 0xFF, 0x5D, 0xEF, 0xFF, 0x5D, 0xEF, 0xFF, 0x5D, 0xEF, 0xFF, 0x5D, 0xEF, 0xFF, 0x5D, 0xEF, 0xFF,
  0x5D, 0xEF, 0xFF, 0x5D, 0xEF, 0xFF, 0x7D, 0xEF, 0xFF, 0x5D, 0xEF, 0xFF, 0x7D, 0xEF, 0xFF, 0x7D, 0xEF, 0xFF, 0x5D, 0xEF, 0xFF, 0x7D, 0xEF, 0xFF,
  0x7D, 0xEF, 0xFF, 0x7D, 0xEF, 0xFF, 0x7D, 0xEF, 0xFF, 0x5D, 0xEF, 0xFF, 0x5D, 0xEF, 0xFF, 0x5D, 0xEF, 0xFF, 0x5D, 0xEF, 0xFF, 0x5D, 0xEF, 0xFF,
  0x5D, 0xEF, 0xFF, 0x7D, 0xEF, 0xFF, 0x7D, 0xEF, 0xFF, 0x5D, 0xEF, 0xFF, 0x5D, 0xEF, 0xFF, 0x5D, 0xEF, 0xFF, 0x5D, 0xEF, 0xFF, 0x7D, 0xEF, 0xFF,
  0x7D, 0xEF, 0xFF, 0x7D, 0xEF, 0xFF, 0x7D, 0xEF, 0xFF, 0x7D, 0xEF, 0xFF, 0x5D, 0xEF, 0xFF, 0x7D, 0xEF, 0xFF, 0x5D, 0xEF, 0xFF, 0x5D, 0xEF, 0xFF,
  0x5D, 0xEF, 0xFF, 0x5D, 0xEF, 0xFF, 0x5D, 0xEF, 0xFF, 0x5D, 0xEF, 0xFF, 0x5D, 0xEF, 0xFF, 0x5D, 0xEF, 0xFF, 0x5D, 0xEF, 0xFF, 0x5D, 0xEF, 0xFF,
  0x7D, 0xEF, 0xFF, 0x5D, 0xEF, 0xFF, 0x7D, 0xEF, 0xFF, 0x5D, 0xEF, 0xFF, 0x7D, 0xEF, 0xFF, 0x7D, 0xEF, 0xFF, 0x7D, 0xEF, 0xFF, 0x7D, 0xEF, 0xFF,
  0x5D, 0xEF, 0xFF, 0x7D, 0xEF, 0xFF, 0x5D, 0xEF, 0xFF, 0x7D, 0xEF, 0xFF, 0x5D, 0xEF, 0xFF, 0x5D, 0xEF, 0xFF, 0x5D, 0xEF, 0xFF, 0x7D, 0xEF, 0xFF,
  0x7D, 0xEF, 0xFF, 0x5D, 0xEF, 0xFF, 0x5D, 0xEF, 0xFF, 0x7D, 0xEF, 0xFF, 0x5D, 0xEF, 0xFF, 0x7D, 0xEF, 0xFF, 0x5D, 0xEF, 0xFF, 0x5D, 0xEF, 0xFF,
  0x5D, 0xEF, 0xFF, 0x5D, 0xEF, 0xFF, 0x5D, 0xEF, 0xFF, 0x5D, 0xEF, 0xFF, 0x5D, 0xEF, 0xFF, 0x5D, 0xEF, 0xFF, 0x5D, 0xEF, 0xFF, 0x5D, 0xEF, 0xFF,
  0x5D, 0xEF, 0xFF, 0x5D, 0xEF, 0xFF, 0x5D, 0xEF, 0xFF, 0x5D, 0xEF, 0xFF, 0x5D, 0xEF, 0xFF, 0x7D, 0xEF, 0xFF, 0x5D, 0xEF, 0xFF, 0x7D, 0xEF, 0xFF,
  0x5D, 0xEF, 0xFF, 0x7D, 0xEF, 0xFF, 0x5D, 0xEF, 0xFF, 0x5D, 0xEF, 0xFF, 0x5D, 0xEF, 0xFF, 0x7D, 0xEF, 0xFF, 0x5D, 0xEF, 0xFF, 0x7D, 0xF7, 0xFF,
  0x79, 0xCE, 0xFF, 0x1C, 0xE7, 0xFF, 0x1C, 0xE7, 0xFF, 0x9A, 0xCE, 0xFF, 0x66, 0x69, 0xFF, 0x00, 0x98, 0xFF, 0x03, 0xA2, 0xFF, 0xE3, 0x18, 0x0B,
  0xFF, 0xFF, 0x00, 0xFF, 0xFF, 0x00, 0xFF, 0xFF, 0x00, 0xFF, 0xFF, 0x00, 0xFF, 0xFF, 0x00, 0xFF, 0xFF, 0x00, 0xFF, 0xFF, 0x00, 0xFF, 0xFF, 0x00,
  0xFF, 0xFF, 0x00, 0xFF, 0xFF, 0x00, 0xFF, 0xFF, 0x00, 0xFF, 0xFF, 0x00, 0xFF, 0xFF, 0x00, 0xFF, 0xFF, 0x00, 0xFF, 0xFF, 0x00, 0xFF, 0xFF, 0x00,
  0xFF, 0xFF, 0x00, 0xFF, 0xFF, 0x00, 0xFF, 0xFF, 0x00, 0xFF, 0xFF, 0x00, 0xFF, 0xFF, 0x00, 0xFF, 0xFF, 0x00, 0xFF, 0xFF, 0x00, 0xFF, 0xFF, 0x00,
  0xFF, 0xFF, 0x00, 0xFF, 0xFF, 0x00, 0xFF, 0xFF, 0x00, 0xFF, 0xFF, 0x00, 0xFF, 0xFF, 0x00, 0xFF, 0xFF, 0x00, 0xFF, 0xFF, 0x00, 0xFF, 0xFF, 0x00,
  0xFF, 0xFF, 0x00, 0xFF, 0xFF, 0x00, 0xFF, 0xFF, 0x00, 0xFF, 0xFF, 0x00, 0xFF, 0xFF, 0x00, 0xFF, 0xFF, 0x00, 0xFF, 0xFF, 0x00, 0xFF, 0xFF, 0x00,
  0xFF, 0xFF, 0x00, 0xFF, 0xFF, 0x00, 0xFF, 0xFF, 0x00, 0xFF, 0xFF, 0x00, 0xFF, 0xFF, 0x00, 0xFF, 0xFF, 0x00, 0xFF, 0xFF, 0x00, 0xFF, 0xFF, 0x00,
  0xFF, 0xFF, 0x00, 0xFF, 0xFF, 0x00, 0xFF, 0xFF, 0x00, 0xFF, 0xFF, 0x00, 0xFF, 0xFF, 0x00, 0xFF, 0xFF, 0x00, 0xFF, 0xFF, 0x00, 0x00, 0x00, 0x00,
  0x00, 0x00, 0x00, 0x00, 0x00, 0x00, 0x00, 0x00, 0x00, 0x00, 0x00, 0x00, 0x00, 0x00, 0x00, 0x00, 0x00, 0x00, 0x00, 0x00, 0x00, 0x00, 0x00, 0x00,
  0x00, 0x00, 0x00, 0x00, 0x00, 0x00, 0x00, 0x00, 0x00, 0x00, 0x00, 0x00, 0x00, 0x00, 0x00, 0x00, 0x00, 0x00, 0x00, 0x00, 0x00, 0x00, 0x00, 0x00,
  0x00, 0x00, 0x00, 0x00, 0x00, 0x00, 0x00, 0x00, 0x00, 0x00, 0x00, 0x00, 0x00, 0x00, 0x00, 0x00, 0x00, 0x00, 0x00, 0x00, 0x00, 0x00, 0x00, 0x00,
  0x00, 0x00, 0x00, 0x00, 0x00, 0x00, 0x00, 0x00, 0x00, 0x00, 0x00, 0x00, 0x00, 0x00, 0x00, 0x00, 0x00, 0x00, 0x00, 0x00, 0x00, 0x00, 0x00, 0x00,
  0x00, 0x00, 0x00, 0x00, 0x00, 0x00, 0x00, 0x00, 0x00, 0x00, 0x00, 0x00, 0x00, 0x00, 0x00, 0x00, 0x00, 0x00, 0x00, 0x00, 0x00, 0x00, 0x00, 0x00,
  0x00, 0x00, 0x00, 0x00, 0x00, 0x00, 0x00, 0x00, 0x00, 0x00, 0x00, 0x01, 0x91, 0x94, 0xCF, 0x9E, 0xF7, 0xFF, 0x5C, 0xEF, 0xFD, 0x5D, 0xEF, 0xFF,
  0x5D, 0xEF, 0xFF, 0x5D, 0xEF, 0xFF, 0x5D, 0xEF, 0xFF, 0x5D, 0xEF, 0xFF, 0x5D, 0xEF, 0xFF, 0x5D, 0xEF, 0xFF, 0x5D, 0xEF, 0xFF, 0x5C, 0xEF, 0xFF,
  0x5C, 0xEF, 0xFF, 0x3C, 0xEF, 0xFF, 0x3C, 0xEF, 0xFF, 0x3C, 0xE7, 0xFF, 0x1C, 0xE7, 0xFF, 0x5D, 0xEF, 0xFF, 0xF3, 0x9C, 0xFF, 0x10, 0x84, 0xFF,
  0x7D, 0xEF, 0xFF, 0x1C, 0xE7, 0xFF, 0x79, 0xCE, 0xFF, 0x9E, 0xF7, 0xFF, 0x5D, 0xEF, 0xFF, 0x5D, 0xEF, 0xFF, 0x5D, 0xEF, 0xFF, 0x5D, 0xEF, 0xFF,
  0x7D, 0xEF, 0xFF, 0x7D, 0xEF, 0xFF, 0x7D, 0xEF, 0xFF, 0x7D, 0xEF, 0xFF, 0x5D, 0xEF, 0xFF, 0x7D, 0xEF, 0xFF, 0x5D, 0xEF, 0xFF, 0x5D, 0xEF, 0xFF,
  0x7D, 0xEF, 0xFF, 0x5D, 0xEF, 0xFF, 0x7D, 0xEF, 0xFF, 0x7D, 0xEF, 0xFF, 0x5D, 0xEF, 0xFF, 0x7D, 0xEF, 0xFF, 0x5D, 0xEF, 0xFF, 0x5D, 0xEF, 0xFF,
  0x7D, 0xEF, 0xFF, 0x5D, 0xEF, 0xFF, 0x5D, 0xEF, 0xFF, 0x5D, 0xEF, 0xFF, 0x5D, 0xEF, 0xFF, 0x5D, 0xEF, 0xFF, 0x5D, 0xEF, 0xFF, 0x5D, 0xEF, 0xFF,
  0x5D, 0xEF, 0xFF, 0x5D, 0xEF, 0xFF, 0x7D, 0xEF, 0xFF, 0x5D, 0xEF, 0xFF, 0x5D, 0xEF, 0xFF, 0x7D, 0xEF, 0xFF, 0x7D, 0xEF, 0xFF, 0x7D, 0xEF, 0xFF,
  0x7D, 0xEF, 0xFF, 0x5D, 0xEF, 0xFF, 0x5D, 0xEF, 0xFF, 0x5D, 0xEF, 0xFF, 0x7D, 0xEF, 0xFF, 0x5D, 0xEF, 0xFF, 0x5D, 0xEF, 0xFF, 0x7D, 0xEF, 0xFF,
  0x5D, 0xEF, 0xFF, 0x5D, 0xEF, 0xFF, 0x5D, 0xEF, 0xFF, 0x5D, 0xEF, 0xFF, 0x5D, 0xEF, 0xFF, 0x5D, 0xEF, 0xFF, 0x5D, 0xEF, 0xFF, 0x5D, 0xEF, 0xFF,
  0x5D, 0xEF, 0xFF, 0x5D, 0xEF, 0xFF, 0x5D, 0xEF, 0xFF, 0x5D, 0xEF, 0xFF, 0x5D, 0xEF, 0xFF, 0x5D, 0xEF, 0xFF, 0x5D, 0xEF, 0xFF, 0x5D, 0xEF, 0xFF,
  0x5D, 0xEF, 0xFF, 0x5D, 0xEF, 0xFF, 0x5D, 0xEF, 0xFF, 0x5D, 0xEF, 0xFF, 0x7D, 0xEF, 0xFF, 0x7D, 0xEF, 0xFF, 0x5D, 0xEF, 0xFF, 0x5D, 0xEF, 0xFF,
  0x7D, 0xEF, 0xFF, 0x5D, 0xEF, 0xFF, 0x5D, 0xEF, 0xFF, 0x5D, 0xEF, 0xFF, 0x5D, 0xEF, 0xFF, 0x5D, 0xEF, 0xFF, 0x5D, 0xEF, 0xFF, 0x5D, 0xEF, 0xFF,
  0x5D, 0xEF, 0xFF, 0x5D, 0xEF, 0xFF, 0x7D, 0xEF, 0xFF, 0x7D, 0xEF, 0xFF, 0x5D, 0xEF, 0xFF, 0x7D, 0xEF, 0xFF, 0x7D, 0xEF, 0xFF, 0x7D, 0xEF, 0xFF,
  0x5D, 0xEF, 0xFF, 0x7D, 0xEF, 0xFF, 0x7D, 0xEF, 0xFF, 0x7D, 0xEF, 0xFF, 0x5D, 0xEF, 0xFF, 0x5D, 0xEF, 0xFF, 0x5D, 0xEF, 0xFF, 0x5D, 0xEF, 0xFF,
  0x5D, 0xEF, 0xFF, 0x5D, 0xEF, 0xFF, 0x7D, 0xEF, 0xFF, 0x7D, 0xEF, 0xFF, 0x5D, 0xEF, 0xFF, 0x5D, 0xEF, 0xFF, 0x5D, 0xEF, 0xFF, 0x5D, 0xEF, 0xFF,
  0x5D, 0xEF, 0xFF, 0x5D, 0xEF, 0xFF, 0x5D, 0xEF, 0xFF, 0x7D, 0xEF, 0xFF, 0x5D, 0xEF, 0xFF, 0x5D, 0xEF, 0xFF, 0x5D, 0xEF, 0xFF, 0x7D, 0xEF, 0xFF,
  0x5D, 0xEF, 0xFF, 0x7D, 0xEF, 0xFF, 0x7D, 0xEF, 0xFF, 0x7D, 0xEF, 0xFF, 0x5D, 0xEF, 0xFF, 0x7D, 0xEF, 0xFF, 0x5D, 0xEF, 0xFF, 0x7D, 0xEF, 0xFF,
  0x5D, 0xEF, 0xFF, 0x7D, 0xEF, 0xFF, 0x7D, 0xEF, 0xFF, 0x5D, 0xEF, 0xFF, 0x5D, 0xEF, 0xFF, 0x5D, 0xEF, 0xFF, 0x5D, 0xEF, 0xFF, 0x5D, 0xEF, 0xFF,
  0x5D, 0xEF, 0xFF, 0x5D, 0xEF, 0xFF, 0x5D, 0xEF, 0xFF, 0x5D, 0xEF, 0xFF, 0x5D, 0xEF, 0xFF, 0x5D, 0xEF, 0xFF, 0x5D, 0xEF, 0xFF, 0x5D, 0xEF, 0xFF,
  0x5D, 0xEF, 0xFF, 0x5D, 0xEF, 0xFF, 0x5D, 0xEF, 0xFF, 0x7D, 0xEF, 0xFF, 0x5D, 0xEF, 0xFF, 0x5D, 0xEF, 0xFF, 0x5D, 0xEF, 0xFF, 0x7D, 0xEF, 0xFF,
  0x5D, 0xEF, 0xFF, 0x7D, 0xEF, 0xFF, 0x7D, 0xEF, 0xFF, 0x5D, 0xEF, 0xFF, 0x59, 0xCE, 0xFF, 0x3C, 0xE7, 0xFF, 0xFB, 0xE6, 0xFF, 0xB6, 0xAD, 0xFF,
  0x62, 0x60, 0xFD, 0x01, 0xA0, 0xFD, 0x61, 0x89, 0xEB, 0x20, 0x00, 0x02, 0xFF, 0xFF, 0x00, 0xFF, 0xFF, 0x00, 0xFF, 0xFF, 0x00, 0xFF, 0xFF, 0x00,
  0xFF, 0xFF, 0x00, 0xFF, 0xFF, 0x00, 0xFF, 0xFF, 0x00, 0xFF, 0xFF, 0x00, 0xFF, 0xFF, 0x00, 0xFF, 0xFF, 0x00, 0xFF, 0xFF, 0x00, 0xFF, 0xFF, 0x00,
  0xFF, 0xFF, 0x00, 0xFF, 0xFF, 0x00, 0xFF, 0xFF, 0x00, 0xFF, 0xFF, 0x00, 0xFF, 0xFF, 0x00, 0xFF, 0xFF, 0x00, 0xFF, 0xFF, 0x00, 0xFF, 0xFF, 0x00,
  0xFF, 0xFF, 0x00, 0xFF, 0xFF, 0x00, 0xFF, 0xFF, 0x00, 0xFF, 0xFF, 0x00, 0xFF, 0xFF, 0x00, 0xFF, 0xFF, 0x00, 0xFF, 0xFF, 0x00, 0xFF, 0xFF, 0x00,
  0xFF, 0xFF, 0x00, 0xFF, 0xFF, 0x00, 0xFF, 0xFF, 0x00, 0xFF, 0xFF, 0x00, 0xFF, 0xFF, 0x00, 0xFF, 0xFF, 0x00, 0xFF, 0xFF, 0x00, 0xFF, 0xFF, 0x00,
  0xFF, 0xFF, 0x00, 0xFF, 0xFF, 0x00, 0xFF, 0xFF, 0x00, 0xFF, 0xFF, 0x00, 0xFF, 0xFF, 0x00, 0xFF, 0xFF, 0x00, 0xFF, 0xFF, 0x00, 0xFF, 0xFF, 0x00,
  0xFF, 0xFF, 0x00, 0xFF, 0xFF, 0x00, 0xFF, 0xFF, 0x00, 0xFF, 0xFF, 0x00, 0xFF, 0xFF, 0x00, 0xFF, 0xFF, 0x00, 0xFF, 0xFF, 0x00, 0xFF, 0xFF, 0x00,
  0xFF, 0xFF, 0x00, 0xFF, 0xFF, 0x00, 0xFF, 0xFF, 0x00, 0x00, 0x00, 0x00, 0x00, 0x00, 0x00, 0x00, 0x00, 0x00, 0x00, 0x00, 0x00, 0x00, 0x00, 0x00,
  0x00, 0x00, 0x00, 0x00, 0x00, 0x00, 0x00, 0x00, 0x00, 0x00, 0x00, 0x00, 0x00, 0x00, 0x00, 0x00, 0x00, 0x00, 0x00, 0x00, 0x00, 0x00, 0x00, 0x00,
  0x00, 0x00, 0x00, 0x00, 0x00, 0x00, 0x00, 0x00, 0x00, 0x00, 0x00, 0x00, 0x00, 0x00, 0x00, 0x00, 0x00, 0x00, 0x00, 0x00, 0x00, 0x00, 0x00, 0x00,
  0x00, 0x00, 0x00, 0x00, 0x00, 0x00, 0x00, 0x00, 0x00, 0x00, 0x00, 0x00, 0x00, 0x00, 0x00, 0x00, 0x00, 0x00, 0x00, 0x00, 0x00, 0x00, 0x00, 0x00,
  0x00, 0x00, 0x00, 0x00, 0x00, 0x00, 0x00, 0x00, 0x00, 0x00, 0x00, 0x00, 0x00, 0x00, 0x00, 0x00, 0x00, 0x00, 0x00, 0x00, 0x00, 0x00, 0x00, 0x00,
  0x00, 0x00, 0x00, 0x00, 0x00, 0x00, 0x00, 0x00, 0x00, 0x00, 0x00, 0x00, 0x00, 0x00, 0x00, 0x00, 0x00, 0x00, 0x00, 0x00, 0x00, 0x00, 0x00, 0x00,
  0x92, 0x94, 0xCF, 0x9E, 0xF7, 0xFF, 0x3C, 0xE7, 0xFD, 0x5D, 0xEF, 0xFF, 0x5D, 0xEF, 0xFF, 0x5D, 0xEF, 0xFF, 0x5D, 0xEF, 0xFF, 0x5D, 0xEF, 0xFF,
  0x5D, 0xEF, 0xFF, 0x5D, 0xEF, 0xFF, 0x5D, 0xEF, 0xFF, 0x5C, 0xEF, 0xFF, 0x5C, 0xEF, 0xFF, 0x3D, 0xEF, 0xFF, 0x3C, 0xEF, 0xFF, 0x3C, 0xE7, 0xFF,
  0x3C, 0xE7, 0xFF, 0x3C, 0xEF, 0xFF, 0xF7, 0xBD, 0xFF, 0x6D, 0x73, 0xFF, 0x1C, 0xE7, 0xFF, 0x7D, 0xEF, 0xFF, 0x79, 0xCE, 0xFF, 0x5D, 0xEF, 0xFF,
  0x7D, 0xEF, 0xFF, 0x7D, 0xEF, 0xFF, 0x7D, 0xEF, 0xFF, 0x5D, 0xEF, 0xFF, 0x7D, 0xEF, 0xFF, 0x7D, 0xEF, 0xFF, 0x7D, 0xEF, 0xFF, 0x7D, 0xEF, 0xFF,
  0x7D, 0xEF, 0xFF, 0x7D, 0xEF, 0xFF, 0x7D, 0xEF, 0xFF, 0x7D, 0xEF, 0xFF, 0x5D, 0xEF, 0xFF, 0x5D, 0xEF, 0xFF, 0x7D, 0xEF, 0xFF, 0x7D, 0xEF, 0xFF,
  0x7D, 0xEF, 0xFF, 0x7D, 0xEF, 0xFF, 0x7D, 0xEF, 0xFF, 0x5D, 0xEF, 0xFF, 0x7D, 0xEF, 0xFF, 0x7D, 0xEF, 0xFF, 0x7D, 0xEF, 0xFF, 0x5D, 0xEF, 0xFF,
  0x7D, 0xEF, 0xFF, 0x7D, 0xEF, 0xFF, 0x7D, 0xEF, 0xFF, 0x7D, 0xEF, 0xFF, 0x5D, 0xEF, 0xFF, 0x5D, 0xEF, 0xFF, 0x5D, 0xEF, 0xFF, 0x5D, 0xEF, 0xFF,
  0x5D, 0xEF, 0xFF, 0x5D, 0xEF, 0xFF, 0x5D, 0xEF, 0xFF, 0x5D, 0xEF, 0xFF, 0x5D, 0xEF, 0xFF, 0x5D, 0xEF, 0xFF, 0x5D, 0xEF, 0xFF, 0x7D, 0xEF, 0xFF,
  0x5D, 0xEF, 0xFF, 0x5D, 0xEF, 0xFF, 0x5D, 0xEF, 0xFF, 0x5D, 0xEF, 0xFF, 0x5D, 0xEF, 0xFF, 0x5D, 0xEF, 0xFF, 0x5D, 0xEF, 0xFF, 0x5D, 0xEF, 0xFF,
  0x5D, 0xEF, 0xFF, 0x5D, 0xEF, 0xFF, 0x5D, 0xEF, 0xFF, 0x5D, 0xEF, 0xFF, 0x7D, 0xEF, 0xFF, 0x7D, 0xEF, 0xFF, 0x5D, 0xEF, 0xFF, 0x5D, 0xEF, 0xFF,
  0x5D, 0xEF, 0xFF, 0x5D, 0xEF, 0xFF, 0x5D, 0xEF, 0xFF, 0x7D, 0xEF, 0xFF, 0x7D, 0xEF, 0xFF, 0x7D, 0xEF, 0xFF, 0x7D, 0xEF, 0xFF, 0x5D, 0xEF, 0xFF,
  0x5D, 0xEF, 0xFF, 0x5D, 0xEF, 0xFF, 0x5D, 0xEF, 0xFF, 0x5D, 0xEF, 0xFF, 0x7D, 0xEF, 0xFF, 0x5D, 0xEF, 0xFF, 0x5D, 0xEF, 0xFF, 0x5D, 0xEF, 0xFF,
  0x7D, 0xEF, 0xFF, 0x5D, 0xEF, 0xFF, 0x5D, 0xEF, 0xFF, 0x7D, 0xEF, 0xFF, 0x7D, 0xEF, 0xFF, 0x5D, 0xEF, 0xFF, 0x5D, 0xEF, 0xFF, 0x5D, 0xEF, 0xFF,
  0x7D, 0xEF, 0xFF, 0x5D, 0xEF, 0xFF, 0x5D, 0xEF, 0xFF, 0x5D, 0xEF, 0xFF, 0x5D, 0xEF, 0xFF, 0x7D, 0xEF, 0xFF, 0x5D, 0xEF, 0xFF, 0x5D, 0xEF, 0xFF,
  0x7D, 0xEF, 0xFF, 0x5D, 0xEF, 0xFF, 0x5D, 0xEF, 0xFF, 0x5D, 0xEF, 0xFF, 0x5D, 0xEF, 0xFF, 0x5D, 0xEF, 0xFF, 0x5D, 0xEF, 0xFF, 0x7D, 0xEF, 0xFF,
  0x5D, 0xEF, 0xFF, 0x5D, 0xEF, 0xFF, 0xDF, 0xFF, 0xFF, 0xDF, 0xFF, 0xFF, 0xDF, 0xFF, 0xFF, 0xDF, 0xFF, 0xFF, 0xDE, 0xFF, 0xFF, 0x7D, 0xEF, 0xFF,
  0x7D, 0xEF, 0xFF, 0x5D, 0xEF, 0xFF, 0x5D, 0xEF, 0xFF, 0x5D, 0xEF, 0xFF, 0x7D, 0xEF, 0xFF, 0x7D, 0xEF, 0xFF, 0x7D, 0xEF, 0xFF, 0x5D, 0xEF, 0xFF,
  0x5D, 0xEF, 0xFF, 0x5D, 0xEF, 0xFF, 0x5D, 0xEF, 0xFF, 0x7D, 0xEF, 0xFF, 0x5D, 0xEF, 0xFF, 0x7D, 0xEF, 0xFF, 0x5D, 0xEF, 0xFF, 0x5D, 0xEF, 0xFF,
  0x5D, 0xEF, 0xFF, 0x5D, 0xEF, 0xFF, 0x5D, 0xEF, 0xFF, 0x5D, 0xEF, 0xFF, 0x5D, 0xEF, 0xFF, 0x5D, 0xEF, 0xFF, 0x5D, 0xEF, 0xFF, 0x5D, 0xEF, 0xFF,
  0x5D, 0xEF, 0xFF, 0x5D, 0xEF, 0xFF, 0x5D, 0xEF, 0xFF, 0x5D, 0xEF, 0xFF, 0x5D, 0xEF, 0xFF, 0x5D, 0xEF, 0xFF, 0x5D, 0xEF, 0xFF, 0x5D, 0xEF, 0xFF,
  0x5D, 0xEF, 0xFF, 0x5D, 0xEF, 0xFF, 0x5D, 0xEF, 0xFF, 0x5D, 0xEF, 0xFF, 0x7D, 0xEF, 0xFF, 0x5D, 0xEF, 0xFF, 0x7D, 0xEF, 0xFF, 0x1C, 0xE7, 0xFF,
  0x79, 0xCE, 0xFF, 0x5D, 0xEF, 0xFF, 0x3C, 0xE7, 0xFF, 0x91, 0x9C, 0xFF, 0x00, 0x78, 0xFD, 0x21, 0xA0, 0xFF, 0x42, 0x81, 0xF1, 0x20, 0x00, 0x03,
  0xFF, 0xFF, 0x00, 0xFF, 0xFF, 0x00, 0xFF, 0xFF, 0x00, 0xFF, 0xFF, 0x00, 0xFF, 0xFF, 0x00, 0xFF, 0xFF, 0x00, 0xFF, 0xFF, 0x00, 0xFF, 0xFF, 0x00,
  0xFF, 0xFF, 0x00, 0xFF, 0xFF, 0x00, 0xFF, 0xFF, 0x00, 0xFF, 0xFF, 0x00, 0xFF, 0xFF, 0x00, 0xFF, 0xFF, 0x00, 0xFF, 0xFF, 0x00, 0xFF, 0xFF, 0x00,
  0xFF, 0xFF, 0x00, 0xFF, 0xFF, 0x00, 0xFF, 0xFF, 0x00, 0xFF, 0xFF, 0x00, 0xFF, 0xFF, 0x00, 0xFF, 0xFF, 0x00, 0xFF, 0xFF, 0x00, 0xFF, 0xFF, 0x00,
  0xFF, 0xFF, 0x00, 0xFF, 0xFF, 0x00, 0xFF, 0xFF, 0x00, 0xFF, 0xFF, 0x00, 0xFF, 0xFF, 0x00, 0xFF, 0xFF, 0x00, 0xFF, 0xFF, 0x00, 0xFF, 0xFF, 0x00,
  0xFF, 0xFF, 0x00, 0xFF, 0xFF, 0x00, 0xFF, 0xFF, 0x00, 0xFF, 0xFF, 0x00, 0xFF, 0xFF, 0x00, 0xFF, 0xFF, 0x00, 0xFF, 0xFF, 0x00, 0xFF, 0xFF, 0x00,
  0xFF, 0xFF, 0x00, 0xFF, 0xFF, 0x00, 0xFF, 0xFF, 0x00, 0xFF, 0xFF, 0x00, 0xFF, 0xFF, 0x00, 0xFF, 0xFF, 0x00, 0xFF, 0xFF, 0x00, 0xFF, 0xFF, 0x00,
  0xFF, 0xFF, 0x00, 0xFF, 0xFF, 0x00, 0xFF, 0xFF, 0x00, 0xFF, 0xFF, 0x00, 0xFF, 0xFF, 0x00, 0xFF, 0xFF, 0x00, 0xFF, 0xFF, 0x00, 0x00, 0x00, 0x00,
  0x00, 0x00, 0x00, 0x00, 0x00, 0x00, 0x00, 0x00, 0x00, 0x00, 0x00, 0x00, 0x00, 0x00, 0x00, 0x00, 0x00, 0x00, 0x00, 0x00, 0x00, 0x00, 0x00, 0x00,
  0x00, 0x00, 0x00, 0x00, 0x00, 0x00, 0x00, 0x00, 0x00, 0x00, 0x00, 0x00, 0x00, 0x00, 0x00, 0x00, 0x00, 0x00, 0x00, 0x00, 0x00, 0x00, 0x00, 0x00,
  0x00, 0x00, 0x00, 0x00, 0x00, 0x00, 0x00, 0x00, 0x00, 0x00, 0x00, 0x00, 0x00, 0x00, 0x00, 0x00, 0x00, 0x00, 0x00, 0x00, 0x00, 0x00, 0x00, 0x00,
  0x00, 0x00, 0x00, 0x00, 0x00, 0x00, 0x00, 0x00, 0x00, 0x00, 0x00, 0x00, 0x00, 0x00, 0x00, 0x00, 0x00, 0x00, 0x00, 0x00, 0x00, 0x00, 0x00, 0x00,
  0x00, 0x00, 0x00, 0x00, 0x00, 0x00, 0x00, 0x00, 0x00, 0x00, 0x00, 0x00, 0x00, 0x00, 0x00, 0x00, 0x00, 0x00, 0x00, 0x00, 0x00, 0x00, 0x00, 0x00,
  0x00, 0x00, 0x00, 0x00, 0x00, 0x00, 0x00, 0x00, 0x00, 0x00, 0x00, 0x00, 0xB2, 0x94, 0xCF, 0xBE, 0xF7, 0xFF, 0x5C, 0xEF, 0xFD, 0x5D, 0xEF, 0xFF,
  0x5D, 0xEF, 0xFF, 0x5D, 0xEF, 0xFF, 0x5D, 0xEF, 0xFF, 0x5D, 0xEF, 0xFF, 0x5D, 0xEF, 0xFF, 0x5D, 0xEF, 0xFF, 0x5D, 0xEF, 0xFF, 0x5D, 0xEF, 0xFF,
  0x5C, 0xEF, 0xFF, 0x3C, 0xEF, 0xFF, 0x3C, 0xEF, 0xFF, 0x3C, 0xE7, 0xFF, 0x3C, 0xE7, 0xFF, 0x3C, 0xE7, 0xFF, 0xDB, 0xDE, 0xFF, 0x6D, 0x6B, 0xFF,
  0x59, 0xCE, 0xFF, 0x9E, 0xF7, 0xFF, 0x79, 0xD6, 0xFF, 0xFB, 0xDE, 0xFF, 0x9D, 0xF7, 0xFF, 0x7D, 0xEF, 0xFF, 0x7D, 0xEF, 0xFF, 0x5D, 0xEF, 0xFF,
  0x7D, 0xEF, 0xFF, 0x5D, 0xEF, 0xFF, 0x7D, 0xEF, 0xFF, 0x5D, 0xEF, 0xFF, 0x5D, 0xEF, 0xFF, 0x5D, 0xEF, 0xFF, 0x5D, 0xEF, 0xFF, 0x5D, 0xEF, 0xFF,
  0x5D, 0xEF, 0xFF, 0x7D, 0xEF, 0xFF, 0x5D, 0xEF, 0xFF, 0x5D, 0xEF, 0xFF, 0x7D, 0xEF, 0xFF, 0x7D, 0xEF, 0xFF, 0x7D, 0xEF, 0xFF, 0x5D, 0xEF, 0xFF,
  0x7D, 0xEF, 0xFF, 0x7D, 0xEF, 0xFF, 0x5D, 0xEF, 0xFF, 0x7D, 0xEF, 0xFF, 0x5D, 0xEF, 0xFF, 0x5D, 0xEF, 0xFF, 0x5D, 0xEF, 0xFF, 0x5D, 0xEF, 0xFF,
  0x5D, 0xEF, 0xFF, 0x7D, 0xEF, 0xFF, 0x5D, 0xEF, 0xFF, 0x5D, 0xEF, 0xFF, 0x5D, 0xEF, 0xFF, 0x5D, 0xEF, 0xFF, 0x5D, 0xEF, 0xFF, 0x5D, 0xEF, 0xFF,
  0x5D, 0xEF, 0xFF, 0x5D, 0xEF, 0xFF, 0x5D, 0xEF, 0xFF, 0x5D, 0xEF, 0xFF, 0x5D, 0xEF, 0xFF, 0x5D, 0xEF, 0xFF, 0x5D, 0xEF, 0xFF, 0x5D, 0xEF, 0xFF,
  0x5D, 0xEF, 0xFF, 0x5D, 0xEF, 0xFF, 0x7D, 0xEF, 0xFF, 0x5D, 0xEF, 0xFF, 0x5D, 0xEF, 0xFF, 0x5D, 0xEF, 0xFF, 0x5D, 0xEF, 0xFF, 0x5D, 0xEF, 0xFF,
  0x5D, 0xEF, 0xFF, 0x5D, 0xEF, 0xFF, 0x5D, 0xEF, 0xFF, 0x5D, 0xEF, 0xFF, 0x5D, 0xEF, 0xFF, 0x5D, 0xEF, 0xFF, 0x5D, 0xEF, 0xFF, 0x5D, 0xEF, 0xFF,
  0x7D, 0xEF, 0xFF, 0x5D, 0xEF, 0xFF, 0x7D, 0xEF, 0xFF, 0x7D, 0xEF, 0xFF, 0x7D, 0xEF, 0xFF, 0x5D, 0xEF, 0xFF, 0x5D, 0xEF, 0xFF, 0x5D, 0xEF, 0xFF,
  0x5D, 0xEF, 0xFF, 0x5D, 0xEF, 0xFF, 0x5D, 0xEF, 0xFF, 0x5D, 0xEF, 0xFF, 0x5D, 0xEF, 0xFF, 0x5D, 0xEF, 0xFF, 0x7D, 0xEF, 0xFF, 0x7D, 0xEF, 0xFF,
  0x5D, 0xEF, 0xFF, 0x5D, 0xEF, 0xFF, 0x5D, 0xEF, 0xFF, 0x7D, 0xEF, 0xFF, 0x7D, 0xEF, 0xFF, 0x7D, 0xEF, 0xFF, 0x5D, 0xEF, 0xFF, 0x7D, 0xEF, 0xFF,
  0x5D, 0xEF, 0xFF, 0x7D, 0xEF, 0xFF, 0x5D, 0xEF, 0xFF, 0x5D, 0xEF, 0xFF, 0x7D, 0xEF, 0xFF, 0x5D, 0xEF, 0xFF, 0x5D, 0xEF, 0xFF, 0x5D, 0xEF, 0xFF,
  0x5D, 0xEF, 0xFF, 0x5D, 0xEF, 0xFF, 0x5D, 0xEF, 0xFF, 0x5D, 0xEF, 0xFF, 0x7D, 0xEF, 0xFF, 0x7D, 0xEF, 0xFF, 0xB6, 0xB5, 0xFF, 0x55, 0xAD, 0xFF,
  0x14, 0xA5, 0xFF, 0x14, 0xA5, 0xFF, 0xB6, 0xB5, 0xFF, 0x7D, 0xF7, 0xFF, 0x7D, 0xEF, 0xFF, 0x5D, 0xEF, 0xFF, 0x5D, 0xEF, 0xFF, 0x5D, 0xEF, 0xFF,
  0x5D, 0xEF, 0xFF, 0x7D, 0xEF, 0xFF, 0x5D, 0xEF, 0xFF, 0x7D, 0xEF, 0xFF, 0x5D, 0xEF, 0xFF, 0x5D, 0xEF, 0xFF, 0x7D, 0xEF, 0xFF, 0x5D, 0xEF, 0xFF,
  0x5D, 0xEF, 0xFF, 0x5D, 0xEF, 0xFF, 0x5D, 0xEF, 0xFF, 0x5D, 0xEF, 0xFF, 0x5D, 0xEF, 0xFF, 0x5D, 0xEF, 0xFF, 0x5D, 0xEF, 0xFF, 0x5D, 0xEF, 0xFF,
  0x5D, 0xEF, 0xFF, 0x5D, 0xEF, 0xFF, 0x5D, 0xEF, 0xFF, 0x5D, 0xEF, 0xFF, 0x5D, 0xEF, 0xFF, 0x5C, 0xEF, 0xFF, 0x5C, 0xEF, 0xFF, 0x5C, 0xEF, 0xFF,
  0x5D, 0xEF, 0xFF, 0x5D, 0xEF, 0xFF, 0x5D, 0xEF, 0xFF, 0x5D, 0xEF, 0xFF, 0x5D, 0xEF, 0xFF, 0x5D, 0xEF, 0xFF, 0x5D, 0xEF, 0xFF, 0x5D, 0xEF, 0xFF,
  0x7D, 0xEF, 0xFF, 0x5D, 0xEF, 0xFF, 0x9E, 0xF7, 0xFF, 0xBA, 0xD6, 0xFF, 0xBA, 0xD6, 0xFF, 0x3C, 0xEF, 0xFF, 0x1C, 0xDF, 0xFF, 0xEC, 0x82, 0xFD,
  0x00, 0x88, 0xFB, 0x21, 0x90, 0xFD, 0x21, 0x81, 0xEB, 0x20, 0x00, 0x03, 0xFF, 0xFF, 0x00, 0xFF, 0xFF, 0x00, 0xFF, 0xFF, 0x00, 0xFF, 0xFF, 0x00,
  0xFF, 0xFF, 0x00, 0xFF, 0xFF, 0x00, 0xFF, 0xFF, 0x00, 0xFF, 0xFF, 0x00, 0xFF, 0xFF, 0x00, 0xFF, 0xFF, 0x00, 0xFF, 0xFF, 0x00, 0xFF, 0xFF, 0x00,
  0xFF, 0xFF, 0x00, 0xFF, 0xFF, 0x00, 0xFF, 0xFF, 0x00, 0xFF, 0xFF, 0x00, 0xFF, 0xFF, 0x00, 0xFF, 0xFF, 0x00, 0xFF, 0xFF, 0x00, 0xFF, 0xFF, 0x00,
  0xFF, 0xFF, 0x00, 0xFF, 0xFF, 0x00, 0xFF, 0xFF, 0x00, 0xFF, 0xFF, 0x00, 0xFF, 0xFF, 0x00, 0xFF, 0xFF, 0x00, 0xFF, 0xFF, 0x00, 0xFF, 0xFF, 0x00,
  0xFF, 0xFF, 0x00, 0xFF, 0xFF, 0x00, 0xFF, 0xFF, 0x00, 0xFF, 0xFF, 0x00, 0xFF, 0xFF, 0x00, 0xFF, 0xFF, 0x00, 0xFF, 0xFF, 0x00, 0xFF, 0xFF, 0x00,
  0xFF, 0xFF, 0x00, 0xFF, 0xFF, 0x00, 0xFF, 0xFF, 0x00, 0xFF, 0xFF, 0x00, 0xFF, 0xFF, 0x00, 0xFF, 0xFF, 0x00, 0xFF, 0xFF, 0x00, 0xFF, 0xFF, 0x00,
  0xFF, 0xFF, 0x00, 0xFF, 0xFF, 0x00, 0xFF, 0xFF, 0x00, 0xFF, 0xFF, 0x00, 0xFF, 0xFF, 0x00, 0xFF, 0xFF, 0x00, 0xFF, 0xFF, 0x00, 0xFF, 0xFF, 0x00,
  0xFF, 0xFF, 0x00, 0xFF, 0xFF, 0x00, 0xFF, 0xFF, 0x00, 0x00, 0x00, 0x00, 0x00, 0x00, 0x00, 0x00, 0x00, 0x00, 0x00, 0x00, 0x00, 0x00, 0x00, 0x00,
  0x00, 0x00, 0x00, 0x00, 0x00, 0x00, 0x00, 0x00, 0x00, 0x00, 0x00, 0x00, 0x00, 0x00, 0x00, 0x00, 0x00, 0x00, 0x00, 0x00, 0x00, 0x00, 0x00, 0x00,
  0x00, 0x00, 0x00, 0x00, 0x00, 0x00, 0x00, 0x00, 0x00, 0x00, 0x00, 0x00, 0x00, 0x00, 0x00, 0x00, 0x00, 0x00, 0x00, 0x00, 0x00, 0x00, 0x00, 0x00,
  0x00, 0x00, 0x00, 0x00, 0x00, 0x00, 0x00, 0x00, 0x00, 0x00, 0x00, 0x00, 0x00, 0x00, 0x00, 0x00, 0x00, 0x00, 0x00, 0x00, 0x00, 0x00, 0x00, 0x00,
  0x41, 0x08, 0x02, 0x86, 0x31, 0x43, 0x45, 0x29, 0x2F, 0x24, 0x21, 0x24, 0x45, 0x29, 0x37, 0x86, 0x31, 0x3D, 0x61, 0x08, 0x02, 0x00, 0x00, 0x00,
  0x00, 0x00, 0x00, 0x00, 0x00, 0x00, 0x00, 0x00, 0x00, 0x00, 0x00, 0x00, 0x00, 0x00, 0x00, 0x00, 0x00, 0x00, 0x00, 0x00, 0x00, 0x00, 0x00, 0x00,
  0xD3, 0x9C, 0xCF, 0x9E, 0xF7, 0xFF, 0x5D, 0xEF, 0xFD, 0x5D, 0xEF, 0xFF, 0x5D, 0xEF, 0xFF, 0x5D, 0xEF, 0xFF, 0x5D, 0xEF, 0xFF, 0x5D, 0xEF, 0xFF,
  0x5D, 0xEF, 0xFF, 0x5D, 0xEF, 0xFF, 0x5D, 0xEF, 0xFF, 0x5D, 0xEF, 0xFF, 0x5C, 0xEF, 0xFF, 0x5D, 0xEF, 0xFF, 0x3C, 0xEF, 0xFF, 0x3C, 0xEF, 0xFF,
  0x3C, 0xE7, 0xFF, 0x3C, 0xE7, 0xFF, 0x5D, 0xEF, 0xFF, 0x10, 0x84, 0xFF, 0x14, 0xA5, 0xFF, 0x9E, 0xF7, 0xFF, 0xDB, 0xDE, 0xFF, 0xBA, 0xD6, 0xFF,
  0x9E, 0xF7, 0xFF, 0x5D, 0xEF, 0xFF, 0x7D, 0xEF, 0xFF, 0x7D, 0xEF, 0xFF, 0x5D, 0xEF, 0xFF, 0x5D, 0xEF, 0xFF, 0x7D, 0xEF, 0xFF, 0xBF, 0xF7, 0xFF,
  0xBF, 0xF7, 0xFF, 0xBF, 0xEF, 0xFF, 0xBF, 0xEF, 0xFF, 0xBF, 0xEF, 0xFF, 0x9E, 0xF7, 0xFF, 0x5D, 0xEF, 0xFF, 0x7D, 0xEF, 0xFF, 0x7D, 0xEF, 0xFF,
  0x7D, 0xEF, 0xFF, 0x5D, 0xEF, 0xFF, 0x5D, 0xEF, 0xFF, 0x7D, 0xEF, 0xFF, 0x5D, 0xEF, 0xFF, 0x7D, 0xEF, 0xFF, 0x5D, 0xEF, 0xFF, 0x7D, 0xEF, 0xFF,
  0x5D, 0xEF, 0xFF, 0x5D, 0xEF, 0xFF, 0x7D, 0xEF, 0xFF, 0x7D, 0xEF, 0xFF, 0x5D, 0xEF, 0xFF, 0x5D, 0xEF, 0xFF, 0x5D, 0xEF, 0xFF, 0x5D, 0xEF, 0xFF,
  0x5D, 0xEF, 0xFF, 0x5D, 0xEF, 0xFF, 0x5D, 0xEF, 0xFF, 0x5D, 0xEF, 0xFF, 0x5D, 0xEF, 0xFF, 0x5D, 0xEF, 0xFF, 0x5D, 0xEF, 0xFF, 0x5D, 0xEF, 0xFF,
  0x5D, 0xEF, 0xFF, 0x5D, 0xEF, 0xFF, 0x5D, 0xEF, 0xFF, 0x5D, 0xEF, 0xFF, 0x5D, 0xEF, 0xFF, 0x5D, 0xEF, 0xFF, 0x5D, 0xEF, 0xFF, 0x5D, 0xEF, 0xFF,
  0x5D, 0xEF, 0xFF, 0x5D, 0xEF, 0xFF, 0x5D, 0xEF, 0xFF, 0x7D, 0xEF, 0xFF, 0x5D, 0xEF, 0xFF, 0x5D, 0xEF, 0xFF, 0x5D, 0xEF, 0xFF, 0x5D, 0xEF, 0xFF,
  0x5D, 0xEF, 0xFF, 0x5D, 0xEF, 0xFF, 0x5D, 0xEF, 0xFF, 0x5D, 0xEF, 0xFF, 0x5D, 0xEF, 0xFF, 0x5D, 0xEF, 0xFF, 0x5D, 0xEF, 0xFF, 0x5D, 0xEF, 0xFF,
  0x7D, 0xEF, 0xFF, 0x5D, 0xEF, 0xFF, 0x5D, 0xEF, 0xFF, 0x7D, 0xEF, 0xFF, 0x5D, 0xEF, 0xFF, 0x5D, 0xEF, 0xFF, 0x7D, 0xEF, 0xFF, 0x5D, 0xEF, 0xFF,
  0x5D, 0xEF, 0xFF, 0x7D, 0xEF, 0xFF, 0x5D, 0xEF, 0xFF, 0x7D, 0xEF, 0xFF, 0x5D, 0xEF, 0xFF, 0x5D, 0xEF, 0xFF, 0x5D, 0xEF, 0xFF, 0x5D, 0xEF, 0xFF,
  0x7D, 0xEF, 0xFF, 0x7D, 0xEF, 0xFF, 0x7D, 0xEF, 0xFF, 0x5D, 0xEF, 0xFF, 0x5D, 0xEF, 0xFF, 0x7D, 0xEF, 0xFF, 0x5D, 0xEF, 0xFF, 0x5D, 0xEF, 0xFF,
  0x5D, 0xEF, 0xFF, 0x5D, 0xEF, 0xFF, 0x5D, 0xEF, 0xFF, 0x5D, 0xEF, 0xFF, 0x5D, 0xEF, 0xFF, 0x5D, 0xEF, 0xFF, 0x5D, 0xEF, 0xFF, 0x5D, 0xEF, 0xFF,
  0xBE, 0xFF, 0xFF, 0x10, 0x84, 0xFF, 0x2C, 0x63, 0xFF, 0x71, 0x8C, 0xFF, 0x10, 0x84, 0xFF, 0x30, 0x84, 0xFF, 0x69, 0x4A, 0xFF, 0xB2, 0x94, 0xFF,
  0xDF, 0xFF, 0xFF, 0x5D, 0xEF, 0xFF, 0x7D, 0xEF, 0xFF, 0x5D, 0xEF, 0xFF, 0x5D, 0xEF, 0xFF, 0x5D, 0xEF, 0xFF, 0x7D, 0xEF, 0xFF, 0x7D, 0xEF, 0xFF,
  0x5D, 0xEF, 0xFF, 0x5D, 0xEF, 0xFF, 0x7D, 0xEF, 0xFF, 0x7D, 0xEF, 0xFF, 0x7D, 0xEF, 0xFF, 0x5D, 0xEF, 0xFF, 0x5D, 0xEF, 0xFF, 0x7D, 0xEF, 0xFF,
  0x5D, 0xEF, 0xFF, 0x5D, 0xEF, 0xFF, 0x5D, 0xEF, 0xFF, 0x5D, 0xEF, 0xFF, 0x5D, 0xEF, 0xFF, 0x5D, 0xEF, 0xFF, 0x5D, 0xEF, 0xFF, 0x5D, 0xEF, 0xFF,
  0x9E, 0xF7, 0xFF, 0xBF, 0xEF, 0xFF, 0xBF, 0xEF, 0xFF, 0xBF, 0xEF, 0xFF, 0xBF, 0xEF, 0xFF, 0xBF, 0xF7, 0xFF, 0x7D, 0xEF, 0xFF, 0x5D, 0xEF, 0xFF,
  0x5D, 0xEF, 0xFF, 0x5D, 0xEF, 0xFF, 0x5D, 0xEF, 0xFF, 0x5D, 0xEF, 0xFF, 0x5D, 0xEF, 0xFF, 0x5D, 0xEF, 0xFF, 0x7D, 0xF7, 0xFF, 0x79, 0xCE, 0xFF,
  0x3C, 0xE7, 0xFF, 0x3C, 0xEF, 0xFF, 0x79, 0xC6, 0xFD, 0x25, 0x69, 0xFF, 0x00, 0x88, 0xFF, 0x01, 0x98, 0xFF, 0x61, 0x91, 0xFF, 0x40, 0x00, 0x04,
  0xFF, 0xFF, 0x00, 0xFF, 0xFF, 0x00, 0xFF, 0xFF, 0x00, 0xFF, 0xFF, 0x00, 0xFF, 0xFF, 0x00, 0xFF, 0xFF, 0x00, 0xFF, 0xFF, 0x00, 0xFF, 0xFF, 0x00,
  0xFF, 0xFF, 0x00, 0xFF, 0xFF, 0x00, 0xFF, 0xFF, 0x00, 0xFF, 0xFF, 0x00, 0xFF, 0xFF, 0x00, 0xFF, 0xFF, 0x00, 0xFF, 0xFF, 0x00, 0xFF, 0xFF, 0x00,
  0xFF, 0xFF, 0x00, 0xFF, 0xFF, 0x00, 0xFF, 0xFF, 0x00, 0xFF, 0xFF, 0x00, 0xFF, 0xFF, 0x00, 0xFF, 0xFF, 0x00, 0xFF, 0xFF, 0x00, 0xFF, 0xFF, 0x00,
  0xFF, 0xFF, 0x00, 0xFF, 0xFF, 0x00, 0xFF, 0xFF, 0x00, 0xFF, 0xFF, 0x00, 0xFF, 0xFF, 0x00, 0xFF, 0xFF, 0x00, 0xFF, 0xFF, 0x00, 0xFF, 0xFF, 0x00,
  0xFF, 0xFF, 0x00, 0xFF, 0xFF, 0x00, 0xFF, 0xFF, 0x00, 0xFF, 0xFF, 0x00, 0xFF, 0xFF, 0x00, 0xFF, 0xFF, 0x00, 0xFF, 0xFF, 0x00, 0xFF, 0xFF, 0x00,
  0xFF, 0xFF, 0x00, 0xFF, 0xFF, 0x00, 0xFF, 0xFF, 0x00, 0xFF, 0xFF, 0x00, 0xFF, 0xFF, 0x00, 0xFF, 0xFF, 0x00, 0xFF, 0xFF, 0x00, 0xFF, 0xFF, 0x00,
  0xFF, 0xFF, 0x00, 0xFF, 0xFF, 0x00, 0xFF, 0xFF, 0x00, 0xFF, 0xFF, 0x00, 0xFF, 0xFF, 0x00, 0xFF, 0xFF, 0x00, 0xFF, 0xFF, 0x00, 0x00, 0x00, 0x00,
  0x00, 0x00, 0x00, 0x00, 0x00, 0x00, 0x00, 0x00, 0x00, 0x00, 0x00, 0x00, 0x00, 0x00, 0x00, 0x00, 0x00, 0x00, 0x00, 0x00, 0x00, 0x00, 0x00, 0x00,
  0x00, 0x00, 0x00, 0x00, 0x00, 0x00, 0x00, 0x00, 0x00, 0x00, 0x00, 0x00, 0x00, 0x00, 0x00, 0x00, 0x00, 0x00, 0x00, 0x00, 0x00, 0x00, 0x00, 0x00,
  0x00, 0x00, 0x00, 0x00, 0x00, 0x00, 0x00, 0x00, 0x00, 0x00, 0x00, 0x00, 0x00, 0x00, 0x00, 0x00, 0x00, 0x00, 0x00, 0x00, 0x00, 0x00, 0x00, 0x00,
  0x00, 0x00, 0x00, 0x00, 0x00, 0x00, 0x00, 0x00, 0x00, 0x00, 0x00, 0x00, 0xA6, 0x31, 0x44, 0x24, 0x21, 0xFF, 0x65, 0x29, 0xFF, 0x65, 0x29, 0xFF,
  0x45, 0x29, 0xFF, 0x45, 0x29, 0xFF, 0xC3, 0x18, 0x1C, 0x00, 0x00, 0x00, 0x00, 0x00, 0x00, 0x00, 0x00, 0x00, 0x00, 0x00, 0x00, 0x00, 0x00, 0x00,
  0x00, 0x00, 0x00, 0x00, 0x00, 0x00, 0x00, 0x00, 0x00, 0x00, 0x00, 0x00, 0xD3, 0x9C, 0xCE, 0x9E, 0xF7, 0xFF, 0x5D, 0xEF, 0xFD, 0x5D, 0xEF, 0xFF,
  0x5D, 0xEF, 0xFF, 0x5D, 0xEF, 0xFF, 0x5D, 0xEF, 0xFF, 0x5D, 0xEF, 0xFF, 0x5D, 0xEF, 0xFF, 0x5D, 0xEF, 0xFF, 0x5D, 0xEF, 0xFF, 0x5D, 0xEF, 0xFF,
  0x5D, 0xEF, 0xFF, 0x5D, 0xEF, 0xFF, 0x3C, 0xEF, 0xFF, 0x3C, 0xEF, 0xFF, 0x3C, 0xEF, 0xFF, 0x3C, 0xE7, 0xFF, 0x7D, 0xEF, 0xFF, 0x34, 0xA5, 0xFF,
  0x10, 0x84, 0xFF, 0x7D, 0xEF, 0xFF, 0x3C, 0xEF, 0xFF, 0x59, 0xCE, 0xFF, 0x7D, 0xEF, 0xFF, 0x5D, 0xEF, 0xFF, 0x7D, 0xEF, 0xFF, 0x7D, 0xEF, 0xFF,
  0x7D, 0xEF, 0xFF, 0x5D, 0xEF, 0xFF, 0x9E, 0xEF, 0xFF, 0x73, 0xBD, 0xFF, 0x6B, 0xBC, 0xFF, 0x8D, 0xBC, 0xFF, 0x6C, 0xBC, 0xFF, 0x0B, 0xB4, 0xFF,
  0xF6, 0xC5, 0xFF, 0x9E, 0xF7, 0xFF, 0x5D, 0xEF, 0xFF, 0x7D, 0xEF, 0xFF, 0x7D, 0xEF, 0xFF, 0x5D, 0xEF, 0xFF, 0x5D, 0xEF, 0xFF, 0x5D, 0xEF, 0xFF,
  0x5D, 0xEF, 0xFF, 0x5D, 0xEF, 0xFF, 0x5D, 0xEF, 0xFF, 0x5D, 0xEF, 0xFF, 0x7D, 0xEF, 0xFF, 0x7D, 0xEF, 0xFF, 0x5D, 0xEF, 0xFF, 0x5D, 0xEF, 0xFF,
  0x5D, 0xEF, 0xFF, 0x5D, 0xEF, 0xFF, 0x5D, 0xEF, 0xFF, 0x5D, 0xEF, 0xFF, 0x5D, 0xEF, 0xFF, 0x5D, 0xEF, 0xFF, 0x5D, 0xEF, 0xFF, 0x5D, 0xEF, 0xFF,
  0x5D, 0xEF, 0xFF, 0x5D, 0xEF, 0xFF, 0x5D, 0xEF, 0xFF, 0x5D, 0xEF, 0xFF, 0x5D, 0xEF, 0xFF, 0x5D, 0xEF, 0xFF, 0x7D, 0xEF, 0xFF, 0x5D, 0xEF, 0xFF,
  0x5D, 0xEF, 0xFF, 0x5D, 0xEF, 0xFF, 0x5D, 0xEF, 0xFF, 0x5D, 0xEF, 0xFF, 0x5D, 0xEF, 0xFF, 0x5D, 0xEF, 0xFF, 0x5D, 0xEF, 0xFF, 0x5D, 0xEF, 0xFF,
  0x5D, 0xEF, 0xFF, 0x5D, 0xEF, 0xFF, 0x5D, 0xEF, 0xFF, 0x5D, 0xEF, 0xFF, 0x5D, 0xEF, 0xFF, 0x5D, 0xEF, 0xFF, 0x5D, 0xEF, 0xFF, 0x5D, 0xEF, 0xFF,
  0x5D, 0xEF, 0xFF, 0x5D, 0xEF, 0xFF, 0x7D, 0xEF, 0xFF, 0x5D, 0xEF, 0xFF, 0x5D, 0xEF, 0xFF, 0x5D, 0xEF, 0xFF, 0x5D, 0xEF, 0xFF, 0x7D, 0xEF, 0xFF,
  0x5D, 0xEF, 0xFF, 0x7D, 0xEF, 0xFF, 0x7D, 0xEF, 0xFF, 0x5D, 0xEF, 0xFF, 0x5D, 0xEF, 0xFF, 0x5D, 0xEF, 0xFF, 0x7D, 0xEF, 0xFF, 0x7D, 0xEF, 0xFF,
  0x5D, 0xEF, 0xFF, 0x5D, 0xEF, 0xFF, 0x7D, 0xEF, 0xFF, 0x5D, 0xEF, 0xFF, 0x7D, 0xEF, 0xFF, 0x5D, 0xEF, 0xFF, 0x7D, 0xEF, 0xFF, 0x5D, 0xEF, 0xFF,
  0x5D, 0xEF, 0xFF, 0x5D, 0xEF, 0xFF, 0x7D, 0xEF, 0xFF, 0x7D, 0xEF, 0xFF, 0x5D, 0xEF, 0xFF, 0x5D, 0xEF, 0xFF, 0x5D, 0xEF, 0xFF, 0x5D, 0xEF, 0xFF,
  0x5D, 0xEF, 0xFF, 0x7D, 0xEF, 0xFF, 0x7D, 0xEF, 0xFF, 0x5D, 0xEF, 0xFF, 0xBE, 0xF7, 0xFF, 0x8A, 0x52, 0xFF, 0x18, 0xC6, 0xFF, 0xFF, 0xFF, 0xFF,
  0x1C, 0xE7, 0xFF, 0xFF, 0xFF, 0xFF, 0xB2, 0x94, 0xFF, 0x8E, 0x73, 0xFF, 0xFF, 0xFF, 0xFF, 0x5C, 0xEF, 0xFF, 0x5D, 0xEF, 0xFF, 0x5D, 0xEF, 0xFF,
  0x5D, 0xEF, 0xFF, 0x7D, 0xEF, 0xFF, 0x5D, 0xEF, 0xFF, 0x5D, 0xEF, 0xFF, 0x7D, 0xEF, 0xFF, 0x5D, 0xEF, 0xFF, 0x7D, 0xEF, 0xFF, 0x7D, 0xEF, 0xFF,
  0x5D, 0xEF, 0xFF, 0x7D, 0xEF, 0xFF, 0x5D, 0xEF, 0xFF, 0x5D, 0xEF, 0xFF, 0x5D, 0xEF, 0xFF, 0x5D, 0xEF, 0xFF, 0x5D, 0xEF, 0xFF, 0x5D, 0xEF, 0xFF,
  0x5D, 0xEF, 0xFF, 0x5D, 0xEF, 0xFF, 0x5D, 0xEF, 0xFF, 0x9E, 0xF7, 0xFF, 0x79, 0xD6, 0xFF, 0x6C, 0xB4, 0xFF, 0x8C, 0xBC, 0xFF, 0x6C, 0xBC, 0xFF,
  0x2B, 0xB4, 0xFF, 0x8F, 0xAC, 0xFF, 0x5D, 0xE7, 0xFF, 0x7D, 0xEF, 0xFF, 0x5D, 0xEF, 0xFF, 0x5D, 0xEF, 0xFF, 0x5D, 0xEF, 0xFF, 0x7D, 0xEF, 0xFF,
  0x7D, 0xEF, 0xFF, 0x7D, 0xEF, 0xFF, 0x5D, 0xEF, 0xFF, 0x59, 0xCE, 0xFF, 0x7D, 0xEF, 0xFF, 0x5D, 0xEF, 0xFF, 0xD7, 0xBD, 0xFF, 0xC3, 0x48, 0xF9,
  0xA3, 0x60, 0xEF, 0xC3, 0x68, 0xF3, 0x44, 0x49, 0x86, 0x41, 0x00, 0x01, 0xFF, 0xFF, 0x00, 0xFF, 0xFF, 0x00, 0xFF, 0xFF, 0x00, 0xFF, 0xFF, 0x00,
  0xFF, 0xFF, 0x00, 0xFF, 0xFF, 0x00, 0xFF, 0xFF, 0x00, 0xFF, 0xFF, 0x00, 0xFF, 0xFF, 0x00, 0xFF, 0xFF, 0x00, 0xFF, 0xFF, 0x00, 0xFF, 0xFF, 0x00,
  0xFF, 0xFF, 0x00, 0xFF, 0xFF, 0x00, 0xFF, 0xFF, 0x00, 0xFF, 0xFF, 0x00, 0xFF, 0xFF, 0x00, 0xFF, 0xFF, 0x00, 0xFF, 0xFF, 0x00, 0xFF, 0xFF, 0x00,
  0xFF, 0xFF, 0x00, 0xFF, 0xFF, 0x00, 0xFF, 0xFF, 0x00, 0xFF, 0xFF, 0x00, 0xFF, 0xFF, 0x00, 0xFF, 0xFF, 0x00, 0xFF, 0xFF, 0x00, 0xFF, 0xFF, 0x00,
  0xFF, 0xFF, 0x00, 0xFF, 0xFF, 0x00, 0xFF, 0xFF, 0x00, 0xFF, 0xFF, 0x00, 0xFF, 0xFF, 0x00, 0xFF, 0xFF, 0x00, 0xFF, 0xFF, 0x00, 0xFF, 0xFF, 0x00,
  0xFF, 0xFF, 0x00, 0xFF, 0xFF, 0x00, 0xFF, 0xFF, 0x00, 0xFF, 0xFF, 0x00, 0xFF, 0xFF, 0x00, 0xFF, 0xFF, 0x00, 0xFF, 0xFF, 0x00, 0xFF, 0xFF, 0x00,
  0xFF, 0xFF, 0x00, 0xFF, 0xFF, 0x00, 0xFF, 0xFF, 0x00, 0xFF, 0xFF, 0x00, 0xFF, 0xFF, 0x00, 0xFF, 0xFF, 0x00, 0xFF, 0xFF, 0x00, 0xFF, 0xFF, 0x00,
  0xFF, 0xFF, 0x00, 0xFF, 0xFF, 0x00, 0xFF, 0xFF, 0x00, 0x00, 0x00, 0x00, 0x00, 0x00, 0x00, 0x00, 0x00, 0x00, 0x00, 0x00, 0x00, 0x00, 0x00, 0x00,
  0x00, 0x00, 0x00, 0x00, 0x00, 0x00, 0x00, 0x00, 0x00, 0x00, 0x00, 0x00, 0x00, 0x00, 0x00, 0x00, 0x00, 0x00, 0x00, 0x00, 0x00, 0x00, 0x00, 0x00,
  0x00, 0x00, 0x00, 0x00, 0x00, 0x00, 0x00, 0x00, 0x00, 0x00, 0x00, 0x00, 0x00, 0x00, 0x00, 0x00, 0x00, 0x00, 0x00, 0x00, 0x00, 0x00, 0x00, 0x00,
  0x00, 0x00, 0x00, 0x00, 0x00, 0x00, 0x00, 0x00, 0x00, 0x00, 0x00, 0x00, 0x00, 0x00, 0x00, 0x00, 0x00, 0x00, 0x00, 0x00, 0x00, 0x00, 0x00, 0x00,
  0x04, 0x21, 0x10, 0xC3, 0x18, 0xFF, 0xCF, 0x7B, 0xFF, 0x79, 0xCE, 0xF5, 0xEB, 0x5A, 0xFF, 0xA2, 0x10, 0xFF, 0x82, 0x10, 0x05, 0x00, 0x00, 0x00,
  0x00, 0x00, 0x00, 0x00, 0x00, 0x00, 0x00, 0x00, 0x00, 0x00, 0x00, 0x00, 0x00, 0x00, 0x00, 0x00, 0x00, 0x00, 0x00, 0x00, 0x00, 0x20, 0x00, 0x00,
  0xD3, 0x9C, 0xD3, 0x7D, 0xEF, 0xFF, 0x5D, 0xEF, 0xFD, 0x5D, 0xEF, 0xFF, 0x5D, 0xEF, 0xFF, 0x5D, 0xEF, 0xFF, 0x5D, 0xEF, 0xFF, 0x5D, 0xEF, 0xFF,
  0x5D, 0xEF, 0xFF, 0x5D, 0xEF, 0xFF, 0x5D, 0xEF, 0xFF, 0x5D, 0xEF, 0xFF, 0x5D, 0xEF, 0xFF, 0x5D, 0xEF, 0xFF, 0x5D, 0xEF, 0xFF, 0x3C, 0xEF, 0xFF,
  0x3C, 0xEF, 0xFF, 0x3C, 0xE7, 0xFF, 0x5D, 0xEF, 0xFF, 0x38, 0xC6, 0xFF, 0x8E, 0x73, 0xFF, 0x1C, 0xE7, 0xFF, 0x9E, 0xF7, 0xFF, 0x58, 0xCE, 0xFF,
  0x3C, 0xE7, 0xFF, 0x7D, 0xEF, 0xFF, 0x7D, 0xEF, 0xFF, 0x7D, 0xEF, 0xFF, 0x7D, 0xEF, 0xFF, 0x7D, 0xF7, 0xFF, 0x7E, 0xE7, 0xFF, 0x66, 0xB3, 0xFF,
  0xC0, 0xEA, 0xFF, 0xE0, 0xEA, 0xFF, 0xE0, 0xF2, 0xFF, 0x40, 0xE2, 0xFF, 0x4E, 0xAC, 0xFF, 0xBF, 0xF7, 0xFF, 0x5C, 0xEF, 0xFF, 0x7D, 0xEF, 0xFF,
  0x5D, 0xEF, 0xFF, 0x5D, 0xEF, 0xFF, 0x5D, 0xEF, 0xFF, 0x5D, 0xEF, 0xFF, 0x7D, 0xEF, 0xFF, 0x5D, 0xEF, 0xFF, 0x7D, 0xEF, 0xFF, 0x7D, 0xEF, 0xFF,
  0x5D, 0xEF, 0xFF, 0x5D, 0xEF, 0xFF, 0x5D, 0xEF, 0xFF, 0x5D, 0xEF, 0xFF, 0x5D, 0xEF, 0xFF, 0x5D, 0xEF, 0xFF, 0x5D, 0xEF, 0xFF, 0x5D, 0xEF, 0xFF,
  0x5D, 0xEF, 0xFF, 0x5D, 0xEF, 0xFF, 0x5D, 0xEF, 0xFF, 0x5D, 0xEF, 0xFF, 0x5D, 0xEF, 0xFF, 0x5D, 0xEF, 0xFF, 0x5D, 0xEF, 0xFF, 0x5D, 0xEF, 0xFF,
  0x5D, 0xEF, 0xFF, 0x5D, 0xEF, 0xFF, 0x5D, 0xEF, 0xFF, 0x5D, 0xEF, 0xFF, 0x5D, 0xEF, 0xFF, 0x7D, 0xEF, 0xFF, 0x5D, 0xEF, 0xFF, 0x5D, 0xEF, 0xFF,
  0x5D, 0xEF, 0xFF, 0x5D, 0xEF, 0xFF, 0x5D, 0xEF, 0xFF, 0x7D, 0xEF, 0xFF, 0x5D, 0xEF, 0xFF, 0x5D, 0xEF, 0xFF, 0x5D, 0xEF, 0xFF, 0x5D, 0xEF, 0xFF,
  0x5D, 0xEF, 0xFF, 0x5D, 0xEF, 0xFF, 0x5D, 0xEF, 0xFF, 0x5D, 0xEF, 0xFF, 0x5D, 0xEF, 0xFF, 0x5D, 0xEF, 0xFF, 0x5D, 0xEF, 0xFF, 0x5D, 0xEF, 0xFF,
  0x5D, 0xEF, 0xFF, 0x5D, 0xEF, 0xFF, 0x5D, 0xEF, 0xFF, 0x5D, 0xEF, 0xFF, 0x5D, 0xEF, 0xFF, 0x5D, 0xEF, 0xFF, 0x5D, 0xEF, 0xFF, 0x5D, 0xEF, 0xFF,
  0x5D, 0xEF, 0xFF, 0x7D, 0xEF, 0xFF, 0x5D, 0xEF, 0xFF, 0x5D, 0xEF, 0xFF, 0x5D, 0xEF, 0xFF, 0x7D, 0xEF, 0xFF, 0x7D, 0xEF, 0xFF, 0x5D, 0xEF, 0xFF,
  0x5D, 0xEF, 0xFF, 0x7D, 0xEF, 0xFF, 0x7D, 0xEF, 0xFF, 0x5D, 0xEF, 0xFF, 0x5D, 0xEF, 0xFF, 0x5D, 0xEF, 0xFF, 0x5D, 0xEF, 0xFF, 0x5D, 0xEF, 0xFF,
  0x5D, 0xEF, 0xFF, 0x5D, 0xEF, 0xFF, 0x5D, 0xEF, 0xFF, 0x5D, 0xEF, 0xFF, 0x5D, 0xEF, 0xFF, 0x5D, 0xEF, 0xFF, 0x5D, 0xEF, 0xFF, 0x5D, 0xEF, 0xFF,
  0xBE, 0xFF, 0xFF, 0xEC, 0x62, 0xFF, 0x35, 0xAD, 0xFF, 0x8E, 0x6B, 0xFF, 0xC3, 0x18, 0xFF, 0xF3, 0x9C, 0xFF, 0x71, 0x8C, 0xFF, 0xEF, 0x7B, 0xFF,
  0xDF, 0xFF, 0xFF, 0x3C, 0xEF, 0xFF, 0x5D, 0xEF, 0xFF, 0x5D, 0xEF, 0xFF, 0x7D, 0xEF, 0xFF, 0x7D, 0xEF, 0xFF, 0x5D, 0xEF, 0xFF, 0x7D, 0xEF, 0xFF,
  0x7D, 0xEF, 0xFF, 0x7D, 0xEF, 0xFF, 0x5D, 0xEF, 0xFF, 0x5D, 0xEF, 0xFF, 0x5D, 0xEF, 0xFF, 0x5D, 0xEF, 0xFF, 0x5D, 0xEF, 0xFF, 0x7D, 0xEF, 0xFF,
  0x5D, 0xEF, 0xFF, 0x5D, 0xEF, 0xFF, 0x5D, 0xEF, 0xFF, 0x5D, 0xEF, 0xFF, 0x5D, 0xEF, 0xFF, 0x5D, 0xEF, 0xFF, 0x3C, 0xEF, 0xFF, 0xBF, 0xF7, 0xFF,
  0x52, 0xBD, 0xFF, 0xE0, 0xEA, 0xFF, 0x00, 0xF3, 0xFF, 0xC0, 0xE2, 0xFF, 0xC0, 0xFA, 0xFF, 0x02, 0xC3, 0xFF, 0xFC, 0xD6, 0xFF, 0x9D, 0xF7, 0xFF,
  0x5D, 0xEF, 0xFF, 0x5D, 0xEF, 0xFF, 0x5D, 0xEF, 0xFF, 0x7D, 0xEF, 0xFF, 0x5D, 0xEF, 0xFF, 0x7D, 0xF7, 0xFF, 0xDB, 0xDE, 0xFF, 0x79, 0xCE, 0xFF,
  0x5D, 0xEF, 0xFD, 0x1C, 0xE7, 0xFF, 0xD3, 0x9C, 0xE8, 0xA2, 0x08, 0x09, 0x82, 0x08, 0x03, 0xA2, 0x08, 0x04, 0x00, 0x00, 0x00, 0x00, 0x00, 0x00,
  0xFF, 0xFF, 0x00, 0xFF, 0xFF, 0x00, 0xFF, 0xFF, 0x00, 0xFF, 0xFF, 0x00, 0xFF, 0xFF, 0x00, 0xFF, 0xFF, 0x00, 0xFF, 0xFF, 0x00, 0xFF, 0xFF, 0x00,
  0xFF, 0xFF, 0x00, 0xFF, 0xFF, 0x00, 0xFF, 0xFF, 0x00, 0xFF, 0xFF, 0x00, 0xFF, 0xFF, 0x00, 0xFF, 0xFF, 0x00, 0xFF, 0xFF, 0x00, 0xFF, 0xFF, 0x00,
  0xFF, 0xFF, 0x00, 0xFF, 0xFF, 0x00, 0xFF, 0xFF, 0x00, 0xFF, 0xFF, 0x00, 0xFF, 0xFF, 0x00, 0xFF, 0xFF, 0x00, 0xFF, 0xFF, 0x00, 0xFF, 0xFF, 0x00,
  0xFF, 0xFF, 0x00, 0xFF, 0xFF, 0x00, 0xFF, 0xFF, 0x00, 0xFF, 0xFF, 0x00, 0xFF, 0xFF, 0x00, 0xFF, 0xFF, 0x00, 0xFF, 0xFF, 0x00, 0xFF, 0xFF, 0x00,
  0xFF, 0xFF, 0x00, 0xFF, 0xFF, 0x00, 0xFF, 0xFF, 0x00, 0xFF, 0xFF, 0x00, 0xFF, 0xFF, 0x00, 0xFF, 0xFF, 0x00, 0xFF, 0xFF, 0x00, 0xFF, 0xFF, 0x00,
  0xFF, 0xFF, 0x00, 0xFF, 0xFF, 0x00, 0xFF, 0xFF, 0x00, 0xFF, 0xFF, 0x00, 0xFF, 0xFF, 0x00, 0xFF, 0xFF, 0x00, 0xFF, 0xFF, 0x00, 0xFF, 0xFF, 0x00,
  0xFF, 0xFF, 0x00, 0xFF, 0xFF, 0x00, 0xFF, 0xFF, 0x00, 0xFF, 0xFF, 0x00, 0xFF, 0xFF, 0x00, 0xFF, 0xFF, 0x00, 0xFF, 0xFF, 0x00, 0x00, 0x00, 0x00,
  0x00, 0x00, 0x00, 0x00, 0x00, 0x00, 0x00, 0x00, 0x00, 0x00, 0x00, 0x00, 0x00, 0x00, 0x00, 0x00, 0x00, 0x00, 0x00, 0x00, 0x00, 0x00, 0x00, 0x00,
  0x00, 0x00, 0x00, 0x00, 0x00, 0x00, 0x00, 0x00, 0x00, 0x00, 0x00, 0x00, 0x00, 0x00, 0x00, 0x00, 0x00, 0x00, 0x00, 0x00, 0x00, 0x00, 0x00, 0x00,
  0x00, 0x00, 0x00, 0x00, 0x00, 0x00, 0x00, 0x00, 0x00, 0x00, 0x00, 0x00, 0x00, 0x00, 0x00, 0x00, 0x00, 0x00, 0x00, 0x00, 0x00, 0x00, 0x00, 0x00,
  0x00, 0x00, 0x00, 0x00, 0x00, 0x00, 0x00, 0x00, 0x00, 0x00, 0x00, 0x00, 0x00, 0x00, 0x00, 0x24, 0x21, 0x38, 0x65, 0x29, 0xAD, 0x08, 0x42, 0xF7,
  0xA6, 0x31, 0xCF, 0x04, 0x21, 0x2F, 0x00, 0x00, 0x00, 0x00, 0x00, 0x00, 0x00, 0x00, 0x00, 0x00, 0x00, 0x00, 0x00, 0x00, 0x00, 0x00, 0x00, 0x00,
  0x00, 0x00, 0x00, 0x00, 0x00, 0x00, 0x00, 0x00, 0x00, 0x20, 0x00, 0x00, 0x30, 0x8C, 0xBA, 0x7D, 0xF7, 0xFF, 0x5D, 0xEF, 0xFB, 0x5D, 0xEF, 0xFF,
  0x5D, 0xEF, 0xFF, 0x5D, 0xEF, 0xFF, 0x5D, 0xEF, 0xFF, 0x5D, 0xEF, 0xFF, 0x5D, 0xEF, 0xFF, 0x5D, 0xEF, 0xFF, 0x5D, 0xEF, 0xFF, 0x5D, 0xEF, 0xFF,
  0x5D, 0xEF, 0xFF, 0x5D, 0xEF, 0xFF, 0x5D, 0xEF, 0xFF, 0x5D, 0xEF, 0xFF, 0x5C, 0xEF, 0xFF, 0x3C, 0xE7, 0xFF, 0x3C, 0xEF, 0xFF, 0xFB, 0xDE, 0xFF,
  0xAE, 0x73, 0xFF, 0x38, 0xC6, 0xFF, 0xDE, 0xFF, 0xFF, 0x9A, 0xD6, 0xFF, 0xDB, 0xDE, 0xFF, 0x7D, 0xF7, 0xFF, 0x5D, 0xEF, 0xFF, 0x7D, 0xEF, 0xFF,
  0x7D, 0xEF, 0xFF, 0x7D, 0xEF, 0xFF, 0x9E, 0xEF, 0xFF, 0x89, 0xA3, 0xFF, 0x00, 0xB2, 0xFF, 0x20, 0xB2, 0xFF, 0x20, 0xB2, 0xFF, 0xE0, 0xA9, 0xFF,
  0xB0, 0xB4, 0xFF, 0xDF, 0xF7, 0xFF, 0x5C, 0xEF, 0xFF, 0x5D, 0xEF, 0xFF, 0x5D, 0xEF, 0xFF, 0x5D, 0xEF, 0xFF, 0x5D, 0xEF, 0xFF, 0x7D, 0xEF, 0xFF,
  0x5D, 0xEF, 0xFF, 0x5D, 0xEF, 0xFF, 0x5D, 0xEF, 0xFF, 0x5D, 0xEF, 0xFF, 0x7D, 0xEF, 0xFF, 0x5D, 0xEF, 0xFF, 0x5D, 0xEF, 0xFF, 0x5D, 0xEF, 0xFF,
  0x5D, 0xEF, 0xFF, 0x5D, 0xEF, 0xFF, 0x5D, 0xEF, 0xFF, 0x5D, 0xEF, 0xFF, 0x5D, 0xEF, 0xFF, 0x5D, 0xEF, 0xFF, 0x5D, 0xEF, 0xFF, 0x5D, 0xEF, 0xFF,
  0x5D, 0xEF, 0xFF, 0x5D, 0xEF, 0xFF, 0x5D, 0xEF, 0xFF, 0x5D, 0xEF, 0xFF, 0x5D, 0xEF, 0xFF, 0x5D, 0xEF, 0xFF, 0x5D, 0xEF, 0xFF, 0x5D, 0xEF, 0xFF,
  0x5D, 0xEF, 0xFF, 0x5D, 0xEF, 0xFF, 0x5D, 0xEF, 0xFF, 0x5D, 0xEF, 0xFF, 0x5D, 0xEF, 0xFF, 0x5D, 0xEF, 0xFF, 0x5D, 0xEF, 0xFF, 0x5D, 0xEF, 0xFF,
  0x7D, 0xEF, 0xFF, 0x7D, 0xEF, 0xFF, 0x5D, 0xEF, 0xFF, 0x9D, 0xF7, 0xFF, 0x9D, 0xF7, 0xFF, 0x7D, 0xF7, 0xFF, 0x7D, 0xEF, 0xFF, 0x7D, 0xEF, 0xFF,
  0x7D, 0xEF, 0xFF, 0x7D, 0xEF, 0xFF, 0x7D, 0xEF, 0xFF, 0x7D, 0xEF, 0xFF, 0x7D, 0xEF, 0xFF, 0x7D, 0xEF, 0xFF, 0x7D, 0xEF, 0xFF, 0x7D, 0xEF, 0xFF,
  0x7D, 0xEF, 0xFF, 0x7D, 0xEF, 0xFF, 0x7D, 0xEF, 0xFF, 0x7D, 0xF7, 0xFF, 0x7D, 0xF7, 0xFF, 0x7D, 0xEF, 0xFF, 0x7D, 0xEF, 0xFF, 0x7D, 0xF7, 0xFF,
  0x9E, 0xF7, 0xFF, 0x5D, 0xEF, 0xFF, 0x7D, 0xEF, 0xFF, 0x7D, 0xEF, 0xFF, 0x5D, 0xEF, 0xFF, 0x7D, 0xEF, 0xFF, 0x5D, 0xEF, 0xFF, 0x7D, 0xEF, 0xFF,
  0x7D, 0xEF, 0xFF, 0x5D, 0xEF, 0xFF, 0x5D, 0xEF, 0xFF, 0x5D, 0xEF, 0xFF, 0x5D, 0xEF, 0xFF, 0x7D, 0xEF, 0xFF, 0x5D, 0xEF, 0xFF, 0x5D, 0xEF, 0xFF,
  0x5D, 0xEF, 0xFF, 0x5D, 0xEF, 0xFF, 0x5D, 0xEF, 0xFF, 0x5D, 0xEF, 0xFF, 0xDF, 0xFF, 0xFF, 0x0C, 0x63, 0xFF, 0x55, 0xAD, 0xFF, 0x4D, 0x6B, 0xFF,
  0x61, 0x08, 0xFF, 0xB2, 0x94, 0xFF, 0x71, 0x8C, 0xFF, 0xEF, 0x7B, 0xFF, 0xFF, 0xFF, 0xFF, 0x3C, 0xEF, 0xFF, 0x5D, 0xEF, 0xFF, 0x5D, 0xEF, 0xFF,
  0x5D, 0xEF, 0xFF, 0x5D, 0xEF, 0xFF, 0x7D, 0xEF, 0xFF, 0x5D, 0xEF, 0xFF, 0x5D, 0xEF, 0xFF, 0x5D, 0xEF, 0xFF, 0x5D, 0xEF, 0xFF, 0x5D, 0xEF, 0xFF,
  0x7D, 0xEF, 0xFF, 0x7D, 0xEF, 0xFF, 0x5D, 0xEF, 0xFF, 0x5D, 0xEF, 0xFF, 0x5D, 0xEF, 0xFF, 0x5D, 0xEF, 0xFF, 0x5D, 0xEF, 0xFF, 0x5D, 0xEF, 0xFF,
  0x5D, 0xEF, 0xFF, 0x5D, 0xEF, 0xFF, 0x5C, 0xEF, 0xFF, 0xBF, 0xF7, 0xFF, 0x73, 0xBD, 0xFF, 0x00, 0xAA, 0xFF, 0x40, 0xB2, 0xFF, 0x20, 0xB2, 0xFF,
  0x20, 0xC2, 0xFF, 0xA4, 0xAA, 0xFF, 0x3D, 0xDF, 0xFF, 0x7D, 0xF7, 0xFF, 0x5D, 0xEF, 0xFF, 0x7D, 0xEF, 0xFF, 0x5D, 0xEF, 0xFF, 0x5D, 0xEF, 0xFF,
  0x5D, 0xEF, 0xFF, 0x9E, 0xF7, 0xFF, 0x79, 0xD6, 0xFF, 0xDB, 0xDE, 0xFF, 0x3C, 0xE7, 0xF9, 0xBA, 0xDE, 0xFF, 0x2C, 0x63, 0x8C, 0x00, 0x00, 0x00,
  0x00, 0x00, 0x00, 0x00, 0x00, 0x00, 0x00, 0x00, 0x00, 0x00, 0x00, 0x00, 0xFF, 0xFF, 0x00, 0xFF, 0xFF, 0x00, 0xFF, 0xFF, 0x00, 0xFF, 0xFF, 0x00,
  0xFF, 0xFF, 0x00, 0xFF, 0xFF, 0x00, 0xFF, 0xFF, 0x00, 0xFF, 0xFF, 0x00, 0xFF, 0xFF, 0x00, 0xFF, 0xFF, 0x00, 0xFF, 0xFF, 0x00, 0xFF, 0xFF, 0x00,
  0xFF, 0xFF, 0x00, 0xFF, 0xFF, 0x00, 0xFF, 0xFF, 0x00, 0xFF, 0xFF, 0x00, 0xFF, 0xFF, 0x00, 0xFF, 0xFF, 0x00, 0xFF, 0xFF, 0x00, 0xFF, 0xFF, 0x00,
  0xFF, 0xFF, 0x00, 0xFF, 0xFF, 0x00, 0xFF, 0xFF, 0x00, 0xFF, 0xFF, 0x00, 0xFF, 0xFF, 0x00, 0xFF, 0xFF, 0x00, 0xFF, 0xFF, 0x00, 0xFF, 0xFF, 0x00,
  0xFF, 0xFF, 0x00, 0xFF, 0xFF, 0x00, 0xFF, 0xFF, 0x00, 0xFF, 0xFF, 0x00, 0xFF, 0xFF, 0x00, 0xFF, 0xFF, 0x00, 0xFF, 0xFF, 0x00, 0xFF, 0xFF, 0x00,
  0xFF, 0xFF, 0x00, 0xFF, 0xFF, 0x00, 0xFF, 0xFF, 0x00, 0xFF, 0xFF, 0x00, 0xFF, 0xFF, 0x00, 0xFF, 0xFF, 0x00, 0xFF, 0xFF, 0x00, 0xFF, 0xFF, 0x00,
  0xFF, 0xFF, 0x00, 0xFF, 0xFF, 0x00, 0xFF, 0xFF, 0x00, 0xFF, 0xFF, 0x00, 0xFF, 0xFF, 0x00, 0xFF, 0xFF, 0x00, 0xFF, 0xFF, 0x00, 0xFF, 0xFF, 0x00,
  0xFF, 0xFF, 0x00, 0xFF, 0xFF, 0x00, 0xFF, 0xFF, 0x00, 0x00, 0x00, 0x00, 0x00, 0x00, 0x00, 0x00, 0x00, 0x00, 0x00, 0x00, 0x00, 0x00, 0x00, 0x00,
  0x00, 0x00, 0x00, 0x00, 0x00, 0x00, 0x00, 0x00, 0x00, 0x24, 0x21, 0x0A, 0x24, 0x21, 0x0E, 0xE3, 0x18, 0x0A, 0x00, 0x00, 0x00, 0x00, 0x00, 0x00,
  0x00, 0x00, 0x00, 0x00, 0x00, 0x00, 0x00, 0x00, 0x00, 0x00, 0x00, 0x00, 0x00, 0x00, 0x00, 0x00, 0x00, 0x00, 0x00, 0x00, 0x00, 0x00, 0x00, 0x00,
  0x00, 0x00, 0x00, 0x00, 0x00, 0x00, 0x00, 0x00, 0x00, 0x00, 0x00, 0x00, 0x00, 0x00, 0x00, 0x00, 0x00, 0x00, 0x00, 0x00, 0x00, 0x00, 0x00, 0x00,
  0x00, 0x00, 0x00, 0x00, 0x00, 0x00, 0x04, 0x21, 0x1C, 0x65, 0x29, 0xFF, 0x86, 0x31, 0x3E, 0x00, 0x00, 0x00, 0x00, 0x00, 0x00, 0x00, 0x00, 0x00,
  0x00, 0x00, 0x00, 0x00, 0x00, 0x00, 0x00, 0x00, 0x00, 0x00, 0x00, 0x00, 0x00, 0x00, 0x00, 0x00, 0x00, 0x00, 0x00, 0x00, 0x00, 0x00, 0x00, 0x00,
  0x2C, 0x63, 0x88, 0xBE, 0xF7, 0xFF, 0x5D, 0xEF, 0xF9, 0x5D, 0xEF, 0xFF, 0x5D, 0xEF, 0xFF, 0x5D, 0xEF, 0xFF, 0x5D, 0xEF, 0xFF, 0x5D, 0xEF, 0xFF,
  0x5D, 0xEF, 0xFF, 0x5D, 0xEF, 0xFF, 0x5D, 0xEF, 0xFF, 0x5D, 0xEF, 0xFF, 0x5D, 0xEF, 0xFF, 0x5D, 0xEF, 0xFF, 0x5D, 0xEF, 0xFF, 0x5D, 0xEF, 0xFF,
  0x5C, 0xEF, 0xFF, 0x3C, 0xEF, 0xFF, 0x3C, 0xE7, 0xFF, 0x5D, 0xEF, 0xFF, 0x30, 0x84, 0xFF, 0x14, 0xA5, 0xFF, 0xBE, 0xF7, 0xFF, 0xFB, 0xDE, 0xFF,
  0x9A, 0xD6, 0xFF, 0x9E, 0xF7, 0xFF, 0x5D, 0xEF, 0xFF, 0x5D, 0xEF, 0xFF, 0x5D, 0xEF, 0xFF, 0x5D, 0xEF, 0xFF, 0x9E, 0xF7, 0xFF, 0xBA, 0xD6, 0xFF,
  0x96, 0xB5, 0xFF, 0x96, 0xB5, 0xFF, 0x95, 0xB5, 0xFF, 0x95, 0xB5, 0xFF, 0xFB, 0xE6, 0xFF, 0x9E, 0xF7, 0xFF, 0x5D, 0xEF, 0xFF, 0x5D, 0xEF, 0xFF,
  0x7D, 0xEF, 0xFF, 0x5D, 0xEF, 0xFF, 0x5D, 0xEF, 0xFF, 0x5D, 0xEF, 0xFF, 0x5D, 0xEF, 0xFF, 0x5D, 0xEF, 0xFF, 0x5D, 0xEF, 0xFF, 0x7D, 0xEF, 0xFF,
  0x5D, 0xEF, 0xFF, 0x5D, 0xEF, 0xFF, 0x7D, 0xEF, 0xFF, 0x5D, 0xEF, 0xFF, 0x5D, 0xEF, 0xFF, 0x5D, 0xEF, 0xFF, 0x5D, 0xEF, 0xFF, 0x5D, 0xEF, 0xFF,
  0x5D, 0xEF, 0xFF, 0x5D, 0xEF, 0xFF, 0x5D, 0xEF, 0xFF, 0x5D, 0xEF, 0xFF, 0x5D, 0xEF, 0xFF, 0x5D, 0xEF, 0xFF, 0x5D, 0xEF, 0xFF, 0x5D, 0xEF, 0xFF,
  0x5D, 0xEF, 0xFF, 0x7D, 0xEF, 0xFF, 0x5D, 0xEF, 0xFF, 0x5D, 0xEF, 0xFF, 0x5D, 0xEF, 0xFF, 0x5D, 0xEF, 0xFF, 0x5D, 0xEF, 0xFF, 0x5D, 0xEF, 0xFF,
  0x5D, 0xEF, 0xFF, 0x5D, 0xEF, 0xFF, 0x5D, 0xEF, 0xFF, 0x5D, 0xEF, 0xFF, 0x5D, 0xEF, 0xFF, 0x7D, 0xEF, 0xFF, 0x7D, 0xEF, 0xFF, 0xBA, 0xD6, 0xFF,
  0x79, 0xCE, 0xFF, 0x59, 0xCE, 0xFF, 0x79, 0xCE, 0xFF, 0x79, 0xCE, 0xFF, 0x79, 0xCE, 0xFF, 0x79, 0xCE, 0xFF, 0x79, 0xCE, 0xFF, 0x79, 0xCE, 0xFF,
  0x79, 0xCE, 0xFF, 0x79, 0xCE, 0xFF, 0x79, 0xCE, 0xFF, 0x79, 0xCE, 0xFF, 0x7A, 0xD6, 0xFF, 0x99, 0xD6, 0xFF, 0x7A, 0xD6, 0xFF, 0x79, 0xD6, 0xFF,
  0x9A, 0xD6, 0xFF, 0x79, 0xCE, 0xFF, 0x79, 0xCE, 0xFF, 0x9A, 0xD6, 0xFF, 0xDB, 0xDE, 0xFF, 0x7D, 0xF7, 0xFF, 0x7D, 0xEF, 0xFF, 0x7D, 0xEF, 0xFF,
  0x5D, 0xEF, 0xFF, 0x7D, 0xEF, 0xFF, 0x5D, 0xEF, 0xFF, 0x5D, 0xEF, 0xFF, 0x5D, 0xEF, 0xFF, 0x5D, 0xEF, 0xFF, 0x5D, 0xEF, 0xFF, 0x5D, 0xEF, 0xFF,
  0x5D, 0xEF, 0xFF, 0x5D, 0xEF, 0xFF, 0x5D, 0xEF, 0xFF, 0x5D, 0xEF, 0xFF, 0x5D, 0xEF, 0xFF, 0x5D, 0xEF, 0xFF, 0x5D, 0xEF, 0xFF, 0x5D, 0xEF, 0xFF,
  0xBE, 0xFF, 0xFF, 0x8A, 0x52, 0xFF, 0xD3, 0x9C, 0xFF, 0x59, 0xCE, 0xFF, 0x55, 0xAD, 0xFF, 0xBA, 0xD6, 0xFF, 0xCF, 0x7B, 0xFF, 0x8E, 0x73, 0xFF,
  0xFF, 0xFF, 0xFF, 0x5D, 0xEF, 0xFF, 0x5D, 0xEF, 0xFF, 0x5D, 0xEF, 0xFF, 0x5D, 0xEF, 0xFF, 0x7D, 0xEF, 0xFF, 0x7D, 0xEF, 0xFF, 0x5D, 0xEF, 0xFF,
  0x5D, 0xEF, 0xFF, 0x5D, 0xEF, 0xFF, 0x5D, 0xEF, 0xFF, 0x5D, 0xEF, 0xFF, 0x5D, 0xEF, 0xFF, 0x5D, 0xEF, 0xFF, 0x5D, 0xEF, 0xFF, 0x5D, 0xEF, 0xFF,
  0x5D, 0xEF, 0xFF, 0x5D, 0xEF, 0xFF, 0x5D, 0xEF, 0xFF, 0x5D, 0xEF, 0xFF, 0x5D, 0xEF, 0xFF, 0x5D, 0xEF, 0xFF, 0x5D, 0xEF, 0xFF, 0x7D, 0xEF, 0xFF,
  0x1C, 0xE7, 0xFF, 0xB6, 0xB5, 0xFF, 0x96, 0xB5, 0xFF, 0xB6, 0xB5, 0xFF, 0x96, 0xB5, 0xFF, 0x18, 0xC6, 0xFF, 0x7D, 0xEF, 0xFF, 0x5D, 0xEF, 0xFF,
  0x5D, 0xEF, 0xFF, 0x5D, 0xEF, 0xFF, 0x5D, 0xEF, 0xFF, 0x5D, 0xEF, 0xFF, 0x5D, 0xEF, 0xFF, 0x7D, 0xEF, 0xFF, 0x59, 0xCE, 0xFF, 0x5D, 0xEF, 0xFF,
  0x1C, 0xE7, 0xF7, 0x59, 0xCE, 0xFF, 0xA6, 0x31, 0x38, 0x00, 0x00, 0x00, 0x00, 0x00, 0x00, 0x00, 0x00, 0x00, 0x00, 0x00, 0x00, 0x00, 0x00, 0x00,
  0xFF, 0xFF, 0x00, 0xFF, 0xFF, 0x00, 0xFF, 0xFF, 0x00, 0xFF, 0xFF, 0x00, 0xFF, 0xFF, 0x00, 0xFF, 0xFF, 0x00, 0xFF, 0xFF, 0x00, 0xFF, 0xFF, 0x00,
  0xFF, 0xFF, 0x00, 0xFF, 0xFF, 0x00, 0xFF, 0xFF, 0x00, 0xFF, 0xFF, 0x00, 0xFF, 0xFF, 0x00, 0xFF, 0xFF, 0x00, 0xFF, 0xFF, 0x00, 0xFF, 0xFF, 0x00,
  0xFF, 0xFF, 0x00, 0xFF, 0xFF, 0x00, 0xFF, 0xFF, 0x00, 0xFF, 0xFF, 0x00, 0xFF, 0xFF, 0x00, 0xFF, 0xFF, 0x00, 0xFF, 0xFF, 0x00, 0xFF, 0xFF, 0x00,
  0xFF, 0xFF, 0x00, 0xFF, 0xFF, 0x00, 0xFF, 0xFF, 0x00, 0xFF, 0xFF, 0x00, 0xFF, 0xFF, 0x00, 0xFF, 0xFF, 0x00, 0xFF, 0xFF, 0x00, 0xFF, 0xFF, 0x00,
  0xFF, 0xFF, 0x00, 0xFF, 0xFF, 0x00, 0xFF, 0xFF, 0x00, 0xFF, 0xFF, 0x00, 0xFF, 0xFF, 0x00, 0xFF, 0xFF, 0x00, 0xFF, 0xFF, 0x00, 0xFF, 0xFF, 0x00,
  0xFF, 0xFF, 0x00, 0xFF, 0xFF, 0x00, 0xFF, 0xFF, 0x00, 0xFF, 0xFF, 0x00, 0xFF, 0xFF, 0x00, 0xFF, 0xFF, 0x00, 0xFF, 0xFF, 0x00, 0xFF, 0xFF, 0x00,
  0xFF, 0xFF, 0x00, 0xFF, 0xFF, 0x00, 0xFF, 0xFF, 0x00, 0xFF, 0xFF, 0x00, 0xFF, 0xFF, 0x00, 0xFF, 0xFF, 0x00, 0xFF, 0xFF, 0x00, 0x00, 0x00, 0x00,
  0x00, 0x00, 0x00, 0x00, 0x00, 0x00, 0x00, 0x00, 0x00, 0x00, 0x00, 0x00, 0x41, 0x08, 0x05, 0x49, 0x4A, 0x67, 0xCB, 0x5A, 0xB0, 0xAA, 0x52, 0xFD,
  0x69, 0x4A, 0xFF, 0x69, 0x4A, 0xFF, 0x65, 0x29, 0x5E, 0x00, 0x00, 0x00, 0x00, 0x00, 0x00, 0x00, 0x00, 0x00, 0x00, 0x00, 0x00, 0x00, 0x00, 0x00,
  0x00, 0x00, 0x00, 0x00, 0x00, 0x00, 0x00, 0x00, 0x00, 0x00, 0x00, 0x00, 0x00, 0x00, 0x00, 0x00, 0x00, 0x00, 0x00, 0x00, 0x00, 0x00, 0x00, 0x00,
  0x00, 0x00, 0x00, 0x00, 0x00, 0x00, 0x00, 0x00, 0x00, 0x00, 0x00, 0x00, 0x00, 0x00, 0x00, 0x00, 0x00, 0x00, 0xE7, 0x39, 0x64, 0x8E, 0x73, 0xFF,
  0x24, 0x21, 0x6C, 0x00, 0x00, 0x00, 0x00, 0x00, 0x00, 0x00, 0x00, 0x00, 0x00, 0x00, 0x00, 0x00, 0x00, 0x00, 0x00, 0x00, 0x00, 0x00, 0x00, 0x00,
  0x00, 0x00, 0x00, 0x00, 0x00, 0x00, 0x00, 0x00, 0x00, 0x00, 0x00, 0x00, 0x4D, 0x6B, 0x8B, 0x9E, 0xF7, 0xFF, 0x5D, 0xEF, 0xF9, 0x5D, 0xEF, 0xFF,
  0x5D, 0xEF, 0xFF, 0x5D, 0xEF, 0xFF, 0x5D, 0xEF, 0xFF, 0x5D, 0xEF, 0xFF, 0x5D, 0xEF, 0xFF, 0x5D, 0xEF, 0xFF, 0x5D, 0xEF, 0xFF, 0x5D, 0xEF, 0xFF,
  0x5D, 0xEF, 0xFF, 0x5D, 0xEF, 0xFF, 0x5D, 0xEF, 0xFF, 0x5D, 0xEF, 0xFF, 0x5D, 0xEF, 0xFF, 0x5C, 0xEF, 0xFF, 0x3C, 0xE7, 0xFF, 0x7D, 0xF7, 0xFF,
  0x34, 0xAD, 0xFF, 0xEF, 0x7B, 0xFF, 0x5D, 0xEF, 0xFF, 0x3C, 0xE7, 0xFF, 0x79, 0xCE, 0xFF, 0x9E, 0xF7, 0xFF, 0x7D, 0xEF, 0xFF, 0x7D, 0xEF, 0xFF,
  0x5D, 0xEF, 0xFF, 0x5D, 0xEF, 0xFF, 0x5D, 0xEF, 0xFF, 0x9E, 0xF7, 0xFF, 0xDF, 0xFF, 0xFF, 0xBE, 0xF7, 0xFF, 0xBE, 0xF7, 0xFF, 0xBE, 0xF7, 0xFF,
  0x7D, 0xEF, 0xFF, 0x5D, 0xEF, 0xFF, 0x5D, 0xEF, 0xFF, 0x7D, 0xEF, 0xFF, 0x7D, 0xEF, 0xFF, 0x5D, 0xEF, 0xFF, 0x5D, 0xEF, 0xFF, 0x7D, 0xEF, 0xFF,
  0x5D, 0xEF, 0xFF, 0x5D, 0xEF, 0xFF, 0x5D, 0xEF, 0xFF, 0x5D, 0xEF, 0xFF, 0x5D, 0xEF, 0xFF, 0x7D, 0xEF, 0xFF, 0x7D, 0xEF, 0xFF, 0x5D, 0xEF, 0xFF,
  0x5D, 0xEF, 0xFF, 0x5D, 0xEF, 0xFF, 0x5D, 0xEF, 0xFF, 0x5D, 0xEF, 0xFF, 0x5D, 0xEF, 0xFF, 0x5D, 0xEF, 0xFF, 0x5D, 0xEF, 0xFF, 0x5D, 0xEF, 0xFF,
  0x5D, 0xEF, 0xFF, 0x5D, 0xEF, 0xFF, 0x5D, 0xEF, 0xFF, 0x7D, 0xEF, 0xFF, 0x5D, 0xEF, 0xFF, 0x5D, 0xEF, 0xFF, 0x7D, 0xEF, 0xFF, 0x5D, 0xEF, 0xFF,
  0x5D, 0xEF, 0xFF, 0x5D, 0xEF, 0xFF, 0x5D, 0xEF, 0xFF, 0x5D, 0xEF, 0xFF, 0x5D, 0xEF, 0xFF, 0x5D, 0xEF, 0xFF, 0x5D, 0xEF, 0xFF, 0x5D, 0xEF, 0xFF,
  0x5D, 0xEF, 0xFF, 0x7D, 0xEF, 0xFF, 0x59, 0xCE, 0xFF, 0xDB, 0xDE, 0xFF, 0x3C, 0xEF, 0xFF, 0x3C, 0xE7, 0xFF, 0x5C, 0xEF, 0xFF, 0x5C, 0xEF, 0xFF,
  0x5D, 0xEF, 0xFF, 0x5D, 0xEF, 0xFF, 0x5D, 0xEF, 0xFF, 0x3C, 0xEF, 0xFF, 0x5C, 0xEF, 0xFF, 0x5C, 0xEF, 0xFF, 0x5C, 0xEF, 0xFF, 0x5C, 0xEF, 0xFF,
  0x5C, 0xEF, 0xFF, 0x5D, 0xEF, 0xFF, 0x5D, 0xEF, 0xFF, 0x5D, 0xEF, 0xFF, 0x5C, 0xEF, 0xFF, 0x5D, 0xEF, 0xFF, 0x5C, 0xEF, 0xFF, 0x5C, 0xEF, 0xFF,
  0x9A, 0xD6, 0xFF, 0x9A, 0xD6, 0xFF, 0x9E, 0xF7, 0xFF, 0x5D, 0xEF, 0xFF, 0x7D, 0xEF, 0xFF, 0x5D, 0xEF, 0xFF, 0x7D, 0xEF, 0xFF, 0x7D, 0xEF, 0xFF,
  0x7D, 0xEF, 0xFF, 0x5D, 0xEF, 0xFF, 0x5D, 0xEF, 0xFF, 0x5D, 0xEF, 0xFF, 0x7D, 0xEF, 0xFF, 0x5D, 0xEF, 0xFF, 0x5D, 0xEF, 0xFF, 0x5D, 0xEF, 0xFF,
  0x5D, 0xEF, 0xFF, 0x7D, 0xEF, 0xFF, 0x5D, 0xEF, 0xFF, 0x5D, 0xEF, 0xFF, 0xBE, 0xFF, 0xFF, 0x10, 0x84, 0xFF, 0x45, 0x29, 0xFF, 0x48, 0x4A, 0xFF,
  0x49, 0x4A, 0xFF, 0x28, 0x42, 0xFF, 0x45, 0x29, 0xFF, 0x55, 0xAD, 0xFF, 0xDE, 0xFF, 0xFF, 0x5D, 0xEF, 0xFF, 0x7D, 0xEF, 0xFF, 0x5D, 0xEF, 0xFF,
  0x5D, 0xEF, 0xFF, 0x5D, 0xEF, 0xFF, 0x7D, 0xEF, 0xFF, 0x5D, 0xEF, 0xFF, 0x5D, 0xEF, 0xFF, 0x5D, 0xEF, 0xFF, 0x7D, 0xEF, 0xFF, 0x5D, 0xEF, 0xFF,
  0x5D, 0xEF, 0xFF, 0x5D, 0xEF, 0xFF, 0x5D, 0xEF, 0xFF, 0x5D, 0xEF, 0xFF, 0x5D, 0xEF, 0xFF, 0x5D, 0xEF, 0xFF, 0x5D, 0xEF, 0xFF, 0x5D, 0xEF, 0xFF,
  0x5D, 0xEF, 0xFF, 0x5D, 0xEF, 0xFF, 0x5D, 0xEF, 0xFF, 0x5D, 0xEF, 0xFF, 0x7D, 0xEF, 0xFF, 0xBE, 0xF7, 0xFF, 0xBE, 0xF7, 0xFF, 0xBE, 0xF7, 0xFF,
  0xBE, 0xFF, 0xFF, 0xBE, 0xF7, 0xFF, 0x5D, 0xEF, 0xFF, 0x5D, 0xEF, 0xFF, 0x5D, 0xEF, 0xFF, 0x5D, 0xEF, 0xFF, 0x5D, 0xEF, 0xFF, 0x5D, 0xEF, 0xFF,
  0x7D, 0xEF, 0xFF, 0x1C, 0xE7, 0xFF, 0x79, 0xCE, 0xFF, 0x9D, 0xF7, 0xFD, 0x3C, 0xE7, 0xFD, 0x75, 0xB5, 0xFB, 0x82, 0x10, 0x08, 0x00, 0x00, 0x00,
  0x00, 0x00, 0x00, 0x00, 0x00, 0x00, 0x00, 0x00, 0x00, 0x00, 0x00, 0x00, 0xFF, 0xFF, 0x00, 0xFF, 0xFF, 0x00, 0xFF, 0xFF, 0x00, 0xFF, 0xFF, 0x00,
  0xFF, 0xFF, 0x00, 0xFF, 0xFF, 0x00, 0xFF, 0xFF, 0x00, 0xFF, 0xFF, 0x00, 0xFF, 0xFF, 0x00, 0xFF, 0xFF, 0x00, 0xFF, 0xFF, 0x00, 0xFF, 0xFF, 0x00,
  0xFF, 0xFF, 0x00, 0xFF, 0xFF, 0x00, 0xFF, 0xFF, 0x00, 0xFF, 0xFF, 0x00, 0xFF, 0xFF, 0x00, 0xFF, 0xFF, 0x00, 0xFF, 0xFF, 0x00, 0xFF, 0xFF, 0x00,
  0xFF, 0xFF, 0x00, 0xFF, 0xFF, 0x00, 0xFF, 0xFF, 0x00, 0xFF, 0xFF, 0x00, 0xFF, 0xFF, 0x00, 0xFF, 0xFF, 0x00, 0xFF, 0xFF, 0x00, 0xFF, 0xFF, 0x00,
  0xFF, 0xFF, 0x00, 0xFF, 0xFF, 0x00, 0xFF, 0xFF, 0x00, 0xFF, 0xFF, 0x00, 0xFF, 0xFF, 0x00, 0xFF, 0xFF, 0x00, 0xFF, 0xFF, 0x00, 0xFF, 0xFF, 0x00,
  0xFF, 0xFF, 0x00, 0xFF, 0xFF, 0x00, 0xFF, 0xFF, 0x00, 0xFF, 0xFF, 0x00, 0xFF, 0xFF, 0x00, 0xFF, 0xFF, 0x00, 0xFF, 0xFF, 0x00, 0xFF, 0xFF, 0x00,
  0xFF, 0xFF, 0x00, 0xFF, 0xFF, 0x00, 0xFF, 0xFF, 0x00, 0xFF, 0xFF, 0x00, 0xFF, 0xFF, 0x00, 0xFF, 0xFF, 0x00, 0xFF, 0xFF, 0x00, 0xFF, 0xFF, 0x00,
  0xFF, 0xFF, 0x00, 0xFF, 0xFF, 0x00, 0xFF, 0xFF, 0x00, 0x00, 0x00, 0x00, 0x00, 0x00, 0x00, 0x00, 0x00, 0x00, 0x00, 0x00, 0x00, 0x04, 0x21, 0x1B,
  0x4D, 0x6B, 0xE2, 0x8E, 0x73, 0xFF, 0x49, 0x4A, 0xFF, 0x66, 0x29, 0xC5, 0x65, 0x29, 0xA5, 0x65, 0x29, 0xA8, 0x04, 0x21, 0x2A, 0x00, 0x00, 0x00,
  0x00, 0x00, 0x00, 0x00, 0x00, 0x00, 0x00, 0x00, 0x00, 0x00, 0x00, 0x00, 0x00, 0x00, 0x00, 0x00, 0x00, 0x00, 0x00, 0x00, 0x00, 0x00, 0x00, 0x00,
  0x00, 0x00, 0x00, 0x00, 0x00, 0x00, 0x00, 0x00, 0x00, 0x00, 0x00, 0x00, 0x00, 0x00, 0x00, 0x00, 0x00, 0x00, 0x00, 0x00, 0x00, 0x00, 0x00, 0x00,
  0x00, 0x00, 0x00, 0x00, 0x00, 0x00, 0x28, 0x42, 0x5C, 0x34, 0xA5, 0xFF, 0x65, 0x29, 0x66, 0x00, 0x00, 0x00, 0x00, 0x00, 0x00, 0x00, 0x00, 0x00,
  0x00, 0x00, 0x00, 0x00, 0x00, 0x00, 0x00, 0x00, 0x00, 0x00, 0x00, 0x00, 0x00, 0x00, 0x00, 0x00, 0x00, 0x00, 0x00, 0x00, 0x00, 0x00, 0x00, 0x00,
  0x4D, 0x6B, 0x8B, 0x9E, 0xF7, 0xFF, 0x5D, 0xEF, 0xF9, 0x5D, 0xEF, 0xFF, 0x5D, 0xEF, 0xFF, 0x5D, 0xEF, 0xFF, 0x5D, 0xEF, 0xFF, 0x5D, 0xEF, 0xFF,
  0x5D, 0xEF, 0xFF, 0x5D, 0xEF, 0xFF, 0x5D, 0xEF, 0xFF, 0x5D, 0xEF, 0xFF, 0x5D, 0xEF, 0xFF, 0x5D, 0xEF, 0xFF, 0x5D, 0xEF, 0xFF, 0x5D, 0xEF, 0xFF,
  0x5D, 0xEF, 0xFF, 0x5D, 0xEF, 0xFF, 0x3C, 0xE7, 0xFF, 0x7D, 0xEF, 0xFF, 0x59, 0xCE, 0xFF, 0x4D, 0x6B, 0xFF, 0xDA, 0xDE, 0xFF, 0x7D, 0xEF, 0xFF,
  0x59, 0xCE, 0xFF, 0x5C, 0xEF, 0xFF, 0x7D, 0xEF, 0xFF, 0x7D, 0xEF, 0xFF, 0x7D, 0xEF, 0xFF, 0x5D, 0xEF, 0xFF, 0x5D, 0xEF, 0xFF, 0x5D, 0xEF, 0xFF,
  0x5D, 0xEF, 0xFF, 0x5D, 0xEF, 0xFF, 0x5D, 0xEF, 0xFF, 0x5D, 0xEF, 0xFF, 0x5D, 0xEF, 0xFF, 0x5D, 0xEF, 0xFF, 0x7D, 0xEF, 0xFF, 0x7D, 0xEF, 0xFF,
  0x7D, 0xEF, 0xFF, 0x5D, 0xEF, 0xFF, 0x5D, 0xEF, 0xFF, 0x5D, 0xEF, 0xFF, 0x7D, 0xEF, 0xFF, 0x7D, 0xEF, 0xFF, 0x7D, 0xEF, 0xFF, 0x5D, 0xEF, 0xFF,
  0x7D, 0xEF, 0xFF, 0x5D, 0xEF, 0xFF, 0x5D, 0xEF, 0xFF, 0x5D, 0xEF, 0xFF, 0x5D, 0xEF, 0xFF, 0x7D, 0xEF, 0xFF, 0x5D, 0xEF, 0xFF, 0x5D, 0xEF, 0xFF,
  0x5D, 0xEF, 0xFF, 0x5D, 0xEF, 0xFF, 0x5D, 0xEF, 0xFF, 0x5D, 0xEF, 0xFF, 0x5D, 0xEF, 0xFF, 0x5D, 0xEF, 0xFF, 0x5D, 0xEF, 0xFF, 0x5D, 0xEF, 0xFF,
  0x7D, 0xEF, 0xFF, 0x5D, 0xEF, 0xFF, 0x5D, 0xEF, 0xFF, 0x5D, 0xEF, 0xFF, 0x5D, 0xEF, 0xFF, 0x5D, 0xEF, 0xFF, 0x5D, 0xEF, 0xFF, 0x7D, 0xEF, 0xFF,
  0x7D, 0xEF, 0xFF, 0x7D, 0xEF, 0xFF, 0x5D, 0xEF, 0xFF, 0x5D, 0xEF, 0xFF, 0x9E, 0xF7, 0xFF, 0xBA, 0xD6, 0xFF, 0x79, 0xCE, 0xFF, 0x9E, 0xF7, 0xFF,
  0x7D, 0xEF, 0xFF, 0x7D, 0xEF, 0xFF, 0x5D, 0xEF, 0xFF, 0x5D, 0xEF, 0xFF, 0x5D, 0xEF, 0xFF, 0x5D, 0xEF, 0xFF, 0x5D, 0xEF, 0xFF, 0x5D, 0xEF, 0xFF,
  0x5D, 0xEF, 0xFF, 0x5D, 0xEF, 0xFF, 0x5D, 0xEF, 0xFF, 0x5D, 0xEF, 0xFF, 0x5D, 0xEF, 0xFF, 0x5D, 0xEF, 0xFF, 0x5D, 0xEF, 0xFF, 0x7D, 0xEF, 0xFF,
  0x7D, 0xEF, 0xFF, 0x7D, 0xEF, 0xFF, 0x5D, 0xEF, 0xFF, 0x5D, 0xEF, 0xFF, 0x9E, 0xF7, 0xFF, 0x38, 0xCE, 0xFF, 0x1C, 0xE7, 0xFF, 0x7D, 0xEF, 0xFF,
  0x5D, 0xEF, 0xFF, 0x7D, 0xEF, 0xFF, 0x7D, 0xEF, 0xFF, 0x5D, 0xEF, 0xFF, 0x7D, 0xEF, 0xFF, 0x7D, 0xEF, 0xFF, 0x5D, 0xEF, 0xFF, 0x5D, 0xEF, 0xFF,
  0x5D, 0xEF, 0xFF, 0x5D, 0xEF, 0xFF, 0x5D, 0xEF, 0xFF, 0x5D, 0xEF, 0xFF, 0x5D, 0xEF, 0xFF, 0x7D, 0xEF, 0xFF, 0x5D, 0xEF, 0xFF, 0x7D, 0xEF, 0xFF,
  0x7D, 0xEF, 0xFF, 0x7D, 0xEF, 0xFF, 0x59, 0xCE, 0xFF, 0x18, 0xC6, 0xFF, 0x18, 0xC6, 0xFF, 0x38, 0xC6, 0xFF, 0x9A, 0xD6, 0xFF, 0x9E, 0xF7, 0xFF,
  0x5D, 0xEF, 0xFF, 0x7D, 0xEF, 0xFF, 0x7D, 0xEF, 0xFF, 0x5D, 0xEF, 0xFF, 0x7D, 0xEF, 0xFF, 0x5D, 0xEF, 0xFF, 0x5D, 0xEF, 0xFF, 0x5D, 0xEF, 0xFF,
  0x5D, 0xEF, 0xFF, 0x5D, 0xEF, 0xFF, 0x7D, 0xEF, 0xFF, 0x5D, 0xEF, 0xFF, 0x5D, 0xEF, 0xFF, 0x7D, 0xEF, 0xFF, 0x5D, 0xEF, 0xFF, 0x5D, 0xEF, 0xFF,
  0x5D, 0xEF, 0xFF, 0x5D, 0xEF, 0xFF, 0x5D, 0xEF, 0xFF, 0x5D, 0xEF, 0xFF, 0x5D, 0xEF, 0xFF, 0x5D, 0xEF, 0xFF, 0x5D, 0xEF, 0xFF, 0x5D, 0xEF, 0xFF,
  0x5D, 0xEF, 0xFF, 0x5D, 0xEF, 0xFF, 0x5D, 0xEF, 0xFF, 0x5D, 0xEF, 0xFF, 0x5D, 0xEF, 0xFF, 0x5D, 0xEF, 0xFF, 0x5D, 0xEF, 0xFF, 0x5D, 0xEF, 0xFF,
  0x5D, 0xEF, 0xFF, 0x5D, 0xEF, 0xFF, 0x5D, 0xEF, 0xFF, 0x5D, 0xEF, 0xFF, 0x9D, 0xF7, 0xFF, 0x9A, 0xD6, 0xFF, 0xBA, 0xD6, 0xFF, 0x5D, 0xEF, 0xF9,
  0x3C, 0xE7, 0xFF, 0xCF, 0x7B, 0xA8, 0x00, 0x00, 0x00, 0x00, 0x00, 0x00, 0x00, 0x00, 0x00, 0x00, 0x00, 0x00, 0x00, 0x00, 0x00, 0x00, 0x00, 0x00,
  0xFF, 0xFF, 0x00, 0xFF, 0xFF, 0x00, 0xFF, 0xFF, 0x00, 0xFF, 0xFF, 0x00, 0xFF, 0xFF, 0x00, 0xFF, 0xFF, 0x00, 0xFF, 0xFF, 0x00, 0xFF, 0xFF, 0x00,
  0xFF, 0xFF, 0x00, 0xFF, 0xFF, 0x00, 0xFF, 0xFF, 0x00, 0xFF, 0xFF, 0x00, 0xFF, 0xFF, 0x00, 0xFF, 0xFF, 0x00, 0xFF, 0xFF, 0x00, 0xFF, 0xFF, 0x00,
  0xFF, 0xFF, 0x00, 0xFF, 0xFF, 0x00, 0xFF, 0xFF, 0x00, 0xFF, 0xFF, 0x00, 0xFF, 0xFF, 0x00, 0xFF, 0xFF, 0x00, 0xFF, 0xFF, 0x00, 0xFF, 0xFF, 0x00,
  0xFF, 0xFF, 0x00, 0xFF, 0xFF, 0x00, 0xFF, 0xFF, 0x00, 0xFF, 0xFF, 0x00, 0xFF, 0xFF, 0x00, 0xFF, 0xFF, 0x00, 0xFF, 0xFF, 0x00, 0xFF, 0xFF, 0x00,
  0xFF, 0xFF, 0x00, 0xFF, 0xFF, 0x00, 0xFF, 0xFF, 0x00, 0xFF, 0xFF, 0x00, 0xFF, 0xFF, 0x00, 0xFF, 0xFF, 0x00, 0xFF, 0xFF, 0x00, 0xFF, 0xFF, 0x00,
  0xFF, 0xFF, 0x00, 0xFF, 0xFF, 0x00, 0xFF, 0xFF, 0x00, 0xFF, 0xFF, 0x00, 0xFF, 0xFF, 0x00, 0xFF, 0xFF, 0x00, 0xFF, 0xFF, 0x00, 0xFF, 0xFF, 0x00,
  0xFF, 0xFF, 0x00, 0xFF, 0xFF, 0x00, 0xFF, 0xFF, 0x00, 0xFF, 0xFF, 0x00, 0xFF, 0xFF, 0x00, 0xFF, 0xFF, 0x00, 0xFF, 0xFF, 0x00, 0x00, 0x00, 0x00,
  0x00, 0x00, 0x00, 0x00, 0x00, 0x00, 0x20, 0x00, 0x04, 0x0C, 0x63, 0xE8, 0xAE, 0x73, 0xFF, 0x45, 0x29, 0xFB, 0x65, 0x29, 0x39, 0x41, 0x08, 0x00,
  0x00, 0x00, 0x00, 0x00, 0x00, 0x00, 0x00, 0x00, 0x00, 0x00, 0x00, 0x00, 0x00, 0x00, 0x00, 0x00, 0x00, 0x00, 0x00, 0x00, 0x00, 0x00, 0x00, 0x00,
  0x00, 0x00, 0x00, 0x61, 0x08, 0x04, 0x86, 0x31, 0x1C, 0x86, 0x31, 0x1D, 0x45, 0x29, 0x1D, 0x04, 0x21, 0x0C, 0x41, 0x08, 0x00, 0x00, 0x00, 0x00,
  0x00, 0x00, 0x00, 0x00, 0x00, 0x00, 0x00, 0x00, 0x00, 0x00, 0x00, 0x00, 0x00, 0x00, 0x00, 0x00, 0x00, 0x00, 0x49, 0x4A, 0x5E, 0xB7, 0xB5, 0xFF,
  0xE7, 0x39, 0x7F, 0x00, 0x00, 0x00, 0x00, 0x00, 0x00, 0x00, 0x00, 0x00, 0x00, 0x00, 0x00, 0x00, 0x00, 0x00, 0x00, 0x00, 0x00, 0x00, 0x00, 0x00,
  0x00, 0x00, 0x00, 0x00, 0x00, 0x00, 0x00, 0x00, 0x00, 0x00, 0x00, 0x00, 0x6D, 0x6B, 0x8B, 0x9E, 0xF7, 0xFF, 0x5D, 0xEF, 0xF9, 0x5D, 0xEF, 0xFF,
  0x5D, 0xEF, 0xFF, 0x5D, 0xEF, 0xFF, 0x5D, 0xEF, 0xFF, 0x5D, 0xEF, 0xFF, 0x5D, 0xEF, 0xFF, 0x5D, 0xEF, 0xFF, 0x5D, 0xEF, 0xFF, 0x5D, 0xEF, 0xFF,
  0x5D, 0xEF, 0xFF, 0x5D, 0xEF, 0xFF, 0x5D, 0xEF, 0xFF, 0x5D, 0xEF, 0xFF, 0x5D, 0xEF, 0xFF, 0x5C, 0xEF, 0xFF, 0x3C, 0xEF, 0xFF, 0x3C, 0xEF, 0xFF,
  0x1C, 0xE7, 0xFF, 0x8E, 0x73, 0xFF, 0x18, 0xC6, 0xFF, 0xBE, 0xF7, 0xFF, 0x79, 0xCE, 0xFF, 0xDA, 0xDE, 0xFF, 0x9D, 0xF7, 0xFF, 0x7D, 0xEF, 0xFF,
  0x7D, 0xEF, 0xFF, 0x7D, 0xEF, 0xFF, 0x5D, 0xEF, 0xFF, 0x5D, 0xEF, 0xFF, 0x5D, 0xEF, 0xFF, 0x5D, 0xEF, 0xFF, 0x7D, 0xEF, 0xFF, 0x5D, 0xEF, 0xFF,
  0x5D, 0xEF, 0xFF, 0x7D, 0xEF, 0xFF, 0x5D, 0xEF, 0xFF, 0x5D, 0xEF, 0xFF, 0x5D, 0xEF, 0xFF, 0x7D, 0xEF, 0xFF, 0x5D, 0xEF, 0xFF, 0x7D, 0xEF, 0xFF,
  0x5D, 0xEF, 0xFF, 0x7D, 0xEF, 0xFF, 0x5D, 0xEF, 0xFF, 0x7D, 0xEF, 0xFF, 0x5D, 0xEF, 0xFF, 0x5D, 0xEF, 0xFF, 0x5D, 0xEF, 0xFF, 0x5D, 0xEF, 0xFF,
  0x5D, 0xEF, 0xFF, 0x5D, 0xEF, 0xFF, 0x5D, 0xEF, 0xFF, 0x5D, 0xEF, 0xFF, 0x5D, 0xEF, 0xFF, 0x5D, 0xEF, 0xFF, 0x5D, 0xEF, 0xFF, 0x5D, 0xEF, 0xFF,
  0x5D, 0xEF, 0xFF, 0x5D, 0xEF, 0xFF, 0x5D, 0xEF, 0xFF, 0x5D, 0xEF, 0xFF, 0x5D, 0xEF, 0xFF, 0x5D, 0xEF, 0xFF, 0x5D, 0xEF, 0xFF, 0x5D, 0xEF, 0xFF,
  0x7D, 0xEF, 0xFF, 0x5D, 0xEF, 0xFF, 0x5D, 0xEF, 0xFF, 0x5D, 0xEF, 0xFF, 0x5D, 0xEF, 0xFF, 0x5D, 0xEF, 0xFF, 0x5D, 0xEF, 0xFF, 0x5D, 0xEF, 0xFF,
  0x7D, 0xEF, 0xFF, 0x59, 0xCE, 0xFF, 0x5D, 0xEF, 0xFF, 0x5D, 0xEF, 0xFF, 0x5D, 0xEF, 0xFF, 0x5C, 0xEF, 0xFF, 0x5C, 0xEF, 0xFF, 0x3C, 0xEF, 0xFF,
  0x3C, 0xEF, 0xFF, 0x3C, 0xEF, 0xFF, 0x3C, 0xEF, 0xFF, 0x3C, 0xEF, 0xFF, 0x3C, 0xEF, 0xFF, 0x3C, 0xEF, 0xFF, 0x3C, 0xEF, 0xFF, 0x3C, 0xEF, 0xFF,
  0x3C, 0xEF, 0xFF, 0x3C, 0xEF, 0xFF, 0x3C, 0xEF, 0xFF, 0x5C, 0xEF, 0xFF, 0x5D, 0xEF, 0xFF, 0x3C, 0xEF, 0xFF, 0x3C, 0xE7, 0xFF, 0x3C, 0xEF, 0xFF,
  0x7D, 0xEF, 0xFF, 0x1C, 0xE7, 0xFF, 0x99, 0xD6, 0xFF, 0x9E, 0xF7, 0xFF, 0x5D, 0xEF, 0xFF, 0x5D, 0xEF, 0xFF, 0x5D, 0xEF, 0xFF, 0x7D, 0xEF, 0xFF,
  0x7D, 0xEF, 0xFF, 0x7D, 0xEF, 0xFF, 0x5D, 0xEF, 0xFF, 0x5D, 0xEF, 0xFF, 0x5D, 0xEF, 0xFF, 0x5D, 0xEF, 0xFF, 0x5D, 0xEF, 0xFF, 0x5D, 0xEF, 0xFF,
  0x5D, 0xEF, 0xFF, 0x5D, 0xEF, 0xFF, 0x7D, 0xEF, 0xFF, 0x5D, 0xEF, 0xFF, 0x7D, 0xEF, 0xFF, 0x7D, 0xEF, 0xFF, 0x9E, 0xF7, 0xFF, 0xBE, 0xF7, 0xFF,
  0xBE, 0xF7, 0xFF, 0xBE, 0xF7, 0xFF, 0x9E, 0xF7, 0xFF, 0x5D, 0xEF, 0xFF, 0x7D, 0xEF, 0xFF, 0x5D, 0xEF, 0xFF, 0x7D, 0xEF, 0xFF, 0x7D, 0xEF, 0xFF,
  0x7D, 0xEF, 0xFF, 0x7D, 0xEF, 0xFF, 0x5D, 0xEF, 0xFF, 0x7D, 0xEF, 0xFF, 0x5D, 0xEF, 0xFF, 0x5D, 0xEF, 0xFF, 0x5D, 0xEF, 0xFF, 0x5D, 0xEF, 0xFF,
  0x5D, 0xEF, 0xFF, 0x5D, 0xEF, 0xFF, 0x5D, 0xEF, 0xFF, 0x5D, 0xEF, 0xFF, 0x5D, 0xEF, 0xFF, 0x5D, 0xEF, 0xFF, 0x5D, 0xEF, 0xFF, 0x5D, 0xEF, 0xFF,
  0x5D, 0xEF, 0xFF, 0x5D, 0xEF, 0xFF, 0x5D, 0xEF, 0xFF, 0x5D, 0xEF, 0xFF, 0x5D, 0xEF, 0xFF, 0x5D, 0xEF, 0xFF, 0x5D, 0xEF, 0xFF, 0x5D, 0xEF, 0xFF,
  0x7D, 0xEF, 0xFF, 0x5D, 0xEF, 0xFF, 0x5D, 0xEF, 0xFF, 0x5D, 0xEF, 0xFF, 0x7D, 0xEF, 0xFF, 0x7D, 0xEF, 0xFF, 0x7D, 0xEF, 0xFF, 0x7D, 0xEF, 0xFF,
  0x7D, 0xEF, 0xFF, 0x59, 0xCE, 0xFF, 0x3C, 0xE7, 0xFF, 0x1C, 0xE7, 0xF7, 0x9A, 0xD6, 0xFD, 0x28, 0x42, 0x4D, 0x00, 0x00, 0x00, 0x00, 0x00, 0x00,
  0x00, 0x00, 0x00, 0x00, 0x00, 0x00, 0x00, 0x00, 0x00, 0x00, 0x00, 0x00, 0xFF, 0xFF, 0x00, 0xFF, 0xFF, 0x00, 0xFF, 0xFF, 0x00, 0xFF, 0xFF, 0x00,
  0xFF, 0xFF, 0x00, 0xFF, 0xFF, 0x00, 0xFF, 0xFF, 0x00, 0xFF, 0xFF, 0x00, 0xFF, 0xFF, 0x00, 0xFF, 0xFF, 0x00, 0xFF, 0xFF, 0x00, 0xFF, 0xFF, 0x00,
  0xFF, 0xFF, 0x00, 0xFF, 0xFF, 0x00, 0xFF, 0xFF, 0x00, 0xFF, 0xFF, 0x00, 0xFF, 0xFF, 0x00, 0xFF, 0xFF, 0x00, 0xFF, 0xFF, 0x00, 0xFF, 0xFF, 0x00,
  0xFF, 0xFF, 0x00, 0xFF, 0xFF, 0x00, 0xFF, 0xFF, 0x00, 0xFF, 0xFF, 0x00, 0xFF, 0xFF, 0x00, 0xFF, 0xFF, 0x00, 0xFF, 0xFF, 0x00, 0xFF, 0xFF, 0x00,
  0xFF, 0xFF, 0x00, 0xFF, 0xFF, 0x00, 0xFF, 0xFF, 0x00, 0xFF, 0xFF, 0x00, 0xFF, 0xFF, 0x00, 0xFF, 0xFF, 0x00, 0xFF, 0xFF, 0x00, 0xFF, 0xFF, 0x00,
  0xFF, 0xFF, 0x00, 0xFF, 0xFF, 0x00, 0xFF, 0xFF, 0x00, 0xFF, 0xFF, 0x00, 0xFF, 0xFF, 0x00, 0xFF, 0xFF, 0x00, 0xFF, 0xFF, 0x00, 0xFF, 0xFF, 0x00,
  0xFF, 0xFF, 0x00, 0xFF, 0xFF, 0x00, 0xFF, 0xFF, 0x00, 0xFF, 0xFF, 0x00, 0xFF, 0xFF, 0x00, 0xFF, 0xFF, 0x00, 0xFF, 0xFF, 0x00, 0xFF, 0xFF, 0x00,
  0xFF, 0xFF, 0x00, 0xFF, 0xFF, 0x00, 0xFF, 0xFF, 0x00, 0x00, 0x00, 0x00, 0x00, 0x00, 0x00, 0x00, 0x00, 0x00, 0x65, 0x29, 0x17, 0xCB, 0x5A, 0xFF,
  0x08, 0x3A, 0xFD, 0x45, 0x29, 0x6F, 0x00, 0x00, 0x00, 0x00, 0x00, 0x00, 0x00, 0x00, 0x00, 0x00, 0x00, 0x00, 0x00, 0x00, 0x00, 0x00, 0x00, 0x00,
  0x00, 0x00, 0x00, 0x00, 0x00, 0x00, 0x00, 0x00, 0x00, 0x61, 0x08, 0x1E, 0x65, 0x29, 0xB0, 0xE3, 0x18, 0xED, 0x04, 0x21, 0xFF, 0x24, 0x21, 0xFF,
  0x04, 0x21, 0xFF, 0x44, 0x29, 0xFF, 0x04, 0x21, 0xC3, 0xC3, 0x18, 0x61, 0x04, 0x21, 0x11, 0x00, 0x00, 0x00, 0x00, 0x00, 0x00, 0x00, 0x00, 0x00,
  0x00, 0x00, 0x00, 0x00, 0x00, 0x00, 0x08, 0x3A, 0x5E, 0x75, 0xAD, 0xFF, 0x8A, 0x4A, 0xB5, 0x20, 0x00, 0x00, 0x00, 0x00, 0x00, 0x00, 0x00, 0x00,
  0x00, 0x00, 0x00, 0x00, 0x00, 0x00, 0x00, 0x00, 0x00, 0x00, 0x00, 0x00, 0x00, 0x00, 0x00, 0x00, 0x00, 0x00, 0x00, 0x00, 0x00, 0x00, 0x00, 0x00,
  0x4D, 0x6B, 0x8B, 0x9E, 0xF7, 0xFF, 0x5D, 0xEF, 0xF9, 0x5D, 0xEF, 0xFF, 0x5D, 0xEF, 0xFF, 0x5D, 0xEF, 0xFF, 0x5D, 0xEF, 0xFF, 0x5D, 0xEF, 0xFF,
  0x5D, 0xEF, 0xFF, 0x5D, 0xEF, 0xFF, 0x5D, 0xEF, 0xFF, 0x5D, 0xEF, 0xFF, 0x5D, 0xEF, 0xFF, 0x5D, 0xEF, 0xFF, 0x5D, 0xEF, 0xFF, 0x5D, 0xEF, 0xFF,
  0x5D, 0xEF, 0xFF, 0x5C, 0xEF, 0xFF, 0x3C, 0xEF, 0xFF, 0x3C, 0xE7, 0xFF, 0x7D, 0xF7, 0xFF, 0x30, 0x84, 0xFF, 0xF3, 0x9C, 0xFF, 0xBE, 0xF7, 0xFF,
  0xDB, 0xDE, 0xFF, 0x79, 0xCE, 0xFF, 0x9E, 0xF7, 0xFF, 0x5D, 0xEF, 0xFF, 0x7D, 0xEF, 0xFF, 0x7D, 0xEF, 0xFF, 0x7D, 0xEF, 0xFF, 0x5D, 0xEF, 0xFF,
  0x5D, 0xEF, 0xFF, 0x5D, 0xEF, 0xFF, 0x5D, 0xEF, 0xFF, 0x5D, 0xEF, 0xFF, 0x5D, 0xEF, 0xFF, 0x5D, 0xEF, 0xFF, 0x5D, 0xEF, 0xFF, 0x5D, 0xEF, 0xFF,
  0x5D, 0xEF, 0xFF, 0x7D, 0xEF, 0xFF, 0x7D, 0xEF, 0xFF, 0x5D, 0xEF, 0xFF, 0x7D, 0xEF, 0xFF, 0x7D, 0xEF, 0xFF, 0x5D, 0xEF, 0xFF, 0x7D, 0xEF, 0xFF,
  0x7D, 0xEF, 0xFF, 0x7D, 0xEF, 0xFF, 0x7D, 0xEF, 0xFF, 0x5D, 0xEF, 0xFF, 0x5D, 0xEF, 0xFF, 0x5D, 0xEF, 0xFF, 0x5D, 0xEF, 0xFF, 0x5D, 0xEF, 0xFF,
  0x5D, 0xEF, 0xFF, 0x5D, 0xEF, 0xFF, 0x5D, 0xEF, 0xFF, 0x5D, 0xEF, 0xFF, 0x5D, 0xEF, 0xFF, 0x5D, 0xEF, 0xFF, 0x5D, 0xEF, 0xFF, 0x5D, 0xEF, 0xFF,
  0x5D, 0xEF, 0xFF, 0x5D, 0xEF, 0xFF, 0x5D, 0xEF, 0xFF, 0x5D, 0xEF, 0xFF, 0x7D, 0xEF, 0xFF, 0x7D, 0xEF, 0xFF, 0x5D, 0xEF, 0xFF, 0x5D, 0xEF, 0xFF,
  0x5D, 0xEF, 0xFF, 0x5D, 0xEF, 0xFF, 0x5D, 0xEF, 0xFF, 0x7D, 0xEF, 0xFF, 0xFB, 0xDE, 0xFF, 0xBA, 0xD6, 0xFF, 0x9E, 0xF7, 0xFF, 0x3C, 0xEF, 0xFF,
  0x7D, 0xEF, 0xFF, 0xDF, 0xFF, 0xFF, 0xFF, 0xFF, 0xFF, 0xDF, 0xFF, 0xFF, 0xDF, 0xFF, 0xFF, 0xBE, 0xFF, 0xFF, 0xBE, 0xFF, 0xFF, 0xBE, 0xFF, 0xFF,
  0xBE, 0xFF, 0xFF, 0xBE, 0xFF, 0xFF, 0xBE, 0xFF, 0xFF, 0xBE, 0xFF, 0xFF, 0xBE, 0xFF, 0xFF, 0xBE, 0xFF, 0xFF, 0xDF, 0xFF, 0xFF, 0xDE, 0xFF, 0xFF,
  0xBE, 0xFF, 0xFF, 0xDF, 0xFF, 0xFF, 0xDF, 0xFF, 0xFF, 0x7D, 0xF7, 0xFF, 0x5D, 0xEF, 0xFF, 0x9E, 0xF7, 0xFF, 0x79, 0xCE, 0xFF, 0x3C, 0xEF, 0xFF,
  0x7D, 0xEF, 0xFF, 0x5D, 0xEF, 0xFF, 0x5D, 0xEF, 0xFF, 0x5D, 0xEF, 0xFF, 0x5D, 0xEF, 0xFF, 0x5D, 0xEF, 0xFF, 0x5D, 0xEF, 0xFF, 0x5D, 0xEF, 0xFF,
  0x7D, 0xEF, 0xFF, 0x5D, 0xEF, 0xFF, 0x7D, 0xEF, 0xFF, 0x5D, 0xEF, 0xFF, 0x5D, 0xEF, 0xFF, 0x5D, 0xEF, 0xFF, 0x5D, 0xEF, 0xFF, 0x5D, 0xEF, 0xFF,
  0x5D, 0xEF, 0xFF, 0x7D, 0xEF, 0xFF, 0x5D, 0xEF, 0xFF, 0x5D, 0xEF, 0xFF, 0x5D, 0xEF, 0xFF, 0x5D, 0xEF, 0xFF, 0x5D, 0xEF, 0xFF, 0x7D, 0xEF, 0xFF,
  0x7D, 0xEF, 0xFF, 0x7D, 0xEF, 0xFF, 0x5D, 0xEF, 0xFF, 0x7D, 0xEF, 0xFF, 0x5D, 0xEF, 0xFF, 0x5D, 0xEF, 0xFF, 0x5D, 0xEF, 0xFF, 0x7D, 0xEF, 0xFF,
  0x7D, 0xEF, 0xFF, 0x5D, 0xEF, 0xFF, 0x5D, 0xEF, 0xFF, 0x5D, 0xEF, 0xFF, 0x5D, 0xEF, 0xFF, 0x5D, 0xEF, 0xFF, 0x5D, 0xEF, 0xFF, 0x5D, 0xEF, 0xFF,
  0x5D, 0xEF, 0xFF, 0x5D, 0xEF, 0xFF, 0x5D, 0xEF, 0xFF, 0x5D, 0xEF, 0xFF, 0x5D, 0xEF, 0xFF, 0x5D, 0xEF, 0xFF, 0x7D, 0xEF, 0xFF, 0x5D, 0xEF, 0xFF,
  0x5D, 0xEF, 0xFF, 0x5D, 0xEF, 0xFF, 0x7D, 0xEF, 0xFF, 0x7D, 0xEF, 0xFF, 0x5D, 0xEF, 0xFF, 0x5D, 0xEF, 0xFF, 0x7D, 0xEF, 0xFF, 0x5D, 0xEF, 0xFF,
  0x5D, 0xEF, 0xFF, 0x5D, 0xEF, 0xFF, 0x7D, 0xEF, 0xFF, 0x9E, 0xF7, 0xFF, 0x5D, 0xEF, 0xFF, 0x79, 0xCE, 0xFF, 0x5D, 0xEF, 0xFF, 0xDB, 0xDE, 0xF9,
  0x96, 0xB5, 0xFF, 0xC3, 0x18, 0x12, 0x00, 0x00, 0x00, 0x00, 0x00, 0x00, 0x00, 0x00, 0x00, 0x00, 0x00, 0x00, 0x00, 0x00, 0x00, 0x00, 0x00, 0x00,
  0xFF, 0xFF, 0x00, 0xFF, 0xFF, 0x00, 0xFF, 0xFF, 0x00, 0xFF, 0xFF, 0x00, 0xFF, 0xFF, 0x00, 0xFF, 0xFF, 0x00, 0xFF, 0xFF, 0x00, 0xFF, 0xFF, 0x00,
  0xFF, 0xFF, 0x00, 0xFF, 0xFF, 0x00, 0xFF, 0xFF, 0x00, 0xFF, 0xFF, 0x00, 0xFF, 0xFF, 0x00, 0xFF, 0xFF, 0x00, 0xFF, 0xFF, 0x00, 0xFF, 0xFF, 0x00,
  0xFF, 0xFF, 0x00, 0xFF, 0xFF, 0x00, 0xFF, 0xFF, 0x00, 0xFF, 0xFF, 0x00, 0xFF, 0xFF, 0x00, 0xFF, 0xFF, 0x00, 0xFF, 0xFF, 0x00, 0xFF, 0xFF, 0x00,
  0xFF, 0xFF, 0x00, 0xFF, 0xFF, 0x00, 0xFF, 0xFF, 0x00, 0xFF, 0xFF, 0x00, 0xFF, 0xFF, 0x00, 0xFF, 0xFF, 0x00, 0xFF, 0xFF, 0x00, 0xFF, 0xFF, 0x00,
  0xFF, 0xFF, 0x00, 0xFF, 0xFF, 0x00, 0xFF, 0xFF, 0x00, 0xFF, 0xFF, 0x00, 0xFF, 0xFF, 0x00, 0xFF, 0xFF, 0x00, 0xFF, 0xFF, 0x00, 0xFF, 0xFF, 0x00,
  0xFF, 0xFF, 0x00, 0xFF, 0xFF, 0x00, 0xFF, 0xFF, 0x00, 0xFF, 0xFF, 0x00, 0xFF, 0xFF, 0x00, 0xFF, 0xFF, 0x00, 0xFF, 0xFF, 0x00, 0xFF, 0xFF, 0x00,
  0xFF, 0xFF, 0x00, 0xFF, 0xFF, 0x00, 0xFF, 0xFF, 0x00, 0xFF, 0xFF, 0x00, 0xFF, 0xFF, 0x00, 0xFF, 0xFF, 0x00, 0xFF, 0xFF, 0x00, 0x00, 0x00, 0x00,
  0x20, 0x00, 0x00, 0xC3, 0x18, 0x1A, 0x8E, 0x73, 0x9A, 0x69, 0x4A, 0xFB, 0x69, 0x4A, 0xFF, 0xA6, 0x31, 0x6C, 0x00, 0x00, 0x01, 0x00, 0x00, 0x00,
  0xC3, 0x18, 0x04, 0xE3, 0x18, 0x39, 0x82, 0x10, 0x0C, 0x82, 0x10, 0x01, 0x45, 0x29, 0x14, 0xC3, 0x18, 0x0A, 0xC3, 0x18, 0x5D, 0x2C, 0x63, 0xFF,
  0xDB, 0xDE, 0xFF, 0xDB, 0xDE, 0xFF, 0xF7, 0xBD, 0xF9, 0x38, 0xC6, 0xF9, 0x18, 0xC6, 0xF9, 0x58, 0xCE, 0xFF, 0x38, 0xC6, 0xFF, 0x30, 0x84, 0xFF,
  0xC6, 0x31, 0xFF, 0xE3, 0x18, 0x83, 0x61, 0x08, 0x12, 0x20, 0x00, 0x00, 0x00, 0x00, 0x00, 0x00, 0x00, 0x00, 0x69, 0x4A, 0x69, 0x96, 0xAD, 0xFF,
  0xAA, 0x52, 0xAA, 0x00, 0x00, 0x00, 0x00, 0x00, 0x00, 0x00, 0x00, 0x00, 0x00, 0x00, 0x00, 0x00, 0x00, 0x00, 0x00, 0x00, 0x00, 0x00, 0x00, 0x00,
  0x00, 0x00, 0x00, 0x00, 0x00, 0x00, 0x00, 0x00, 0x00, 0x00, 0x00, 0x00, 0x4D, 0x6B, 0x8B, 0x7D, 0xEF, 0xFF, 0x5D, 0xEF, 0xF9, 0x5D, 0xEF, 0xFF,
  0x5D, 0xEF, 0xFF, 0x5D, 0xEF, 0xFF, 0x5D, 0xEF, 0xFF, 0x5D, 0xEF, 0xFF, 0x5D, 0xEF, 0xFF, 0x5D, 0xEF, 0xFF, 0x5D, 0xEF, 0xFF, 0x5D, 0xEF, 0xFF,
  0x5D, 0xEF, 0xFF, 0x5D, 0xEF, 0xFF, 0x5D, 0xEF, 0xFF, 0x5D, 0xEF, 0xFF, 0x5D, 0xEF, 0xFF, 0x5D, 0xEF, 0xFF, 0x5C, 0xEF, 0xFF, 0x3C, 0xE7, 0xFF,
  0x7D, 0xF7, 0xFF, 0x14, 0xA5, 0xFF, 0xCF, 0x7B, 0xFF, 0x3C, 0xEF, 0xFF, 0x1C, 0xE7, 0xFF, 0x38, 0xCE, 0xFF, 0x7D, 0xF7, 0xFF, 0x5D, 0xEF, 0xFF,
  0x5D, 0xEF, 0xFF, 0x7D, 0xEF, 0xFF, 0x5D, 0xEF, 0xFF, 0x5D, 0xEF, 0xFF, 0x7D, 0xEF, 0xFF, 0x7D, 0xEF, 0xFF, 0x7D, 0xEF, 0xFF, 0x5D, 0xEF, 0xFF,
  0x5D, 0xEF, 0xFF, 0x5D, 0xEF, 0xFF, 0x7D, 0xEF, 0xFF, 0x5D, 0xEF, 0xFF, 0x5D, 0xEF, 0xFF, 0x7D, 0xEF, 0xFF, 0x5D, 0xEF, 0xFF, 0x5D, 0xEF, 0xFF,
  0x7D, 0xEF, 0xFF, 0x7D, 0xEF, 0xFF, 0x5D, 0xEF, 0xFF, 0x5D, 0xEF, 0xFF, 0x5D, 0xEF, 0xFF, 0x7D, 0xEF, 0xFF, 0x5D, 0xEF, 0xFF, 0x5D, 0xEF, 0xFF,
  0x5D, 0xEF, 0xFF, 0x5D, 0xEF, 0xFF, 0x5D, 0xEF, 0xFF, 0x5D, 0xEF, 0xFF, 0x5D, 0xEF, 0xFF, 0x5D, 0xEF, 0xFF, 0x5D, 0xEF, 0xFF, 0x5D, 0xEF, 0xFF,
  0x5D, 0xEF, 0xFF, 0x5D, 0xEF, 0xFF, 0x5D, 0xEF, 0xFF, 0x5D, 0xEF, 0xFF, 0x5D, 0xEF, 0xFF, 0x5D, 0xEF, 0xFF, 0x5D, 0xEF, 0xFF, 0x5D, 0xEF, 0xFF,
  0x5D, 0xEF, 0xFF, 0x5D, 0xEF, 0xFF, 0x5D, 0xEF, 0xFF, 0x5D, 0xEF, 0xFF, 0x5D, 0xEF, 0xFF, 0x7D, 0xEF, 0xFF, 0x5D, 0xEF, 0xFF, 0x7D, 0xEF, 0xFF,
  0x59, 0xCE, 0xFF, 0x5D, 0xEF, 0xFF, 0x7D, 0xEF, 0xFF, 0x9E, 0xF7, 0xFF, 0xBA, 0xD6, 0xFF, 0xAE, 0x73, 0xFF, 0xCB, 0x5A, 0xFF, 0x0C, 0x63, 0xFF,
  0xEB, 0x62, 0xFF, 0xCB, 0x5A, 0xFF, 0xCB, 0x5A, 0xFF, 0xCB, 0x5A, 0xFF, 0xEB, 0x5A, 0xFF, 0xEB, 0x5A, 0xFF, 0xEB, 0x5A, 0xFF, 0x0C, 0x63, 0xFF,
  0x0C, 0x63, 0xFF, 0xEB, 0x5A, 0xFF, 0xEB, 0x5A, 0xFF, 0xEB, 0x5A, 0xFF, 0xEB, 0x62, 0xFF, 0xEB, 0x5A, 0xFF, 0x10, 0x84, 0xFF, 0x1C, 0xE7, 0xFF,
  0x7D, 0xEF, 0xFF, 0x7D, 0xEF, 0xFF, 0xDB, 0xDE, 0xFF, 0x99, 0xD6, 0xFF, 0x7D, 0xF7, 0xFF, 0x5D, 0xEF, 0xFF, 0x5D, 0xEF, 0xFF, 0x7D, 0xEF, 0xFF,
  0x5D, 0xEF, 0xFF, 0x5D, 0xEF, 0xFF, 0x5D, 0xEF, 0xFF, 0x5D, 0xEF, 0xFF, 0x5D, 0xEF, 0xFF, 0x5D, 0xEF, 0xFF, 0x5D, 0xEF, 0xFF, 0x5D, 0xEF, 0xFF,
  0x5D, 0xEF, 0xFF, 0x7D, 0xEF, 0xFF, 0x7D, 0xEF, 0xFF, 0x7D, 0xEF, 0xFF, 0x7D, 0xEF, 0xFF, 0x5D, 0xEF, 0xFF, 0x5D, 0xEF, 0xFF, 0x5D, 0xEF, 0xFF,
  0x5D, 0xEF, 0xFF, 0x7D, 0xEF, 0xFF, 0x7D, 0xEF, 0xFF, 0x5D, 0xEF, 0xFF, 0x5D, 0xEF, 0xFF, 0x5D, 0xEF, 0xFF, 0x7D, 0xEF, 0xFF, 0x5D, 0xEF, 0xFF,
  0x5D, 0xEF, 0xFF, 0x5D, 0xEF, 0xFF, 0x5D, 0xEF, 0xFF, 0x5D, 0xEF, 0xFF, 0x5D, 0xEF, 0xFF, 0x5D, 0xEF, 0xFF, 0x5D, 0xEF, 0xFF, 0x5D, 0xEF, 0xFF,
  0x5D, 0xEF, 0xFF, 0x5D, 0xEF, 0xFF, 0x5D, 0xEF, 0xFF, 0x5D, 0xEF, 0xFF, 0x5D, 0xEF, 0xFF, 0x5D, 0xEF, 0xFF, 0x5D, 0xEF, 0xFF, 0x5D, 0xEF, 0xFF,
  0x5D, 0xEF, 0xFF, 0x5D, 0xEF, 0xFF, 0x5D, 0xEF, 0xFF, 0x5D, 0xEF, 0xFF, 0x5D, 0xEF, 0xFF, 0x5D, 0xEF, 0xFF, 0x5D, 0xEF, 0xFF, 0x7D, 0xEF, 0xFF,
  0x5D, 0xEF, 0xFF, 0x5D, 0xEF, 0xFF, 0x7D, 0xEF, 0xFF, 0x5D, 0xEF, 0xFF, 0x5D, 0xEF, 0xFF, 0x5D, 0xEF, 0xFF, 0x7D, 0xEF, 0xFF, 0xBE, 0xF7, 0xFF,
  0x17, 0xC6, 0xFF, 0x79, 0xCE, 0xFF, 0x5D, 0xEF, 0xFB, 0xFB, 0xDE, 0xFF, 0x10, 0x84, 0xBE, 0x20, 0x00, 0x00, 0x00, 0x00, 0x00, 0x00, 0x00, 0x00,
  0x00, 0x00, 0x00, 0x00, 0x00, 0x00, 0x00, 0x00, 0x00, 0x00, 0x00, 0x00, 0xFF, 0xFF, 0x00, 0xFF, 0xFF, 0x00, 0xFF, 0xFF, 0x00, 0xFF, 0xFF, 0x00,
  0xFF, 0xFF, 0x00, 0xFF, 0xFF, 0x00, 0xFF, 0xFF, 0x00, 0xFF, 0xFF, 0x00, 0xFF, 0xFF, 0x00, 0xFF, 0xFF, 0x00, 0xFF, 0xFF, 0x00, 0xFF, 0xFF, 0x00,
  0xFF, 0xFF, 0x00, 0xFF, 0xFF, 0x00, 0xFF, 0xFF, 0x00, 0xFF, 0xFF, 0x00, 0xFF, 0xFF, 0x00, 0xFF, 0xFF, 0x00, 0xFF, 0xFF, 0x00, 0xFF, 0xFF, 0x00,
  0xFF, 0xFF, 0x00, 0xFF, 0xFF, 0x00, 0xFF, 0xFF, 0x00, 0xFF, 0xFF, 0x00, 0xFF, 0xFF, 0x00, 0xFF, 0xFF, 0x00, 0xFF, 0xFF, 0x00, 0xFF, 0xFF, 0x00,
  0xFF, 0xFF, 0x00, 0xFF, 0xFF, 0x00, 0xFF, 0xFF, 0x00, 0xFF, 0xFF, 0x00, 0xFF, 0xFF, 0x00, 0xFF, 0xFF, 0x00, 0xFF, 0xFF, 0x00, 0xFF, 0xFF, 0x00,
  0xFF, 0xFF, 0x00, 0xFF, 0xFF, 0x00, 0xFF, 0xFF, 0x00, 0xFF, 0xFF, 0x00, 0xFF, 0xFF, 0x00, 0xFF, 0xFF, 0x00, 0xFF, 0xFF, 0x00, 0xFF, 0xFF, 0x00,
  0xFF, 0xFF, 0x00, 0xFF, 0xFF, 0x00, 0xFF, 0xFF, 0x00, 0xFF, 0xFF, 0x00, 0xFF, 0xFF, 0x00, 0xFF, 0xFF, 0x00, 0xFF, 0xFF, 0x00, 0xFF, 0xFF, 0x00,
  0xFF, 0xFF, 0x00, 0xFF, 0xFF, 0x00, 0xFF, 0xFF, 0x00, 0x20, 0x00, 0x00, 0x69, 0x4A, 0x89, 0x55, 0xA5, 0xFF, 0x34, 0xA5, 0xFF, 0xB3, 0x94, 0xFD,
  0x14, 0x9D, 0xFD, 0xCF, 0x7B, 0xFF, 0xCB, 0x52, 0xCC, 0x4D, 0x63, 0xAD, 0x86, 0x31, 0xD5, 0x86, 0x31, 0xFF, 0xA6, 0x31, 0xCE, 0xC7, 0x39, 0xBC,
  0x69, 0x4A, 0xFF, 0x08, 0x3A, 0xFF, 0xE3, 0x18, 0xFF, 0x6D, 0x6B, 0xFB, 0x79, 0xCE, 0xF9, 0x75, 0xAD, 0xFD, 0xD3, 0x9C, 0xFF, 0xB2, 0x94, 0xFF,
  0xF3, 0x9C, 0xFF, 0x55, 0xAD, 0xFF, 0xB6, 0xB5, 0xFB, 0xF7, 0xBD, 0xF9, 0x30, 0x84, 0xFD, 0x08, 0x42, 0xFF, 0x49, 0x4A, 0xFF, 0x0C, 0x5B, 0xB4,
  0xAA, 0x52, 0x7C, 0xCB, 0x5A, 0x7B, 0x6E, 0x6B, 0xD3, 0x96, 0xAD, 0xFF, 0xCB, 0x52, 0xCF, 0xC7, 0x39, 0x37, 0x0C, 0x5B, 0x69, 0x0C, 0x63, 0x69,
  0xEB, 0x5A, 0x68, 0x0C, 0x63, 0x69, 0xA7, 0x31, 0x36, 0x00, 0x00, 0x00, 0x00, 0x00, 0x00, 0x00, 0x00, 0x00, 0x20, 0x00, 0x00, 0x00, 0x00, 0x00,
  0x4D, 0x6B, 0x8B, 0x5C, 0xEF, 0xFF, 0x5C, 0xEF, 0xF9, 0x5D, 0xEF, 0xFF, 0x5D, 0xEF, 0xFF, 0x5D, 0xEF, 0xFF, 0x5D, 0xEF, 0xFF, 0x5D, 0xEF, 0xFF,
  0x5D, 0xEF, 0xFF, 0x5D, 0xEF, 0xFF, 0x5D, 0xEF, 0xFF, 0x5D, 0xEF, 0xFF, 0x5D, 0xEF, 0xFF, 0x5D, 0xEF, 0xFF, 0x5D, 0xEF, 0xFF, 0x5D, 0xEF, 0xFF,
  0x5D, 0xEF, 0xFF, 0x5D, 0xEF, 0xFF, 0x3C, 0xEF, 0xFF, 0x3C, 0xE7, 0xFF, 0x5D, 0xEF, 0xFF, 0xF7, 0xC5, 0xFF, 0x2C, 0x63, 0xFF, 0xBA, 0xD6, 0xFF,
  0x7D, 0xF7, 0xFF, 0x58, 0xCE, 0xFF, 0x3C, 0xE7, 0xFF, 0x9E, 0xF7, 0xFF, 0x7D, 0xEF, 0xFF, 0x7D, 0xEF, 0xFF, 0x7D, 0xEF, 0xFF, 0x7D, 0xEF, 0xFF,
  0x7D, 0xEF, 0xFF, 0x7D, 0xEF, 0xFF, 0x7D, 0xEF, 0xFF, 0x7D, 0xEF, 0xFF, 0x7D, 0xEF, 0xFF, 0x7D, 0xEF, 0xFF, 0x7D, 0xEF, 0xFF, 0x7D, 0xEF, 0xFF,
  0x7D, 0xEF, 0xFF, 0x7D, 0xEF, 0xFF, 0x7D, 0xEF, 0xFF, 0x7D, 0xEF, 0xFF, 0x7D, 0xEF, 0xFF, 0x7D, 0xEF, 0xFF, 0x7D, 0xEF, 0xFF, 0x7D, 0xEF, 0xFF,
  0x7D, 0xEF, 0xFF, 0x7D, 0xEF, 0xFF, 0x7D, 0xEF, 0xFF, 0x7D, 0xEF, 0xFF, 0x7D, 0xEF, 0xFF, 0x7D, 0xEF, 0xFF, 0x7D, 0xEF, 0xFF, 0x7D, 0xEF, 0xFF,
  0x7D, 0xEF, 0xFF, 0x7D, 0xEF, 0xFF, 0x7D, 0xEF, 0xFF, 0x7D, 0xEF, 0xFF, 0x7D, 0xEF, 0xFF, 0x7D, 0xEF, 0xFF, 0x7D, 0xEF, 0xFF, 0x7D, 0xEF, 0xFF,
  0x7D, 0xEF, 0xFF, 0x7D, 0xEF, 0xFF, 0x7D, 0xEF, 0xFF, 0x7D, 0xEF, 0xFF, 0x7D, 0xEF, 0xFF, 0x7D, 0xEF, 0xFF, 0x7D, 0xEF, 0xFF, 0x7D, 0xEF, 0xFF,
  0x7D, 0xEF, 0xFF, 0x7D, 0xEF, 0xFF, 0x7D, 0xF7, 0xFF, 0xFB, 0xE6, 0xFF, 0x38, 0xC6, 0xFF, 0x7D, 0xEF, 0xFF, 0x9E, 0xF7, 0xFF, 0x3C, 0xE7, 0xFF,
  0x24, 0x21, 0xFF, 0x00, 0x00, 0xFF, 0x20, 0x00, 0xFF, 0x41, 0x08, 0xFF, 0x41, 0x08, 0xFF, 0x41, 0x08, 0xFF, 0x00, 0x00, 0xFF, 0x00, 0x00, 0xFF,
  0x00, 0x00, 0xFF, 0x20, 0x00, 0xFF, 0x20, 0x00, 0xFF, 0x00, 0x00, 0xFF, 0x00, 0x00, 0xFF, 0x40, 0x08, 0xFF, 0x41, 0x08, 0xFF, 0x20, 0x00, 0xFF,
  0x20, 0x00, 0xFF, 0x00, 0x00, 0xFF, 0x00, 0x00, 0xFF, 0x08, 0x42, 0xFF, 0x7D, 0xEF, 0xFF, 0x3C, 0xEF, 0xFF, 0x3C, 0xEF, 0xFF, 0x38, 0xC6, 0xFF,
  0x5D, 0xEF, 0xFF, 0x7D, 0xEF, 0xFF, 0x7D, 0xEF, 0xFF, 0x7D, 0xEF, 0xFF, 0x7D, 0xEF, 0xFF, 0x7D, 0xEF, 0xFF, 0x7D, 0xEF, 0xFF, 0x7D, 0xEF, 0xFF,
  0x7D, 0xEF, 0xFF, 0x7D, 0xEF, 0xFF, 0x7D, 0xEF, 0xFF, 0x7D, 0xEF, 0xFF, 0x7D, 0xEF, 0xFF, 0x7D, 0xEF, 0xFF, 0x7D, 0xF7, 0xFF, 0x7D, 0xEF, 0xFF,
  0x7D, 0xEF, 0xFF, 0x7D, 0xEF, 0xFF, 0x7D, 0xEF, 0xFF, 0x7D, 0xEF, 0xFF, 0x7D, 0xEF, 0xFF, 0x7D, 0xEF, 0xFF, 0x7D, 0xEF, 0xFF, 0x7D, 0xEF, 0xFF,
  0x7D, 0xEF, 0xFF, 0x7D, 0xEF, 0xFF, 0x7D, 0xEF, 0xFF, 0x7D, 0xEF, 0xFF, 0x7D, 0xEF, 0xFF, 0x7D, 0xEF, 0xFF, 0x7D, 0xEF, 0xFF, 0x7D, 0xEF, 0xFF,
  0x7D, 0xEF, 0xFF, 0x7D, 0xEF, 0xFF, 0x7D, 0xEF, 0xFF, 0x7D, 0xEF, 0xFF, 0x7D, 0xEF, 0xFF, 0x7D, 0xEF, 0xFF, 0x7D, 0xEF, 0xFF, 0x7D, 0xEF, 0xFF,
  0x7D, 0xEF, 0xFF, 0x7D, 0xEF, 0xFF, 0x7D, 0xEF, 0xFF, 0x7D, 0xEF, 0xFF, 0x7D, 0xEF, 0xFF, 0x7D, 0xEF, 0xFF, 0x7D, 0xEF, 0xFF, 0x7D, 0xEF, 0xFF,
  0x7D, 0xEF, 0xFF, 0x7D, 0xEF, 0xFF, 0x7D, 0xEF, 0xFF, 0x7D, 0xEF, 0xFF, 0x7D, 0xEF, 0xFF, 0x7D, 0xEF, 0xFF, 0x7D, 0xEF, 0xFF, 0x7D, 0xEF, 0xFF,
  0x9D, 0xF7, 0xFF, 0x9E, 0xF7, 0xFF, 0x3C, 0xEF, 0xFF, 0x38, 0xCE, 0xFF, 0xBA, 0xD6, 0xFF, 0x1C, 0xE7, 0xFF, 0x59, 0xCE, 0xF7, 0x9A, 0xD6, 0xFD,
  0x49, 0x4A, 0x54, 0x00, 0x00, 0x00, 0x00, 0x00, 0x00, 0x00, 0x00, 0x00, 0x00, 0x00, 0x00, 0x00, 0x00, 0x00, 0x00, 0x00, 0x00, 0x00, 0x00, 0x00,
  0xFF, 0xFF, 0x00, 0xFF, 0xFF, 0x00, 0xFF, 0xFF, 0x00, 0xFF, 0xFF, 0x00, 0xFF, 0xFF, 0x00, 0xFF, 0xFF, 0x00, 0xFF, 0xFF, 0x00, 0xFF, 0xFF, 0x00,
  0xFF, 0xFF, 0x00, 0xFF, 0xFF, 0x00, 0xFF, 0xFF, 0x00, 0xFF, 0xFF, 0x00, 0xFF, 0xFF, 0x00, 0xFF, 0xFF, 0x00, 0xFF, 0xFF, 0x00, 0xFF, 0xFF, 0x00,
  0xFF, 0xFF, 0x00, 0xFF, 0xFF, 0x00, 0xFF, 0xFF, 0x00, 0xFF, 0xFF, 0x00, 0xFF, 0xFF, 0x00, 0xFF, 0xFF, 0x00, 0xFF, 0xFF, 0x00, 0xFF, 0xFF, 0x00,
  0xFF, 0xFF, 0x00, 0xFF, 0xFF, 0x00, 0xFF, 0xFF, 0x00, 0xFF, 0xFF, 0x00, 0xFF, 0xFF, 0x00, 0xFF, 0xFF, 0x00, 0xFF, 0xFF, 0x00, 0xFF, 0xFF, 0x00,
  0xFF, 0xFF, 0x00, 0xFF, 0xFF, 0x00, 0xFF, 0xFF, 0x00, 0xFF, 0xFF, 0x00, 0xFF, 0xFF, 0x00, 0xFF, 0xFF, 0x00, 0xFF, 0xFF, 0x00, 0xFF, 0xFF, 0x00,
  0xFF, 0xFF, 0x00, 0xFF, 0xFF, 0x00, 0xFF, 0xFF, 0x00, 0xFF, 0xFF, 0x00, 0xFF, 0xFF, 0x00, 0xFF, 0xFF, 0x00, 0xFF, 0xFF, 0x00, 0xFF, 0xFF, 0x00,
  0xFF, 0xFF, 0x00, 0xFF, 0xFF, 0x00, 0xFF, 0xFF, 0x00, 0xFF, 0xFF, 0x00, 0xFF, 0xFF, 0x00, 0xFF, 0xFF, 0x00, 0xFF, 0xFF, 0x00, 0x00, 0x00, 0x03,
  0x4D, 0x6B, 0xFD, 0x34, 0xA5, 0xF5, 0xCB, 0x5A, 0xF5, 0x0C, 0x63, 0xFF, 0xEF, 0x7B, 0xFF, 0xAB, 0x52, 0xFF, 0xCF, 0x7B, 0xFF, 0xF4, 0x9C, 0xFF,
  0x24, 0x21, 0xFF, 0x24, 0x21, 0xF5, 0x04, 0x21, 0xFF, 0x04, 0x21, 0xFF, 0x45, 0x29, 0xF9, 0x86, 0x31, 0xFD, 0x65, 0x29, 0xF5, 0xA2, 0x10, 0xF9,
  0x65, 0x29, 0xFF, 0x24, 0x21, 0xFD, 0x04, 0x21, 0xFB, 0xC2, 0x18, 0xF9, 0xEC, 0x5A, 0xFF, 0x76, 0xAD, 0xFF, 0xB3, 0x94, 0xFF, 0xB3, 0x94, 0xFF,
  0x14, 0x9D, 0xFF, 0x55, 0xA5, 0xF9, 0x34, 0xA5, 0xFD, 0x55, 0xAD, 0xFF, 0xEF, 0x7B, 0xFF, 0x10, 0x84, 0xFF, 0x6D, 0x6B, 0xFF, 0x34, 0xA5, 0xFF,
  0x8A, 0x52, 0xFF, 0x71, 0x8C, 0xFF, 0xD3, 0x94, 0xFF, 0xD3, 0x94, 0xFF, 0xF3, 0x9C, 0xFF, 0x14, 0x9D, 0xFF, 0xEF, 0x7B, 0xFF, 0x65, 0x29, 0x83,
  0x04, 0x21, 0x25, 0x00, 0x00, 0x00, 0x00, 0x00, 0x00, 0x00, 0x00, 0x00, 0x4D, 0x6B, 0x88, 0x9E, 0xF7, 0xFF, 0x7D, 0xEF, 0xF9, 0x7D, 0xEF, 0xFF,
  0x7D, 0xEF, 0xFF, 0x7D, 0xEF, 0xFF, 0x5D, 0xEF, 0xFF, 0x5D, 0xEF, 0xFF, 0x5D, 0xEF, 0xFF, 0x5D, 0xEF, 0xFF, 0x5C, 0xEF, 0xFF, 0x3C, 0xEF, 0xFF,
  0x5C, 0xEF, 0xFF, 0x5C, 0xEF, 0xFF, 0x3C, 0xEF, 0xFF, 0x3C, 0xE7, 0xFF, 0x3C, 0xE7, 0xFF, 0x3C, 0xE7, 0xFF, 0x3C, 0xE7, 0xFF, 0x1C, 0xE7, 0xFF,
  0x3C, 0xE7, 0xFF, 0xFB, 0xE6, 0xFF, 0xAA, 0x52, 0xFF, 0x75, 0xB5, 0xFF, 0xDF, 0xFF, 0xFF, 0xBA, 0xD6, 0xFF, 0x58, 0xC6, 0xFF, 0xFB, 0xDE, 0xFF,
  0xFC, 0xE6, 0xFF, 0x3C, 0xE7, 0xFF, 0x3C, 0xE7, 0xFF, 0x3C, 0xE7, 0xFF, 0x3C, 0xE7, 0xFF, 0x3C, 0xE7, 0xFF, 0x3C, 0xE7, 0xFF, 0x3C, 0xE7, 0xFF,
  0x3C, 0xE7, 0xFF, 0x3C, 0xE7, 0xFF, 0x3C, 0xE7, 0xFF, 0x3C, 0xE7, 0xFF, 0x3C, 0xE7, 0xFF, 0x3C, 0xE7, 0xFF, 0x3C, 0xE7, 0xFF, 0x3C, 0xE7, 0xFF,
  0x3C, 0xE7, 0xFF, 0x3C, 0xE7, 0xFF, 0x3C, 0xE7, 0xFF, 0x3C, 0xE7, 0xFF, 0x3C, 0xE7, 0xFF, 0x3C, 0xE7, 0xFF, 0x3C, 0xE7, 0xFF, 0x3C, 0xE7, 0xFF,
  0x3C, 0xE7, 0xFF, 0x3C, 0xE7, 0xFF, 0x3C, 0xE7, 0xFF, 0x3C, 0xE7, 0xFF, 0x3C, 0xE7, 0xFF, 0x3C, 0xE7, 0xFF, 0x3C, 0xE7, 0xFF, 0x3C, 0xE7, 0xFF,
  0x3C, 0xE7, 0xFF, 0x3C, 0xE7, 0xFF, 0x3C, 0xE7, 0xFF, 0x3C, 0xE7, 0xFF, 0x3C, 0xE7, 0xFF, 0x3C, 0xE7, 0xFF, 0x3C, 0xE7, 0xFF, 0x3C, 0xE7, 0xFF,
  0x3C, 0xE7, 0xFF, 0x3C, 0xE7, 0xFF, 0x3C, 0xE7, 0xFF, 0x3C, 0xE7, 0xFF, 0x3C, 0xE7, 0xFF, 0x3C, 0xE7, 0xFF, 0x7D, 0xEF, 0xFF, 0x59, 0xCE, 0xFF,
  0xDB, 0xDE, 0xFF, 0x3C, 0xE7, 0xFF, 0xDF, 0xFF, 0xFF, 0x6D, 0x6B, 0xFF, 0x00, 0x00, 0xFF, 0xE3, 0x18, 0xFF, 0xC3, 0x18, 0xFF, 0xE3, 0x18, 0xFF,
  0xC3, 0x18, 0xFF, 0x82, 0x10, 0xFF, 0xC6, 0x31, 0xFF, 0xCB, 0x5A, 0xFF, 0x0C, 0x63, 0xFF, 0x6D, 0x6B, 0xFF, 0x8E, 0x73, 0xFF, 0x2C, 0x63, 0xFF,
  0xE7, 0x39, 0xFF, 0x82, 0x10, 0xFF, 0x82, 0x10, 0xFF, 0xE3, 0x18, 0xFF, 0xE3, 0x18, 0xFF, 0xC3, 0x18, 0xFF, 0xA2, 0x10, 0xFF, 0x00, 0x00, 0xFF,
  0x14, 0xA5, 0xFF, 0xFF, 0xFF, 0xFF, 0x5D, 0xEF, 0xFF, 0xBA, 0xD6, 0xFF, 0xDB, 0xDE, 0xFF, 0x7D, 0xEF, 0xFF, 0x3C, 0xE7, 0xFF, 0x3C, 0xE7, 0xFF,
  0x3C, 0xE7, 0xFF, 0x3C, 0xE7, 0xFF, 0x3C, 0xE7, 0xFF, 0x3C, 0xE7, 0xFF, 0x3C, 0xE7, 0xFF, 0x3C, 0xE7, 0xFF, 0x3C, 0xE7, 0xFF, 0x3C, 0xE7, 0xFF,
  0x3C, 0xE7, 0xFF, 0x3C, 0xE7, 0xFF, 0x3C, 0xE7, 0xFF, 0x3C, 0xE7, 0xFF, 0x3C, 0xE7, 0xFF, 0x3C, 0xE7, 0xFF, 0x3C, 0xE7, 0xFF, 0x3C, 0xE7, 0xFF,
  0x3C, 0xE7, 0xFF, 0x3C, 0xE7, 0xFF, 0x3C, 0xE7, 0xFF, 0x3C, 0xE7, 0xFF, 0x3C, 0xE7, 0xFF, 0x3C, 0xE7, 0xFF, 0x3C, 0xE7, 0xFF, 0x3C, 0xE7, 0xFF,
  0x3C, 0xE7, 0xFF, 0x3C, 0xE7, 0xFF, 0x3C, 0xE7, 0xFF, 0x3C, 0xE7, 0xFF, 0x3C, 0xE7, 0xFF, 0x3C, 0xE7, 0xFF, 0x3C, 0xE7, 0xFF, 0x3C, 0xE7, 0xFF,
  0x3C, 0xE7, 0xFF, 0x3C, 0xE7, 0xFF, 0x3C, 0xE7, 0xFF, 0x3C, 0xE7, 0xFF, 0x3C, 0xE7, 0xFF, 0x3C, 0xE7, 0xFF, 0x3C, 0xE7, 0xFF, 0x3C, 0xE7, 0xFF,
  0x3C, 0xE7, 0xFF, 0x3C, 0xE7, 0xFF, 0x3C, 0xE7, 0xFF, 0x3C, 0xE7, 0xFF, 0x3C, 0xE7, 0xFF, 0x3C, 0xE7, 0xFF, 0x3C, 0xE7, 0xFF, 0x3C, 0xE7, 0xFF,
  0x3C, 0xE7, 0xFF, 0x3C, 0xE7, 0xFF, 0x3C, 0xE7, 0xFF, 0x1C, 0xE7, 0xFF, 0xFB, 0xDE, 0xFF, 0x9A, 0xD6, 0xFF, 0x59, 0xCE, 0xFF, 0xDB, 0xDE, 0xFF,
  0x5D, 0xEF, 0xFF, 0x5D, 0xEF, 0xFF, 0x79, 0xCE, 0xF5, 0x92, 0x94, 0xFF, 0x04, 0x21, 0x17, 0x00, 0x00, 0x00, 0x00, 0x00, 0x00, 0x00, 0x00, 0x00,
  0x00, 0x00, 0x00, 0x00, 0x00, 0x00, 0x00, 0x00, 0x00, 0x00, 0x00, 0x00, 0xFF, 0xFF, 0x00, 0xFF, 0xFF, 0x00, 0xFF, 0xFF, 0x00, 0xFF, 0xFF, 0x00,
  0xFF, 0xFF, 0x00, 0xFF, 0xFF, 0x00, 0xFF, 0xFF, 0x00, 0xFF, 0xFF, 0x00, 0xFF, 0xFF, 0x00, 0xFF, 0xFF, 0x00, 0xFF, 0xFF, 0x00, 0xFF, 0xFF, 0x00,
  0xFF, 0xFF, 0x00, 0xFF, 0xFF, 0x00, 0xFF, 0xFF, 0x00, 0xFF, 0xFF, 0x00, 0xFF, 0xFF, 0x00, 0xFF, 0xFF, 0x00, 0xFF, 0xFF, 0x00, 0xFF, 0xFF, 0x00,
  0xFF, 0xFF, 0x00, 0xFF, 0xFF, 0x00, 0xFF, 0xFF, 0x00, 0xFF, 0xFF, 0x00, 0xFF, 0xFF, 0x00, 0xFF, 0xFF, 0x00, 0xFF, 0xFF, 0x00, 0xFF, 0xFF, 0x00,
  0xFF, 0xFF, 0x00, 0xFF, 0xFF, 0x00, 0xFF, 0xFF, 0x00, 0xFF, 0xFF, 0x00, 0xFF, 0xFF, 0x00, 0xFF, 0xFF, 0x00, 0xFF, 0xFF, 0x00, 0xFF, 0xFF, 0x00,
  0xFF, 0xFF, 0x00, 0xFF, 0xFF, 0x00, 0xFF, 0xFF, 0x00, 0xFF, 0xFF, 0x00, 0xFF, 0xFF, 0x00, 0xFF, 0xFF, 0x00, 0xFF, 0xFF, 0x00, 0xFF, 0xFF, 0x00,
  0xFF, 0xFF, 0x00, 0xFF, 0xFF, 0x00, 0xFF, 0xFF, 0x00, 0xFF, 0xFF, 0x00, 0xFF, 0xFF, 0x00, 0xFF, 0xFF, 0x00, 0xFF, 0xFF, 0x00, 0xFF, 0xFF, 0x00,
  0xFF, 0xFF, 0x00, 0xFF, 0xFF, 0x00, 0xFF, 0xFF, 0x00, 0x61, 0x08, 0x0B, 0xAB, 0x52, 0xFF, 0x2C, 0x63, 0xFF, 0x49, 0x4A, 0xFF, 0x8A, 0x52, 0xFF,
  0xEB, 0x5A, 0xEB, 0xA7, 0x31, 0xF1, 0x08, 0x42, 0xEF, 0xCB, 0x5A, 0xEF, 0xE3, 0x18, 0xFF, 0x82, 0x10, 0xFB, 0x61, 0x08, 0xF7, 0x41, 0x08, 0xF7,
  0x82, 0x10, 0xF7, 0x82, 0x10, 0xFF, 0x82, 0x10, 0xFF, 0xC3, 0x18, 0xFF, 0x85, 0x31, 0xF1, 0x04, 0x21, 0xFF, 0xC3, 0x18, 0xFF, 0x41, 0x08, 0xFF,
  0x08, 0x42, 0xFF, 0xAF, 0x73, 0xFF, 0x6E, 0x6B, 0xFF, 0xAE, 0x73, 0xFF, 0xAE, 0x73, 0xFF, 0x8E, 0x6B, 0xFF, 0x8E, 0x6B, 0xFF, 0x8E, 0x73, 0xFB,
  0x08, 0x42, 0xF9, 0x08, 0x42, 0xF9, 0x45, 0x29, 0xFD, 0x51, 0x84, 0xFF, 0x24, 0x21, 0xFD, 0x86, 0x29, 0xF7, 0x2C, 0x63, 0xF7, 0x4D, 0x63, 0xF7,
  0x4D, 0x6B, 0xF7, 0x6D, 0x6B, 0xF7, 0x69, 0x4A, 0xF7, 0x82, 0x10, 0xFF, 0x04, 0x21, 0xFF, 0xCB, 0x5A, 0xB5, 0xEB, 0x5A, 0x98, 0x2C, 0x63, 0x97,
  0x2C, 0x63, 0xE2, 0x14, 0xA5, 0xFF, 0xDB, 0xDE, 0xFD, 0xFB, 0xE6, 0xFF, 0x1C, 0xE7, 0xFF, 0x3C, 0xE7, 0xFF, 0x5C, 0xEF, 0xFF, 0x7D, 0xEF, 0xFF,
  0x7D, 0xEF, 0xFF, 0x9E, 0xF7, 0xFF, 0xBE, 0xF7, 0xFF, 0xBE, 0xF7, 0xFF, 0xBE, 0xF7, 0xFF, 0xBE, 0xF7, 0xFF, 0xBE, 0xF7, 0xFF, 0xBE, 0xF7, 0xFF,
  0x9E, 0xF7, 0xFF, 0x9E, 0xF7, 0xFF, 0xBE, 0xF7, 0xFF, 0xBE, 0xF7, 0xFF, 0xBE, 0xF7, 0xFF, 0x7D, 0xEF, 0xFF, 0xCF, 0x7B, 0xFF, 0x51, 0x8C, 0xFF,
  0xFB, 0xDE, 0xFF, 0x38, 0xC6, 0xFF, 0x18, 0xC6, 0xFF, 0x9A, 0xD6, 0xFF, 0x38, 0xCE, 0xFF, 0x79, 0xCE, 0xFF, 0x7A, 0xD6, 0xFF, 0x9A, 0xD6, 0xFF,
  0x9A, 0xD6, 0xFF, 0x9A, 0xD6, 0xFF, 0x9A, 0xD6, 0xFF, 0x9A, 0xD6, 0xFF, 0x9A, 0xD6, 0xFF, 0x9A, 0xD6, 0xFF, 0x9A, 0xD6, 0xFF, 0x9A, 0xD6, 0xFF,
  0x9A, 0xD6, 0xFF, 0x9A, 0xD6, 0xFF, 0x9A, 0xD6, 0xFF, 0x9A, 0xD6, 0xFF, 0x9A, 0xD6, 0xFF, 0x9A, 0xD6, 0xFF, 0x9A, 0xD6, 0xFF, 0x9A, 0xD6, 0xFF,
  0x9A, 0xD6, 0xFF, 0x9A, 0xD6, 0xFF, 0x9A, 0xD6, 0xFF, 0x9A, 0xD6, 0xFF, 0x9A, 0xD6, 0xFF, 0x9A, 0xD6, 0xFF, 0x9A, 0xD6, 0xFF, 0x9A, 0xD6, 0xFF,
  0x9A, 0xD6, 0xFF, 0x9A, 0xD6, 0xFF, 0x9A, 0xD6, 0xFF, 0x9A, 0xD6, 0xFF, 0x9A, 0xD6, 0xFF, 0x9A, 0xD6, 0xFF, 0x9A, 0xD6, 0xFF, 0x9A, 0xD6, 0xFF,
  0x9A, 0xD6, 0xFF, 0x9A, 0xD6, 0xFF, 0x9A, 0xD6, 0xFF, 0x9A, 0xD6, 0xFF, 0x9A, 0xD6, 0xFF, 0x9A, 0xD6, 0xFF, 0x9A, 0xD6, 0xFF, 0x9A, 0xD6, 0xFF,
  0xBA, 0xD6, 0xFF, 0xDB, 0xDE, 0xFF, 0x9A, 0xD6, 0xFF, 0x17, 0xC6, 0xFF, 0x7D, 0xEF, 0xFF, 0x7D, 0xEF, 0xFF, 0x59, 0xCE, 0xFF, 0x41, 0x08, 0xFF,
  0xA2, 0x10, 0xFF, 0x04, 0x21, 0xFF, 0x24, 0x21, 0xFF, 0xA2, 0x10, 0xFF, 0xE3, 0x18, 0xFF, 0x8E, 0x73, 0xFF, 0x10, 0x84, 0xFF, 0x2C, 0x63, 0xFF,
  0x49, 0x4A, 0xFF, 0x08, 0x42, 0xFF, 0x49, 0x4A, 0xFF, 0x8A, 0x52, 0xFF, 0xCE, 0x7B, 0xFF, 0xAE, 0x73, 0xFF, 0x86, 0x31, 0xFF, 0xE3, 0x18, 0xFF,
  0x45, 0x29, 0xFF, 0x24, 0x21, 0xFF, 0x03, 0x19, 0xFF, 0x20, 0x00, 0xFF, 0xA6, 0x31, 0xFF, 0x9E, 0xF7, 0xFF, 0x3C, 0xEF, 0xFF, 0x3C, 0xE7, 0xFF,
  0xF7, 0xBD, 0xFF, 0xBA, 0xD6, 0xFF, 0x9A, 0xD6, 0xFF, 0x9A, 0xD6, 0xFF, 0x9A, 0xD6, 0xFF, 0x9A, 0xD6, 0xFF, 0x9A, 0xD6, 0xFF, 0x9A, 0xD6, 0xFF,
  0x9A, 0xD6, 0xFF, 0x9A, 0xD6, 0xFF, 0x9A, 0xD6, 0xFF, 0x9A, 0xD6, 0xFF, 0x9A, 0xD6, 0xFF, 0x9A, 0xD6, 0xFF, 0x9A, 0xD6, 0xFF, 0x9A, 0xD6, 0xFF,
  0x9A, 0xD6, 0xFF, 0x9A, 0xD6, 0xFF, 0x9A, 0xD6, 0xFF, 0x9A, 0xD6, 0xFF, 0x9A, 0xD6, 0xFF, 0x9A, 0xD6, 0xFF, 0x9A, 0xD6, 0xFF, 0x9A, 0xD6, 0xFF,
  0x9A, 0xD6, 0xFF, 0x9A, 0xD6, 0xFF, 0x9A, 0xD6, 0xFF, 0x9A, 0xD6, 0xFF, 0x9A, 0xD6, 0xFF, 0x9A, 0xD6, 0xFF, 0x9A, 0xD6, 0xFF, 0x9A, 0xD6, 0xFF,
  0x9A, 0xD6, 0xFF, 0x9A, 0xD6, 0xFF, 0x9A, 0xD6, 0xFF, 0x9A, 0xD6, 0xFF, 0x9A, 0xD6, 0xFF, 0x9A, 0xD6, 0xFF, 0x9A, 0xD6, 0xFF, 0x9A, 0xD6, 0xFF,
  0x9A, 0xD6, 0xFF, 0x9A, 0xD6, 0xFF, 0x9A, 0xD6, 0xFF, 0x9A, 0xD6, 0xFF, 0x9A, 0xD6, 0xFF, 0x9A, 0xD6, 0xFF, 0x9A, 0xD6, 0xFF, 0x9A, 0xD6, 0xFF,
  0x9A, 0xD6, 0xFF, 0x9A, 0xD6, 0xFF, 0x9A, 0xD6, 0xFF, 0x9A, 0xD6, 0xFF, 0x9A, 0xD6, 0xFF, 0x9A, 0xD6, 0xFF, 0x9A, 0xD6, 0xFF, 0xDB, 0xDE, 0xFF,
  0xDB, 0xDE, 0xFF, 0xFB, 0xE6, 0xFF, 0x5D, 0xEF, 0xFF, 0x7D, 0xEF, 0xFF, 0x3C, 0xE7, 0xFF, 0x9A, 0xD6, 0xF3, 0xF7, 0xC5, 0xFF, 0x49, 0x4A, 0x64,
  0x00, 0x00, 0x00, 0x00, 0x00, 0x00, 0x00, 0x00, 0x00, 0x00, 0x00, 0x00, 0x00, 0x00, 0x00, 0x00, 0x00, 0x00, 0x00, 0x00, 0x00, 0x00, 0x00, 0x00,
  0xFF, 0xFF, 0x00, 0xFF, 0xFF, 0x00, 0xFF, 0xFF, 0x00, 0xFF, 0xFF, 0x00, 0xFF, 0xFF, 0x00, 0xFF, 0xFF, 0x00, 0xFF, 0xFF, 0x00, 0xFF, 0xFF, 0x00,
  0xFF, 0xFF, 0x00, 0xFF, 0xFF, 0x00, 0xFF, 0xFF, 0x00, 0xFF, 0xFF, 0x00, 0xFF, 0xFF, 0x00, 0xFF, 0xFF, 0x00, 0xFF, 0xFF, 0x00, 0xFF, 0xFF, 0x00,
  0xFF, 0xFF, 0x00, 0xFF, 0xFF, 0x00, 0xFF, 0xFF, 0x00, 0xFF, 0xFF, 0x00, 0xFF, 0xFF, 0x00, 0xFF, 0xFF, 0x00, 0xFF, 0xFF, 0x00, 0xFF, 0xFF, 0x00,
  0xFF, 0xFF, 0x00, 0xFF, 0xFF, 0x00, 0xFF, 0xFF, 0x00, 0xFF, 0xFF, 0x00, 0xFF, 0xFF, 0x00, 0xFF, 0xFF, 0x00, 0xFF, 0xFF, 0x00, 0xFF, 0xFF, 0x00,
  0xFF, 0xFF, 0x00, 0xFF, 0xFF, 0x00, 0xFF, 0xFF, 0x00, 0xFF, 0xFF, 0x00, 0xFF, 0xFF, 0x00, 0xFF, 0xFF, 0x00, 0xFF, 0xFF, 0x00, 0xFF, 0xFF, 0x00,
  0xFF, 0xFF, 0x00, 0xFF, 0xFF, 0x00, 0xFF, 0xFF, 0x00, 0xFF, 0xFF, 0x00, 0xFF, 0xFF, 0x00, 0xFF, 0xFF, 0x00, 0xFF, 0xFF, 0x00, 0xFF, 0xFF, 0x00,
  0xFF, 0xFF, 0x00, 0xFF, 0xFF, 0x00, 0xFF, 0xFF, 0x00, 0xFF, 0xFF, 0x00, 0xFF, 0xFF, 0x00, 0xFF, 0xFF, 0x00, 0xFF, 0xFF, 0x00, 0x41, 0x08, 0x01,
  0x24, 0x21, 0x11, 0xE3, 0x18, 0x11, 0x04, 0x21, 0x12, 0xC3, 0x18, 0x08, 0x82, 0x10, 0x02, 0x20, 0x00, 0x04, 0x61, 0x08, 0x05, 0x24, 0x21, 0x0A,
  0xE3, 0x18, 0x2C, 0xA2, 0x10, 0xFF, 0xEB, 0x5A, 0xFF, 0xEF, 0x7B, 0xFF, 0x65, 0x29, 0xFF, 0xA2, 0x10, 0xF9, 0x45, 0x29, 0x91, 0x82, 0x10, 0x13,
  0x24, 0x21, 0x07, 0xC3, 0x18, 0x0F, 0xA2, 0x10, 0x1A, 0x69, 0x4A, 0x57, 0x86, 0x31, 0xD1, 0xC7, 0x39, 0xF7, 0x71, 0x8C, 0xF7, 0x71, 0x8C, 0xF9,
  0x71, 0x8C, 0xF7, 0x30, 0x84, 0xF7, 0x10, 0x7C, 0xF9, 0x10, 0x7C, 0xFB, 0x66, 0x29, 0xFF, 0x08, 0x3A, 0xFF, 0xAA, 0x52, 0xFF, 0x51, 0x84, 0xFF,
  0x6A, 0x4A, 0xFF, 0xE8, 0x39, 0xFF, 0xA6, 0x31, 0xFF, 0x6E, 0x6B, 0xFF, 0xF3, 0x9C, 0xFF, 0xB2, 0x94, 0xFF, 0x92, 0x8C, 0xFF, 0x72, 0x8C, 0xF9,
  0x92, 0x94, 0xF9, 0x55, 0xAD, 0xFF, 0x55, 0xAD, 0xFF, 0x55, 0xA5, 0xFF, 0xB2, 0x94, 0xFF, 0x4D, 0x6B, 0xFF, 0x8E, 0x73, 0xFF, 0x4D, 0x6B, 0xFF,
  0x4D, 0x63, 0xFF, 0x4D, 0x6B, 0xFF, 0x6D, 0x6B, 0xFF, 0xAE, 0x73, 0xFF, 0xCF, 0x7B, 0xFF, 0xEF, 0x7B, 0xFF, 0x10, 0x84, 0xFF, 0x10, 0x84, 0xFF,
  0x30, 0x84, 0xFF, 0x51, 0x8C, 0xFF, 0x92, 0x94, 0xFF, 0xB2, 0x94, 0xFF, 0xD3, 0x9C, 0xFF, 0x14, 0xA5, 0xFF, 0x34, 0xA5, 0xFF, 0x54, 0xAD, 0xFF,
  0xB6, 0xB5, 0xFF, 0x30, 0x84, 0xFF, 0xAA, 0x52, 0xFF, 0x10, 0x84, 0xFF, 0xBA, 0xDE, 0xFF, 0x79, 0xCE, 0xFF, 0x38, 0xC6, 0xFF, 0x7D, 0xF7, 0xFF,
  0x5D, 0xEF, 0xFF, 0x7D, 0xEF, 0xFF, 0x7D, 0xEF, 0xFF, 0x7D, 0xEF, 0xFF, 0x7D, 0xEF, 0xFF, 0x7D, 0xEF, 0xFF, 0x7D, 0xEF, 0xFF, 0x7D, 0xEF, 0xFF,
  0x7D, 0xEF, 0xFF, 0x7D, 0xEF, 0xFF, 0x7D, 0xEF, 0xFF, 0x7D, 0xEF, 0xFF, 0x7D, 0xEF, 0xFF, 0x7D, 0xEF, 0xFF, 0x7D, 0xEF, 0xFF, 0x7D, 0xEF, 0xFF,
  0x7D, 0xEF, 0xFF, 0x7D, 0xEF, 0xFF, 0x7D, 0xEF, 0xFF, 0x5D, 0xEF, 0xFF, 0x5D, 0xEF, 0xFF, 0x7D, 0xEF, 0xFF, 0x7D, 0xEF, 0xFF, 0x7D, 0xEF, 0xFF,
  0x7D, 0xEF, 0xFF, 0x7D, 0xEF, 0xFF, 0x7D, 0xEF, 0xFF, 0x7D, 0xEF, 0xFF, 0x7D, 0xEF, 0xFF, 0x5D, 0xEF, 0xFF, 0x5D, 0xEF, 0xFF, 0x5D, 0xEF, 0xFF,
  0x5D, 0xEF, 0xFF, 0x7D, 0xEF, 0xFF, 0x7D, 0xEF, 0xFF, 0x7D, 0xEF, 0xFF, 0x7D, 0xEF, 0xFF, 0x7D, 0xEF, 0xFF, 0x5D, 0xEF, 0xFF, 0x7D, 0xEF, 0xFF,
  0x7D, 0xEF, 0xFF, 0x5D, 0xEF, 0xFF, 0x7D, 0xEF, 0xFF, 0x7D, 0xEF, 0xFF, 0x5D, 0xEF, 0xFF, 0x9E, 0xF7, 0xFF, 0x9A, 0xD6, 0xFF, 0xFB, 0xDE, 0xFF,
  0x7D, 0xEF, 0xFF, 0xDF, 0xFF, 0xFF, 0xCB, 0x5A, 0xFF, 0x00, 0x00, 0xFF, 0x45, 0x29, 0xFF, 0x65, 0x29, 0xFF, 0xE3, 0x18, 0xFF, 0xE3, 0x18, 0xFF,
  0x30, 0x84, 0xFF, 0x8E, 0x73, 0xFF, 0x08, 0x42, 0xFF, 0xC7, 0x39, 0xFF, 0xB2, 0x94, 0xFF, 0x45, 0x29, 0xFF, 0x0C, 0x63, 0xFF, 0x8E, 0x73, 0xFF,
  0xC7, 0x39, 0xFF, 0x0C, 0x63, 0xFF, 0xB2, 0x94, 0xFF, 0xE7, 0x39, 0xFF, 0x04, 0x21, 0xFF, 0x65, 0x29, 0xFF, 0x24, 0x21, 0xFF, 0xC3, 0x18, 0xFF,
  0x00, 0x00, 0xFF, 0xB2, 0x9C, 0xFF, 0x9E, 0xF7, 0xFF, 0x3C, 0xEF, 0xFF, 0x9A, 0xD6, 0xFF, 0xFB, 0xDE, 0xFF, 0x7D, 0xEF, 0xFF, 0x5D, 0xEF, 0xFF,
  0x7D, 0xEF, 0xFF, 0x7D, 0xEF, 0xFF, 0x7D, 0xEF, 0xFF, 0x7D, 0xEF, 0xFF, 0x5D, 0xEF, 0xFF, 0x7D, 0xEF, 0xFF, 0x7D, 0xEF, 0xFF, 0x7D, 0xEF, 0xFF,
  0x7D, 0xEF, 0xFF, 0x7D, 0xEF, 0xFF, 0x7D, 0xEF, 0xFF, 0x7D, 0xEF, 0xFF, 0x7D, 0xEF, 0xFF, 0x7D, 0xEF, 0xFF, 0x7D, 0xEF, 0xFF, 0x7D, 0xEF, 0xFF,
  0x7D, 0xEF, 0xFF, 0x7D, 0xEF, 0xFF, 0x7D, 0xEF, 0xFF, 0x7D, 0xEF, 0xFF, 0x7D, 0xEF, 0xFF, 0x7D, 0xEF, 0xFF, 0x7D, 0xEF, 0xFF, 0x7D, 0xEF, 0xFF,
  0x7D, 0xEF, 0xFF, 0x7D, 0xEF, 0xFF, 0x7D, 0xEF, 0xFF, 0x7D, 0xEF, 0xFF, 0x7D, 0xEF, 0xFF, 0x5D, 0xEF, 0xFF, 0x5D, 0xEF, 0xFF, 0x5D, 0xEF, 0xFF,
  0x5D, 0xEF, 0xFF, 0x5D, 0xEF, 0xFF, 0x5D, 0xEF, 0xFF, 0x5D, 0xEF, 0xFF, 0x5D, 0xEF, 0xFF, 0x7D, 0xEF, 0xFF, 0x7D, 0xEF, 0xFF, 0x7D, 0xEF, 0xFF,
  0x7D, 0xEF, 0xFF, 0x7D, 0xEF, 0xFF, 0x7D, 0xEF, 0xFF, 0x7D, 0xEF, 0xFF, 0x5D, 0xEF, 0xFF, 0x5D, 0xEF, 0xFF, 0x5D, 0xEF, 0xFF, 0x5D, 0xEF, 0xFF,
  0x5D, 0xEF, 0xFF, 0x7D, 0xEF, 0xFF, 0x7D, 0xEF, 0xFF, 0x7D, 0xEF, 0xFF, 0x7D, 0xEF, 0xFF, 0x5D, 0xEF, 0xFF, 0x3C, 0xEF, 0xFD, 0x3C, 0xE7, 0xF7,
  0xFB, 0xDE, 0xFD, 0x18, 0xC6, 0xFF, 0x0C, 0x63, 0x92, 0x20, 0x00, 0x01, 0x00, 0x00, 0x00, 0x00, 0x00, 0x00, 0x00, 0x00, 0x00, 0x00, 0x00, 0x00,
  0x00, 0x00, 0x00, 0x00, 0x00, 0x00, 0x00, 0x00, 0x00, 0x00, 0x00, 0x00, 0xFF, 0xFF, 0x00, 0xFF, 0xFF, 0x00, 0xFF, 0xFF, 0x00, 0xFF, 0xFF, 0x00,
  0xFF, 0xFF, 0x00, 0xFF, 0xFF, 0x00, 0xFF, 0xFF, 0x00, 0xFF, 0xFF, 0x00, 0xFF, 0xFF, 0x00, 0xFF, 0xFF, 0x00, 0xFF, 0xFF, 0x00, 0xFF, 0xFF, 0x00,
  0xFF, 0xFF, 0x00, 0xFF, 0xFF, 0x00, 0xFF, 0xFF, 0x00, 0xFF, 0xFF, 0x00, 0xFF, 0xFF, 0x00, 0xFF, 0xFF, 0x00, 0xFF, 0xFF, 0x00, 0xFF, 0xFF, 0x00,
  0xFF, 0xFF, 0x00, 0xFF, 0xFF, 0x00, 0xFF, 0xFF, 0x00, 0xFF, 0xFF, 0x00, 0xFF, 0xFF, 0x00, 0xFF, 0xFF, 0x00, 0xFF, 0xFF, 0x00, 0xFF, 0xFF, 0x00,
  0xFF, 0xFF, 0x00, 0xFF, 0xFF, 0x00, 0xFF, 0xFF, 0x00, 0xFF, 0xFF, 0x00, 0xFF, 0xFF, 0x00, 0xFF, 0xFF, 0x00, 0xFF, 0xFF, 0x00, 0xFF, 0xFF, 0x00,
  0xFF, 0xFF, 0x00, 0xFF, 0xFF, 0x00, 0xFF, 0xFF, 0x00, 0xFF, 0xFF, 0x00, 0xFF, 0xFF, 0x00, 0xFF, 0xFF, 0x00, 0xFF, 0xFF, 0x00, 0xFF, 0xFF, 0x00,
  0xFF, 0xFF, 0x00, 0xFF, 0xFF, 0x00, 0xFF, 0xFF, 0x00, 0xFF, 0xFF, 0x00, 0xFF, 0xFF, 0x00, 0xFF, 0xFF, 0x00, 0xFF, 0xFF, 0x00, 0xFF, 0xFF, 0x00,
  0xFF, 0xFF, 0x00, 0xFF, 0xFF, 0x00, 0xFF, 0xFF, 0x00, 0x00, 0x00, 0x00, 0x00, 0x00, 0x00, 0x00, 0x00, 0x00, 0x00, 0x00, 0x00, 0x00, 0x00, 0x00,
  0x00, 0x00, 0x00, 0x00, 0x00, 0x00, 0x00, 0x00, 0x00, 0x00, 0x00, 0x00, 0x00, 0x00, 0x00, 0xC3, 0x18, 0x1F, 0x86, 0x31, 0xA6, 0x45, 0x29, 0xA0,
  0x04, 0x21, 0x5F, 0xE3, 0x18, 0x0C, 0xFF, 0xFF, 0x00, 0xFF, 0xFF, 0x00, 0xFF, 0xFF, 0x00, 0xFF, 0xFF, 0x00, 0xFF, 0xFF, 0x00, 0xFF, 0xFF, 0x00,
  0x86, 0x31, 0xE9, 0x24, 0x21, 0xFF, 0x30, 0x84, 0xFF, 0x72, 0x8C, 0xFF, 0x92, 0x8C, 0xFF, 0xB3, 0x94, 0xFF, 0xD3, 0x94, 0xFF, 0xD3, 0x94, 0xFF,
  0xAB, 0x52, 0xFD, 0xCB, 0x52, 0xFD, 0x10, 0x7C, 0xFF, 0x59, 0xC6, 0xFF, 0xAF, 0x73, 0xFF, 0x49, 0x4A, 0xFF, 0xA7, 0x31, 0xFF, 0x2D, 0x63, 0xFF,
  0xF4, 0x9C, 0xFF, 0x92, 0x8C, 0xFF, 0x92, 0x8C, 0xFF, 0xB3, 0x94, 0xFF, 0xB3, 0x94, 0xFF, 0xB3, 0x94, 0xFB, 0x92, 0x8C, 0xF9, 0x92, 0x8C, 0xF9,
  0xB3, 0x94, 0xFD, 0x14, 0x9D, 0xFF, 0xF4, 0x9C, 0xFF, 0xF3, 0x9C, 0xFF, 0xD3, 0x94, 0xFF, 0xB2, 0x94, 0xFF, 0xB3, 0x94, 0xFF, 0xB2, 0x94, 0xFF,
  0x72, 0x8C, 0xFF, 0x51, 0x84, 0xFF, 0x30, 0x84, 0xFF, 0x10, 0x7C, 0xFF, 0x10, 0x7C, 0xFF, 0x10, 0x7C, 0xFF, 0xEF, 0x7B, 0xFF, 0xAF, 0x73, 0xFF,
  0x8E, 0x73, 0xFF, 0x8E, 0x6B, 0xFF, 0x6E, 0x6B, 0xFF, 0x4D, 0x63, 0xFF, 0x2D, 0x63, 0xFF, 0x0C, 0x5B, 0xFF, 0x28, 0x42, 0xFF, 0x8A, 0x4A, 0xFF,
  0xF7, 0xBD, 0xFF, 0x59, 0xCE, 0xFF, 0xB6, 0xB5, 0xFF, 0x3C, 0xE7, 0xFF, 0x5D, 0xEF, 0xFF, 0x5D, 0xEF, 0xFF, 0x5D, 0xEF, 0xFF, 0x5C, 0xEF, 0xFF,
  0x3C, 0xEF, 0xFF, 0x3C, 0xEF, 0xFF, 0x5C, 0xEF, 0xFF, 0x5C, 0xEF, 0xFF, 0x5C, 0xEF, 0xFF, 0x5C, 0xEF, 0xFF, 0x3C, 0xEF, 0xFF, 0x3C, 0xEF, 0xFF,
  0x3C, 0xEF, 0xFF, 0x3C, 0xEF, 0xFF, 0x3C, 0xEF, 0xFF, 0x3C, 0xEF, 0xFF, 0x3C, 0xEF, 0xFF, 0x3C, 0xEF, 0xFF, 0x3C, 0xEF, 0xFF, 0x3C, 0xEF, 0xFF,
  0x3C, 0xEF, 0xFF, 0x5C, 0xEF, 0xFF, 0x3C, 0xEF, 0xFF, 0x3C, 0xEF, 0xFF, 0x3C, 0xEF, 0xFF, 0x5C, 0xEF, 0xFF, 0x3C, 0xEF, 0xFF, 0x3C, 0xEF, 0xFF,
  0x3C, 0xEF, 0xFF, 0x3C, 0xEF, 0xFF, 0x3C, 0xEF, 0xFF, 0x3C, 0xEF, 0xFF, 0x3C, 0xEF, 0xFF, 0x3C, 0xEF, 0xFF, 0x3C, 0xEF, 0xFF, 0x3C, 0xEF, 0xFF,
  0x3C, 0xEF, 0xFF, 0x3C, 0xEF, 0xFF, 0x3C, 0xEF, 0xFF, 0x3C, 0xEF, 0xFF, 0x3C, 0xEF, 0xFF, 0x3C, 0xEF, 0xFF, 0x3C, 0xEF, 0xFF, 0x3C, 0xE7, 0xFF,
  0x3C, 0xE7, 0xFF, 0x1C, 0xE7, 0xFF, 0x18, 0xC6, 0xFF, 0x5D, 0xEF, 0xFF, 0xBE, 0xF7, 0xFF, 0x59, 0xCE, 0xFF, 0x41, 0x08, 0xFF, 0x04, 0x21, 0xFF,
  0x65, 0x29, 0xFF, 0x45, 0x29, 0xFF, 0xA2, 0x10, 0xFF, 0x30, 0x84, 0xFF, 0xEC, 0x5A, 0xFF, 0xA6, 0x31, 0xFF, 0x55, 0xAD, 0xFF, 0xB2, 0x94, 0xFF,
  0x9A, 0xD6, 0xFF, 0xD6, 0xBD, 0xFF, 0x38, 0xC6, 0xFF, 0x79, 0xCE, 0xFF, 0x49, 0x4A, 0xFF, 0x0C, 0x63, 0xFF, 0x8E, 0x73, 0xFF, 0x92, 0x94, 0xFF,
  0x45, 0x29, 0xFF, 0x24, 0x21, 0xFF, 0x65, 0x29, 0xFF, 0x24, 0x21, 0xFF, 0x41, 0x08, 0xFF, 0x65, 0x29, 0xFF, 0x7D, 0xF7, 0xFF, 0x5D, 0xEF, 0xFF,
  0xFB, 0xDE, 0xFF, 0x18, 0xC6, 0xFF, 0x5C, 0xEF, 0xFF, 0x3C, 0xE7, 0xFF, 0x3C, 0xEF, 0xFF, 0x3C, 0xEF, 0xFF, 0x3C, 0xEF, 0xFF, 0x3C, 0xE7, 0xFF,
  0x3C, 0xE7, 0xFF, 0x3C, 0xEF, 0xFF, 0x3C, 0xEF, 0xFF, 0x3C, 0xEF, 0xFF, 0x3C, 0xEF, 0xFF, 0x3C, 0xEF, 0xFF, 0x3C, 0xEF, 0xFF, 0x3C, 0xEF, 0xFF,
  0x5C, 0xEF, 0xFF, 0x5D, 0xEF, 0xFF, 0x5C, 0xEF, 0xFF, 0x5C, 0xEF, 0xFF, 0x3C, 0xEF, 0xFF, 0x5D, 0xEF, 0xFF, 0x5D, 0xEF, 0xFF, 0x5D, 0xEF, 0xFF,
  0x5D, 0xEF, 0xFF, 0x3C, 0xEF, 0xFF, 0x3C, 0xEF, 0xFF, 0x3C, 0xEF, 0xFF, 0x3C, 0xEF, 0xFF, 0x3C, 0xEF, 0xFF, 0x3C, 0xE7, 0xFF, 0x3C, 0xE7, 0xFF,
  0x3C, 0xE7, 0xFF, 0x3C, 0xE7, 0xFF, 0x3C, 0xE7, 0xFF, 0x3C, 0xE7, 0xFF, 0x3C, 0xE7, 0xFF, 0x3C, 0xE7, 0xFF, 0x3C, 0xE7, 0xFF, 0x3C, 0xE7, 0xFF,
  0x3C, 0xE7, 0xFF, 0x3C, 0xE7, 0xFF, 0x3C, 0xEF, 0xFF, 0x3C, 0xE7, 0xFF, 0x3C, 0xE7, 0xFF, 0x3C, 0xE7, 0xFF, 0x3C, 0xE7, 0xFF, 0x3C, 0xE7, 0xFF,
  0x3C, 0xE7, 0xFF, 0x3C, 0xE7, 0xFF, 0x3C, 0xE7, 0xFF, 0x3C, 0xE7, 0xFF, 0x3C, 0xE7, 0xFF, 0x3C, 0xE7, 0xFF, 0x3C, 0xE7, 0xFF, 0x3C, 0xE7, 0xFF,
  0x1C, 0xE7, 0xFF, 0xFB, 0xE6, 0xFF, 0x1C, 0xE7, 0xFF, 0xBA, 0xD6, 0xFF, 0x14, 0xA5, 0xF3, 0x08, 0x42, 0x51, 0x00, 0x00, 0x00, 0x00, 0x00, 0x00,
  0x00, 0x00, 0x00, 0x00, 0x00, 0x00, 0x00, 0x00, 0x00, 0x00, 0x00, 0x00, 0x00, 0x00, 0x00, 0x00, 0x00, 0x00, 0x00, 0x00, 0x00, 0x00, 0x00, 0x00,
  0xFF, 0xFF, 0x00, 0xFF, 0xFF, 0x00, 0xFF, 0xFF, 0x00, 0xFF, 0xFF, 0x00, 0xFF, 0xFF, 0x00, 0xFF, 0xFF, 0x00, 0xFF, 0xFF, 0x00, 0xFF, 0xFF, 0x00,
  0xFF, 0xFF, 0x00, 0xFF, 0xFF, 0x00, 0xFF, 0xFF, 0x00, 0xFF, 0xFF, 0x00, 0xFF, 0xFF, 0x00, 0xFF, 0xFF, 0x00, 0xFF, 0xFF, 0x00, 0xFF, 0xFF, 0x00,
  0xFF, 0xFF, 0x00, 0xFF, 0xFF, 0x00, 0xFF, 0xFF, 0x00, 0xFF, 0xFF, 0x00, 0xFF, 0xFF, 0x00, 0xFF, 0xFF, 0x00, 0xFF, 0xFF, 0x00, 0xFF, 0xFF, 0x00,
  0xFF, 0xFF, 0x00, 0xFF, 0xFF, 0x00, 0xFF, 0xFF, 0x00, 0xFF, 0xFF, 0x00, 0xFF, 0xFF, 0x00, 0xFF, 0xFF, 0x00, 0xFF, 0xFF, 0x00, 0xFF, 0xFF, 0x00,
  0xFF, 0xFF, 0x00, 0xFF, 0xFF, 0x00, 0xFF, 0xFF, 0x00, 0xFF, 0xFF, 0x00, 0xFF, 0xFF, 0x00, 0xFF, 0xFF, 0x00, 0xFF, 0xFF, 0x00, 0xFF, 0xFF, 0x00,
  0xFF, 0xFF, 0x00, 0xFF, 0xFF, 0x00, 0xFF, 0xFF, 0x00, 0xFF, 0xFF, 0x00, 0xFF, 0xFF, 0x00, 0xFF, 0xFF, 0x00, 0xFF, 0xFF, 0x00, 0xFF, 0xFF, 0x00,
  0xFF, 0xFF, 0x00, 0xFF, 0xFF, 0x00, 0xFF, 0xFF, 0x00, 0xFF, 0xFF, 0x00, 0xFF, 0xFF, 0x00, 0xFF, 0xFF, 0x00, 0xFF, 0xFF, 0x00, 0x00, 0x00, 0x00,
  0x00, 0x00, 0x00, 0x00, 0x00, 0x00, 0x00, 0x00, 0x00, 0x00, 0x00, 0x00, 0x00, 0x00, 0x00, 0x00, 0x00, 0x00, 0x00, 0x00, 0x00, 0x00, 0x00, 0x00,
  0x00, 0x00, 0x00, 0x00, 0x00, 0x00, 0x00, 0x00, 0x00, 0xFF, 0xFF, 0x00, 0xFF, 0xFF, 0x00, 0xFF, 0xFF, 0x00, 0xFF, 0xFF, 0x00, 0xFF, 0xFF, 0x00,
  0xFF, 0xFF, 0x00, 0xFF, 0xFF, 0x00, 0xFF, 0xFF, 0x00, 0xFF, 0xFF, 0x00, 0x65, 0x29, 0x3B, 0x65, 0x29, 0x71, 0x04, 0x21, 0x16, 0xC3, 0x18, 0x1C,
  0x86, 0x31, 0x42, 0x86, 0x31, 0x54, 0x69, 0x4A, 0x82, 0xCB, 0x52, 0xB4, 0xC7, 0x31, 0xFF, 0xE7, 0x39, 0xFF, 0x49, 0x4A, 0xFD, 0xAF, 0x73, 0xFF,
  0xC7, 0x39, 0xFF, 0x65, 0x29, 0xFF, 0xC7, 0x31, 0xFF, 0x8E, 0x6B, 0xFF, 0x14, 0x9D, 0xFF, 0xD3, 0x94, 0xFF, 0xD3, 0x94, 0xFF, 0xF4, 0x9C, 0xFF,
  0xF4, 0x9C, 0xFF, 0xF4, 0x9C, 0xFF, 0xD4, 0x9C, 0xFF, 0xF4, 0x9C, 0xFF, 0xF4, 0x9C, 0xFF, 0xF4, 0x9C, 0xFF, 0xF4, 0x9C, 0xFF, 0xF4, 0x9C, 0xFF,
  0xF4, 0x9C, 0xFF, 0xF4, 0x9C, 0xFF, 0x14, 0x9D, 0xFF, 0xF4, 0x9C, 0xFF, 0xF4, 0x9C, 0xFF, 0xF4, 0x9C, 0xFF, 0xD4, 0x9C, 0xFF, 0xF4, 0x9C, 0xFF,
  0xF4, 0x9C, 0xFF, 0xF4, 0x9C, 0xFF, 0xD3, 0x94, 0xFF, 0x92, 0x8C, 0xFF, 0x72, 0x8C, 0xFF, 0x72, 0x8C, 0xFF, 0x71, 0x8C, 0xFF, 0x31, 0x84, 0xFF,
  0x10, 0x7C, 0xFF, 0x31, 0x84, 0xFF, 0x8E, 0x6B, 0xFF, 0x8A, 0x4A, 0xFF, 0xAE, 0x73, 0xFF, 0x38, 0xCE, 0xFF, 0xF7, 0xBD, 0xFF, 0xFB, 0xDE, 0xFF,
  0x9E, 0xF7, 0xFF, 0x5D, 0xEF, 0xFF, 0x5C, 0xEF, 0xFF, 0x3C, 0xE7, 0xFF, 0x3C, 0xE7, 0xFF, 0x3C, 0xEF, 0xFF, 0x3C, 0xEF, 0xFF, 0x3C, 0xEF, 0xFF,
  0x5C, 0xEF, 0xFF, 0x5D, 0xEF, 0xFF, 0x5C, 0xEF, 0xFF, 0x5C, 0xEF, 0xFF, 0x5C, 0xEF, 0xFF, 0x5C, 0xEF, 0xFF, 0x5D, 0xEF, 0xFF, 0x5D, 0xEF, 0xFF,
  0x3C, 0xEF, 0xFF, 0x3C, 0xEF, 0xFF, 0x3C, 0xE7, 0xFF, 0x3C, 0xE7, 0xFF, 0x3C, 0xEF, 0xFF, 0x3C, 0xEF, 0xFF, 0x3C, 0xEF, 0xFF, 0x3C, 0xEF, 0xFF,
  0x3C, 0xEF, 0xFF, 0x3C, 0xEF, 0xFF, 0x3C, 0xEF, 0xFF, 0x3C, 0xEF, 0xFF, 0x3C, 0xEF, 0xFF, 0x5C, 0xEF, 0xFF, 0x5D, 0xEF, 0xFF, 0x5D, 0xEF, 0xFF,
  0x5D, 0xEF, 0xFF, 0x5C, 0xEF, 0xFF, 0x3C, 0xEF, 0xFF, 0x3C, 0xEF, 0xFF, 0x3C, 0xEF, 0xFF, 0x3C, 0xE7, 0xFF, 0x3C, 0xEF, 0xFF, 0x3C, 0xEF, 0xFF,
  0x3C, 0xE7, 0xFF, 0x3C, 0xEF, 0xFF, 0x3C, 0xEF, 0xFF, 0x3C, 0xE7, 0xFF, 0x5D, 0xEF, 0xFF, 0x79, 0xCE, 0xFF, 0x9A, 0xD6, 0xFF, 0x5D, 0xEF, 0xFF,
  0x9E, 0xF7, 0xFF, 0x49, 0x4A, 0xFF, 0x20, 0x00, 0xFF, 0x65, 0x29, 0xFF, 0x65, 0x29, 0xFF, 0xE3, 0x18, 0xFF, 0xCB, 0x5A, 0xFF, 0x51, 0x8C, 0xFF,
  0x4D, 0x6B, 0xFF, 0xAA, 0x52, 0xFF, 0xF7, 0xBD, 0xFF, 0x55, 0xAD, 0xFF, 0x8E, 0x73, 0xFF, 0x4D, 0x6B, 0xFF, 0x4D, 0x6B, 0xFF, 0x71, 0x8C, 0xFF,
  0x59, 0xCE, 0xFF, 0x14, 0xA5, 0xFF, 0xC7, 0x39, 0xFF, 0xEF, 0x7B, 0xFF, 0xCF, 0x7B, 0xFF, 0xC3, 0x18, 0xFF, 0x65, 0x29, 0xFF, 0x45, 0x29, 0xFF,
  0x04, 0x21, 0xFF, 0x00, 0x00, 0xFF, 0xF3, 0x9C, 0xFF, 0xFF, 0xFF, 0xFF, 0x5D, 0xEF, 0xFF, 0x38, 0xC6, 0xFF, 0xDB, 0xDE, 0xFF, 0x3C, 0xEF, 0xFF,
  0x5C, 0xEF, 0xFF, 0x3C, 0xEF, 0xFF, 0x3C, 0xE7, 0xFF, 0x3C, 0xE7, 0xFF, 0x3C, 0xEF, 0xFF, 0x5D, 0xEF, 0xFF, 0x5D, 0xEF, 0xFF, 0x5D, 0xEF, 0xFF,
  0x5D, 0xEF, 0xFF, 0x5C, 0xEF, 0xFF, 0x5C, 0xEF, 0xFD, 0x5C, 0xEF, 0xFD, 0x3C, 0xEF, 0xFD, 0x5C, 0xEF, 0xFD, 0x5C, 0xEF, 0xFD, 0x3C, 0xEF, 0xFD,
  0x5D, 0xEF, 0xFD, 0x5D, 0xEF, 0xFD, 0x5D, 0xEF, 0xFD, 0x5D, 0xEF, 0xFD, 0x5D, 0xEF, 0xFD, 0x5C, 0xEF, 0xFD, 0x3C, 0xEF, 0xFD, 0x3C, 0xEF, 0xFD,
  0x3C, 0xEF, 0xFD, 0x3C, 0xEF, 0xFD, 0x3C, 0xEF, 0xFD, 0x3C, 0xEF, 0xFD, 0x3C, 0xEF, 0xFD, 0x3C, 0xE7, 0xFD, 0x3C, 0xE7, 0xFD, 0x3C, 0xE7, 0xFD,
  0x3C, 0xE7, 0xFD, 0x3C, 0xE7, 0xFD, 0x3C, 0xE7, 0xFD, 0x3C, 0xE7, 0xFD, 0x3C, 0xE7, 0xFD, 0x3C, 0xE7, 0xFD, 0x1C, 0xE7, 0xFD, 0x1C, 0xE7, 0xFD,
  0x1C, 0xE7, 0xFD, 0x1C, 0xE7, 0xFD, 0x1C, 0xE7, 0xFD, 0x3C, 0xE7, 0xFD, 0x3C, 0xE7, 0xFD, 0x1C, 0xE7, 0xFD, 0x1C, 0xE7, 0xFD, 0x1C, 0xE7, 0xFF,
  0xFB, 0xDE, 0xFF, 0x1B, 0xE7, 0xFF, 0xFB, 0xDE, 0xFD, 0xBA, 0xD6, 0xFD, 0x38, 0xCE, 0xFB, 0x96, 0xB5, 0xF5, 0x71, 0x8C, 0xD1, 0x49, 0x4A, 0x5B,
  0x41, 0x08, 0x07, 0x00, 0x00, 0x00, 0x00, 0x00, 0x00, 0x00, 0x00, 0x00, 0x00, 0x00, 0x00, 0x00, 0x00, 0x00, 0x00, 0x00, 0x00, 0x00, 0x00, 0x00,
  0x00, 0x00, 0x00, 0x00, 0x00, 0x00, 0x00, 0x00, 0x00, 0x00, 0x00, 0x00, 0xFF, 0xFF, 0x00, 0xFF, 0xFF, 0x00, 0xFF, 0xFF, 0x00, 0xFF, 0xFF, 0x00,
  0xFF, 0xFF, 0x00, 0xFF, 0xFF, 0x00, 0xFF, 0xFF, 0x00, 0xFF, 0xFF, 0x00, 0xFF, 0xFF, 0x00, 0xFF, 0xFF, 0x00, 0xFF, 0xFF, 0x00, 0xFF, 0xFF, 0x00,
  0xFF, 0xFF, 0x00, 0xFF, 0xFF, 0x00, 0xFF, 0xFF, 0x00, 0xFF, 0xFF, 0x00, 0xFF, 0xFF, 0x00, 0xFF, 0xFF, 0x00, 0xFF, 0xFF, 0x00, 0xFF, 0xFF, 0x00,
  0xFF, 0xFF, 0x00, 0xFF, 0xFF, 0x00, 0xFF, 0xFF, 0x00, 0xFF, 0xFF, 0x00, 0xFF, 0xFF, 0x00, 0xFF, 0xFF, 0x00, 0xFF, 0xFF, 0x00, 0xFF, 0xFF, 0x00,
  0xFF, 0xFF, 0x00, 0xFF, 0xFF, 0x00, 0xFF, 0xFF, 0x00, 0xFF, 0xFF, 0x00, 0xFF, 0xFF, 0x00, 0xFF, 0xFF, 0x00, 0xFF, 0xFF, 0x00, 0xFF, 0xFF, 0x00,
  0xFF, 0xFF, 0x00, 0xFF, 0xFF, 0x00, 0xFF, 0xFF, 0x00, 0xFF, 0xFF, 0x00, 0xFF, 0xFF, 0x00, 0xFF, 0xFF, 0x00, 0xFF, 0xFF, 0x00, 0xFF, 0xFF, 0x00,
  0xFF, 0xFF, 0x00, 0xFF, 0xFF, 0x00, 0xFF, 0xFF, 0x00, 0xFF, 0xFF, 0x00, 0xFF, 0xFF, 0x00, 0xFF, 0xFF, 0x00, 0xFF, 0xFF, 0x00, 0xFF, 0xFF, 0x00,
  0xFF, 0xFF, 0x00, 0xFF, 0xFF, 0x00, 0xFF, 0xFF, 0x00, 0x00, 0x00, 0x00, 0x00, 0x00, 0x00, 0x00, 0x00, 0x00, 0x00, 0x00, 0x00, 0x00, 0x00, 0x00,
  0x00, 0x00, 0x00, 0x00, 0x00, 0x00, 0x00, 0x00, 0x00, 0x00, 0x00, 0x00, 0x00, 0x00, 0x00, 0x00, 0x00, 0x00, 0x00, 0x00, 0x00, 0xFF, 0xFF, 0x00,
  0xFF, 0xFF, 0x00, 0xFF, 0xFF, 0x00, 0xFF, 0xFF, 0x00, 0xFF, 0xFF, 0x00, 0xFF, 0xFF, 0x00, 0xFF, 0xFF, 0x00, 0xFF, 0xFF, 0x00, 0xFF, 0xFF, 0x00,
  0xFF, 0xFF, 0x00, 0xFF, 0xFF, 0x00, 0xFF, 0xFF, 0x00, 0xFF, 0xFF, 0x00, 0xFF, 0xFF, 0x00, 0xFF, 0xFF, 0x00, 0xFF, 0xFF, 0x00, 0x82, 0x10, 0x01,
  0x04, 0x21, 0x51, 0x86, 0x31, 0xEF, 0xA6, 0x31, 0xFF, 0xCB, 0x5A, 0xFF, 0x24, 0x21, 0xFF, 0xA6, 0x31, 0xFF, 0xA6, 0x31, 0xFF, 0x65, 0x29, 0xFF,
  0xA6, 0x31, 0xFF, 0x65, 0x29, 0xFF, 0x65, 0x29, 0xFF, 0xC7, 0x39, 0xFF, 0x08, 0x3A, 0xFF, 0x08, 0x3A, 0xFF, 0x49, 0x4A, 0xFF, 0xEC, 0x5A, 0xFF,
  0x8E, 0x73, 0xFF, 0xEF, 0x7B, 0xFF, 0xCF, 0x73, 0xFF, 0x8E, 0x73, 0xFF, 0x8E, 0x6B, 0xFF, 0x8E, 0x73, 0xFF, 0xCF, 0x73, 0xFF, 0xCF, 0x73, 0xFF,
  0xF0, 0x7B, 0xFF, 0x10, 0x7C, 0xFF, 0x30, 0x84, 0xFF, 0x51, 0x84, 0xFF, 0x51, 0x84, 0xFF, 0x51, 0x84, 0xFF, 0x51, 0x84, 0xFF, 0x72, 0x8C, 0xFF,
  0xB2, 0x94, 0xFF, 0xD3, 0x94, 0xFF, 0xD3, 0x94, 0xFF, 0x92, 0x8C, 0xFF, 0x31, 0x84, 0xFF, 0x31, 0x84, 0xFF, 0x10, 0x7C, 0xFF, 0x0C, 0x5B, 0xFF,
  0x49, 0x4A, 0xFF, 0x0C, 0x63, 0xFF, 0x30, 0x84, 0xFF, 0x92, 0x94, 0xFF, 0x55, 0xAD, 0xFF, 0x34, 0xA5, 0xFF, 0xF3, 0xA4, 0xFF, 0x14, 0xA5, 0xFF,
  0x14, 0xA5, 0xFF, 0x13, 0xA5, 0xFF, 0xF3, 0xA4, 0xFF, 0x14, 0xA5, 0xFF, 0x34, 0xA5, 0xFF, 0x14, 0xA5, 0xFF, 0x14, 0xA5, 0xFF, 0x14, 0xA5, 0xFF,
  0x14, 0xA5, 0xFF, 0xF4, 0x9C, 0xFF, 0x14, 0xA5, 0xFF, 0x14, 0xA5, 0xFF, 0x14, 0xA5, 0xFF, 0xF3, 0x9C, 0xFF, 0xF3, 0x9C, 0xFF, 0xF3, 0x9C, 0xFF,
  0x13, 0xA5, 0xFF, 0x14, 0xA5, 0xFF, 0x13, 0x9D, 0xFF, 0xF3, 0x9C, 0xFF, 0xF3, 0x9C, 0xFF, 0xF3, 0x9C, 0xFF, 0xD3, 0x9C, 0xFF, 0xD3, 0x9C, 0xFF,
  0xD3, 0x9C, 0xFF, 0xD3, 0x9C, 0xFF, 0xD3, 0x9C, 0xFF, 0xF3, 0x9C, 0xFF, 0xF3, 0x9C, 0xFF, 0xF3, 0x9C, 0xFF, 0xF3, 0x9C, 0xFF, 0xF3, 0x9C, 0xFF,
  0x14, 0xA5, 0xFF, 0x34, 0xA5, 0xFF, 0x14, 0xA5, 0xFF, 0xF3, 0x9C, 0xFF, 0xF3, 0x9C, 0xFF, 0xF3, 0x9C, 0xFF, 0xF3, 0x9C, 0xFF, 0xF3, 0x9C, 0xFF,
  0xF3, 0x9C, 0xFF, 0xEF, 0x83, 0xFF, 0xB2, 0x94, 0xFF, 0xF3, 0x9C, 0xFF, 0xCF, 0x7B, 0xFF, 0x00, 0x00, 0xFF, 0xC3, 0x18, 0xFF, 0x45, 0x29, 0xFF,
  0x45, 0x29, 0xFF, 0xC3, 0x18, 0xFF, 0x71, 0x8C, 0xFF, 0xCB, 0x5A, 0xFF, 0xCB, 0x5A, 0xFF, 0xDB, 0xDE, 0xFF, 0xB2, 0x94, 0xFF, 0xAE, 0x73, 0xFF,
  0x18, 0xC6, 0xFF, 0x6E, 0x6B, 0xFF, 0xF3, 0x9C, 0xFF, 0x10, 0x84, 0xFF, 0x10, 0x84, 0xFF, 0x96, 0xB5, 0xFF, 0x45, 0x29, 0xFF, 0xEB, 0x5A, 0xFF,
  0xB2, 0x94, 0xFF, 0x65, 0x29, 0xFF, 0x24, 0x21, 0xFF, 0x45, 0x29, 0xFF, 0x04, 0x21, 0xFF, 0x20, 0x00, 0xFF, 0x04, 0x21, 0xFF, 0x14, 0xA5, 0xFF,
  0x14, 0xA5, 0xFF, 0xB2, 0x94, 0xFF, 0x30, 0x84, 0xFF, 0xD2, 0x9C, 0xFF, 0xB2, 0x94, 0xFF, 0xB2, 0x94, 0xFF, 0xB2, 0x94, 0xFF, 0xB2, 0x94, 0xFF,
  0xB2, 0x94, 0xFD, 0xB2, 0x94, 0xFD, 0xB2, 0x94, 0xFB, 0x71, 0x8C, 0xF7, 0x71, 0x8C, 0xF7, 0x71, 0x8C, 0xFD, 0x92, 0x94, 0xFF, 0x92, 0x94, 0xFF,
  0x71, 0x8C, 0xFF, 0x71, 0x8C, 0xFF, 0x71, 0x8C, 0xFF, 0x71, 0x8C, 0xFF, 0x71, 0x8C, 0xFF, 0x51, 0x8C, 0xFF, 0x51, 0x8C, 0xFF, 0x51, 0x8C, 0xFF,
  0x50, 0x8C, 0xFF, 0x30, 0x84, 0xFF, 0x10, 0x84, 0xFF, 0x30, 0x84, 0xFF, 0x30, 0x84, 0xFF, 0x10, 0x84, 0xFF, 0xEF, 0x83, 0xFF, 0xEF, 0x7B, 0xFF,
  0xEF, 0x7B, 0xFF, 0xCF, 0x7B, 0xFF, 0xCF, 0x7B, 0xFF, 0xCF, 0x7B, 0xFF, 0xAE, 0x73, 0xFF, 0xAE, 0x73, 0xFF, 0x8E, 0x73, 0xFF, 0x8E, 0x73, 0xFF,
  0x8E, 0x73, 0xFF, 0x8E, 0x73, 0xFF, 0x6D, 0x6B, 0xFF, 0x4D, 0x6B, 0xFF, 0x4D, 0x6B, 0xFF, 0x4D, 0x6B, 0xFF, 0x2C, 0x63, 0xFF, 0x2C, 0x63, 0xFF,
  0x0C, 0x63, 0xFF, 0x0C, 0x63, 0xFF, 0xEB, 0x5A, 0xFF, 0x0C, 0x63, 0xFF, 0x4D, 0x6B, 0xFF, 0xEB, 0x5A, 0xFF, 0xEB, 0x5A, 0xFF, 0xAA, 0x52, 0xFF,
  0x45, 0x29, 0xFF, 0xC7, 0x39, 0xA5, 0x61, 0x08, 0x04, 0x00, 0x00, 0x00, 0x00, 0x00, 0x00, 0x00, 0x00, 0x00, 0x00, 0x00, 0x00, 0x00, 0x00, 0x00,
  0x00, 0x00, 0x00, 0x00, 0x00, 0x00, 0x00, 0x00, 0x00, 0x00, 0x00, 0x00, 0x00, 0x00, 0x00, 0x00, 0x00, 0x00, 0x00, 0x00, 0x00, 0x00, 0x00, 0x00,
  0xFF, 0xFF, 0x00, 0xFF, 0xFF, 0x00, 0xFF, 0xFF, 0x00, 0xFF, 0xFF, 0x00, 0xFF, 0xFF, 0x00, 0xFF, 0xFF, 0x00, 0xFF, 0xFF, 0x00, 0xFF, 0xFF, 0x00,
  0xFF, 0xFF, 0x00, 0xFF, 0xFF, 0x00, 0xFF, 0xFF, 0x00, 0xFF, 0xFF, 0x00, 0xFF, 0xFF, 0x00, 0xFF, 0xFF, 0x00, 0xFF, 0xFF, 0x00, 0xFF, 0xFF, 0x00,
  0xFF, 0xFF, 0x00, 0xFF, 0xFF, 0x00, 0xFF, 0xFF, 0x00, 0xFF, 0xFF, 0x00, 0xFF, 0xFF, 0x00, 0xFF, 0xFF, 0x00, 0xFF, 0xFF, 0x00, 0xFF, 0xFF, 0x00,
  0xFF, 0xFF, 0x00, 0xFF, 0xFF, 0x00, 0xFF, 0xFF, 0x00, 0xFF, 0xFF, 0x00, 0xFF, 0xFF, 0x00, 0xFF, 0xFF, 0x00, 0xFF, 0xFF, 0x00, 0xFF, 0xFF, 0x00,
  0xFF, 0xFF, 0x00, 0xFF, 0xFF, 0x00, 0xFF, 0xFF, 0x00, 0xFF, 0xFF, 0x00, 0xFF, 0xFF, 0x00, 0xFF, 0xFF, 0x00, 0xFF, 0xFF, 0x00, 0xFF, 0xFF, 0x00,
  0xFF, 0xFF, 0x00, 0xFF, 0xFF, 0x00, 0xFF, 0xFF, 0x00, 0xFF, 0xFF, 0x00, 0xFF, 0xFF, 0x00, 0xFF, 0xFF, 0x00, 0xFF, 0xFF, 0x00, 0xFF, 0xFF, 0x00,
  0xFF, 0xFF, 0x00, 0xFF, 0xFF, 0x00, 0xFF, 0xFF, 0x00, 0xFF, 0xFF, 0x00, 0xFF, 0xFF, 0x00, 0xFF, 0xFF, 0x00, 0xFF, 0xFF, 0x00, 0x00, 0x00, 0x00,
  0x00, 0x00, 0x00, 0x00, 0x00, 0x00, 0x00, 0x00, 0x00, 0x00, 0x00, 0x00, 0x00, 0x00, 0x00, 0x00, 0x00, 0x00, 0x00, 0x00, 0x00, 0x00, 0x00, 0x00,
  0x00, 0x00, 0x00, 0x00, 0x00, 0x00, 0x00, 0x00, 0x00, 0xFF, 0xFF, 0x00, 0xFF, 0xFF, 0x00, 0xFF, 0xFF, 0x00, 0xFF, 0xFF, 0x00, 0xFF, 0xFF, 0x00,
  0xFF, 0xFF, 0x00, 0xFF, 0xFF, 0x00, 0xFF, 0xFF, 0x00, 0xFF, 0xFF, 0x00, 0xFF, 0xFF, 0x00, 0xFF, 0xFF, 0x00, 0xFF, 0xFF, 0x00, 0xFF, 0xFF, 0x00,
  0xFF, 0xFF, 0x00, 0xFF, 0xFF, 0x00, 0xFF, 0xFF, 0x00, 0xFF, 0xFF, 0x00, 0xFF, 0xFF, 0x00, 0x24, 0x21, 0x07, 0x0C, 0x63, 0x8E, 0x71, 0x8C, 0xFD,
  0x8E, 0x73, 0xF9, 0x9E, 0xF7, 0x09, 0xFB, 0xDE, 0x44, 0x59, 0xCE, 0xC1, 0xF7, 0xBD, 0xFF, 0x96, 0xB5, 0xFF, 0x14, 0xA5, 0xFF, 0xF3, 0x9C, 0xFF,
  0xF3, 0x9C, 0xFF, 0x34, 0xA5, 0xFF, 0x18, 0xC6, 0xEF, 0x9A, 0xD6, 0x92, 0x1C, 0xE7, 0xED, 0x3C, 0xE7, 0xCE, 0xFB, 0xDE, 0x58, 0x9A, 0xD6, 0x80,
  0x79, 0xCE, 0xA6, 0x38, 0xC6, 0xCF, 0xF7, 0xBD, 0xFF, 0x96, 0xB5, 0xFF, 0x55, 0xAD, 0xFF, 0x14, 0xA5, 0xFF, 0xD3, 0x94, 0xFF, 0x71, 0x8C, 0xFF,
  0x51, 0x8C, 0xFF, 0x10, 0x7C, 0xFF, 0xCF, 0x7B, 0xFF, 0xCF, 0x73, 0xFF, 0xAE, 0x73, 0xFF, 0x4D, 0x6B, 0xFF, 0x0C, 0x63, 0xFF, 0x0C, 0x63, 0xFF,
  0x2C, 0x63, 0xFF, 0x2C, 0x63, 0xFF, 0xEC, 0x5A, 0xFF, 0x28, 0x42, 0xFF, 0xE7, 0x39, 0xFF, 0x86, 0x31, 0xFF, 0x66, 0x29, 0xFF, 0x04, 0x21, 0xFF,
  0x08, 0x42, 0xFF, 0xE3, 0x18, 0xFF, 0x61, 0x08, 0xFF, 0xC3, 0x18, 0xFF, 0xC3, 0x10, 0xFF, 0x04, 0x19, 0xFF, 0x25, 0x21, 0xFF, 0x25, 0x21, 0xFF,
  0x25, 0x21, 0xFF, 0x25, 0x21, 0xFF, 0x45, 0x21, 0xFF, 0x45, 0x29, 0xFF, 0x65, 0x29, 0xFF, 0x45, 0x29, 0xFF, 0x65, 0x29, 0xFF, 0x66, 0x29, 0xFF,
  0x66, 0x29, 0xFF, 0x65, 0x29, 0xFF, 0x65, 0x29, 0xFF, 0x66, 0x29, 0xFF, 0x86, 0x29, 0xFF, 0x86, 0x31, 0xFF, 0x66, 0x29, 0xFF, 0x45, 0x21, 0xFF,
  0x61, 0x08, 0xFF, 0xE3, 0x18, 0xFF, 0xE3, 0x18, 0xFF, 0xC3, 0x18, 0xFF, 0xC3, 0x18, 0xFF, 0xA3, 0x10, 0xFF, 0xC2, 0x10, 0xFF, 0xA2, 0x10, 0xFF,
  0xC3, 0x18, 0xFF, 0xC3, 0x18, 0xFF, 0xE3, 0x18, 0xFF, 0xE3, 0x18, 0xFF, 0x82, 0x10, 0xFF, 0x41, 0x08, 0xFF, 0x20, 0x00, 0xFF, 0x20, 0x00, 0xFF,
  0x61, 0x08, 0xFF, 0x82, 0x10, 0xFF, 0xA3, 0x10, 0xFF, 0xC3, 0x10, 0xFF, 0xA2, 0x10, 0xFF, 0xA2, 0x10, 0xFF, 0x61, 0x08, 0xFF, 0x41, 0x08, 0xFF,
  0x41, 0x08, 0xFF, 0x82, 0x10, 0xFF, 0x24, 0x21, 0xFF, 0x45, 0x29, 0xFF, 0x04, 0x21, 0xFF, 0x65, 0x29, 0xFF, 0x92, 0x94, 0xFF, 0x4D, 0x6B, 0xFF,
  0xD3, 0x9C, 0xFF, 0xF7, 0xBD, 0xFF, 0x8A, 0x52, 0xFF, 0x34, 0xA5, 0xFF, 0xBA, 0xD6, 0xFF, 0xCB, 0x5A, 0xFF, 0xD3, 0x9C, 0xFF, 0xD7, 0xBD, 0xFF,
  0xAA, 0x52, 0xFF, 0x96, 0xB5, 0xFF, 0x55, 0xA5, 0xFF, 0xAE, 0x73, 0xFF, 0xB2, 0x94, 0xFF, 0xCB, 0x5A, 0xFF, 0x24, 0x21, 0xFF, 0x65, 0x29, 0xFF,
  0xE3, 0x18, 0xFF, 0x41, 0x08, 0xFF, 0x20, 0x00, 0xFD, 0x20, 0x00, 0xFD, 0x61, 0x08, 0xFB, 0x61, 0x08, 0xFB, 0x41, 0x08, 0xF9, 0x82, 0x10, 0xF7,
  0xA2, 0x10, 0xF7, 0x81, 0x08, 0xF7, 0x20, 0x00, 0xF9, 0x41, 0x08, 0xFB, 0x82, 0x10, 0xFF, 0x82, 0x10, 0xFF, 0x61, 0x08, 0xFF, 0x41, 0x08, 0xFF,
  0x61, 0x08, 0xFF, 0xA2, 0x10, 0xFF, 0x61, 0x08, 0xE4, 0x41, 0x08, 0xE4, 0x41, 0x08, 0xE4, 0x41, 0x08, 0xE4, 0x41, 0x08, 0xE4, 0x41, 0x08, 0xE4,
  0x41, 0x08, 0xE4, 0x41, 0x08, 0xE4, 0x41, 0x08, 0xE4, 0x41, 0x08, 0xE4, 0x41, 0x08, 0xE4, 0x41, 0x08, 0xE4, 0x41, 0x08, 0xE4, 0x41, 0x08, 0xE4,
  0x61, 0x08, 0xE4, 0x61, 0x08, 0xE4, 0x61, 0x08, 0xE4, 0x61, 0x08, 0xE4, 0x61, 0x08, 0xE4, 0x82, 0x08, 0xE4, 0x82, 0x10, 0xE4, 0x61, 0x08, 0xE4,
  0x61, 0x08, 0xE4, 0x61, 0x08, 0xE4, 0x61, 0x08, 0xE4, 0x82, 0x10, 0xE4, 0x82, 0x10, 0xE4, 0x82, 0x10, 0xE4, 0x82, 0x10, 0xE4, 0xA2, 0x10, 0xE4,
  0xA3, 0x18, 0xE4, 0xA2, 0x10, 0xE4, 0x82, 0x10, 0xE4, 0x82, 0x10, 0xE4, 0x82, 0x10, 0xE4, 0xA2, 0x10, 0xE6, 0xC3, 0x18, 0xEF, 0xC3, 0x18, 0xF3,
  0x08, 0x3A, 0xFF, 0xC3, 0x18, 0xF9, 0x04, 0x21, 0xF1, 0xE3, 0x18, 0xE2, 0xC3, 0x18, 0xE4, 0x45, 0x29, 0xC7, 0xA2, 0x10, 0x03, 0x00, 0x00, 0x00,
  0x00, 0x00, 0x00, 0x00, 0x00, 0x00, 0x00, 0x00, 0x00, 0x00, 0x00, 0x00, 0x00, 0x00, 0x00, 0x00, 0x00, 0x00, 0x00, 0x00, 0x00, 0x00, 0x00, 0x00,
  0x00, 0x00, 0x00, 0x00, 0x00, 0x00, 0x00, 0x00, 0x00, 0x00, 0x00, 0x00, 0xFF, 0xFF, 0x00, 0xFF, 0xFF, 0x00, 0xFF, 0xFF, 0x00, 0xFF, 0xFF, 0x00,
  0xFF, 0xFF, 0x00, 0xFF, 0xFF, 0x00, 0xFF, 0xFF, 0x00, 0xFF, 0xFF, 0x00, 0xFF, 0xFF, 0x00, 0xFF, 0xFF, 0x00, 0xFF, 0xFF, 0x00, 0xFF, 0xFF, 0x00,
  0xFF, 0xFF, 0x00, 0xFF, 0xFF, 0x00, 0xFF, 0xFF, 0x00, 0xFF, 0xFF, 0x00, 0xFF, 0xFF, 0x00, 0xFF, 0xFF, 0x00, 0xFF, 0xFF, 0x00, 0xFF, 0xFF, 0x00,
  0xFF, 0xFF, 0x00, 0xFF, 0xFF, 0x00, 0xFF, 0xFF, 0x00, 0xFF, 0xFF, 0x00, 0xFF, 0xFF, 0x00, 0xFF, 0xFF, 0x00, 0xFF, 0xFF, 0x00, 0xFF, 0xFF, 0x00,
  0xFF, 0xFF, 0x00, 0xFF, 0xFF, 0x00, 0xFF, 0xFF, 0x00, 0xFF, 0xFF, 0x00, 0xFF, 0xFF, 0x00, 0xFF, 0xFF, 0x00, 0xFF, 0xFF, 0x00, 0xFF, 0xFF, 0x00,
  0xFF, 0xFF, 0x00, 0xFF, 0xFF, 0x00, 0xFF, 0xFF, 0x00, 0xFF, 0xFF, 0x00, 0xFF, 0xFF, 0x00, 0xFF, 0xFF, 0x00, 0xFF, 0xFF, 0x00, 0xFF, 0xFF, 0x00,
  0xFF, 0xFF, 0x00, 0xFF, 0xFF, 0x00, 0xFF, 0xFF, 0x00, 0xFF, 0xFF, 0x00, 0xFF, 0xFF, 0x00, 0xFF, 0xFF, 0x00, 0xFF, 0xFF, 0x00, 0xFF, 0xFF, 0x00,
  0xFF, 0xFF, 0x00, 0xFF, 0xFF, 0x00, 0xFF, 0xFF, 0x00, 0x00, 0x00, 0x00, 0x00, 0x00, 0x00, 0x00, 0x00, 0x00, 0x00, 0x00, 0x00, 0x00, 0x00, 0x00,
  0x00, 0x00, 0x00, 0x00, 0x00, 0x00, 0x00, 0x00, 0x00, 0x00, 0x00, 0x00, 0x00, 0x00, 0x00, 0x00, 0x00, 0x00, 0x00, 0x00, 0x00, 0xFF, 0xFF, 0x00,
  0xFF, 0xFF, 0x00, 0xFF, 0xFF, 0x00, 0xFF, 0xFF, 0x00, 0xFF, 0xFF, 0x00, 0xFF, 0xFF, 0x00, 0xFF, 0xFF, 0x00, 0xFF, 0xFF, 0x00, 0xFF, 0xFF, 0x00,
  0xFF, 0xFF, 0x00, 0xFF, 0xFF, 0x00, 0xFF, 0xFF, 0x00, 0xFF, 0xFF, 0x00, 0xFF, 0xFF, 0x00, 0xFF, 0xFF, 0x00, 0xFF, 0xFF, 0x00, 0xFF, 0xFF, 0x00,
  0xFF, 0xFF, 0x00, 0xFF, 0xFF, 0x00, 0x28, 0x42, 0x5D, 0xB3, 0x94, 0xFF, 0x8E, 0x73, 0xF7, 0xFF, 0xFF, 0x00, 0xFF, 0xFF, 0x00, 0xFF, 0xFF, 0x00,
  0xFF, 0xFF, 0x00, 0xFF, 0xFF, 0x00, 0xFF, 0xFF, 0x00, 0xFF, 0xFF, 0x00, 0xFF, 0xFF, 0x00, 0xFF, 0xFF, 0x00, 0xFF, 0xFF, 0x00, 0xFF, 0xFF, 0x00,
  0xFF, 0xFF, 0x00, 0xFF, 0xFF, 0x00, 0xFF, 0xFF, 0x00, 0xFF, 0xFF, 0x00, 0xFF, 0xFF, 0x00, 0xFF, 0xFF, 0x00, 0xFF, 0xFF, 0x00, 0xFF, 0xFF, 0x00,
  0xFF, 0xFF, 0x00, 0xFF, 0xFF, 0x00, 0xFF, 0xFF, 0x00, 0xFF, 0xFF, 0x00, 0xFF, 0xFF, 0x00, 0xFF, 0xFF, 0x00, 0xFF, 0xFF, 0x00, 0xFF, 0xFF, 0x00,
  0xBE, 0xF7, 0x04, 0x7D, 0xEF, 0x11, 0x3C, 0xE7, 0x26, 0x1C, 0xE7, 0x34, 0xDB, 0xDE, 0x4D, 0x9A, 0xD6, 0x75, 0x38, 0xC6, 0xC1, 0xB6, 0xB5, 0xFF,
  0x55, 0xAD, 0xFF, 0x34, 0xA5, 0xFF, 0x14, 0xA5, 0xFF, 0x0C, 0x63, 0xFF, 0x69, 0x4A, 0xFF, 0x49, 0x4A, 0xFF, 0x2C, 0x63, 0xFF, 0x69, 0x4A, 0xFF,
  0x49, 0x4A, 0xFF, 0x49, 0x4A, 0xFF, 0x08, 0x42, 0xFF, 0x08, 0x3A, 0xFF, 0xE7, 0x39, 0xFF, 0xE7, 0x39, 0xFF, 0xC7, 0x31, 0xFF, 0xA7, 0x31, 0xFF,
  0xA6, 0x31, 0xFF, 0xA6, 0x31, 0xFF, 0xA7, 0x31, 0xFF, 0xA7, 0x31, 0xFF, 0xA6, 0x31, 0xFF, 0xA6, 0x31, 0xFF, 0x86, 0x31, 0xFF, 0xA6, 0x31, 0xFF,
  0xE7, 0x39, 0xFF, 0xA7, 0x31, 0xFF, 0x86, 0x31, 0xFF, 0x45, 0x21, 0xFF, 0xD3, 0x9C, 0xFF, 0x7D, 0xEF, 0x0D, 0x5D, 0xEF, 0x1A, 0x7D, 0xEF, 0x15,
  0x7D, 0xEF, 0x15, 0x5D, 0xEF, 0x15, 0x5D, 0xEF, 0x15, 0x5D, 0xEF, 0x15, 0x5D, 0xEF, 0x15, 0x7D, 0xEF, 0x15, 0x5D, 0xEF, 0x1A, 0x7D, 0xEF, 0x15,
  0xDB, 0xDE, 0x56, 0xF3, 0x9C, 0xFF, 0x8E, 0x73, 0xFF, 0x6A, 0x4A, 0xFF, 0xA6, 0x31, 0xFF, 0x04, 0x21, 0xFF, 0x82, 0x10, 0xFF, 0x41, 0x08, 0xFF,
  0x41, 0x08, 0xFF, 0x61, 0x08, 0xFF, 0x61, 0x08, 0xFF, 0x82, 0x10, 0xFF, 0xA2, 0x10, 0xFF, 0xA2, 0x10, 0xFF, 0x45, 0x29, 0xFF, 0x65, 0x29, 0xFF,
  0xE3, 0x18, 0xFF, 0x08, 0x42, 0xFF, 0xD3, 0x9C, 0xFF, 0xEB, 0x5A, 0xFF, 0xF7, 0xBD, 0xFF, 0x96, 0xB5, 0xFF, 0xCF, 0x7B, 0xFF, 0x10, 0x84, 0xFF,
  0x0C, 0x63, 0xFF, 0x6D, 0x6B, 0xFF, 0x29, 0x42, 0xFF, 0xAE, 0x73, 0xFF, 0x91, 0x94, 0xFF, 0x34, 0xA5, 0xFF, 0x14, 0xA5, 0xFF, 0x4D, 0x6B, 0xFF,
  0x14, 0xA5, 0xFF, 0xAE, 0x73, 0xFF, 0x04, 0x21, 0xFF, 0x65, 0x29, 0xFF, 0x04, 0x21, 0xFF, 0x61, 0x08, 0xFF, 0x41, 0x08, 0xFF, 0x61, 0x08, 0xFF,
  0x82, 0x10, 0xFF, 0xC3, 0x18, 0xFF, 0x04, 0x21, 0xFF, 0x24, 0x21, 0xFF, 0x24, 0x21, 0xFF, 0x24, 0x21, 0xFF, 0xE3, 0x18, 0xFF, 0x04, 0x21, 0xFF,
  0x24, 0x21, 0xF3, 0x65, 0x29, 0xDC, 0x86, 0x29, 0xAF, 0x45, 0x29, 0x69, 0x04, 0x21, 0x2D, 0xC3, 0x18, 0x0C, 0x41, 0x08, 0x02, 0x20, 0x00, 0x02,
  0x20, 0x00, 0x02, 0x20, 0x00, 0x02, 0x20, 0x00, 0x02, 0x20, 0x00, 0x02, 0x20, 0x00, 0x02, 0x20, 0x00, 0x02, 0x20, 0x00, 0x02, 0x20, 0x00, 0x02,
  0x20, 0x00, 0x02, 0x20, 0x00, 0x02, 0x20, 0x00, 0x02, 0x20, 0x00, 0x02, 0x20, 0x08, 0x02, 0x41, 0x08, 0x02, 0x41, 0x08, 0x02, 0x41, 0x08, 0x02,
  0x41, 0x08, 0x02, 0x41, 0x08, 0x02, 0x41, 0x08, 0x02, 0x41, 0x08, 0x02, 0x41, 0x08, 0x02, 0x41, 0x08, 0x02, 0x41, 0x08, 0x02, 0x41, 0x08, 0x02,
  0x41, 0x08, 0x02, 0x41, 0x08, 0x02, 0x41, 0x08, 0x02, 0x61, 0x08, 0x02, 0x61, 0x08, 0x02, 0x61, 0x08, 0x02, 0x41, 0x08, 0x02, 0x61, 0x08, 0x02,
  0x61, 0x08, 0x01, 0x61, 0x08, 0x02, 0x65, 0x29, 0x08, 0x49, 0x42, 0x8E, 0xAA, 0x52, 0xF9, 0xE7, 0x39, 0x80, 0x49, 0x4A, 0x16, 0x82, 0x10, 0x02,
  0x61, 0x08, 0x02, 0x41, 0x08, 0x01, 0x00, 0x00, 0x00, 0x00, 0x00, 0x00, 0x00, 0x00, 0x00, 0x00, 0x00, 0x00, 0x00, 0x00, 0x00, 0x00, 0x00, 0x00,
  0x00, 0x00, 0x00, 0x00, 0x00, 0x00, 0x00, 0x00, 0x00, 0x00, 0x00, 0x00, 0x00, 0x00, 0x00, 0x00, 0x00, 0x00, 0x00, 0x00, 0x00, 0x00, 0x00, 0x00,
  0xFF, 0xFF, 0x00, 0xFF, 0xFF, 0x00, 0xFF, 0xFF, 0x00, 0xFF, 0xFF, 0x00, 0xFF, 0xFF, 0x00, 0xFF, 0xFF, 0x00, 0xFF, 0xFF, 0x00, 0xFF, 0xFF, 0x00,
  0xFF, 0xFF, 0x00, 0xFF, 0xFF, 0x00, 0xFF, 0xFF, 0x00, 0xFF, 0xFF, 0x00, 0xFF, 0xFF, 0x00, 0xFF, 0xFF, 0x00, 0xFF, 0xFF, 0x00, 0xFF, 0xFF, 0x00,
  0xFF, 0xFF, 0x00, 0xFF, 0xFF, 0x00, 0xFF, 0xFF, 0x00, 0xFF, 0xFF, 0x00, 0xFF, 0xFF, 0x00, 0xFF, 0xFF, 0x00, 0xFF, 0xFF, 0x00, 0xFF, 0xFF, 0x00,
  0xFF, 0xFF, 0x00, 0xFF, 0xFF, 0x00, 0xFF, 0xFF, 0x00, 0xFF, 0xFF, 0x00, 0xFF, 0xFF, 0x00, 0xFF, 0xFF, 0x00, 0xFF, 0xFF, 0x00, 0xFF, 0xFF, 0x00,
  0xFF, 0xFF, 0x00, 0xFF, 0xFF, 0x00, 0xFF, 0xFF, 0x00, 0xFF, 0xFF, 0x00, 0xFF, 0xFF, 0x00, 0xFF, 0xFF, 0x00, 0xFF, 0xFF, 0x00, 0xFF, 0xFF, 0x00,
  0xFF, 0xFF, 0x00, 0xFF, 0xFF, 0x00, 0xFF, 0xFF, 0x00, 0xFF, 0xFF, 0x00, 0xFF, 0xFF, 0x00, 0xFF, 0xFF, 0x00, 0xFF, 0xFF, 0x00, 0xFF, 0xFF, 0x00,
  0xFF, 0xFF, 0x00, 0xFF, 0xFF, 0x00, 0xFF, 0xFF, 0x00, 0xFF, 0xFF, 0x00, 0xFF, 0xFF, 0x00, 0xFF, 0xFF, 0x00, 0xFF, 0xFF, 0x00, 0x00, 0x00, 0x00,
  0x00, 0x00, 0x00, 0x00, 0x00, 0x00, 0x00, 0x00, 0x00, 0x00, 0x00, 0x00, 0x00, 0x00, 0x00, 0x00, 0x00, 0x00, 0x00, 0x00, 0x00, 0x00, 0x00, 0x00,
  0x00, 0x00, 0x00, 0x00, 0x00, 0x00, 0x00, 0x00, 0x00, 0xFF, 0xFF, 0x00, 0xFF, 0xFF, 0x00, 0xFF, 0xFF, 0x00, 0xFF, 0xFF, 0x00, 0xFF, 0xFF, 0x00,
  0xFF, 0xFF, 0x00, 0xFF, 0xFF, 0x00, 0xFF, 0xFF, 0x00, 0xFF, 0xFF, 0x00, 0xFF, 0xFF, 0x00, 0xFF, 0xFF, 0x00, 0xFF, 0xFF, 0x00, 0xFF, 0xFF, 0x00,
  0xFF, 0xFF, 0x00, 0xFF, 0xFF, 0x00, 0xFF, 0xFF, 0x00, 0xFF, 0xFF, 0x00, 0xFF, 0xFF, 0x00, 0xFF, 0xFF, 0x00, 0x49, 0x4A, 0x63, 0x14, 0x9D, 0xFF,
  0xCF, 0x7B, 0xF7, 0xFF, 0xFF, 0x00, 0xDF, 0xFF, 0x01, 0xDF, 0xFF, 0x01, 0xFF, 0xFF, 0x00, 0xFF, 0xFF, 0x00, 0xFF, 0xFF, 0x00, 0xFF, 0xFF, 0x00,
  0xFF, 0xFF, 0x00, 0xDF, 0xFF, 0x01, 0xDF, 0xFF, 0x01, 0xFF, 0xFF, 0x00, 0xFF, 0xFF, 0x00, 0xFF, 0xFF, 0x00, 0xFF, 0xFF, 0x00, 0xFF, 0xFF, 0x00,
  0xFF, 0xFF, 0x00, 0xFF, 0xFF, 0x00, 0xFF, 0xFF, 0x00, 0xFF, 0xFF, 0x00, 0xFF, 0xFF, 0x00, 0xFF, 0xFF, 0x00, 0xFF, 0xFF, 0x00, 0xFF, 0xFF, 0x00,
  0xFF, 0xFF, 0x00, 0xFF, 0xFF, 0x00, 0xFF, 0xFF, 0x00, 0xFF, 0xFF, 0x00, 0xFF, 0xFF, 0x00, 0xFF, 0xFF, 0x00, 0xFF, 0xFF, 0x00, 0xFF, 0xFF, 0x00,
  0xFF, 0xFF, 0x00, 0xFF, 0xFF, 0x00, 0xFF, 0xFF, 0x00, 0xFF, 0xFF, 0x00, 0xFF, 0xFF, 0x00, 0xFF, 0xFF, 0x00, 0xFF, 0xFF, 0x00, 0xD3, 0x94, 0xFF,
  0x86, 0x31, 0xFF, 0xCF, 0x7B, 0xFF, 0xFF, 0xFF, 0xFF, 0xFF, 0xFF, 0xFF, 0xFF, 0xFF, 0xFF, 0xDF, 0xFF, 0xFF, 0x9E, 0xF7, 0xFF, 0x7D, 0xEF, 0xFF,
  0x7D, 0xEF, 0xFD, 0x5D, 0xEF, 0xD5, 0x3C, 0xE7, 0xB0, 0x3C, 0xE7, 0x91, 0x1C, 0xE7, 0x77, 0x1C, 0xE7, 0x63, 0xFB, 0xDE, 0x4D, 0xFB, 0xDE, 0x45,
  0xDB, 0xDE, 0x5F, 0xDB, 0xDE, 0x56, 0x9A, 0xD6, 0x75, 0x9A, 0xD6, 0x80, 0xDB, 0xDE, 0x56, 0x9A, 0xD6, 0x80, 0x39, 0xCE, 0xC1, 0xBA, 0xD6, 0x75,
  0xFF, 0xFF, 0x00, 0xFF, 0xFF, 0x00, 0xFF, 0xFF, 0x00, 0xFF, 0xFF, 0x00, 0xFF, 0xFF, 0x00, 0xFF, 0xFF, 0x00, 0xFF, 0xFF, 0x00, 0xFF, 0xFF, 0x00,
  0xFF, 0xFF, 0x00, 0xFF, 0xFF, 0x00, 0xFF, 0xFF, 0x00, 0xFF, 0xFF, 0x00, 0xFF, 0xFF, 0x00, 0xFF, 0xFF, 0x00, 0xFF, 0xFF, 0x00, 0xFF, 0xFF, 0x00,
  0xBE, 0xF7, 0x07, 0xDB, 0xDE, 0x4D, 0xF7, 0xBD, 0xFF, 0xF3, 0x9C, 0xFF, 0xCF, 0x7B, 0xFF, 0xCB, 0x5A, 0xFF, 0xE7, 0x39, 0xFF, 0x04, 0x21, 0xFF,
  0x61, 0x08, 0xFF, 0xA2, 0x10, 0xFF, 0x24, 0x21, 0xFF, 0x45, 0x29, 0xFF, 0x04, 0x21, 0xFF, 0x08, 0x42, 0xFF, 0x75, 0xAD, 0xFF, 0x65, 0x29, 0xFF,
  0xAE, 0x73, 0xFF, 0xB6, 0xB5, 0xFF, 0xD7, 0xBD, 0xFF, 0x59, 0xCE, 0xFF, 0xE7, 0x39, 0xFF, 0xAE, 0x73, 0xFF, 0x08, 0x42, 0xFF, 0x34, 0xA5, 0xFF,
  0xBA, 0xD6, 0xFF, 0xD7, 0xBD, 0xFF, 0x10, 0x84, 0xFF, 0xC3, 0x18, 0xFF, 0x75, 0xAD, 0xFF, 0xAE, 0x73, 0xFF, 0xE3, 0x18, 0xFF, 0x65, 0x29, 0xFF,
  0x24, 0x21, 0xFF, 0xA2, 0x10, 0xFF, 0xC3, 0x18, 0xFB, 0x24, 0x21, 0xFB, 0xC3, 0x18, 0xC7, 0x86, 0x29, 0xB9, 0x24, 0x21, 0x88, 0x65, 0x29, 0x6D,
  0xC3, 0x18, 0x3A, 0x45, 0x29, 0x36, 0xA2, 0x10, 0x15, 0x04, 0x21, 0x12, 0x61, 0x08, 0x04, 0x82, 0x10, 0x01, 0x20, 0x00, 0x00, 0x00, 0x00, 0x00,
  0x00, 0x00, 0x00, 0x00, 0x00, 0x00, 0x00, 0x00, 0x00, 0x00, 0x00, 0x00, 0x00, 0x00, 0x00, 0x00, 0x00, 0x00, 0x00, 0x00, 0x00, 0x00, 0x00, 0x00,
  0x00, 0x00, 0x00, 0x00, 0x00, 0x00, 0x00, 0x00, 0x00, 0x00, 0x00, 0x00, 0x00, 0x00, 0x00, 0x00, 0x00, 0x00, 0x00, 0x00, 0x00, 0x00, 0x00, 0x00,
  0x00, 0x00, 0x00, 0x00, 0x00, 0x00, 0x00, 0x00, 0x00, 0x00, 0x00, 0x00, 0x00, 0x00, 0x00, 0x00, 0x00, 0x00, 0x00, 0x00, 0x00, 0x00, 0x00, 0x00,
  0x00, 0x00, 0x00, 0x00, 0x00, 0x00, 0x00, 0x00, 0x00, 0x00, 0x00, 0x00, 0x00, 0x00, 0x00, 0x00, 0x00, 0x00, 0x00, 0x00, 0x00, 0x00, 0x00, 0x00,
  0x00, 0x00, 0x00, 0x00, 0x00, 0x00, 0x00, 0x00, 0x00, 0x00, 0x00, 0x00, 0x00, 0x00, 0x00, 0x00, 0x00, 0x00, 0x41, 0x08, 0x00, 0x86, 0x31, 0xCF,
  0xE8, 0x39, 0xFF, 0x45, 0x29, 0xCE, 0x20, 0x00, 0x01, 0x00, 0x00, 0x00, 0x00, 0x00, 0x00, 0x00, 0x00, 0x00, 0x00, 0x00, 0x00, 0x00, 0x00, 0x00,
  0x00, 0x00, 0x00, 0x00, 0x00, 0x00, 0x00, 0x00, 0x00, 0x00, 0x00, 0x00, 0x00, 0x00, 0x00, 0x00, 0x00, 0x00, 0x00, 0x00, 0x00, 0x00, 0x00, 0x00,
  0x00, 0x00, 0x00, 0x00, 0x00, 0x00, 0x00, 0x00, 0x00, 0x00, 0x00, 0x00, 0xFF, 0xFF, 0x00, 0xFF, 0xFF, 0x00, 0xFF, 0xFF, 0x00, 0xFF, 0xFF, 0x00,
  0xFF, 0xFF, 0x00, 0xFF, 0xFF, 0x00, 0xFF, 0xFF, 0x00, 0xFF, 0xFF, 0x00, 0xFF, 0xFF, 0x00, 0xFF, 0xFF, 0x00, 0xFF, 0xFF, 0x00, 0xFF, 0xFF, 0x00,
  0xFF, 0xFF, 0x00, 0xFF, 0xFF, 0x00, 0xFF, 0xFF, 0x00, 0xFF, 0xFF, 0x00, 0xFF, 0xFF, 0x00, 0xFF, 0xFF, 0x00, 0xFF, 0xFF, 0x00, 0xFF, 0xFF, 0x00,
  0xFF, 0xFF, 0x00, 0xFF, 0xFF, 0x00, 0xFF, 0xFF, 0x00, 0xFF, 0xFF, 0x00, 0xFF, 0xFF, 0x00, 0xFF, 0xFF, 0x00, 0xFF, 0xFF, 0x00, 0xFF, 0xFF, 0x00,
  0xFF, 0xFF, 0x00, 0xFF, 0xFF, 0x00, 0xFF, 0xFF, 0x00, 0xFF, 0xFF, 0x00, 0xFF, 0xFF, 0x00, 0xFF, 0xFF, 0x00, 0xFF, 0xFF, 0x00, 0xFF, 0xFF, 0x00,
  0xFF, 0xFF, 0x00, 0xFF, 0xFF, 0x00, 0xFF, 0xFF, 0x00, 0xFF, 0xFF, 0x00, 0xFF, 0xFF, 0x00, 0xFF, 0xFF, 0x00, 0xFF, 0xFF, 0x00, 0xFF, 0xFF, 0x00,
  0xFF, 0xFF, 0x00, 0xFF, 0xFF, 0x00, 0xFF, 0xFF, 0x00, 0xFF, 0xFF, 0x00, 0xFF, 0xFF, 0x00, 0xFF, 0xFF, 0x00, 0xFF, 0xFF, 0x00, 0xFF, 0xFF, 0x00,
  0xFF, 0xFF, 0x00, 0xFF, 0xFF, 0x00, 0xFF, 0xFF, 0x00, 0x00, 0x00, 0x00, 0x00, 0x00, 0x00, 0x00, 0x00, 0x00, 0x00, 0x00, 0x00, 0x00, 0x00, 0x00,
  0x00, 0x00, 0x00, 0x00, 0x00, 0x00, 0x00, 0x00, 0x00, 0x00, 0x00, 0x00, 0x00, 0x00, 0x00, 0x00, 0x00, 0x00, 0x00, 0x00, 0x00, 0xFF, 0xFF, 0x00,
  0xFF, 0xFF, 0x00, 0xFF, 0xFF, 0x00, 0xFF, 0xFF, 0x00, 0xFF, 0xFF, 0x00, 0xFF, 0xFF, 0x00, 0xFF, 0xFF, 0x00, 0xFF, 0xFF, 0x00, 0xFF, 0xFF, 0x00,
  0xFF, 0xFF, 0x00, 0xFF, 0xFF, 0x00, 0xFF, 0xFF, 0x00, 0xFF, 0xFF, 0x00, 0xFF, 0xFF, 0x00, 0xFF, 0xFF, 0x00, 0xFF, 0xFF, 0x00, 0xFF, 0xFF, 0x00,
  0xFF, 0xFF, 0x00, 0xFF, 0xFF, 0x00, 0x49, 0x4A, 0x62, 0x75, 0xAD, 0xFF, 0x10, 0x84, 0xF7, 0xFF, 0xFF, 0x00, 0xDF, 0xFF, 0x01, 0xFF, 0xFF, 0x1E,
  0xFF, 0xFF, 0x00, 0xF7, 0xBD, 0xFF, 0x92, 0x94, 0xFF, 0x51, 0x8C, 0xFF, 0x96, 0xB5, 0xFF, 0xDF, 0xFF, 0x01, 0xFF, 0xFF, 0x00, 0xFF, 0xFF, 0x00,
  0xFF, 0xFF, 0x00, 0xFF, 0xFF, 0x00, 0xFF, 0xFF, 0x00, 0xFF, 0xFF, 0x00, 0xFF, 0xFF, 0x00, 0xFF, 0xFF, 0x00, 0xFF, 0xFF, 0x00, 0xFF, 0xFF, 0x00,
  0xFF, 0xFF, 0x00, 0xFF, 0xFF, 0x00, 0xFF, 0xFF, 0x00, 0xFF, 0xFF, 0x00, 0xFF, 0xFF, 0x00, 0xFF, 0xFF, 0x00, 0xFF, 0xFF, 0x00, 0xFF, 0xFF, 0x00,
  0xFF, 0xFF, 0x00, 0xFF, 0xFF, 0x00, 0xFF, 0xFF, 0x00, 0xFF, 0xFF, 0x00, 0xFF, 0xFF, 0x00, 0xFF, 0xFF, 0x00, 0xFF, 0xFF, 0x00, 0xFF, 0xFF, 0x00,
  0xFF, 0xFF, 0x00, 0xFF, 0xFF, 0x00, 0x9E, 0xF7, 0x88, 0xEB, 0x5A, 0xFF, 0x28, 0x42, 0xFF, 0x69, 0x4A, 0xFF, 0x7D, 0xEF, 0xB7, 0xFF, 0xFF, 0x00,
  0xFF, 0xFF, 0x00, 0xFF, 0xFF, 0x00, 0xFF, 0xFF, 0x00, 0xFF, 0xFF, 0x00, 0xFF, 0xFF, 0x00, 0xFF, 0xFF, 0x00, 0xFF, 0xFF, 0x00, 0xFF, 0xFF, 0x00,
  0xFF, 0xFF, 0x00, 0xFF, 0xFF, 0x00, 0xFF, 0xFF, 0x00, 0xFF, 0xFF, 0x00, 0xFF, 0xFF, 0x00, 0xFF, 0xFF, 0x00, 0xFF, 0xFF, 0x00, 0xFF, 0xFF, 0x00,
  0xFF, 0xFF, 0x00, 0xFF, 0xFF, 0x00, 0xFF, 0xFF, 0x00, 0xFF, 0xFF, 0x00, 0xFF, 0xFF, 0x00, 0xFF, 0xFF, 0x00, 0xFF, 0xFF, 0x00, 0xFF, 0xFF, 0x00,
  0xFF, 0xFF, 0x00, 0xFF, 0xFF, 0x00, 0xFF, 0xFF, 0x00, 0xFF, 0xFF, 0x00, 0xFF, 0xFF, 0x00, 0xFF, 0xFF, 0x00, 0xFF, 0xFF, 0x00, 0xFF, 0xFF, 0x00,
  0xFF, 0xFF, 0x00, 0xDF, 0xFF, 0x01, 0xFF, 0xFF, 0x00, 0xFF, 0xFF, 0x00, 0xFF, 0xFF, 0x00, 0xFF, 0xFF, 0x00, 0xFF, 0xFF, 0x00, 0xFF, 0xFF, 0x00,
  0xFF, 0xFF, 0x00, 0xFF, 0xFF, 0x00, 0xFF, 0xFF, 0x00, 0x3C, 0xE7, 0x26, 0x03, 0x19, 0xFF, 0x41, 0x08, 0xFF, 0x45, 0x29, 0xFF, 0x45, 0x29, 0xFF,
  0x24, 0x21, 0xFF, 0xA6, 0x39, 0xFF, 0x75, 0xAD, 0xFF, 0xCF, 0x7B, 0xFF, 0x18, 0xC6, 0xFF, 0xD7, 0xBD, 0xFF, 0x34, 0xA5, 0xFF, 0x96, 0xB5, 0xFF,
  0x08, 0x42, 0xFF, 0xE7, 0x39, 0xFF, 0x49, 0x4A, 0xFF, 0x34, 0xA5, 0xFF, 0xF7, 0xBD, 0xFF, 0x58, 0xCE, 0xFF, 0x34, 0xA5, 0xFF, 0xCF, 0x7B, 0xFF,
  0x75, 0xAD, 0xFF, 0x2C, 0x63, 0xFF, 0xE3, 0x18, 0xFF, 0x45, 0x29, 0xFF, 0xE3, 0x18, 0xFF, 0x04, 0x21, 0xF9, 0x65, 0x29, 0x1E, 0x65, 0x29, 0x0B,
  0x41, 0x08, 0x00, 0x00, 0x00, 0x00, 0x00, 0x00, 0x00, 0x00, 0x00, 0x00, 0x00, 0x00, 0x00, 0x00, 0x00, 0x00, 0x00, 0x00, 0x00, 0x00, 0x00, 0x00,
  0x00, 0x00, 0x00, 0x00, 0x00, 0x00, 0x00, 0x00, 0x00, 0x00, 0x00, 0x00, 0x00, 0x00, 0x00, 0x00, 0x00, 0x00, 0x00, 0x00, 0x00, 0x00, 0x00, 0x00,
  0x00, 0x00, 0x00, 0x00, 0x00, 0x00, 0x00, 0x00, 0x00, 0x00, 0x00, 0x00, 0x00, 0x00, 0x00, 0x00, 0x00, 0x00, 0x00, 0x00, 0x00, 0x00, 0x00, 0x00,
  0x00, 0x00, 0x00, 0x00, 0x00, 0x00, 0x00, 0x00, 0x00, 0x00, 0x00, 0x00, 0x00, 0x00, 0x00, 0x00, 0x00, 0x00, 0x00, 0x00, 0x00, 0x00, 0x00, 0x00,
  0x00, 0x00, 0x00, 0x00, 0x00, 0x00, 0x00, 0x00, 0x00, 0x00, 0x00, 0x00, 0x00, 0x00, 0x00, 0x00, 0x00, 0x00, 0x00, 0x00, 0x00, 0x00, 0x00, 0x00,
  0x00, 0x00, 0x00, 0x00, 0x00, 0x00, 0x00, 0x00, 0x00, 0x00, 0x00, 0x00, 0x00, 0x00, 0x00, 0x00, 0x00, 0x00, 0x00, 0x00, 0x00, 0x00, 0x00, 0x00,
  0x00, 0x00, 0x00, 0x00, 0x00, 0x00, 0x41, 0x08, 0x01, 0x65, 0x29, 0x6F, 0xC7, 0x39, 0x7F, 0x65, 0x29, 0x77, 0x20, 0x00, 0x02, 0x00, 0x00, 0x00,
  0x00, 0x00, 0x00, 0x00, 0x00, 0x00, 0x00, 0x00, 0x00, 0x00, 0x00, 0x00, 0x00, 0x00, 0x00, 0x00, 0x00, 0x00, 0x00, 0x00, 0x00, 0x00, 0x00, 0x00,
  0x00, 0x00, 0x00, 0x00, 0x00, 0x00, 0x00, 0x00, 0x00, 0x00, 0x00, 0x00, 0x00, 0x00, 0x00, 0x00, 0x00, 0x00, 0x00, 0x00, 0x00, 0x00, 0x00, 0x00,
  0xFF, 0xFF, 0x00, 0xFF, 0xFF, 0x00, 0xFF, 0xFF, 0x00, 0xFF, 0xFF, 0x00, 0xFF, 0xFF, 0x00, 0xFF, 0xFF, 0x00, 0xFF, 0xFF, 0x00, 0xFF, 0xFF, 0x00,
  0xFF, 0xFF, 0x00, 0xFF, 0xFF, 0x00, 0xFF, 0xFF, 0x00, 0xFF, 0xFF, 0x00, 0xFF, 0xFF, 0x00, 0xFF, 0xFF, 0x00, 0xFF, 0xFF, 0x00, 0xFF, 0xFF, 0x00,
  0xFF, 0xFF, 0x00, 0xFF, 0xFF, 0x00, 0xFF, 0xFF, 0x00, 0xFF, 0xFF, 0x00, 0xFF, 0xFF, 0x00, 0xFF, 0xFF, 0x00, 0xFF, 0xFF, 0x00, 0xFF, 0xFF, 0x00,
  0xFF, 0xFF, 0x00, 0xFF, 0xFF, 0x00, 0xFF, 0xFF, 0x00, 0xFF, 0xFF, 0x00, 0xFF, 0xFF, 0x00, 0xFF, 0xFF, 0x00, 0xFF, 0xFF, 0x00, 0xFF, 0xFF, 0x00,
  0xFF, 0xFF, 0x00, 0xFF, 0xFF, 0x00, 0xFF, 0xFF, 0x00, 0xFF, 0xFF, 0x00, 0xFF, 0xFF, 0x00, 0xFF, 0xFF, 0x00, 0xFF, 0xFF, 0x00, 0xFF, 0xFF, 0x00,
  0xFF, 0xFF, 0x00, 0xFF, 0xFF, 0x00, 0xFF, 0xFF, 0x00, 0xFF, 0xFF, 0x00, 0xFF, 0xFF, 0x00, 0xFF, 0xFF, 0x00, 0xFF, 0xFF, 0x00, 0xFF, 0xFF, 0x00,
  0xFF, 0xFF, 0x00, 0xFF, 0xFF, 0x00, 0xFF, 0xFF, 0x00, 0xFF, 0xFF, 0x00, 0xFF, 0xFF, 0x00, 0xFF, 0xFF, 0x00, 0xFF, 0xFF, 0x00, 0x00, 0x00, 0x00,
  0x00, 0x00, 0x00, 0x00, 0x00, 0x00, 0x00, 0x00, 0x00, 0x00, 0x00, 0x00, 0x00, 0x00, 0x00, 0x00, 0x00, 0x00, 0x00, 0x00, 0x00, 0x00, 0x00, 0x00,
  0x00, 0x00, 0x00, 0x00, 0x00, 0x00, 0x00, 0x00, 0x00, 0xFF, 0xFF, 0x00, 0xFF, 0xFF, 0x00, 0xFF, 0xFF, 0x00, 0xFF, 0xFF, 0x00, 0xFF, 0xFF, 0x00,
  0xFF, 0xFF, 0x00, 0xFF, 0xFF, 0x00, 0xFF, 0xFF, 0x00, 0xFF, 0xFF, 0x00, 0xFF, 0xFF, 0x00, 0xFF, 0xFF, 0x00, 0xFF, 0xFF, 0x00, 0xFF, 0xFF, 0x00,
  0xFF, 0xFF, 0x00, 0xFF, 0xFF, 0x00, 0xFF, 0xFF, 0x00, 0xFF, 0xFF, 0x00, 0xFF, 0xFF, 0x00, 0xFF, 0xFF, 0x00, 0x49, 0x42, 0x61, 0x55, 0xAD, 0xFF,
  0xAE, 0x73, 0xF7, 0xFF, 0xFF, 0x05, 0xFF, 0xFF, 0x00, 0x3C, 0xE7, 0x0E, 0xAA, 0x52, 0xFD, 0x45, 0x29, 0xFF, 0x04, 0x21, 0xFF, 0xA2, 0x10, 0xFF,
  0x82, 0x10, 0xFF, 0x28, 0x42, 0xFF, 0xFB, 0xDE, 0x3B, 0xFF, 0xFF, 0x00, 0xFF, 0xFF, 0x00, 0xFF, 0xFF, 0x00, 0xFF, 0xFF, 0x00, 0xFF, 0xFF, 0x00,
  0xFF, 0xFF, 0x00, 0xFF, 0xFF, 0x00, 0xFF, 0xFF, 0x00, 0xFF, 0xFF, 0x00, 0xFF, 0xFF, 0x00, 0xFF, 0xFF, 0x00, 0xFF, 0xFF, 0x00, 0xFF, 0xFF, 0x00,
  0xFF, 0xFF, 0x00, 0xFF, 0xFF, 0x00, 0xFF, 0xFF, 0x00, 0xFF, 0xFF, 0x00, 0xFF, 0xFF, 0x00, 0xFF, 0xFF, 0x00, 0xFF, 0xFF, 0x00, 0xFF, 0xFF, 0x00,
  0xFF, 0xFF, 0x00, 0xFF, 0xFF, 0x00, 0xFF, 0xFF, 0x00, 0xFF, 0xFF, 0x00, 0xFF, 0xFF, 0x00, 0xFF, 0xFF, 0x00, 0xFF, 0xFF, 0x00, 0xBE, 0xF7, 0x02,
  0xBE, 0xF7, 0x04, 0xBE, 0xF7, 0x02, 0xFF, 0xFF, 0x00, 0xFF, 0xFF, 0x00, 0xFF, 0xFF, 0x00, 0xFF, 0xFF, 0x00, 0xFF, 0xFF, 0x00, 0xFF, 0xFF, 0x00,
  0xFF, 0xFF, 0x00, 0xFF, 0xFF, 0x00, 0xFF, 0xFF, 0x00, 0xFF, 0xFF, 0x00, 0xFF, 0xFF, 0x00, 0xFF, 0xFF, 0x00, 0xFF, 0xFF, 0x00, 0xFF, 0xFF, 0x00,
  0xFF, 0xFF, 0x00, 0xFF, 0xFF, 0x00, 0xFF, 0xFF, 0x00, 0xFF, 0xFF, 0x00, 0xFF, 0xFF, 0x00, 0xFF, 0xFF, 0x00, 0xFF, 0xFF, 0x00, 0xFF, 0xFF, 0x00,
  0xFF, 0xFF, 0x00, 0xFF, 0xFF, 0x00, 0xFF, 0xFF, 0x00, 0xFF, 0xFF, 0x00, 0xFF, 0xFF, 0x00, 0xFF, 0xFF, 0x00, 0xFF, 0xFF, 0x00, 0xFF, 0xFF, 0x00,
  0xFF, 0xFF, 0x00, 0xFF, 0xFF, 0x00, 0xFF, 0xFF, 0x00, 0xFF, 0xFF, 0x00, 0xFF, 0xFF, 0x00, 0xFF, 0xFF, 0x00, 0xFF, 0xFF, 0x00, 0xFF, 0xFF, 0x00,
  0xFF, 0xFF, 0x00, 0xFF, 0xFF, 0x00, 0xFF, 0xFF, 0x00, 0xDF, 0xFF, 0x01, 0xDF, 0xFF, 0x01, 0xFF, 0xFF, 0x00, 0xFF, 0xFF, 0x00, 0xFF, 0xFF, 0x00,
  0xEB, 0x5A, 0xFF, 0x00, 0x00, 0xFF, 0x45, 0x29, 0xFF, 0x45, 0x29, 0xFF, 0x65, 0x29, 0xFF, 0x24, 0x21, 0xFF, 0x76, 0xB5, 0xFF, 0x71, 0x8C, 0xFF,
  0xA6, 0x31, 0xFF, 0xD3, 0x9C, 0xFF, 0xF7, 0xBD, 0xFF, 0x6E, 0x73, 0xFF, 0xD3, 0x9C, 0xFF, 0x79, 0xCE, 0xFF, 0xD3, 0x9C, 0xFF, 0xEB, 0x5A, 0xFF,
  0x17, 0xC6, 0xFF, 0x96, 0xB5, 0xFF, 0x8E, 0x73, 0xFF, 0x51, 0x8C, 0xFF, 0x38, 0xC6, 0xFF, 0x49, 0x42, 0xFF, 0x45, 0x29, 0xFF, 0x24, 0x21, 0xFD,
  0xC3, 0x18, 0xFF, 0xE3, 0x18, 0xD7, 0x41, 0x08, 0x00, 0x00, 0x00, 0x00, 0x00, 0x00, 0x00, 0x00, 0x00, 0x00, 0x00, 0x00, 0x00, 0x00, 0x00, 0x00,
  0x00, 0x00, 0x00, 0x00, 0x00, 0x00, 0x00, 0x00, 0x00, 0x00, 0x00, 0x00, 0x00, 0x00, 0x00, 0x00, 0x00, 0x00, 0x00, 0x00, 0x00, 0x00, 0x00, 0x00,
  0x00, 0x00, 0x00, 0x00, 0x00, 0x00, 0x00, 0x00, 0x00, 0x00, 0x00, 0x00, 0x00, 0x00, 0x00, 0x00, 0x00, 0x00, 0x00, 0x00, 0x00, 0x00, 0x00, 0x00,
  0x00, 0x00, 0x00, 0x00, 0x00, 0x00, 0x00, 0x00, 0x00, 0x00, 0x00, 0x00, 0x00, 0x00, 0x00, 0x00, 0x00, 0x00, 0x00, 0x00, 0x00, 0x00, 0x00, 0x00,
  0x00, 0x00, 0x00, 0x00, 0x00, 0x00, 0x00, 0x00, 0x00, 0x00, 0x00, 0x00, 0x00, 0x00, 0x00, 0x00, 0x00, 0x00, 0x00, 0x00, 0x00, 0x00, 0x00, 0x00,
  0x00, 0x00, 0x00, 0x00, 0x00, 0x00, 0x00, 0x00, 0x00, 0x00, 0x00, 0x00, 0x00, 0x00, 0x00, 0x00, 0x00, 0x00, 0x00, 0x00, 0x00, 0x00, 0x00, 0x00,
  0x00, 0x00, 0x00, 0x00, 0x00, 0x00, 0x00, 0x00, 0x00, 0x00, 0x00, 0x00, 0x00, 0x00, 0x00, 0x00, 0x00, 0x00, 0x00, 0x00, 0x00, 0x00, 0x00, 0x00,
  0x00, 0x00, 0x00, 0x00, 0x00, 0x00, 0x00, 0x00, 0x00, 0x00, 0x00, 0x00, 0x00, 0x00, 0x00, 0x00, 0x00, 0x00, 0x00, 0x00, 0x00, 0x00, 0x00, 0x00,
  0x00, 0x00, 0x00, 0x00, 0x00, 0x00, 0x00, 0x00, 0x00, 0x00, 0x00, 0x00, 0x00, 0x00, 0x00, 0x00, 0x00, 0x00, 0x00, 0x00, 0x00, 0x00, 0x00, 0x00,
  0x00, 0x00, 0x00, 0x00, 0x00, 0x00, 0x00, 0x00, 0x00, 0x00, 0x00, 0x00, 0xFF, 0xFF, 0x00, 0xFF, 0xFF, 0x00, 0xFF, 0xFF, 0x00, 0xFF, 0xFF, 0x00,
  0xFF, 0xFF, 0x00, 0xFF, 0xFF, 0x00, 0xFF, 0xFF, 0x00, 0xFF, 0xFF, 0x00, 0xFF, 0xFF, 0x00, 0xFF, 0xFF, 0x00, 0xFF, 0xFF, 0x00, 0xFF, 0xFF, 0x00,
  0xFF, 0xFF, 0x00, 0xFF, 0xFF, 0x00, 0xFF, 0xFF, 0x00, 0xFF, 0xFF, 0x00, 0xFF, 0xFF, 0x00, 0xFF, 0xFF, 0x00, 0xFF, 0xFF, 0x00, 0xFF, 0xFF, 0x00,
  0xFF, 0xFF, 0x00, 0xFF, 0xFF, 0x00, 0xFF, 0xFF, 0x00, 0xFF, 0xFF, 0x00, 0xFF, 0xFF, 0x00, 0xFF, 0xFF, 0x00, 0xFF, 0xFF, 0x00, 0xFF, 0xFF, 0x00,
  0xFF, 0xFF, 0x00, 0xFF, 0xFF, 0x00, 0xFF, 0xFF, 0x00, 0xFF, 0xFF, 0x00, 0xFF, 0xFF, 0x00, 0xFF, 0xFF, 0x00, 0xFF, 0xFF, 0x00, 0xFF, 0xFF, 0x00,
  0xFF, 0xFF, 0x00, 0xFF, 0xFF, 0x00, 0xFF, 0xFF, 0x00, 0xFF, 0xFF, 0x00, 0xFF, 0xFF, 0x00, 0xFF, 0xFF, 0x00, 0xFF, 0xFF, 0x00, 0xFF, 0xFF, 0x00,
  0xFF, 0xFF, 0x00, 0xFF, 0xFF, 0x00, 0xFF, 0xFF, 0x00, 0xFF, 0xFF, 0x00, 0xFF, 0xFF, 0x00, 0xFF, 0xFF, 0x00, 0xFF, 0xFF, 0x00, 0xFF, 0xFF, 0x00,
  0xFF, 0xFF, 0x00, 0xFF, 0xFF, 0x00, 0xFF, 0xFF, 0x00, 0x00, 0x00, 0x00, 0x00, 0x00, 0x00, 0x00, 0x00, 0x00, 0x00, 0x00, 0x00, 0x00, 0x00, 0x00,
  0x00, 0x00, 0x00, 0x00, 0x00, 0x00, 0x00, 0x00, 0x00, 0x00, 0x00, 0x00, 0x00, 0x00, 0x00, 0x00, 0x00, 0x00, 0x00, 0x00, 0x00, 0xFF, 0xFF, 0x00,
  0xFF, 0xFF, 0x00, 0xFF, 0xFF, 0x00, 0xFF, 0xFF, 0x00, 0xFF, 0xFF, 0x00, 0xFF, 0xFF, 0x00, 0xFF, 0xFF, 0x00, 0xFF, 0xFF, 0x00, 0xFF, 0xFF, 0x00,
  0xFF, 0xFF, 0x00, 0xFF, 0xFF, 0x00, 0xFF, 0xFF, 0x00, 0xFF, 0xFF, 0x00, 0xFF, 0xFF, 0x00, 0xFF, 0xFF, 0x00, 0xFF, 0xFF, 0x00, 0xFF, 0xFF, 0x00,
  0xFF, 0xFF, 0x00, 0xFF, 0xFF, 0x00, 0x28, 0x42, 0x67, 0xB2, 0x94, 0xFF, 0x4D, 0x6B, 0xF7, 0xDF, 0xFF, 0x07, 0xBE, 0xF7, 0x03, 0x08, 0x42, 0xFF,
  0xC3, 0x18, 0xFF, 0x45, 0x29, 0xFF, 0x45, 0x29, 0xFF, 0x45, 0x29, 0xFF, 0x04, 0x21, 0xFF, 0xA2, 0x10, 0xFF, 0xC7, 0x39, 0xFF, 0x7D, 0xEF, 0x11,
  0xFF, 0xFF, 0x00, 0xFF, 0xFF, 0x00, 0xFF, 0xFF, 0x00, 0xFF, 0xFF, 0x00, 0xFF, 0xFF, 0x00, 0xFF, 0xFF, 0x00, 0xFF, 0xFF, 0x00, 0xFF, 0xFF, 0x00,
  0xFF, 0xFF, 0x00, 0xFF, 0xFF, 0x00, 0xFF, 0xFF, 0x00, 0xFF, 0xFF, 0x00, 0xFF, 0xFF, 0x00, 0xFF, 0xFF, 0x00, 0xFF, 0xFF, 0x00, 0xFF, 0xFF, 0x00,
  0xFF, 0xFF, 0x00, 0xFF, 0xFF, 0x00, 0xFF, 0xFF, 0x00, 0xFF, 0xFF, 0x00, 0xFF, 0xFF, 0x00, 0xFF, 0xFF, 0x00, 0xFF, 0xFF, 0x00, 0xFF, 0xFF, 0x00,
  0xFF, 0xFF, 0x00, 0xFF, 0xFF, 0x00, 0xFF, 0xFF, 0x00, 0xFF, 0xFF, 0x00, 0xFF, 0xFF, 0x00, 0xFF, 0xFF, 0x00, 0xFF, 0xFF, 0x00, 0xFF, 0xFF, 0x00,
  0xFF, 0xFF, 0x00, 0xFF, 0xFF, 0x00, 0xFF, 0xFF, 0x00, 0xFF, 0xFF, 0x00, 0xFF, 0xFF, 0x00, 0xFF, 0xFF, 0x00, 0xFF, 0xFF, 0x00, 0xFF, 0xFF, 0x00,
  0xFF, 0xFF, 0x00, 0xFF, 0xFF, 0x00, 0xFF, 0xFF, 0x00, 0xFF, 0xFF, 0x00, 0xFF, 0xFF, 0x00, 0xFF, 0xFF, 0x00, 0xFF, 0xFF, 0x00, 0xFF, 0xFF, 0x00,
  0xFF, 0xFF, 0x00, 0xFF, 0xFF, 0x00, 0xFF, 0xFF, 0x00, 0xFF, 0xFF, 0x00, 0xFF, 0xFF, 0x00, 0xFF, 0xFF, 0x00, 0xFF, 0xFF, 0x00, 0xFF, 0xFF, 0x00,
  0xFF, 0xFF, 0x00, 0xFF, 0xFF, 0x00, 0xFF, 0xFF, 0x00, 0xFF, 0xFF, 0x00, 0xFF, 0xFF, 0x00, 0xFF, 0xFF, 0x00, 0xFF, 0xFF, 0x00, 0xFF, 0xFF, 0x00,
  0xFF, 0xFF, 0x00, 0xFF, 0xFF, 0x00, 0xFF, 0xFF, 0x00, 0xFF, 0xFF, 0x00, 0xFF, 0xFF, 0x00, 0xFF, 0xFF, 0x00, 0xFF, 0xFF, 0x00, 0xFF, 0xFF, 0x00,
  0xFF, 0xFF, 0x00, 0xFF, 0xFF, 0x00, 0xFF, 0xFF, 0x00, 0xFF, 0xFF, 0x00, 0xD7, 0xBD, 0xFF, 0x00, 0x00, 0xFF, 0xC3, 0x18, 0xFF, 0x24, 0x21, 0xFF,
  0x86, 0x31, 0xFF, 0x24, 0x21, 0xFF, 0x10, 0x84, 0xFF, 0xD7, 0xBD, 0xFF, 0x69, 0x4A, 0xFF, 0x51, 0x8C, 0xFF, 0xD7, 0xBD, 0xFF, 0x18, 0xC6, 0xFF,
  0x18, 0xC6, 0xFF, 0x59, 0xCE, 0xFF, 0xD7, 0xBD, 0xFF, 0xD6, 0xBD, 0xFF, 0x18, 0xC6, 0xFF, 0x8E, 0x73, 0xFF, 0x65, 0x29, 0xFF, 0x96, 0xB5, 0xFF,
  0x75, 0xAD, 0xFF, 0x45, 0x29, 0xFF, 0x86, 0x31, 0xFF, 0x24, 0x21, 0xFB, 0xA2, 0x10, 0xFD, 0x65, 0x29, 0xA6, 0x61, 0x08, 0x01, 0x00, 0x00, 0x00,
  0x00, 0x00, 0x00, 0x00, 0x00, 0x00, 0x00, 0x00, 0x00, 0x00, 0x00, 0x00, 0x00, 0x00, 0x00, 0x00, 0x00, 0x00, 0x00, 0x00, 0x00, 0x00, 0x00, 0x00,
  0x00, 0x00, 0x00, 0x00, 0x00, 0x00, 0x00, 0x00, 0x00, 0x00, 0x00, 0x00, 0x00, 0x00, 0x00, 0x00, 0x00, 0x00, 0x00, 0x00, 0x00, 0x00, 0x00, 0x00,
  0x00, 0x00, 0x00, 0x00, 0x00, 0x00, 0x00, 0x00, 0x00, 0x00, 0x00, 0x00, 0x00, 0x00, 0x00, 0x00, 0x00, 0x00, 0x00, 0x00, 0x00, 0x00, 0x00, 0x00,
  0x00, 0x00, 0x00, 0x00, 0x00, 0x00, 0x00, 0x00, 0x00, 0x00, 0x00, 0x00, 0x00, 0x00, 0x00, 0x00, 0x00, 0x00, 0x00, 0x00, 0x00, 0x00, 0x00, 0x00,
  0x00, 0x00, 0x00, 0x00, 0x00, 0x00, 0x00, 0x00, 0x00, 0x00, 0x00, 0x00, 0x00, 0x00, 0x00, 0x00, 0x00, 0x00, 0x00, 0x00, 0x00, 0x00, 0x00, 0x00,
  0x00, 0x00, 0x00, 0x00, 0x00, 0x00, 0x00, 0x00, 0x00, 0x00, 0x00, 0x00, 0x00, 0x00, 0x00, 0x00, 0x00, 0x00, 0x00, 0x00, 0x00, 0x00, 0x00, 0x00,
  0x00, 0x00, 0x00, 0x00, 0x00, 0x00, 0x00, 0x00, 0x00, 0x00, 0x00, 0x00, 0x00, 0x00, 0x00, 0x00, 0x00, 0x00, 0x00, 0x00, 0x00, 0x00, 0x00, 0x00,
  0x00, 0x00, 0x00, 0x00, 0x00, 0x00, 0x00, 0x00, 0x00, 0x00, 0x00, 0x00, 0x00, 0x00, 0x00, 0x00, 0x00, 0x00, 0x00, 0x00, 0x00, 0x00, 0x00, 0x00,
  0x00, 0x00, 0x00, 0x00, 0x00, 0x00, 0x00, 0x00, 0x00, 0x00, 0x00, 0x00, 0x00, 0x00, 0x00, 0x00, 0x00, 0x00, 0x00, 0x00, 0x00, 0x00, 0x00, 0x00,
  0xFF, 0xFF, 0x00, 0xFF, 0xFF, 0x00, 0xFF, 0xFF, 0x00, 0xFF, 0xFF, 0x00, 0xFF, 0xFF, 0x00, 0xFF, 0xFF, 0x00, 0xFF, 0xFF, 0x00, 0xFF, 0xFF, 0x00,
  0xFF, 0xFF, 0x00, 0xFF, 0xFF, 0x00, 0xFF, 0xFF, 0x00, 0xFF, 0xFF, 0x00, 0xFF, 0xFF, 0x00, 0xFF, 0xFF, 0x00, 0xFF, 0xFF, 0x00, 0xFF, 0xFF, 0x00,
  0xFF, 0xFF, 0x00, 0xFF, 0xFF, 0x00, 0xFF, 0xFF, 0x00, 0xFF, 0xFF, 0x00, 0xFF, 0xFF, 0x00, 0xFF, 0xFF, 0x00, 0xFF, 0xFF, 0x00, 0xFF, 0xFF, 0x00,
  0xFF, 0xFF, 0x00, 0xFF, 0xFF, 0x00, 0xFF, 0xFF, 0x00, 0xFF, 0xFF, 0x00, 0xFF, 0xFF, 0x00, 0xFF, 0xFF, 0x00, 0xFF, 0xFF, 0x00, 0xFF, 0xFF, 0x00,
  0xFF, 0xFF, 0x00, 0xFF, 0xFF, 0x00, 0xFF, 0xFF, 0x00, 0xFF, 0xFF, 0x00, 0xFF, 0xFF, 0x00, 0xFF, 0xFF, 0x00, 0xFF, 0xFF, 0x00, 0xFF, 0xFF, 0x00,
  0xFF, 0xFF, 0x00, 0xFF, 0xFF, 0x00, 0xFF, 0xFF, 0x00, 0xFF, 0xFF, 0x00, 0xFF, 0xFF, 0x00, 0xFF, 0xFF, 0x00, 0xFF, 0xFF, 0x00, 0xFF, 0xFF, 0x00,
  0xFF, 0xFF, 0x00, 0xFF, 0xFF, 0x00, 0xFF, 0xFF, 0x00, 0xFF, 0xFF, 0x00, 0xFF, 0xFF, 0x00, 0xFF, 0xFF, 0x00, 0xFF, 0xFF, 0x00, 0x00, 0x00, 0x00,
  0x00, 0x00, 0x00, 0x00, 0x00, 0x00, 0x00, 0x00, 0x00, 0x00, 0x00, 0x00, 0x00, 0x00, 0x00, 0x00, 0x00, 0x00, 0x00, 0x00, 0x00, 0x00, 0x00, 0x00,
  0x00, 0x00, 0x00, 0x00, 0x00, 0x00, 0x00, 0x00, 0x00, 0xFF, 0xFF, 0x00, 0xFF, 0xFF, 0x00, 0xFF, 0xFF, 0x00, 0xFF, 0xFF, 0x00, 0xFF, 0xFF, 0x00,
  0xFF, 0xFF, 0x00, 0xFF, 0xFF, 0x00, 0xFF, 0xFF, 0x00, 0xFF, 0xFF, 0x00, 0xFF, 0xFF, 0x00, 0xFF, 0xFF, 0x00, 0xFF, 0xFF, 0x00, 0xFF, 0xFF, 0x00,
  0xFF, 0xFF, 0x00, 0xFF, 0xFF, 0x00, 0xFF, 0xFF, 0x00, 0xFF, 0xFF, 0x00, 0xFF, 0xFF, 0x00, 0xFF, 0xFF, 0x00, 0x8A, 0x52, 0xA0, 0x10, 0x84, 0xFF,
  0x69, 0x4A, 0xF9, 0xD3, 0x9C, 0xFD, 0x10, 0x84, 0xFD, 0x24, 0x21, 0xFF, 0xE3, 0x18, 0xFF, 0xA6, 0x31, 0xFF, 0x4D, 0x6B, 0xFF, 0xEF, 0x7B, 0xFF,
  0x69, 0x4A, 0xFF, 0x24, 0x21, 0xFF, 0x20, 0x00, 0xFF, 0x71, 0x8C, 0xFF, 0xFF, 0xFF, 0x00, 0xDF, 0xFF, 0x01, 0xFF, 0xFF, 0x00, 0xFF, 0xFF, 0x00,
  0xFF, 0xFF, 0x00, 0xFF, 0xFF, 0x00, 0xFF, 0xFF, 0x00, 0xFF, 0xFF, 0x00, 0xFF, 0xFF, 0x00, 0xFF, 0xFF, 0x00, 0xFF, 0xFF, 0x00, 0xFF, 0xFF, 0x00,
  0xFF, 0xFF, 0x00, 0xFF, 0xFF, 0x00, 0xFF, 0xFF, 0x00, 0xFF, 0xFF, 0x00, 0xFF, 0xFF, 0x00, 0xFF, 0xFF, 0x00, 0xFF, 0xFF, 0x00, 0xFF, 0xFF, 0x00,
  0xFF, 0xFF, 0x00, 0xFF, 0xFF, 0x00, 0xFF, 0xFF, 0x00, 0xFF, 0xFF, 0x00, 0xFF, 0xFF, 0x00, 0xFF, 0xFF, 0x00, 0xFF, 0xFF, 0x00, 0xFF, 0xFF, 0x00,
  0xFF, 0xFF, 0x00, 0xFF, 0xFF, 0x00, 0xFF, 0xFF, 0x00, 0xFF, 0xFF, 0x00, 0xFF, 0xFF, 0x00, 0xFF, 0xFF, 0x00, 0xFF, 0xFF, 0x00, 0xFF, 0xFF, 0x00,
  0xFF, 0xFF, 0x00, 0xFF, 0xFF, 0x00, 0xFF, 0xFF, 0x00, 0xFF, 0xFF, 0x00, 0xFF, 0xFF, 0x00, 0xFF, 0xFF, 0x00, 0xFF, 0xFF, 0x00, 0xFF, 0xFF, 0x00,
  0xFF, 0xFF, 0x00, 0xFF, 0xFF, 0x00, 0xFF, 0xFF, 0x00, 0xFF, 0xFF, 0x00, 0xFF, 0xFF, 0x00, 0xFF, 0xFF, 0x00, 0xFF, 0xFF, 0x00, 0xFF, 0xFF, 0x00,
  0xFF, 0xFF, 0x00, 0xFF, 0xFF, 0x00, 0xFF, 0xFF, 0x00, 0xFF, 0xFF, 0x00, 0xFF, 0xFF, 0x00, 0xFF, 0xFF, 0x00, 0xFF, 0xFF, 0x00, 0xFF, 0xFF, 0x00,
  0xFF, 0xFF, 0x00, 0xFF, 0xFF, 0x00, 0xFF, 0xFF, 0x00, 0xFF, 0xFF, 0x00, 0xFF, 0xFF, 0x00, 0xFF, 0xFF, 0x00, 0xFF, 0xFF, 0x00, 0xFF, 0xFF, 0x00,
  0xFF, 0xFF, 0x00, 0xFF, 0xFF, 0x00, 0xFF, 0xFF, 0x00, 0xFF, 0xFF, 0x00, 0xFF, 0xFF, 0x00, 0xFF, 0xFF, 0x00, 0xFF, 0xFF, 0x00, 0xFF, 0xFF, 0x00,
  0xFF, 0xFF, 0x2E, 0x28, 0x42, 0xFF, 0x00, 0x00, 0xFF, 0x65, 0x29, 0xFF, 0x45, 0x29, 0xFF, 0x86, 0x31, 0xFF, 0x86, 0x31, 0xFF, 0x18, 0xC6, 0xFF,
  0x34, 0xA5, 0xFF, 0x49, 0x4A, 0xFF, 0x65, 0x29, 0xFF, 0x75, 0xAD, 0xFF, 0x18, 0xC6, 0xFF, 0x38, 0xC6, 0xFF, 0xD7, 0xBD, 0xFF, 0x34, 0xA5, 0xFF,
  0xC6, 0x39, 0xFF, 0xA6, 0x31, 0xFF, 0x14, 0xA5, 0xFF, 0x9A, 0xD6, 0xFF, 0x69, 0x4A, 0xFF, 0x65, 0x29, 0xFF, 0x45, 0x29, 0xFF, 0x04, 0x21, 0xF9,
  0xE3, 0x18, 0xFF, 0x04, 0x21, 0x2F, 0x00, 0x00, 0x00, 0x00, 0x00, 0x00, 0x00, 0x00, 0x00, 0x00, 0x00, 0x00, 0x00, 0x00, 0x00, 0x00, 0x00, 0x00,
  0x00, 0x00, 0x00, 0x00, 0x00, 0x00, 0x00, 0x00, 0x00, 0x00, 0x00, 0x00, 0x00, 0x00, 0x00, 0x00, 0x00, 0x00, 0x00, 0x00, 0x00, 0x00, 0x00, 0x00,
  0x00, 0x00, 0x00, 0x00, 0x00, 0x00, 0x00, 0x00, 0x00, 0x00, 0x00, 0x00, 0x00, 0x00, 0x00, 0x00, 0x00, 0x00, 0x00, 0x00, 0x00, 0x00, 0x00, 0x00,
  0x00, 0x00, 0x00, 0x00, 0x00, 0x00, 0x00, 0x00, 0x00, 0x00, 0x00, 0x00, 0x00, 0x00, 0x00, 0x00, 0x00, 0x00, 0x00, 0x00, 0x00, 0x00, 0x00, 0x00,
  0x00, 0x00, 0x00, 0x00, 0x00, 0x00, 0x00, 0x00, 0x00, 0x00, 0x00, 0x00, 0x00, 0x00, 0x00, 0x00, 0x00, 0x00, 0x00, 0x00, 0x00, 0x00, 0x00, 0x00,
  0x00, 0x00, 0x00, 0x00, 0x00, 0x00, 0x00, 0x00, 0x00, 0x00, 0x00, 0x00, 0x00, 0x00, 0x00, 0x00, 0x00, 0x00, 0x00, 0x00, 0x00, 0x00, 0x00, 0x00,
  0x00, 0x00, 0x00, 0x00, 0x00, 0x00, 0x00, 0x00, 0x00, 0x00, 0x00, 0x00, 0x00, 0x00, 0x00, 0x00, 0x00, 0x00, 0x00, 0x00, 0x00, 0x00, 0x00, 0x00,
  0x00, 0x00, 0x00, 0x00, 0x00, 0x00, 0x00, 0x00, 0x00, 0x00, 0x00, 0x00, 0x00, 0x00, 0x00, 0x00, 0x00, 0x00, 0x00, 0x00, 0x00, 0x00, 0x00, 0x00,
  0x00, 0x00, 0x00, 0x00, 0x00, 0x00, 0x00, 0x00, 0x00, 0x00, 0x00, 0x00, 0x00, 0x00, 0x00, 0x00, 0x00, 0x00, 0x00, 0x00, 0x00, 0x00, 0x00, 0x00,
  0x00, 0x00, 0x00, 0x00, 0x00, 0x00, 0x00, 0x00, 0x00, 0x00, 0x00, 0x00, 0xFF, 0xFF, 0x00, 0xFF, 0xFF, 0x00, 0xFF, 0xFF, 0x00, 0xFF, 0xFF, 0x00,
  0xFF, 0xFF, 0x00, 0xFF, 0xFF, 0x00, 0xFF, 0xFF, 0x00, 0xFF, 0xFF, 0x00, 0xFF, 0xFF, 0x00, 0xFF, 0xFF, 0x00, 0xFF, 0xFF, 0x00, 0xFF, 0xFF, 0x00,
  0xFF, 0xFF, 0x00, 0xFF, 0xFF, 0x00, 0xFF, 0xFF, 0x00, 0xFF, 0xFF, 0x00, 0xFF, 0xFF, 0x00, 0xFF, 0xFF, 0x00, 0xFF, 0xFF, 0x00, 0xFF, 0xFF, 0x00,
  0xFF, 0xFF, 0x00, 0xFF, 0xFF, 0x00, 0xFF, 0xFF, 0x00, 0xFF, 0xFF, 0x00, 0xFF, 0xFF, 0x00, 0xFF, 0xFF, 0x00, 0xFF, 0xFF, 0x00, 0xFF, 0xFF, 0x00,
  0xFF, 0xFF, 0x00, 0xFF, 0xFF, 0x00, 0xFF, 0xFF, 0x00, 0xFF, 0xFF, 0x00, 0xFF, 0xFF, 0x00, 0xFF, 0xFF, 0x00, 0xFF, 0xFF, 0x00, 0xFF, 0xFF, 0x00,
  0xFF, 0xFF, 0x00, 0xFF, 0xFF, 0x00, 0xFF, 0xFF, 0x00, 0xFF, 0xFF, 0x00, 0xFF, 0xFF, 0x00, 0xFF, 0xFF, 0x00, 0xFF, 0xFF, 0x00, 0xFF, 0xFF, 0x00,
  0xFF, 0xFF, 0x00, 0xFF, 0xFF, 0x00, 0xFF, 0xFF, 0x00, 0xFF, 0xFF, 0x00, 0xFF, 0xFF, 0x00, 0xFF, 0xFF, 0x00, 0xFF, 0xFF, 0x00, 0xFF, 0xFF, 0x00,
  0xFF, 0xFF, 0x00, 0xFF, 0xFF, 0x00, 0xFF, 0xFF, 0x00, 0x00, 0x00, 0x00, 0x00, 0x00, 0x00, 0x00, 0x00, 0x00, 0x00, 0x00, 0x00, 0x00, 0x00, 0x00,
  0x00, 0x00, 0x00, 0x00, 0x00, 0x00, 0x00, 0x00, 0x00, 0x00, 0x00, 0x00, 0x00, 0x00, 0x00, 0x00, 0x00, 0x00, 0x00, 0x00, 0x00, 0xFF, 0xFF, 0x00,
  0xFF, 0xFF, 0x00, 0xFF, 0xFF, 0x00, 0xFF, 0xFF, 0x00, 0xFF, 0xFF, 0x00, 0xFF, 0xFF, 0x00, 0xFF, 0xFF, 0x00, 0xFF, 0xFF, 0x00, 0xFF, 0xFF, 0x00,
  0xFF, 0xFF, 0x00, 0xFF, 0xFF, 0x00, 0xFF, 0xFF, 0x00, 0xFF, 0xFF, 0x00, 0xFF, 0xFF, 0x00, 0xFF, 0xFF, 0x00, 0xFF, 0xFF, 0x00, 0xFF, 0xFF, 0x00,
  0xFF, 0xFF, 0x00, 0xFF, 0xFF, 0x00, 0xEC, 0x5A, 0xAF, 0xF4, 0x9C, 0xF7, 0x4D, 0x6B, 0xFF, 0xD3, 0x9C, 0xFF, 0xB3, 0x94, 0xFF, 0xF4, 0x9C, 0xFF,
  0x92, 0x8C, 0xFF, 0x30, 0x84, 0xFF, 0x08, 0x42, 0xFF, 0xE7, 0x39, 0xFF, 0xEF, 0x7B, 0xFF, 0xA6, 0x31, 0xFF, 0x20, 0x00, 0xFF, 0x8A, 0x52, 0xFF,
  0xFF, 0xFF, 0x00, 0xFF, 0xFF, 0x00, 0xFF, 0xFF, 0x00, 0xFF, 0xFF, 0x00, 0xFF, 0xFF, 0x00, 0xFF, 0xFF, 0x00, 0xFF, 0xFF, 0x00, 0xFF, 0xFF, 0x00,
  0xFF, 0xFF, 0x00, 0xFF, 0xFF, 0x00, 0xFF, 0xFF, 0x00, 0xFF, 0xFF, 0x00, 0xFF, 0xFF, 0x00, 0xFF, 0xFF, 0x00, 0xFF, 0xFF, 0x00, 0xFF, 0xFF, 0x00,
  0xFF, 0xFF, 0x00, 0xFF, 0xFF, 0x00, 0xFF, 0xFF, 0x00, 0xFF, 0xFF, 0x00, 0xFF, 0xFF, 0x00, 0xFF, 0xFF, 0x00, 0xFF, 0xFF, 0x00, 0xFF, 0xFF, 0x00,
  0xFF, 0xFF, 0x00, 0xFF, 0xFF, 0x00, 0xFF, 0xFF, 0x00, 0xFF, 0xFF, 0x00, 0xFF, 0xFF, 0x00, 0xFF, 0xFF, 0x00, 0xFF, 0xFF, 0x00, 0xFF, 0xFF, 0x00,
  0xFF, 0xFF, 0x00, 0xFF, 0xFF, 0x00, 0xFF, 0xFF, 0x00, 0xFF, 0xFF, 0x00, 0xFF, 0xFF, 0x00, 0xFF, 0xFF, 0x00, 0xFF, 0xFF, 0x00, 0xFF, 0xFF, 0x00,
  0xFF, 0xFF, 0x00, 0xFF, 0xFF, 0x00, 0xFF, 0xFF, 0x00, 0xFF, 0xFF, 0x00, 0xFF, 0xFF, 0x00, 0xFF, 0xFF, 0x00, 0xFF, 0xFF, 0x00, 0xFF, 0xFF, 0x00,
  0xFF, 0xFF, 0x00, 0xFF, 0xFF, 0x00, 0xFF, 0xFF, 0x00, 0xFF, 0xFF, 0x00, 0xFF, 0xFF, 0x00, 0xFF, 0xFF, 0x00, 0xFF, 0xFF, 0x00, 0xFF, 0xFF, 0x00,
  0xFF, 0xFF, 0x00, 0xFF, 0xFF, 0x00, 0xFF, 0xFF, 0x00, 0xFF, 0xFF, 0x00, 0xFF, 0xFF, 0x00, 0xFF, 0xFF, 0x00, 0xFF, 0xFF, 0x00, 0xFF, 0xFF, 0x00,
  0xFF, 0xFF, 0x00, 0xFF, 0xFF, 0x00, 0xFF, 0xFF, 0x00, 0xFF, 0xFF, 0x00, 0xFF, 0xFF, 0x00, 0xFF, 0xFF, 0x00, 0xFF, 0xFF, 0x00, 0xFF, 0xFF, 0x00,
  0xFF, 0xFF, 0x00, 0xFF, 0xFF, 0x00, 0xFF, 0xFF, 0x00, 0xDF, 0xFF, 0x01, 0xFF, 0xFF, 0x00, 0xDB, 0xDE, 0xFF, 0xC3, 0x18, 0xFF, 0x04, 0x21, 0xFF,
  0x65, 0x29, 0xFF, 0x86, 0x31, 0xFF, 0x65, 0x29, 0xFF, 0x8A, 0x52, 0xFF, 0x9A, 0xD6, 0xFF, 0x92, 0x94, 0xFF, 0xEB, 0x5A, 0xFF, 0xEF, 0x7B, 0xFF,
  0x6D, 0x6B, 0xFF, 0xE3, 0x18, 0xFF, 0xEB, 0x5A, 0xFF, 0xCF, 0x7B, 0xFF, 0xCB, 0x5A, 0xFF, 0x30, 0x84, 0xFF, 0xDB, 0xDE, 0xFF, 0x8E, 0x73, 0xFF,
  0x45, 0x29, 0xFF, 0x65, 0x29, 0xFF, 0x04, 0x21, 0xFD, 0xC3, 0x18, 0xFB, 0x24, 0x21, 0xDC, 0x61, 0x08, 0x01, 0x00, 0x00, 0x00, 0x00, 0x00, 0x00,
  0x00, 0x00, 0x00, 0x00, 0x00, 0x00, 0x00, 0x00, 0x00, 0x00, 0x00, 0x00, 0x00, 0x00, 0x00, 0x00, 0x00, 0x00, 0x00, 0x00, 0x00, 0x00, 0x00, 0x00,
  0x00, 0x00, 0x00, 0x00, 0x00, 0x00, 0x00, 0x00, 0x00, 0x00, 0x00, 0x00, 0x00, 0x00, 0x00, 0x00, 0x00, 0x00, 0x00, 0x00, 0x00, 0x00, 0x00, 0x00,
  0x00, 0x00, 0x00, 0x00, 0x00, 0x00, 0x00, 0x00, 0x00, 0x00, 0x00, 0x00, 0x00, 0x00, 0x00, 0x00, 0x00, 0x00, 0x00, 0x00, 0x00, 0x00, 0x00, 0x00,
  0x00, 0x00, 0x00, 0x00, 0x00, 0x00, 0x00, 0x00, 0x00, 0x00, 0x00, 0x00, 0x00, 0x00, 0x00, 0x00, 0x00, 0x00, 0x00, 0x00, 0x00, 0x00, 0x00, 0x00,
  0x00, 0x00, 0x00, 0x00, 0x00, 0x00, 0x00, 0x00, 0x00, 0x00, 0x00, 0x00, 0x00, 0x00, 0x00, 0x00, 0x00, 0x00, 0x00, 0x00, 0x00, 0x00, 0x00, 0x00,
  0x00, 0x00, 0x00, 0x00, 0x00, 0x00, 0x00, 0x00, 0x00, 0x00, 0x00, 0x00, 0x00, 0x00, 0x00, 0x00, 0x00, 0x00, 0x00, 0x00, 0x00, 0x00, 0x00, 0x00,
  0x00, 0x00, 0x00, 0x00, 0x00, 0x00, 0x00, 0x00, 0x00, 0x00, 0x00, 0x00, 0x00, 0x00, 0x00, 0x00, 0x00, 0x00, 0x00, 0x00, 0x00, 0x00, 0x00, 0x00,
  0x00, 0x00, 0x00, 0x00, 0x00, 0x00, 0x00, 0x00, 0x00, 0x00, 0x00, 0x00, 0x00, 0x00, 0x00, 0x00, 0x00, 0x00, 0x00, 0x00, 0x00, 0x00, 0x00, 0x00,
  0x00, 0x00, 0x00, 0x00, 0x00, 0x00, 0x00, 0x00, 0x00, 0x00, 0x00, 0x00, 0x00, 0x00, 0x00, 0x00, 0x00, 0x00, 0x00, 0x00, 0x00, 0x00, 0x00, 0x00,
  0xFF, 0xFF, 0x00, 0xFF, 0xFF, 0x00, 0xFF, 0xFF, 0x00, 0xFF, 0xFF, 0x00, 0xFF, 0xFF, 0x00, 0xFF, 0xFF, 0x00, 0xFF, 0xFF, 0x00, 0xFF, 0xFF, 0x00,
  0xFF, 0xFF, 0x00, 0xFF, 0xFF, 0x00, 0xFF, 0xFF, 0x00, 0xFF, 0xFF, 0x00, 0xFF, 0xFF, 0x00, 0xFF, 0xFF, 0x00, 0xFF, 0xFF, 0x00, 0xFF, 0xFF, 0x00,
  0xFF, 0xFF, 0x00, 0xFF, 0xFF, 0x00, 0xFF, 0xFF, 0x00, 0xFF, 0xFF, 0x00, 0xFF, 0xFF, 0x00, 0xFF, 0xFF, 0x00, 0xFF, 0xFF, 0x00, 0xFF, 0xFF, 0x00,
  0xFF, 0xFF, 0x00, 0xFF, 0xFF, 0x00, 0xFF, 0xFF, 0x00, 0xFF, 0xFF, 0x00, 0xFF, 0xFF, 0x00, 0xFF, 0xFF, 0x00, 0xFF, 0xFF, 0x00, 0xFF, 0xFF, 0x00,
  0xFF, 0xFF, 0x00, 0xFF, 0xFF, 0x00, 0xFF, 0xFF, 0x00, 0xFF, 0xFF, 0x00, 0xFF, 0xFF, 0x00, 0xFF, 0xFF, 0x00, 0xFF, 0xFF, 0x00, 0xFF, 0xFF, 0x00,
  0xFF, 0xFF, 0x00, 0xFF, 0xFF, 0x00, 0xFF, 0xFF, 0x00, 0xFF, 0xFF, 0x00, 0xFF, 0xFF, 0x00, 0xFF, 0xFF, 0x00, 0xFF, 0xFF, 0x00, 0xFF, 0xFF, 0x00,
  0xFF, 0xFF, 0x00, 0xFF, 0xFF, 0x00, 0xFF, 0xFF, 0x00, 0xFF, 0xFF, 0x00, 0xFF, 0xFF, 0x00, 0xFF, 0xFF, 0x00, 0xFF, 0xFF, 0x00, 0x00, 0x00, 0x00,
  0x00, 0x00, 0x00, 0x00, 0x00, 0x00, 0x00, 0x00, 0x00, 0x00, 0x00, 0x00, 0x00, 0x00, 0x00, 0x00, 0x00, 0x00, 0x00, 0x00, 0x00, 0x00, 0x00, 0x00,
  0x00, 0x00, 0x00, 0x00, 0x00, 0x00, 0x00, 0x00, 0x00, 0xFF, 0xFF, 0x00, 0xFF, 0xFF, 0x00, 0xFF, 0xFF, 0x00, 0xFF, 0xFF, 0x00, 0xFF, 0xFF, 0x00,
  0xFF, 0xFF, 0x00, 0xFF, 0xFF, 0x00, 0xFF, 0xFF, 0x00, 0xFF, 0xFF, 0x00, 0xFF, 0xFF, 0x00, 0xFF, 0xFF, 0x00, 0xFF, 0xFF, 0x00, 0xFF, 0xFF, 0x00,
  0xFF, 0xFF, 0x00, 0xFF, 0xFF, 0x00, 0xFF, 0xFF, 0x00, 0xFF, 0xFF, 0x00, 0xFF, 0xFF, 0x00, 0xFF, 0xFF, 0x00, 0x28, 0x42, 0x7C, 0xCB, 0x5A, 0xFF,
  0x8A, 0x52, 0xED, 0xAE, 0x73, 0xD9, 0x4D, 0x6B, 0xF3, 0x2D, 0x63, 0xFF, 0xAF, 0x73, 0xFF, 0xAE, 0x73, 0xFF, 0xA6, 0x31, 0xFF, 0xC3, 0x18, 0xFF,
  0x0C, 0x63, 0xFF, 0x08, 0x42, 0xFF, 0x00, 0x00, 0xFF, 0x28, 0x42, 0xFF, 0xFF, 0xFF, 0x00, 0xFF, 0xFF, 0x00, 0xFF, 0xFF, 0x00, 0xFF, 0xFF, 0x00,
  0xFF, 0xFF, 0x00, 0xFF, 0xFF, 0x00, 0xFF, 0xFF, 0x00, 0xFF, 0xFF, 0x00, 0xFF, 0xFF, 0x00, 0xFF, 0xFF, 0x00, 0xFF, 0xFF, 0x00, 0xFF, 0xFF, 0x00,
  0xFF, 0xFF, 0x00, 0xFF, 0xFF, 0x00, 0xFF, 0xFF, 0x00, 0xFF, 0xFF, 0x00, 0xFF, 0xFF, 0x00, 0xFF, 0xFF, 0x00, 0xFF, 0xFF, 0x00, 0xFF, 0xFF, 0x00,
  0xFF, 0xFF, 0x00, 0xFF, 0xFF, 0x00, 0xFF, 0xFF, 0x00, 0xFF, 0xFF, 0x00, 0xFF, 0xFF, 0x00, 0xFF, 0xFF, 0x00, 0xFF, 0xFF, 0x00, 0xFF, 0xFF, 0x00,
  0xFF, 0xFF, 0x00, 0xFF, 0xFF, 0x00, 0xFF, 0xFF, 0x00, 0xFF, 0xFF, 0x00, 0xFF, 0xFF, 0x00, 0xFF, 0xFF, 0x00, 0xFF, 0xFF, 0x00, 0xFF, 0xFF, 0x00,
  0xFF, 0xFF, 0x00, 0xFF, 0xFF, 0x00, 0xFF, 0xFF, 0x00, 0xFF, 0xFF, 0x00, 0xFF, 0xFF, 0x00, 0xFF, 0xFF, 0x00, 0xFF, 0xFF, 0x00, 0xFF, 0xFF, 0x00,
  0xFF, 0xFF, 0x00, 0xFF, 0xFF, 0x00, 0xFF, 0xFF, 0x00, 0xFF, 0xFF, 0x00, 0xFF, 0xFF, 0x00, 0xFF, 0xFF, 0x00, 0xFF, 0xFF, 0x00, 0xFF, 0xFF, 0x00,
  0xFF, 0xFF, 0x00, 0xFF, 0xFF, 0x00, 0xFF, 0xFF, 0x00, 0xFF, 0xFF, 0x00, 0xFF, 0xFF, 0x00, 0xFF, 0xFF, 0x00, 0xFF, 0xFF, 0x00, 0xFF, 0xFF, 0x00,
  0xFF, 0xFF, 0x00, 0xFF, 0xFF, 0x00, 0xFF, 0xFF, 0x00, 0xFF, 0xFF, 0x00, 0xFF, 0xFF, 0x00, 0xFF, 0xFF, 0x00, 0xFF, 0xFF, 0x00, 0xFF, 0xFF, 0x00,
  0xFF, 0xFF, 0x00, 0xFF, 0xFF, 0x00, 0xFF, 0xFF, 0x00, 0xFF, 0xFF, 0x00, 0xFF, 0xFF, 0x00, 0xFF, 0xFF, 0x00, 0xFF, 0xFF, 0x00, 0xFF, 0xFF, 0x00,
  0xDF, 0xFF, 0x01, 0xFF, 0xFF, 0x00, 0x17, 0xBE, 0xFF, 0xC3, 0x18, 0xFF, 0x45, 0x29, 0xFF, 0x45, 0x29, 0xFF, 0x86, 0x31, 0xFF, 0x24, 0x21, 0xFF,
  0x49, 0x4A, 0xFF, 0x59, 0xCE, 0xFF, 0x38, 0xC6, 0xFF, 0x71, 0x8C, 0xFF, 0x8E, 0x73, 0xFF, 0x28, 0x42, 0xFF, 0x6D, 0x6B, 0xFF, 0x92, 0x94, 0xFF,
  0x38, 0xC6, 0xFF, 0x9A, 0xD6, 0xFF, 0x2D, 0x6B, 0xFF, 0x65, 0x29, 0xFF, 0xA6, 0x31, 0xFF, 0x04, 0x21, 0xFF, 0xE3, 0x18, 0xF7, 0xA2, 0x10, 0xFF,
  0x24, 0x21, 0x38, 0x00, 0x00, 0x00, 0x00, 0x00, 0x00, 0x00, 0x00, 0x00, 0x00, 0x00, 0x00, 0x00, 0x00, 0x00, 0x00, 0x00, 0x00, 0x00, 0x00, 0x00,
  0x00, 0x00, 0x00, 0x00, 0x00, 0x00, 0x00, 0x00, 0x00, 0x00, 0x00, 0x00, 0x00, 0x00, 0x00, 0x00, 0x00, 0x00, 0x00, 0x00, 0x00, 0x00, 0x00, 0x00,
  0x00, 0x00, 0x00, 0x00, 0x00, 0x00, 0x00, 0x00, 0x00, 0x00, 0x00, 0x00, 0x00, 0x00, 0x00, 0x00, 0x00, 0x00, 0x00, 0x00, 0x00, 0x00, 0x00, 0x00,
  0x00, 0x00, 0x00, 0x00, 0x00, 0x00, 0x00, 0x00, 0x00, 0x00, 0x00, 0x00, 0x00, 0x00, 0x00, 0x00, 0x00, 0x00, 0x00, 0x00, 0x00, 0x00, 0x00, 0x00,
  0x00, 0x00, 0x00, 0x00, 0x00, 0x00, 0x00, 0x00, 0x00, 0x00, 0x00, 0x00, 0x00, 0x00, 0x00, 0x00, 0x00, 0x00, 0x00, 0x00, 0x00, 0x00, 0x00, 0x00,
  0x00, 0x00, 0x00, 0x00, 0x00, 0x00, 0x00, 0x00, 0x00, 0x00, 0x00, 0x00, 0x00, 0x00, 0x00, 0x00, 0x00, 0x00, 0x00, 0x00, 0x00, 0x00, 0x00, 0x00,
  0x00, 0x00, 0x00, 0x00, 0x00, 0x00, 0x00, 0x00, 0x00, 0x00, 0x00, 0x00, 0x00, 0x00, 0x00, 0x00, 0x00, 0x00, 0x00, 0x00, 0x00, 0x00, 0x00, 0x00,
  0x00, 0x00, 0x00, 0x00, 0x00, 0x00, 0x00, 0x00, 0x00, 0x00, 0x00, 0x00, 0x00, 0x00, 0x00, 0x00, 0x00, 0x00, 0x00, 0x00, 0x00, 0x00, 0x00, 0x00,
  0x00, 0x00, 0x00, 0x00, 0x00, 0x00, 0x00, 0x00, 0x00, 0x00, 0x00, 0x00, 0x00, 0x00, 0x00, 0x00, 0x00, 0x00, 0x00, 0x00, 0x00, 0x00, 0x00, 0x00,
  0x00, 0x00, 0x00, 0x00, 0x00, 0x00, 0x00, 0x00, 0x00, 0x00, 0x00, 0x00, 0xFF, 0xFF, 0x00, 0xFF, 0xFF, 0x00, 0xFF, 0xFF, 0x00, 0xFF, 0xFF, 0x00,
  0xFF, 0xFF, 0x00, 0xFF, 0xFF, 0x00, 0xFF, 0xFF, 0x00, 0xFF, 0xFF, 0x00, 0xFF, 0xFF, 0x00, 0xFF, 0xFF, 0x00, 0xFF, 0xFF, 0x00, 0xFF, 0xFF, 0x00,
  0xFF, 0xFF, 0x00, 0xFF, 0xFF, 0x00, 0xFF, 0xFF, 0x00, 0xFF, 0xFF, 0x00, 0xFF, 0xFF, 0x00, 0xFF, 0xFF, 0x00, 0xFF, 0xFF, 0x00, 0xFF, 0xFF, 0x00,
  0xFF, 0xFF, 0x00, 0xFF, 0xFF, 0x00, 0xFF, 0xFF, 0x00, 0xFF, 0xFF, 0x00, 0xFF, 0xFF, 0x00, 0xFF, 0xFF, 0x00, 0xFF, 0xFF, 0x00, 0xFF, 0xFF, 0x00,
  0xFF, 0xFF, 0x00, 0xFF, 0xFF, 0x00, 0xFF, 0xFF, 0x00, 0xFF, 0xFF, 0x00, 0xFF, 0xFF, 0x00, 0xFF, 0xFF, 0x00, 0xFF, 0xFF, 0x00, 0xFF, 0xFF, 0x00,
  0xFF, 0xFF, 0x00, 0xFF, 0xFF, 0x00, 0xFF, 0xFF, 0x00, 0xFF, 0xFF, 0x00, 0xFF, 0xFF, 0x00, 0xFF, 0xFF, 0x00, 0xFF, 0xFF, 0x00, 0xFF, 0xFF, 0x00,
  0xFF, 0xFF, 0x00, 0xFF, 0xFF, 0x00, 0xFF, 0xFF, 0x00, 0xFF, 0xFF, 0x00, 0xFF, 0xFF, 0x00, 0xFF, 0xFF, 0x00, 0xFF, 0xFF, 0x00, 0xFF, 0xFF, 0x00,
  0xFF, 0xFF, 0x00, 0xFF, 0xFF, 0x00, 0xFF, 0xFF, 0x00, 0x00, 0x00, 0x00, 0x00, 0x00, 0x00, 0x00, 0x00, 0x00, 0x00, 0x00, 0x00, 0x00, 0x00, 0x00,
  0x00, 0x00, 0x00, 0x00, 0x00, 0x00, 0x00, 0x00, 0x00, 0x00, 0x00, 0x00, 0x00, 0x00, 0x00, 0x00, 0x00, 0x00, 0x00, 0x00, 0x00, 0x00, 0x00, 0x00,
  0xFF, 0xFF, 0x00, 0xFF, 0xFF, 0x00, 0xFF, 0xFF, 0x00, 0xFF, 0xFF, 0x00, 0xFF, 0xFF, 0x00, 0xFF, 0xFF, 0x00, 0xFF, 0xFF, 0x00, 0xFF, 0xFF, 0x00,
  0xFF, 0xFF, 0x00, 0xFF, 0xFF, 0x00, 0xFF, 0xFF, 0x00, 0xFF, 0xFF, 0x00, 0xFF, 0xFF, 0x00, 0xFF, 0xFF, 0x00, 0xFF, 0xFF, 0x00, 0xFF, 0xFF, 0x00,
  0xFF, 0xFF, 0x00, 0xFF, 0xFF, 0x00, 0x82, 0x10, 0x07, 0xA6, 0x31, 0x45, 0x24, 0x21, 0x13, 0x65, 0x29, 0x08, 0x04, 0x21, 0x5B, 0x41, 0x08, 0xFF,
  0xE3, 0x18, 0xF7, 0x8A, 0x52, 0xFF, 0xE7, 0x39, 0xFF, 0x08, 0x42, 0xFF, 0x8E, 0x73, 0xFF, 0x45, 0x29, 0xFF, 0x00, 0x00, 0xFF, 0x2C, 0x63, 0xFF,
  0xFF, 0xFF, 0x00, 0xDF, 0xFF, 0x01, 0xFF, 0xFF, 0x00, 0xFF, 0xFF, 0x00, 0xFF, 0xFF, 0x00, 0xFF, 0xFF, 0x00, 0xFF, 0xFF, 0x00, 0xFF, 0xFF, 0x00,
  0xFF, 0xFF, 0x00, 0xFF, 0xFF, 0x00, 0xFF, 0xFF, 0x00, 0xFF, 0xFF, 0x00, 0xFF, 0xFF, 0x00, 0xFF, 0xFF, 0x00, 0xFF, 0xFF, 0x00, 0xFF, 0xFF, 0x00,
  0xFF, 0xFF, 0x00, 0xFF, 0xFF, 0x00, 0xFF, 0xFF, 0x00, 0xFF, 0xFF, 0x00, 0xFF, 0xFF, 0x00, 0xFF, 0xFF, 0x00, 0xFF, 0xFF, 0x00, 0xFF, 0xFF, 0x00,
  0xFF, 0xFF, 0x00, 0xFF, 0xFF, 0x00, 0xFF, 0xFF, 0x00, 0xFF, 0xFF, 0x00, 0xFF, 0xFF, 0x00, 0xFF, 0xFF, 0x00, 0xFF, 0xFF, 0x00, 0xFF, 0xFF, 0x00,
  0xFF, 0xFF, 0x00, 0xFF, 0xFF, 0x00, 0xFF, 0xFF, 0x00, 0xFF, 0xFF, 0x00, 0xFF, 0xFF, 0x00, 0xFF, 0xFF, 0x00, 0xFF, 0xFF, 0x00, 0xFF, 0xFF, 0x00,
  0xFF, 0xFF, 0x00, 0xFF, 0xFF, 0x00, 0xFF, 0xFF, 0x00, 0xFF, 0xFF, 0x00, 0xFF, 0xFF, 0x00, 0xFF, 0xFF, 0x00, 0xFF, 0xFF, 0x00, 0xFF, 0xFF, 0x00,
  0xFF, 0xFF, 0x00, 0xFF, 0xFF, 0x00, 0xFF, 0xFF, 0x00, 0xFF, 0xFF, 0x00, 0xFF, 0xFF, 0x00, 0xFF, 0xFF, 0x00, 0xFF, 0xFF, 0x00, 0xFF, 0xFF, 0x00,
  0xFF, 0xFF, 0x00, 0xFF, 0xFF, 0x00, 0xFF, 0xFF, 0x00, 0xFF, 0xFF, 0x00, 0xFF, 0xFF, 0x00, 0xFF, 0xFF, 0x00, 0xFF, 0xFF, 0x00, 0xFF, 0xFF, 0x00,
  0xFF, 0xFF, 0x00, 0xFF, 0xFF, 0x00, 0xFF, 0xFF, 0x00, 0xFF, 0xFF, 0x00, 0xFF, 0xFF, 0x00, 0xFF, 0xFF, 0x00, 0xFF, 0xFF, 0x00, 0xFF, 0xFF, 0x00,
  0xFF, 0xFF, 0x00, 0xFF, 0xFF, 0x00, 0xFF, 0xFF, 0x00, 0xFF, 0xFF, 0x00, 0xFF, 0xFF, 0x00, 0xFF, 0xFF, 0x01, 0xFF, 0xFF, 0x00, 0x14, 0xA5, 0xF5,
  0x41, 0x08, 0xFF, 0x24, 0x21, 0xFF, 0x04, 0x21, 0xFF, 0x65, 0x29, 0xFF, 0x65, 0x29, 0xFF, 0xA6, 0x31, 0xFF, 0xEF, 0x7B, 0xFF, 0xF7, 0xBD, 0xFF,
  0x79, 0xCE, 0xFF, 0xBA, 0xD6, 0xFF, 0x59, 0xCE, 0xFF, 0xF7, 0xBD, 0xFF, 0x51, 0x8C, 0xFF, 0x28, 0x42, 0xFF, 0x86, 0x31, 0xFF, 0x86, 0x31, 0xFF,
  0xE3, 0x18, 0xFF, 0x04, 0x21, 0xF9, 0x82, 0x10, 0xFF, 0xE4, 0x18, 0x8C, 0x00, 0x00, 0x00, 0x00, 0x00, 0x00, 0x00, 0x00, 0x00, 0x00, 0x00, 0x00,
  0x00, 0x00, 0x00, 0x00, 0x00, 0x00, 0x00, 0x00, 0x00, 0x00, 0x00, 0x00, 0x00, 0x00, 0x00, 0x00, 0x00, 0x00, 0x00, 0x00, 0x00, 0x00, 0x00, 0x00,
  0x00, 0x00, 0x00, 0x00, 0x00, 0x00, 0x00, 0x00, 0x00, 0x00, 0x00, 0x00, 0x00, 0x00, 0x00, 0x00, 0x00, 0x00, 0x00, 0x00, 0x00, 0x00, 0x00, 0x00,
  0x00, 0x00, 0x00, 0x00, 0x00, 0x00, 0x00, 0x00, 0x00, 0x00, 0x00, 0x00, 0x00, 0x00, 0x00, 0x00, 0x00, 0x00, 0x00, 0x00, 0x00, 0x00, 0x00, 0x00,
  0x00, 0x00, 0x00, 0x00, 0x00, 0x00, 0x00, 0x00, 0x00, 0x00, 0x00, 0x00, 0x00, 0x00, 0x00, 0x00, 0x00, 0x00, 0x00, 0x00, 0x00, 0x00, 0x00, 0x00,
  0x00, 0x00, 0x00, 0x00, 0x00, 0x00, 0x00, 0x00, 0x00, 0x00, 0x00, 0x00, 0x00, 0x00, 0x00, 0x00, 0x00, 0x00, 0x00, 0x00, 0x00, 0x00, 0x00, 0x00,
  0x00, 0x00, 0x00, 0x00, 0x00, 0x00, 0x00, 0x00, 0x00, 0x00, 0x00, 0x00, 0x00, 0x00, 0x00, 0x00, 0x00, 0x00, 0x00, 0x00, 0x00, 0x00, 0x00, 0x00,
  0x00, 0x00, 0x00, 0x00, 0x00, 0x00, 0x00, 0x00, 0x00, 0x00, 0x00, 0x00, 0x00, 0x00, 0x00, 0x00, 0x00, 0x00, 0x00, 0x00, 0x00, 0x20, 0x00, 0x00,
  0x00, 0x00, 0x00, 0x00, 0x00, 0x00, 0x00, 0x00, 0x00, 0x00, 0x00, 0x00, 0x00, 0x00, 0x00, 0x00, 0x00, 0x00, 0x00, 0x00, 0x00, 0x00, 0x00, 0x00,
  0x00, 0x00, 0x00, 0x00, 0x00, 0x00, 0x00, 0x00, 0x00, 0x00, 0x00, 0x00, 0x00, 0x00, 0x00, 0x00, 0x00, 0x00, 0x00, 0x00, 0x00, 0x00, 0x00, 0x00,
  0xFF, 0xFF, 0x00, 0xFF, 0xFF, 0x00, 0xFF, 0xFF, 0x00, 0xFF, 0xFF, 0x00, 0xFF, 0xFF, 0x00, 0xFF, 0xFF, 0x00, 0xFF, 0xFF, 0x00, 0xFF, 0xFF, 0x00,
  0xFF, 0xFF, 0x00, 0xFF, 0xFF, 0x00, 0xFF, 0xFF, 0x00, 0xFF, 0xFF, 0x00, 0xFF, 0xFF, 0x00, 0xFF, 0xFF, 0x00, 0xFF, 0xFF, 0x00, 0xFF, 0xFF, 0x00,
  0xFF, 0xFF, 0x00, 0xFF, 0xFF, 0x00, 0xFF, 0xFF, 0x00, 0xFF, 0xFF, 0x00, 0xFF, 0xFF, 0x00, 0xFF, 0xFF, 0x00, 0xFF, 0xFF, 0x00, 0xFF, 0xFF, 0x00,
  0xFF, 0xFF, 0x00, 0xFF, 0xFF, 0x00, 0xFF, 0xFF, 0x00, 0xFF, 0xFF, 0x00, 0xFF, 0xFF, 0x00, 0xFF, 0xFF, 0x00, 0xFF, 0xFF, 0x00, 0xFF, 0xFF, 0x00,
  0xFF, 0xFF, 0x00, 0xFF, 0xFF, 0x00, 0xFF, 0xFF, 0x00, 0xFF, 0xFF, 0x00, 0xFF, 0xFF, 0x00, 0xFF, 0xFF, 0x00, 0xFF, 0xFF, 0x00, 0xFF, 0xFF, 0x00,
  0xFF, 0xFF, 0x00, 0xFF, 0xFF, 0x00, 0xFF, 0xFF, 0x00, 0xFF, 0xFF, 0x00, 0xFF, 0xFF, 0x00, 0xFF, 0xFF, 0x00, 0xFF, 0xFF, 0x00, 0xFF, 0xFF, 0x00,
  0xFF, 0xFF, 0x00, 0xFF, 0xFF, 0x00, 0xFF, 0xFF, 0x00, 0xFF, 0xFF, 0x00, 0xFF, 0xFF, 0x00, 0xFF, 0xFF, 0x00, 0xFF, 0xFF, 0x00, 0x00, 0x00, 0x00,
  0x00, 0x00, 0x00, 0x00, 0x00, 0x00, 0x00, 0x00, 0x00, 0x00, 0x00, 0x00, 0x00, 0x00, 0x00, 0x00, 0x00, 0x00, 0x00, 0x00, 0x00, 0x00, 0x00, 0x00,
  0x00, 0x00, 0x00, 0x00, 0x00, 0x00, 0x00, 0x00, 0x00, 0x00, 0x00, 0x00, 0xFF, 0xFF, 0x00, 0xFF, 0xFF, 0x00, 0xFF, 0xFF, 0x00, 0xFF, 0xFF, 0x00,
  0xFF, 0xFF, 0x00, 0xFF, 0xFF, 0x00, 0xFF, 0xFF, 0x00, 0xFF, 0xFF, 0x00, 0xFF, 0xFF, 0x00, 0xFF, 0xFF, 0x00, 0xFF, 0xFF, 0x00, 0xFF, 0xFF, 0x00,
  0xFF, 0xFF, 0x00, 0xFF, 0xFF, 0x00, 0xFF, 0xFF, 0x00, 0xFF, 0xFF, 0x00, 0xFF, 0xFF, 0x00, 0xFF, 0xFF, 0x00, 0xFF, 0xFF, 0x00, 0xFF, 0xFF, 0x00,
  0xFF, 0xFF, 0x00, 0xFF, 0xFF, 0x00, 0x41, 0x08, 0x06, 0xC3, 0x18, 0xED, 0x04, 0x19, 0xFB, 0xE7, 0x39, 0xFD, 0xCB, 0x5A, 0xFF, 0x0C, 0x63, 0xFF,
  0xE7, 0x39, 0xFF, 0x03, 0x19, 0xFF, 0x41, 0x08, 0xFF, 0x59, 0xCE, 0xB4, 0xFF, 0xFF, 0x00, 0xFF, 0xFF, 0x00, 0xFF, 0xFF, 0x00, 0xFF, 0xFF, 0x00,
  0xFF, 0xFF, 0x00, 0xFF, 0xFF, 0x00, 0xFF, 0xFF, 0x00, 0xFF, 0xFF, 0x00, 0xFF, 0xFF, 0x00, 0xFF, 0xFF, 0x00, 0xFF, 0xFF, 0x00, 0xFF, 0xFF, 0x00,
  0xFF, 0xFF, 0x00, 0xFF, 0xFF, 0x00, 0xFF, 0xFF, 0x00, 0xFF, 0xFF, 0x00, 0xFF, 0xFF, 0x00, 0xFF, 0xFF, 0x00, 0xFF, 0xFF, 0x00, 0xFF, 0xFF, 0x00,
  0xFF, 0xFF, 0x00, 0xFF, 0xFF, 0x00, 0xFF, 0xFF, 0x00, 0xFF, 0xFF, 0x00, 0xFF, 0xFF, 0x00, 0xFF, 0xFF, 0x00, 0xFF, 0xFF, 0x00, 0xFF, 0xFF, 0x00,
  0xFF, 0xFF, 0x00, 0xFF, 0xFF, 0x00, 0xFF, 0xFF, 0x00, 0xFF, 0xFF, 0x00, 0xFF, 0xFF, 0x00, 0xFF, 0xFF, 0x00, 0xFF, 0xFF, 0x00, 0xFF, 0xFF, 0x00,
  0xFF, 0xFF, 0x00, 0xFF, 0xFF, 0x00, 0xFF, 0xFF, 0x00, 0xFF, 0xFF, 0x00, 0xFF, 0xFF, 0x00, 0xFF, 0xFF, 0x00, 0xFF, 0xFF, 0x00, 0xFF, 0xFF, 0x00,
  0xFF, 0xFF, 0x00, 0xFF, 0xFF, 0x00, 0xFF, 0xFF, 0x00, 0xFF, 0xFF, 0x00, 0xFF, 0xFF, 0x00, 0xFF, 0xFF, 0x00, 0xFF, 0xFF, 0x00, 0xFF, 0xFF, 0x00,
  0xFF, 0xFF, 0x00, 0xFF, 0xFF, 0x00, 0xFF, 0xFF, 0x00, 0xFF, 0xFF, 0x00, 0xFF, 0xFF, 0x00, 0xFF, 0xFF, 0x00, 0xFF, 0xFF, 0x00, 0xFF, 0xFF, 0x00,
  0xFF, 0xFF, 0x00, 0xFF, 0xFF, 0x00, 0xFF, 0xFF, 0x00, 0xFF, 0xFF, 0x00, 0xFF, 0xFF, 0x00, 0xFF, 0xFF, 0x00, 0xFF, 0xFF, 0x00, 0xFF, 0xFF, 0x00,
  0xFF, 0xFF, 0x00, 0xFF, 0xFF, 0x00, 0xFF, 0xFF, 0x00, 0xFF, 0xFF, 0x00, 0xFF, 0xFF, 0x00, 0xFF, 0xFF, 0x00, 0xFF, 0xFF, 0x00, 0xFF, 0xFF, 0x00,
  0xFF, 0xFF, 0x00, 0xDF, 0xFF, 0x01, 0xBE, 0xF7, 0x05, 0xFF, 0xFF, 0x05, 0x4D, 0x6B, 0xF3, 0x20, 0x00, 0xFF, 0x24, 0x21, 0xFF, 0x24, 0x21, 0xFF,
  0x65, 0x29, 0xFF, 0xA6, 0x31, 0xFF, 0x65, 0x29, 0xFF, 0xC6, 0x39, 0xFF, 0x49, 0x4A, 0xFF, 0x8A, 0x52, 0xFF, 0x8A, 0x52, 0xFF, 0xE7, 0x39, 0xFF,
  0x65, 0x29, 0xFF, 0x86, 0x31, 0xFF, 0x65, 0x29, 0xFF, 0x04, 0x21, 0xFF, 0x04, 0x21, 0xFD, 0x41, 0x08, 0xFD, 0x45, 0x29, 0xCE, 0x24, 0x21, 0x0B,
  0x82, 0x10, 0x02, 0x82, 0x10, 0x02, 0x82, 0x10, 0x02, 0xA2, 0x10, 0x02, 0xA2, 0x10, 0x02, 0xA2, 0x10, 0x02, 0xA2, 0x10, 0x02, 0xA2, 0x10, 0x02,
  0xA2, 0x10, 0x02, 0xA2, 0x10, 0x02, 0xA2, 0x10, 0x02, 0xA2, 0x10, 0x02, 0xA2, 0x10, 0x02, 0xA2, 0x10, 0x02, 0xA2, 0x10, 0x02, 0xA2, 0x10, 0x02,
  0xA2, 0x10, 0x02, 0xA2, 0x10, 0x02, 0xA2, 0x10, 0x02, 0xC3, 0x18, 0x02, 0xC3, 0x18, 0x02, 0xA2, 0x10, 0x02, 0xC3, 0x18, 0x02, 0x61, 0x08, 0x01,
  0x00, 0x00, 0x00, 0x00, 0x00, 0x00, 0x00, 0x00, 0x00, 0x00, 0x00, 0x00, 0x00, 0x00, 0x00, 0x00, 0x00, 0x00, 0x00, 0x00, 0x00, 0x00, 0x00, 0x00,
  0x00, 0x00, 0x00, 0x00, 0x00, 0x00, 0x00, 0x00, 0x00, 0x00, 0x00, 0x00, 0x00, 0x00, 0x00, 0x00, 0x00, 0x00, 0x00, 0x00, 0x00, 0x00, 0x00, 0x00,
  0x00, 0x00, 0x00, 0x00, 0x00, 0x00, 0x00, 0x00, 0x00, 0x00, 0x00, 0x00, 0x00, 0x00, 0x00, 0x00, 0x00, 0x00, 0x00, 0x00, 0x00, 0x00, 0x00, 0x00,
  0x00, 0x00, 0x00, 0x00, 0x00, 0x00, 0x00, 0x00, 0x00, 0x00, 0x00, 0x00, 0x00, 0x00, 0x00, 0x00, 0x00, 0x00, 0x00, 0x00, 0x00, 0x00, 0x00, 0x00,
  0x00, 0x00, 0x00, 0x00, 0x00, 0x00, 0x00, 0x00, 0x00, 0x00, 0x00, 0x00, 0x00, 0x00, 0x00, 0x00, 0x00, 0x00, 0x00, 0x00, 0x00, 0x00, 0x00, 0x00,
  0x00, 0x00, 0x00, 0x00, 0x00, 0x00, 0x00, 0x00, 0x00, 0x00, 0x00, 0x00, 0x00, 0x00, 0x00, 0x00, 0x00, 0x00, 0x00, 0x00, 0x00, 0x00, 0x00, 0x00,
  0x00, 0x00, 0x00, 0x00, 0x00, 0x00, 0x00, 0x00, 0x00, 0x00, 0x00, 0x00, 0xFF, 0xFF, 0x00, 0xFF, 0xFF, 0x00, 0xFF, 0xFF, 0x00, 0xFF, 0xFF, 0x00,
  0xFF, 0xFF, 0x00, 0xFF, 0xFF, 0x00, 0xFF, 0xFF, 0x00, 0xFF, 0xFF, 0x00, 0xFF, 0xFF, 0x00, 0xFF, 0xFF, 0x00, 0xFF, 0xFF, 0x00, 0xFF, 0xFF, 0x00,
  0xFF, 0xFF, 0x00, 0xFF, 0xFF, 0x00, 0xFF, 0xFF, 0x00, 0xFF, 0xFF, 0x00, 0xFF, 0xFF, 0x00, 0xFF, 0xFF, 0x00, 0xFF, 0xFF, 0x00, 0xFF, 0xFF, 0x00,
  0xFF, 0xFF, 0x00, 0xFF, 0xFF, 0x00, 0xFF, 0xFF, 0x00, 0xFF, 0xFF, 0x00, 0xFF, 0xFF, 0x00, 0xFF, 0xFF, 0x00, 0xFF, 0xFF, 0x00, 0xFF, 0xFF, 0x00,
  0xFF, 0xFF, 0x00, 0xFF, 0xFF, 0x00, 0xFF, 0xFF, 0x00, 0xFF, 0xFF, 0x00, 0xFF, 0xFF, 0x00, 0xFF, 0xFF, 0x00, 0xFF, 0xFF, 0x00, 0xFF, 0xFF, 0x00,
  0xFF, 0xFF, 0x00, 0xFF, 0xFF, 0x00, 0xFF, 0xFF, 0x00, 0xFF, 0xFF, 0x00, 0xFF, 0xFF, 0x00, 0xFF, 0xFF, 0x00, 0xFF, 0xFF, 0x00, 0xFF, 0xFF, 0x00,
  0xFF, 0xFF, 0x00, 0xFF, 0xFF, 0x00, 0xFF, 0xFF, 0x00, 0xFF, 0xFF, 0x00, 0xFF, 0xFF, 0x00, 0xFF, 0xFF, 0x00, 0xFF, 0xFF, 0x00, 0xFF, 0xFF, 0x00,
  0xFF, 0xFF, 0x00, 0xFF, 0xFF, 0x00, 0xFF, 0xFF, 0x00, 0x00, 0x00, 0x00, 0x00, 0x00, 0x00, 0x00, 0x00, 0x00, 0x00, 0x00, 0x00, 0x00, 0x00, 0x00,
  0x20, 0x00, 0x00, 0x00, 0x00, 0x00, 0x00, 0x00, 0x00, 0x00, 0x00, 0x00, 0x00, 0x00, 0x00, 0x00, 0x00, 0x00, 0x00, 0x00, 0x00, 0x61, 0x08, 0x01,
  0xA2, 0x10, 0x02, 0xA2, 0x10, 0x02, 0x82, 0x10, 0x02, 0x61, 0x08, 0x01, 0x61, 0x08, 0x01, 0x61, 0x08, 0x01, 0x61, 0x08, 0x01, 0x61, 0x08, 0x01,
  0x61, 0x08, 0x01, 0x61, 0x08, 0x01, 0x61, 0x08, 0x01, 0x61, 0x08, 0x01, 0x61, 0x08, 0x01, 0x61, 0x08, 0x01, 0x45, 0x29, 0x08, 0xA6, 0x31, 0x0C,
  0x86, 0x31, 0x0C, 0x86, 0x31, 0x0C, 0x86, 0x31, 0x0D, 0x86, 0x31, 0x0E, 0x86, 0x31, 0x0D, 0x86, 0x31, 0x0D, 0x65, 0x29, 0x0A, 0x69, 0x4A, 0x7F,
  0x82, 0x10, 0xF7, 0x41, 0x08, 0xF1, 0x61, 0x08, 0xF7, 0x61, 0x08, 0xF7, 0x61, 0x08, 0xF7, 0x20, 0x00, 0xF7, 0x51, 0x8C, 0xF7, 0xBE, 0xF7, 0x04,
  0x7D, 0xEF, 0x11, 0x7D, 0xEF, 0x0D, 0x7D, 0xEF, 0x0D, 0x7D, 0xEF, 0x11, 0x5D, 0xEF, 0x15, 0x5D, 0xEF, 0x19, 0x5D, 0xEF, 0x19, 0x5D, 0xEF, 0x19,
  0x5D, 0xEF, 0x1F, 0x3C, 0xE7, 0x25, 0x3C, 0xE7, 0x2C, 0x1C, 0xE7, 0x2C, 0x1C, 0xE7, 0x32, 0x1C, 0xE7, 0x39, 0xFB, 0xDE, 0x39, 0xFB, 0xDE, 0x42,
  0xFB, 0xDE, 0x4B, 0xFB, 0xDE, 0x4B, 0xFB, 0xDE, 0x4C, 0xDB, 0xDE, 0x4C, 0xDB, 0xDE, 0x55, 0xDB, 0xDE, 0x55, 0xBA, 0xDE, 0x5E, 0xBA, 0xD6, 0x69,
  0xBA, 0xD6, 0x73, 0xBA, 0xD6, 0x69, 0x9A, 0xD6, 0x73, 0x9A, 0xD6, 0x8A, 0x7A, 0xD6, 0x8A, 0x9A, 0xD6, 0x8A, 0x9A, 0xD6, 0x8A, 0x79, 0xCE, 0x96,
  0x79, 0xCE, 0xA4, 0x59, 0xCE, 0xA4, 0x59, 0xCE, 0xB1, 0x59, 0xCE, 0xB1, 0x59, 0xCE, 0xBF, 0x39, 0xCE, 0xC0, 0x38, 0xC6, 0xCE, 0x38, 0xC6, 0xCE,
  0x38, 0xC6, 0xCE, 0x38, 0xC6, 0xCE, 0x38, 0xC6, 0xCE, 0x38, 0xC6, 0xCE, 0x38, 0xC6, 0xDE, 0x18, 0xC6, 0xDE, 0x18, 0xC6, 0xED, 0x18, 0xC6, 0xED,
  0x18, 0xC6, 0xED, 0x18, 0xC6, 0xFD, 0x18, 0xC6, 0xFD, 0xF7, 0xC5, 0xFD, 0xF7, 0xBD, 0xFD, 0xF7, 0xBD, 0xFD, 0xD7, 0xBD, 0xFD, 0xD7, 0xBD, 0xFD,
  0xD7, 0xBD, 0xFD, 0xD7, 0xBD, 0xFD, 0xB6, 0xB5, 0xFD, 0xB6, 0xB5, 0xFD, 0xB6, 0xB5, 0xFD, 0xB6, 0xB5, 0xFD, 0xB6, 0xB5, 0xFD, 0x96, 0xB5, 0xFD,
  0x96, 0xB5, 0xFD, 0xB6, 0xB5, 0xFD, 0xB6, 0xB5, 0xFF, 0x96, 0xB5, 0xFF, 0x96, 0xB5, 0xFF, 0x96, 0xB5, 0xFF, 0x75, 0xAD, 0xFF, 0x55, 0xAD, 0xFF,
  0x34, 0xA5, 0xFF, 0x34, 0xA5, 0xFF, 0x34, 0xA5, 0xFF, 0x34, 0xA5, 0xFF, 0xF3, 0x9C, 0xFF, 0xD3, 0x9C, 0xFF, 0x92, 0x94, 0xFF, 0x51, 0x8C, 0xFF,
  0x51, 0x8C, 0xFF, 0xC7, 0x39, 0xFF, 0x82, 0x10, 0xFF, 0x04, 0x21, 0xFF, 0x24, 0x21, 0xFF, 0x24, 0x21, 0xFF, 0x65, 0x29, 0xFF, 0x86, 0x31, 0xFF,
  0x85, 0x29, 0xFF, 0x65, 0x29, 0xFF, 0x86, 0x31, 0xFF, 0x86, 0x31, 0xFF, 0x65, 0x29, 0xFF, 0x04, 0x21, 0xFF, 0xE3, 0x18, 0xFF, 0xE3, 0x18, 0xFF,
  0x61, 0x08, 0xFF, 0x65, 0x29, 0xFF, 0x8E, 0x73, 0xED, 0xAE, 0x73, 0xE2, 0xEF, 0x7B, 0xEB, 0x10, 0x84, 0xE9, 0x30, 0x84, 0xE9, 0x51, 0x8C, 0xE9,
  0x51, 0x8C, 0xE9, 0x71, 0x8C, 0xE9, 0x92, 0x94, 0xE9, 0xB2, 0x94, 0xE9, 0xB2, 0x94, 0xE9, 0xF3, 0x9C, 0xE9, 0x13, 0xA5, 0xE9, 0x14, 0xA5, 0xE9,
  0x14, 0xA5, 0xE9, 0x34, 0xA5, 0xE9, 0x34, 0xA5, 0xE9, 0x34, 0xAD, 0xE9, 0x55, 0xAD, 0xE9, 0x55, 0xAD, 0xE9, 0x55, 0xAD, 0xE9, 0x55, 0xAD, 0xE9,
  0x75, 0xAD, 0xE9, 0x75, 0xAD, 0xE8, 0x96, 0xB5, 0xE9, 0x34, 0xA5, 0xD5, 0x71, 0x8C, 0xA8, 0x92, 0x94, 0xAA, 0x92, 0x94, 0xA8, 0x92, 0x94, 0xA8,
  0x92, 0x94, 0xA8, 0x92, 0x94, 0xA6, 0xB2, 0x94, 0xA6, 0xB2, 0x94, 0xA6, 0xB3, 0x9C, 0xA6, 0xD3, 0x9C, 0xA6, 0xF3, 0x9C, 0xA6, 0xF3, 0x9C, 0xA6,
  0xF3, 0x9C, 0xA6, 0xF3, 0x9C, 0xA6, 0x14, 0xA5, 0xA5, 0x14, 0xA5, 0xA6, 0xD3, 0x9C, 0x9B, 0xAE, 0x73, 0x62, 0xAE, 0x73, 0x61, 0xCF, 0x7B, 0x5F,
  0xCF, 0x7B, 0x5F, 0xCF, 0x7B, 0x5F, 0xCF, 0x7B, 0x5F, 0xEF, 0x7B, 0x5F, 0xEF, 0x7B, 0x5F, 0x10, 0x84, 0x5F, 0x10, 0x84, 0x5F, 0x30, 0x84, 0x5F,
  0x0C, 0x63, 0x37, 0xAA, 0x52, 0x2A, 0xAA, 0x52, 0x2A, 0xAA, 0x52, 0x2A, 0xAB, 0x5A, 0x2A, 0xCB, 0x5A, 0x2A, 0xCB, 0x5A, 0x29, 0xEB, 0x5A, 0x2A,
  0xE7, 0x39, 0x14, 0x65, 0x29, 0x0B, 0x86, 0x31, 0x0B, 0x86, 0x31, 0x0B, 0x86, 0x31, 0x0B, 0xA6, 0x31, 0x0C, 0xE3, 0x18, 0x04, 0x61, 0x08, 0x01,
  0x82, 0x10, 0x01, 0x61, 0x08, 0x01, 0x00, 0x00, 0x00, 0x00, 0x00, 0x00, 0x00, 0x00, 0x00, 0x00, 0x00, 0x00, 0x00, 0x00, 0x00, 0x00, 0x00, 0x00,
  0xFF, 0xFF, 0x00, 0xFF, 0xFF, 0x00, 0xFF, 0xFF, 0x00, 0xFF, 0xFF, 0x00, 0xFF, 0xFF, 0x00, 0xFF, 0xFF, 0x00, 0xFF, 0xFF, 0x00, 0xFF, 0xFF, 0x00,
  0xFF, 0xFF, 0x00, 0xFF, 0xFF, 0x00, 0xFF, 0xFF, 0x00, 0xFF, 0xFF, 0x00, 0xFF, 0xFF, 0x00, 0xFF, 0xFF, 0x00, 0xFF, 0xFF, 0x00, 0xFF, 0xFF, 0x00,
  0xFF, 0xFF, 0x00, 0xFF, 0xFF, 0x00, 0xFF, 0xFF, 0x00, 0xFF, 0xFF, 0x00, 0xFF, 0xFF, 0x00, 0xFF, 0xFF, 0x00, 0xFF, 0xFF, 0x00, 0xFF, 0xFF, 0x00,
  0xFF, 0xFF, 0x00, 0xFF, 0xFF, 0x00, 0xFF, 0xFF, 0x00, 0xFF, 0xFF, 0x00, 0xFF, 0xFF, 0x00, 0xFF, 0xFF, 0x00, 0xFF, 0xFF, 0x00, 0xFF, 0xFF, 0x00,
  0xFF, 0xFF, 0x00, 0xFF, 0xFF, 0x00, 0xFF, 0xFF, 0x00, 0xFF, 0xFF, 0x00, 0xFF, 0xFF, 0x00, 0xFF, 0xFF, 0x00, 0xFF, 0xFF, 0x00, 0xFF, 0xFF, 0x00,
  0xFF, 0xFF, 0x00, 0xFF, 0xFF, 0x00, 0xFF, 0xFF, 0x00, 0xFF, 0xFF, 0x00, 0xFF, 0xFF, 0x00, 0xFF, 0xFF, 0x00, 0xFF, 0xFF, 0x00, 0xFF, 0xFF, 0x00,
  0xFF, 0xFF, 0x00, 0xFF, 0xFF, 0x00, 0xFF, 0xFF, 0x00, 0xFF, 0xFF, 0x00, 0xFF, 0xFF, 0x00, 0xFF, 0xFF, 0x00, 0xFF, 0xFF, 0x00, 0x00, 0x00, 0x00,
  0x00, 0x00, 0x00, 0x61, 0x08, 0x01, 0x69, 0x4A, 0x1A, 0xCF, 0x7B, 0x40, 0x71, 0x8C, 0x58, 0x71, 0x8C, 0x5D, 0x55, 0xAD, 0x89, 0x55, 0xAD, 0x8B,
  0x34, 0xA5, 0x8B, 0x34, 0xA5, 0x8B, 0x14, 0xA5, 0x8B, 0xD7, 0xBD, 0xB4, 0x38, 0xC6, 0xCA, 0x18, 0xC6, 0xC8, 0x18, 0xC6, 0xD1, 0x9A, 0xD6, 0xF3,
  0x9A, 0xD6, 0xF3, 0x79, 0xCE, 0xF3, 0x59, 0xCE, 0xF3, 0x59, 0xCE, 0xF3, 0x38, 0xC6, 0xF3, 0x18, 0xC6, 0xF3, 0x18, 0xC6, 0xF3, 0x18, 0xC6, 0xF3,
  0xF7, 0xBD, 0xF5, 0xF7, 0xBD, 0xF3, 0x79, 0xCE, 0xFF, 0x9A, 0xD6, 0xFF, 0x79, 0xCE, 0xFF, 0x59, 0xCE, 0xFF, 0x39, 0xCE, 0xFF, 0x18, 0xC6, 0xFF,
  0x18, 0xC6, 0xFF, 0x18, 0xC6, 0xFF, 0x96, 0xB5, 0xFF, 0x34, 0xA5, 0xFF, 0x2C, 0x63, 0xFF, 0x65, 0x29, 0xFF, 0x24, 0x21, 0xFF, 0x04, 0x21, 0xFF,
  0x45, 0x29, 0xFF, 0x0B, 0x5B, 0xFF, 0x34, 0xA5, 0xFF, 0x55, 0xAD, 0xFF, 0x96, 0xB5, 0xFF, 0xB6, 0xB5, 0xFF, 0xB6, 0xB5, 0xFF, 0xB6, 0xB5, 0xFF,
  0xB6, 0xB5, 0xFF, 0xB6, 0xB5, 0xFF, 0xB6, 0xBD, 0xFF, 0xD7, 0xBD, 0xFF, 0xD7, 0xBD, 0xFF, 0xD7, 0xBD, 0xFF, 0xD7, 0xBD, 0xFF, 0xD7, 0xBD, 0xFF,
  0xD7, 0xBD, 0xFF, 0xD7, 0xBD, 0xFF, 0xD7, 0xBD, 0xFF, 0xD7, 0xBD, 0xFF, 0xD7, 0xBD, 0xFF, 0xD7, 0xBD, 0xFF, 0x96, 0xB5, 0xFF, 0x96, 0xB5, 0xFF,
  0x96, 0xB5, 0xFF, 0x96, 0xB5, 0xFF, 0x96, 0xB5, 0xFF, 0x96, 0xB5, 0xFF, 0x75, 0xB5, 0xFF, 0x96, 0xB5, 0xFF, 0x96, 0xB5, 0xFF, 0x96, 0xB5, 0xFF,
  0x96, 0xB5, 0xFF, 0x96, 0xB5, 0xFF, 0x96, 0xB5, 0xFF, 0xB6, 0xB5, 0xFF, 0x96, 0xB5, 0xFF, 0x96, 0xB5, 0xFF, 0x96, 0xB5, 0xFF, 0x96, 0xB5, 0xFF,
  0x75, 0xB5, 0xFF, 0x55, 0xAD, 0xFF, 0x55, 0xAD, 0xFF, 0x55, 0xAD, 0xFF, 0x75, 0xAD, 0xFF, 0x75, 0xAD, 0xFF, 0x55, 0xAD, 0xFF, 0x55, 0xAD, 0xFF,
  0x55, 0xAD, 0xFF, 0x55, 0xAD, 0xFF, 0x55, 0xAD, 0xFF, 0x55, 0xAD, 0xFF, 0x55, 0xAD, 0xFF, 0x55, 0xAD, 0xFF, 0x55, 0xAD, 0xFF, 0x55, 0xAD, 0xFF,
  0x34, 0xAD, 0xFF, 0x34, 0xA5, 0xFF, 0x34, 0xAD, 0xFF, 0x34, 0xA5, 0xFF, 0x34, 0xA5, 0xFF, 0x14, 0xA5, 0xFF, 0x14, 0xA5, 0xFF, 0x14, 0xA5, 0xFF,
  0x14, 0xA5, 0xFF, 0x14, 0xA5, 0xFF, 0x14, 0xA5, 0xFF, 0xF3, 0x9C, 0xFF, 0xF3, 0x9C, 0xFF, 0xD3, 0x9C, 0xFF, 0x92, 0x94, 0xF9, 0x71, 0x8C, 0xF9,
  0x51, 0x8C, 0xF9, 0x51, 0x8C, 0xF9, 0x30, 0x8C, 0xF9, 0x30, 0x84, 0xF9, 0x10, 0x84, 0xF9, 0x10, 0x84, 0xF9, 0xEF, 0x7B, 0xF9, 0xEF, 0x7B, 0xF9,
  0xEF, 0x7B, 0xF9, 0xCF, 0x7B, 0xF9, 0xAE, 0x73, 0xF9, 0x6D, 0x6B, 0xF9, 0x4D, 0x6B, 0xF9, 0xAE, 0x73, 0xF9, 0x8A, 0x52, 0xF9, 0xE3, 0x18, 0xF9,
  0xA2, 0x10, 0xF9, 0xE3, 0x18, 0xF9, 0x03, 0x21, 0xF9, 0xE3, 0x18, 0xF9, 0xE3, 0x18, 0xF7, 0xE3, 0x18, 0xF7, 0xE3, 0x18, 0xF7, 0xE3, 0x18, 0xF9,
  0xE3, 0x18, 0xF9, 0xE3, 0x18, 0xF9, 0x82, 0x10, 0xF9, 0x82, 0x10, 0xF9, 0xC7, 0x39, 0xF9, 0x8E, 0x73, 0xF9, 0x8E, 0x73, 0xFF, 0x6E, 0x73, 0xFF,
  0x8E, 0x73, 0xFF, 0xAE, 0x73, 0xFF, 0xAE, 0x73, 0xFF, 0xAE, 0x73, 0xFF, 0xCF, 0x7B, 0xFF, 0xCF, 0x7B, 0xFF, 0xEF, 0x7B, 0xFF, 0x10, 0x84, 0xFF,
  0x10, 0x84, 0xFF, 0x30, 0x84, 0xFF, 0x71, 0x8C, 0xFF, 0x92, 0x94, 0xFF, 0x92, 0x94, 0xFF, 0xB2, 0x94, 0xFF, 0xD3, 0x9C, 0xFF, 0xD3, 0x9C, 0xFF,
  0xF3, 0x9C, 0xFF, 0x14, 0xA5, 0xFF, 0x14, 0xA5, 0xFF, 0x14, 0xA5, 0xFF, 0xF3, 0xA4, 0xFF, 0xF3, 0xA4, 0xFF, 0xF4, 0xA4, 0xFF, 0x14, 0xA5, 0xFF,
  0x55, 0xAD, 0xFF, 0x55, 0xAD, 0xFF, 0x55, 0xAD, 0xFF, 0x75, 0xAD, 0xFF, 0x75, 0xAD, 0xFF, 0xB6, 0xB5, 0xFF, 0xB6, 0xB5, 0xFF, 0xB6, 0xB5, 0xFF,
  0xB6, 0xBD, 0xFF, 0xD7, 0xBD, 0xFF, 0xD7, 0xBD, 0xFF, 0xD7, 0xBD, 0xFF, 0xD7, 0xBD, 0xFF, 0xD7, 0xBD, 0xFF, 0xD7, 0xBD, 0xFF, 0xD7, 0xBD, 0xFF,
  0xD7, 0xBD, 0xFF, 0xF7, 0xBD, 0xFF, 0x18, 0xC6, 0xFF, 0x38, 0xC6, 0xFF, 0x38, 0xC6, 0xFF, 0x38, 0xC6, 0xFF, 0x18, 0xC6, 0xFF, 0x18, 0xC6, 0xFF,
  0x38, 0xC6, 0xFF, 0x58, 0xCE, 0xFF, 0x59, 0xCE, 0xFF, 0x59, 0xCE, 0xFF, 0x59, 0xCE, 0xFF, 0x79, 0xCE, 0xFF, 0x79, 0xCE, 0xFF, 0x9A, 0xD6, 0xFF,
  0xBA, 0xD6, 0xFF, 0xDB, 0xDE, 0xFF, 0xFB, 0xE6, 0xFF, 0x1C, 0xE7, 0xFF, 0xFB, 0xE6, 0xFF, 0xFB, 0xE6, 0xFF, 0x1C, 0xE7, 0xFF, 0x3C, 0xE7, 0xFF,
  0x5D, 0xEF, 0xFF, 0x5D, 0xEF, 0xFF, 0xFB, 0xDE, 0xFF, 0xDB, 0xDE, 0xF3, 0x1C, 0xE7, 0xF5, 0x9A, 0xD6, 0xD1, 0x96, 0xB5, 0x89, 0xF3, 0x9C, 0x63,
  0xC7, 0x39, 0x0E, 0x00, 0x00, 0x00, 0x00, 0x00, 0x00, 0x00, 0x00, 0x00, 0xFF, 0xFF, 0x00, 0xFF, 0xFF, 0x00, 0xFF, 0xFF, 0x00, 0xFF, 0xFF, 0x00,
  0xFF, 0xFF, 0x00, 0xFF, 0xFF, 0x00, 0xFF, 0xFF, 0x00, 0xFF, 0xFF, 0x00, 0xFF, 0xFF, 0x00, 0xFF, 0xFF, 0x00, 0xFF, 0xFF, 0x00, 0xFF, 0xFF, 0x00,
  0xFF, 0xFF, 0x00, 0xFF, 0xFF, 0x00, 0xFF, 0xFF, 0x00, 0xFF, 0xFF, 0x00, 0xFF, 0xFF, 0x00, 0xFF, 0xFF, 0x00, 0xFF, 0xFF, 0x00, 0xFF, 0xFF, 0x00,
  0xFF, 0xFF, 0x00, 0xFF, 0xFF, 0x00, 0xFF, 0xFF, 0x00, 0xFF, 0xFF, 0x00, 0xFF, 0xFF, 0x00, 0xFF, 0xFF, 0x00, 0xFF, 0xFF, 0x00, 0xFF, 0xFF, 0x00,
  0xFF, 0xFF, 0x00, 0xFF, 0xFF, 0x00, 0xFF, 0xFF, 0x00, 0xFF, 0xFF, 0x00, 0xFF, 0xFF, 0x00, 0xFF, 0xFF, 0x00, 0xFF, 0xFF, 0x00, 0xFF, 0xFF, 0x00,
  0xFF, 0xFF, 0x00, 0xFF, 0xFF, 0x00, 0xFF, 0xFF, 0x00, 0xFF, 0xFF, 0x00, 0xFF, 0xFF, 0x00, 0xFF, 0xFF, 0x00, 0xFF, 0xFF, 0x00, 0xFF, 0xFF, 0x00,
  0xFF, 0xFF, 0x00, 0xFF, 0xFF, 0x00, 0xFF, 0xFF, 0x00, 0xFF, 0xFF, 0x00, 0xFF, 0xFF, 0x00, 0xFF, 0xFF, 0x00, 0xFF, 0xFF, 0x00, 0xFF, 0xFF, 0x00,
  0xFF, 0xFF, 0x00, 0xFF, 0xFF, 0x00, 0xFF, 0xFF, 0x00, 0x00, 0x00, 0x00, 0x00, 0x00, 0x00, 0x00, 0x00, 0x00, 0x20, 0x00, 0x00, 0x41, 0x08, 0x00,
  0x20, 0x00, 0x00, 0x41, 0x08, 0x00, 0xE3, 0x18, 0x04, 0xE3, 0x18, 0x04, 0xE3, 0x18, 0x04, 0xE3, 0x18, 0x04, 0xE3, 0x18, 0x04, 0xC3, 0x18, 0x03,
  0xA2, 0x10, 0x03, 0xA2, 0x10, 0x03, 0xE3, 0x18, 0x04, 0xE7, 0x39, 0x12, 0xC7, 0x39, 0x12, 0xC7, 0x39, 0x12, 0xC7, 0x39, 0x12, 0xC7, 0x39, 0x12,
  0xC7, 0x39, 0x12, 0xA6, 0x31, 0x12, 0xA6, 0x31, 0x12, 0xA6, 0x31, 0x12, 0xA6, 0x31, 0x12, 0xA6, 0x31, 0x12, 0x86, 0x31, 0x0F, 0x65, 0x29, 0x0F,
  0x65, 0x29, 0x0F, 0x45, 0x29, 0x0F, 0x45, 0x29, 0x0F, 0x45, 0x29, 0x0F, 0x86, 0x31, 0x13, 0xCB, 0x5A, 0x30, 0x8A, 0x52, 0x31, 0x69, 0x4A, 0x33,
  0xAA, 0x52, 0x32, 0x8A, 0x52, 0x32, 0x49, 0x4A, 0x32, 0x49, 0x4A, 0x32, 0x8A, 0x52, 0x32, 0x69, 0x4A, 0x32, 0x28, 0x42, 0x32, 0x69, 0x4A, 0x32,
  0x8A, 0x52, 0x32, 0x8A, 0x52, 0x32, 0x69, 0x4A, 0x32, 0xAA, 0x52, 0x36, 0x10, 0x84, 0x68, 0x10, 0x84, 0x6C, 0x10, 0x84, 0x6C, 0x10, 0x84, 0x6C,
  0x10, 0x84, 0x6C, 0x10, 0x84, 0x6C, 0x10, 0x84, 0x6C, 0xEF, 0x7B, 0x6C, 0xEF, 0x7B, 0x6C, 0xCF, 0x7B, 0x6C, 0xCF, 0x7B, 0x6C, 0xCF, 0x7B, 0x6C,
  0xCF, 0x7B, 0x6C, 0xCF, 0x7B, 0x6D, 0xF4, 0xA4, 0xA8, 0x34, 0xA5, 0xB2, 0x14, 0xA5, 0xB0, 0x14, 0xA5, 0xB2, 0xF3, 0x9C, 0xB2, 0xF3, 0x9C, 0xB2,
  0xD3, 0x9C, 0xB2, 0xD3, 0x9C, 0xB2, 0xD3, 0x9C, 0xB2, 0xD3, 0x9C, 0xB2, 0xD3, 0x9C, 0xB2, 0xD3, 0x9C, 0xB2, 0xB2, 0x94, 0xB2, 0xB2, 0x94, 0xB2,
  0xB2, 0x94, 0xB2, 0xB2, 0x94, 0xB2, 0xB2, 0x94, 0xB2, 0x92, 0x94, 0xB2, 0xB2, 0x94, 0xB9, 0x96, 0xB5, 0xEF, 0xB6, 0xB5, 0xF1, 0x96, 0xB5, 0xEF,
  0x96, 0xB5, 0xF1, 0x96, 0xB5, 0xF1, 0x96, 0xB5, 0xF1, 0x75, 0xAD, 0xF1, 0x75, 0xAD, 0xF1, 0x75, 0xAD, 0xF1, 0x75, 0xAD, 0xF1, 0x75, 0xAD, 0xF1,
  0x55, 0xAD, 0xF1, 0x55, 0xAD, 0xF1, 0x55, 0xAD, 0xF1, 0x55, 0xAD, 0xF1, 0x55, 0xAD, 0xF1, 0x34, 0xAD, 0xF1, 0x34, 0xAD, 0xF1, 0x34, 0xA5, 0xF1,
  0x34, 0xA5, 0xF1, 0x14, 0xA5, 0xF1, 0x14, 0xA5, 0xF1, 0x14, 0xA5, 0xF1, 0x14, 0xA5, 0xF1, 0x14, 0xA5, 0xF1, 0x14, 0xA5, 0xF1, 0x14, 0xA5, 0xF1,
  0xF4, 0xA4, 0xF1, 0x14, 0xA5, 0xF5, 0x75, 0xAD, 0xFF, 0x75, 0xAD, 0xFF, 0x55, 0xAD, 0xFF, 0x34, 0xAD, 0xFF, 0x14, 0xA5, 0xFF, 0x14, 0xA5, 0xFF,
  0x14, 0xA5, 0xFF, 0xF3, 0x9C, 0xFF, 0xD3, 0x9C, 0xFF, 0xB2, 0x94, 0xFF, 0x92, 0x94, 0xFF, 0x51, 0x8C, 0xFF, 0x30, 0x84, 0xFF, 0x10, 0x84, 0xFF,
  0x0F, 0x84, 0xFF, 0xCF, 0x7B, 0xFF, 0xEF, 0x7B, 0xFF, 0x8E, 0x73, 0xFF, 0x49, 0x4A, 0xFF, 0x45, 0x29, 0xFF, 0xC3, 0x18, 0xFF, 0xA2, 0x10, 0xFF,
  0xC3, 0x18, 0xFF, 0xC3, 0x18, 0xFF, 0xC3, 0x18, 0xFF, 0xA2, 0x10, 0xFF, 0xC3, 0x18, 0xFF, 0x24, 0x21, 0xFF, 0x08, 0x42, 0xFF, 0x2C, 0x63, 0xFF,
  0x8E, 0x73, 0xFF, 0x6D, 0x6B, 0xFF, 0xAE, 0x73, 0xFF, 0xEF, 0x7B, 0xFF, 0x10, 0x84, 0xFF, 0x10, 0x84, 0xFF, 0x30, 0x84, 0xFF, 0x51, 0x8C, 0xFF,
  0x71, 0x8C, 0xFF, 0x92, 0x94, 0xFF, 0xB2, 0x94, 0xFF, 0xD3, 0x9C, 0xFF, 0xF3, 0x9C, 0xFF, 0x14, 0xA5, 0xFF, 0xB2, 0x94, 0xF9, 0xB2, 0x94, 0xEF,
  0xD2, 0x9C, 0xEF, 0xD3, 0x9C, 0xEF, 0xF3, 0x9C, 0xEF, 0xF3, 0x9C, 0xEF, 0x14, 0xA5, 0xEF, 0x14, 0xA5, 0xEF, 0x14, 0xA5, 0xEF, 0x14, 0xA5, 0xEF,
  0x14, 0xA5, 0xEF, 0x34, 0xA5, 0xEF, 0x34, 0xA5, 0xEF, 0x34, 0xAD, 0xED, 0x34, 0xAD, 0xEB, 0x55, 0xAD, 0xEB, 0x55, 0xAD, 0xEB, 0x75, 0xAD, 0xEB,
  0x75, 0xAD, 0xEB, 0xB2, 0x94, 0xB5, 0x71, 0x94, 0xAD, 0x92, 0x94, 0xAF, 0x92, 0x94, 0xAD, 0x92, 0x94, 0xAD, 0xB2, 0x94, 0xAD, 0xB2, 0x94, 0xAD,
  0xD3, 0x9C, 0xAD, 0xD3, 0x9C, 0xAD, 0xD3, 0x9C, 0xAD, 0xD3, 0x9C, 0xAD, 0xF3, 0x9C, 0xAB, 0x14, 0xA5, 0xAB, 0x10, 0x84, 0x7C, 0xAE, 0x73, 0x67,
  0xAE, 0x73, 0x68, 0xAE, 0x73, 0x67, 0xAE, 0x73, 0x67, 0xAE, 0x73, 0x67, 0xAE, 0x73, 0x67, 0xCF, 0x7B, 0x67, 0xCF, 0x7B, 0x67, 0xEF, 0x7B, 0x67,
  0xEF, 0x7B, 0x67, 0xEF, 0x7B, 0x67, 0x10, 0x84, 0x67, 0x10, 0x84, 0x66, 0x30, 0x84, 0x67, 0x0C, 0x63, 0x3B, 0xAA, 0x52, 0x2F, 0xCB, 0x5A, 0x2F,
  0xCB, 0x5A, 0x30, 0xEB, 0x5A, 0x30, 0xEB, 0x5A, 0x30, 0x0C, 0x63, 0x30, 0xEB, 0x5A, 0x2B, 0xA6, 0x31, 0x0F, 0xC7, 0x39, 0x11, 0xC7, 0x39, 0x11,
  0xE7, 0x39, 0x12, 0x45, 0x29, 0x08, 0x04, 0x21, 0x04, 0xA2, 0x10, 0x02, 0x20, 0x00, 0x00, 0x00, 0x00, 0x00, 0x00, 0x00, 0x00, 0x00, 0x00, 0x00,
  0xFF, 0xFF, 0x00, 0xFF, 0xFF, 0x00, 0xFF, 0xFF, 0x00, 0xFF, 0xFF, 0x00, 0xFF, 0xFF, 0x00, 0xFF, 0xFF, 0x00, 0xFF, 0xFF, 0x00, 0xFF, 0xFF, 0x00,
  0xFF, 0xFF, 0x00, 0xFF, 0xFF, 0x00, 0xFF, 0xFF, 0x00, 0xFF, 0xFF, 0x00, 0xFF, 0xFF, 0x00, 0xFF, 0xFF, 0x00, 0xFF, 0xFF, 0x00, 0xFF, 0xFF, 0x00,
  0xFF, 0xFF, 0x00, 0xFF, 0xFF, 0x00, 0xFF, 0xFF, 0x00, 0xFF, 0xFF, 0x00, 0xFF, 0xFF, 0x00, 0xFF, 0xFF, 0x00, 0xFF, 0xFF, 0x00, 0xFF, 0xFF, 0x00,
  0xFF, 0xFF, 0x00, 0xFF, 0xFF, 0x00, 0xFF, 0xFF, 0x00, 0xFF, 0xFF, 0x00, 0xFF, 0xFF, 0x00, 0xFF, 0xFF, 0x00, 0xFF, 0xFF, 0x00, 0xFF, 0xFF, 0x00,
  0xFF, 0xFF, 0x00, 0xFF, 0xFF, 0x00, 0xFF, 0xFF, 0x00, 0xFF, 0xFF, 0x00, 0xFF, 0xFF, 0x00, 0xFF, 0xFF, 0x00, 0xFF, 0xFF, 0x00, 0xFF, 0xFF, 0x00,
  0xFF, 0xFF, 0x00, 0xFF, 0xFF, 0x00, 0xFF, 0xFF, 0x00, 0xFF, 0xFF, 0x00, 0xFF, 0xFF, 0x00, 0xFF, 0xFF, 0x00, 0xFF, 0xFF, 0x00, 0xFF, 0xFF, 0x00,
  0xFF, 0xFF, 0x00, 0xFF, 0xFF, 0x00, 0xFF, 0xFF, 0x00, 0xFF, 0xFF, 0x00, 0xFF, 0xFF, 0x00, 0xFF, 0xFF, 0x00, 0xFF, 0xFF, 0x00, 0x00, 0x00, 0x00,
  0x00, 0x00, 0x00, 0x00, 0x00, 0x00, 0x00, 0x00, 0x00, 0x00, 0x00, 0x00, 0x00, 0x00, 0x00, 0x00, 0x00, 0x00, 0x00, 0x00, 0x00, 0x00, 0x00, 0x00,
  0x00, 0x00, 0x00, 0x00, 0x00, 0x00, 0x00, 0x00, 0x00, 0x00, 0x00, 0x00, 0x00, 0x00, 0x00, 0x00, 0x00, 0x00, 0x00, 0x00, 0x00, 0x00, 0x00, 0x00,
  0x00, 0x00, 0x00, 0x00, 0x00, 0x00, 0x00, 0x00, 0x00, 0x00, 0x00, 0x00, 0x00, 0x00, 0x00, 0x00, 0x00, 0x00, 0x00, 0x00, 0x00, 0x00, 0x00, 0x00,
  0x00, 0x00, 0x00, 0x00, 0x00, 0x00, 0x00, 0x00, 0x00, 0x00, 0x00, 0x00, 0x00, 0x00, 0x00, 0x00, 0x00, 0x00, 0x00, 0x00, 0x00, 0x00, 0x00, 0x00,
  0x00, 0x00, 0x00, 0x00, 0x00, 0x00, 0x00, 0x00, 0x00, 0x00, 0x00, 0x00, 0x00, 0x00, 0x00, 0x00, 0x00, 0x00, 0x00, 0x00, 0x00, 0x00, 0x00, 0x00,
  0x00, 0x00, 0x00, 0x00, 0x00, 0x00, 0x00, 0x00, 0x00, 0x00, 0x00, 0x00, 0x00, 0x00, 0x00, 0x00, 0x00, 0x00, 0x00, 0x00, 0x00, 0x00, 0x00, 0x00,
  0x00, 0x00, 0x00, 0x00, 0x00, 0x00, 0x00, 0x00, 0x00, 0x00, 0x00, 0x00, 0x00, 0x00, 0x00, 0x00, 0x00, 0x00, 0x00, 0x00, 0x00, 0x00, 0x00, 0x00,
  0x00, 0x00, 0x00, 0x00, 0x00, 0x00, 0x00, 0x00, 0x00, 0x00, 0x00, 0x00, 0x00, 0x00, 0x00, 0x00, 0x00, 0x00, 0x00, 0x00, 0x00, 0x00, 0x00, 0x00,
  0x00, 0x00, 0x00, 0x00, 0x00, 0x00, 0x00, 0x00, 0x00, 0x00, 0x00, 0x00, 0x00, 0x00, 0x00, 0x00, 0x00, 0x00, 0x00, 0x00, 0x00, 0x00, 0x00, 0x00,
  0x00, 0x00, 0x00, 0x00, 0x00, 0x00, 0x00, 0x00, 0x00, 0x00, 0x00, 0x00, 0x00, 0x00, 0x00, 0x00, 0x00, 0x00, 0x00, 0x00, 0x00, 0x00, 0x00, 0x00,
  0x00, 0x00, 0x00, 0xC3, 0x18, 0x03, 0xC3, 0x18, 0x03, 0xC3, 0x18, 0x03, 0xC3, 0x18, 0x03, 0xC3, 0x18, 0x03, 0xC3, 0x18, 0x03, 0xC3, 0x18, 0x03,
  0xC3, 0x18, 0x03, 0xC3, 0x18, 0x03, 0xC3, 0x18, 0x03, 0xC3, 0x18, 0x03, 0xA3, 0x10, 0x03, 0xA2, 0x10, 0x03, 0xA2, 0x10, 0x03, 0xA2, 0x10, 0x03,
  0xA2, 0x10, 0x03, 0xA2, 0x10, 0x03, 0xA2, 0x10, 0x03, 0xA2, 0x10, 0x03, 0xA2, 0x10, 0x03, 0xA2, 0x10, 0x03, 0xA2, 0x10, 0x03, 0xA2, 0x10, 0x03,
  0xA2, 0x10, 0x03, 0xA2, 0x10, 0x03, 0xA2, 0x10, 0x03, 0xA2, 0x10, 0x03, 0xA2, 0x10, 0x03, 0xC3, 0x18, 0x04, 0xE7, 0x39, 0x13, 0xE7, 0x39, 0x14,
  0xE7, 0x39, 0x14, 0xC7, 0x39, 0x14, 0xC7, 0x39, 0x14, 0xC7, 0x39, 0x14, 0xC7, 0x39, 0x14, 0xC7, 0x39, 0x14, 0xC7, 0x39, 0x14, 0xA6, 0x31, 0x14,
  0xA6, 0x31, 0x14, 0x86, 0x31, 0x14, 0x86, 0x31, 0x14, 0x86, 0x31, 0x14, 0x65, 0x29, 0x14, 0x45, 0x29, 0x14, 0x24, 0x21, 0x14, 0x24, 0x21, 0x14,
  0x45, 0x29, 0x14, 0x04, 0x21, 0x14, 0xA2, 0x10, 0x14, 0x61, 0x08, 0x14, 0x24, 0x21, 0x2D, 0x65, 0x29, 0x3A, 0x45, 0x29, 0x36, 0x61, 0x08, 0x15,
  0xA2, 0x10, 0x14, 0xE3, 0x18, 0x14, 0x24, 0x21, 0x14, 0x24, 0x21, 0x14, 0x04, 0x21, 0x14, 0x24, 0x21, 0x14, 0x45, 0x29, 0x14, 0x65, 0x29, 0x14,
  0x86, 0x31, 0x14, 0x86, 0x31, 0x14, 0xA6, 0x31, 0x14, 0xA6, 0x31, 0x14, 0xC7, 0x39, 0x14, 0xC7, 0x39, 0x14, 0xC7, 0x39, 0x14, 0xE7, 0x39, 0x14,
  0xE7, 0x39, 0x13, 0xE7, 0x39, 0x14, 0xE3, 0x18, 0x06, 0xA2, 0x10, 0x03, 0xA2, 0x10, 0x03, 0xA2, 0x10, 0x03, 0xA2, 0x10, 0x03, 0xA2, 0x10, 0x03,
  0xA2, 0x10, 0x03, 0xA2, 0x10, 0x03, 0xA2, 0x10, 0x03, 0xA2, 0x10, 0x03, 0xC3, 0x18, 0x03, 0xC3, 0x18, 0x03, 0xC3, 0x18, 0x03, 0xC3, 0x18, 0x03,
  0xC3, 0x18, 0x03, 0xC3, 0x18, 0x03, 0xC3, 0x18, 0x03, 0xE3, 0x18, 0x03, 0xC3, 0x18, 0x03, 0x00, 0x00, 0x00, 0x00, 0x00, 0x00, 0x00, 0x00, 0x00,
  0x00, 0x00, 0x00, 0x00, 0x00, 0x00, 0x00, 0x00, 0x00, 0x00, 0x00, 0x00, 0x00, 0x00, 0x00, 0x00, 0x00, 0x00, 0x00, 0x00, 0x00, 0x00, 0x00, 0x00,
  0x00, 0x00, 0x00, 0x00, 0x00, 0x00, 0x00, 0x00, 0x00, 0x00, 0x00, 0x00, 0x00, 0x00, 0x00, 0x00, 0x00, 0x00, 0x00, 0x00, 0x00, 0x00, 0x00, 0x00,
  0x00, 0x00, 0x00, 0x00, 0x00, 0x00, 0x00, 0x00, 0x00, 0x00, 0x00, 0x00, 0x00, 0x00, 0x00, 0x00, 0x00, 0x00, 0x00, 0x00, 0x00, 0x00, 0x00, 0x00,
  0x00, 0x00, 0x00, 0x00, 0x00, 0x00, 0x00, 0x00, 0x00, 0x00, 0x00, 0x00, 0x00, 0x00, 0x00, 0x00, 0x00, 0x00, 0x00, 0x00, 0x00, 0x00, 0x00, 0x00,
  0x00, 0x00, 0x00, 0x00, 0x00, 0x00, 0x00, 0x00, 0x00, 0x00, 0x00, 0x00, 0x00, 0x00, 0x00, 0x00, 0x00, 0x00, 0x00, 0x00, 0x00, 0x00, 0x00, 0x00,
  0x00, 0x00, 0x00, 0x00, 0x00, 0x00, 0x00, 0x00, 0x00, 0x00, 0x00, 0x00, 0xFF, 0xFF, 0x00, 0xFF, 0xFF, 0x00, 0xFF, 0xFF, 0x00, 0xFF, 0xFF, 0x00,
  0xFF, 0xFF, 0x00, 0xFF, 0xFF, 0x00, 0xFF, 0xFF, 0x00, 0xFF, 0xFF, 0x00, 0xFF, 0xFF, 0x00, 0xFF, 0xFF, 0x00, 0xFF, 0xFF, 0x00, 0xFF, 0xFF, 0x00,
  0xFF, 0xFF, 0x00, 0xFF, 0xFF, 0x00, 0xFF, 0xFF, 0x00, 0xFF, 0xFF, 0x00, 0xFF, 0xFF, 0x00, 0xFF, 0xFF, 0x00, 0xFF, 0xFF, 0x00, 0xFF, 0xFF, 0x00,
  0xFF, 0xFF, 0x00, 0xFF, 0xFF, 0x00, 0xFF, 0xFF, 0x00, 0xFF, 0xFF, 0x00, 0xFF, 0xFF, 0x00, 0xFF, 0xFF, 0x00, 0xFF, 0xFF, 0x00, 0xFF, 0xFF, 0x00,
  0xFF, 0xFF, 0x00, 0xFF, 0xFF, 0x00, 0xFF, 0xFF, 0x00, 0xFF, 0xFF, 0x00, 0xFF, 0xFF, 0x00, 0xFF, 0xFF, 0x00, 0xFF, 0xFF, 0x00, 0xFF, 0xFF, 0x00,
  0xFF, 0xFF, 0x00, 0xFF, 0xFF, 0x00, 0xFF, 0xFF, 0x00, 0xFF, 0xFF, 0x00, 0xFF, 0xFF, 0x00, 0xFF, 0xFF, 0x00, 0xFF, 0xFF, 0x00, 0xFF, 0xFF, 0x00,
  0xFF, 0xFF, 0x00, 0xFF, 0xFF, 0x00, 0xFF, 0xFF, 0x00, 0xFF, 0xFF, 0x00, 0xFF, 0xFF, 0x00, 0xFF, 0xFF, 0x00, 0xFF, 0xFF, 0x00, 0xFF, 0xFF, 0x00,
  0xFF, 0xFF, 0x00, 0xFF, 0xFF, 0x00, 0xFF, 0xFF, 0x00, 0x00, 0x00, 0x00, 0x00, 0x00, 0x00, 0x00, 0x00, 0x00, 0x00, 0x00, 0x00, 0x00, 0x00, 0x00,
  0x00, 0x00, 0x00, 0x00, 0x00, 0x00, 0x00, 0x00, 0x00, 0x00, 0x00, 0x00, 0x00, 0x00, 0x00, 0x00, 0x00, 0x00, 0x00, 0x00, 0x00, 0x00, 0x00, 0x00,
  0x00, 0x00, 0x00, 0x00, 0x00, 0x00, 0x00, 0x00, 0x00, 0x00, 0x00, 0x00, 0x00, 0x00, 0x00, 0x00, 0x00, 0x00, 0x00, 0x00, 0x00, 0x00, 0x00, 0x00,
  0x00, 0x00, 0x00, 0x00, 0x00, 0x00, 0x00, 0x00, 0x00, 0x00, 0x00, 0x00, 0x00, 0x00, 0x00, 0x00, 0x00, 0x00, 0x00, 0x00, 0x00, 0x00, 0x00, 0x00,
  0x00, 0x00, 0x00, 0x00, 0x00, 0x00, 0x00, 0x00, 0x00, 0x00, 0x00, 0x00, 0x00, 0x00, 0x00, 0x00, 0x00, 0x00, 0x00, 0x00, 0x00, 0x00, 0x00, 0x00,
  0x00, 0x00, 0x00, 0x00, 0x00, 0x00, 0x00, 0x00, 0x00, 0x00, 0x00, 0x00, 0x00, 0x00, 0x00, 0x00, 0x00, 0x00, 0x00, 0x00, 0x00, 0x00, 0x00, 0x00,
  0x00, 0x00, 0x00, 0x00, 0x00, 0x00, 0x00, 0x00, 0x00, 0x00, 0x00, 0x00, 0x00, 0x00, 0x00, 0x00, 0x00, 0x00, 0x00, 0x00, 0x00, 0x00, 0x00, 0x00,
  0x00, 0x00, 0x00, 0x00, 0x00, 0x00, 0x00, 0x00, 0x00, 0x00, 0x00, 0x00, 0x00, 0x00, 0x00, 0x00, 0x00, 0x00, 0x00, 0x00, 0x00, 0x00, 0x00, 0x00,
  0x00, 0x00, 0x00, 0x00, 0x00, 0x00, 0x00, 0x00, 0x00, 0x00, 0x00, 0x00, 0x00, 0x00, 0x00, 0x00, 0x00, 0x00, 0x00, 0x00, 0x00, 0x00, 0x00, 0x00,
  0x00, 0x00, 0x00, 0x00, 0x00, 0x00, 0x00, 0x00, 0x00, 0x00, 0x00, 0x00, 0x00, 0x00, 0x00, 0x00, 0x00, 0x00, 0x00, 0x00, 0x00, 0x00, 0x00, 0x00,
  0x00, 0x00, 0x00, 0x00, 0x00, 0x00, 0x00, 0x00, 0x00, 0x00, 0x00, 0x00, 0x00, 0x00, 0x00, 0x00, 0x00, 0x00, 0x00, 0x00, 0x00, 0x00, 0x00, 0x00,
  0x00, 0x00, 0x00, 0x00, 0x00, 0x00, 0x00, 0x00, 0x00, 0x00, 0x00, 0x00, 0x00, 0x00, 0x00, 0x00, 0x00, 0x00, 0x00, 0x00, 0x00, 0x00, 0x00, 0x00,
  0x00, 0x00, 0x00, 0x00, 0x00, 0x00, 0x00, 0x00, 0x00, 0x00, 0x00, 0x00, 0x00, 0x00, 0x00, 0x00, 0x00, 0x00, 0x00, 0x00, 0x00, 0x00, 0x00, 0x00,
  0x00, 0x00, 0x00, 0x00, 0x00, 0x00, 0x00, 0x00, 0x00, 0x00, 0x00, 0x00, 0x00, 0x00, 0x00, 0x00, 0x00, 0x00, 0x00, 0x00, 0x00, 0x00, 0x00, 0x00,
  0x00, 0x00, 0x00, 0x00, 0x00, 0x00, 0x00, 0x00, 0x00, 0x00, 0x00, 0x00, 0x00, 0x00, 0x00, 0x00, 0x00, 0x00, 0x00, 0x00, 0x00, 0x00, 0x00, 0x00,
  0x00, 0x00, 0x00, 0x00, 0x00, 0x00, 0x00, 0x00, 0x00, 0x00, 0x00, 0x00, 0x00, 0x00, 0x00, 0x00, 0x00, 0x00, 0x00, 0x00, 0x00, 0x00, 0x00, 0x00,
  0x00, 0x00, 0x00, 0x00, 0x00, 0x00, 0x00, 0x00, 0x00, 0x00, 0x00, 0x00, 0x00, 0x00, 0x00, 0x00, 0x00, 0x00, 0x00, 0x00, 0x00, 0x00, 0x00, 0x00,
  0x00, 0x00, 0x00, 0x00, 0x00, 0x00, 0x00, 0x00, 0x00, 0x00, 0x00, 0x00, 0x00, 0x00, 0x00, 0x00, 0x00, 0x00, 0x00, 0x00, 0x00, 0x00, 0x00, 0x00,
  0x00, 0x00, 0x00, 0x00, 0x00, 0x00, 0x00, 0x00, 0x00, 0x00, 0x00, 0x00, 0x00, 0x00, 0x00, 0x00, 0x00, 0x00, 0x00, 0x00, 0x00, 0x00, 0x00, 0x00,
  0x00, 0x00, 0x00, 0x00, 0x00, 0x00, 0x00, 0x00, 0x00, 0x00, 0x00, 0x00, 0x00, 0x00, 0x00, 0x00, 0x00, 0x00, 0x00, 0x00, 0x00, 0x00, 0x00, 0x00,
  0x00, 0x00, 0x00, 0x00, 0x00, 0x00, 0x00, 0x00, 0x00, 0x00, 0x00, 0x00, 0x00, 0x00, 0x00, 0x00, 0x00, 0x00, 0x00, 0x00, 0x00, 0x00, 0x00, 0x00,
  0x00, 0x00, 0x00, 0x00, 0x00, 0x00, 0x00, 0x00, 0x00, 0x00, 0x00, 0x00, 0x00, 0x00, 0x00, 0x00, 0x00, 0x00, 0x00, 0x00, 0x00, 0x00, 0x00, 0x00,
  0x00, 0x00, 0x00, 0x00, 0x00, 0x00, 0x00, 0x00, 0x00, 0x00, 0x00, 0x00, 0x00, 0x00, 0x00, 0x00, 0x00, 0x00, 0x00, 0x00, 0x00, 0x00, 0x00, 0x00,
  0x00, 0x00, 0x00, 0x00, 0x00, 0x00, 0x00, 0x00, 0x00, 0x00, 0x00, 0x00, 0x00, 0x00, 0x00, 0x00, 0x00, 0x00, 0x00, 0x00, 0x00, 0x00, 0x00, 0x00,
  0x00, 0x00, 0x00, 0x00, 0x00, 0x00, 0x00, 0x00, 0x00, 0x00, 0x00, 0x00, 0x00, 0x00, 0x00, 0x00, 0x00, 0x00, 0x00, 0x00, 0x00, 0x00, 0x00, 0x00,
  0x00, 0x00, 0x00, 0x00, 0x00, 0x00, 0x00, 0x00, 0x00, 0x00, 0x00, 0x00, 0x00, 0x00, 0x00, 0x00, 0x00, 0x00, 0x00, 0x00, 0x00, 0x00, 0x00, 0x00,
  0x00, 0x00, 0x00, 0x00, 0x00, 0x00, 0x20, 0x00, 0x00, 0x20, 0x00, 0x00, 0x20, 0x00, 0x00, 0x00, 0x00, 0x00, 0x00, 0x00, 0x00, 0x00, 0x00, 0x00,
  0x00, 0x00, 0x00, 0x00, 0x00, 0x00, 0x00, 0x00, 0x00, 0x00, 0x00, 0x00, 0x00, 0x00, 0x00, 0x00, 0x00, 0x00, 0x00, 0x00, 0x00, 0x00, 0x00, 0x00,
  0xFF, 0xFF, 0x00, 0xFF, 0xFF, 0x00, 0xFF, 0xFF, 0x00, 0xFF, 0xFF, 0x00, 0xFF, 0xFF, 0x00, 0xFF, 0xFF, 0x00, 0xFF, 0xFF, 0x00, 0xFF, 0xFF, 0x00,
  0xFF, 0xFF, 0x00, 0xFF, 0xFF, 0x00, 0xFF, 0xFF, 0x00, 0xFF, 0xFF, 0x00, 0xFF, 0xFF, 0x00, 0xFF, 0xFF, 0x00, 0xFF, 0xFF, 0x00, 0xFF, 0xFF, 0x00,
  0xFF, 0xFF, 0x00, 0xFF, 0xFF, 0x00, 0xFF, 0xFF, 0x00, 0xFF, 0xFF, 0x00, 0xFF, 0xFF, 0x00, 0xFF, 0xFF, 0x00, 0xFF, 0xFF, 0x00, 0xFF, 0xFF, 0x00,
  0xFF, 0xFF, 0x00, 0xFF, 0xFF, 0x00, 0xFF, 0xFF, 0x00, 0xFF, 0xFF, 0x00, 0xFF, 0xFF, 0x00, 0xFF, 0xFF, 0x00, 0xFF, 0xFF, 0x00, 0xFF, 0xFF, 0x00,
  0xFF, 0xFF, 0x00, 0xFF, 0xFF, 0x00, 0xFF, 0xFF, 0x00, 0xFF, 0xFF, 0x00, 0xFF, 0xFF, 0x00, 0xFF, 0xFF, 0x00, 0xFF, 0xFF, 0x00, 0xFF, 0xFF, 0x00,
  0xFF, 0xFF, 0x00, 0xFF, 0xFF, 0x00, 0xFF, 0xFF, 0x00, 0xFF, 0xFF, 0x00, 0xFF, 0xFF, 0x00, 0xFF, 0xFF, 0x00, 0xFF, 0xFF, 0x00, 0xFF, 0xFF, 0x00,
  0xFF, 0xFF, 0x00, 0xFF, 0xFF, 0x00, 0xFF, 0xFF, 0x00, 0xFF, 0xFF, 0x00, 0xFF, 0xFF, 0x00, 0xFF, 0xFF, 0x00, 0xFF, 0xFF, 0x00, 0x00, 0x00, 0x00,
  0x00, 0x00, 0x00, 0x00, 0x00, 0x00, 0x00, 0x00, 0x00, 0x00, 0x00, 0x00, 0x00, 0x00, 0x00, 0x00, 0x00, 0x00, 0x00, 0x00, 0x00, 0x00, 0x00, 0x00,
  0x00, 0x00, 0x00, 0x00, 0x00, 0x00, 0x00, 0x00, 0x00, 0x00, 0x00, 0x00, 0x00, 0x00, 0x00, 0x00, 0x00, 0x00, 0x00, 0x00, 0x00, 0x00, 0x00, 0x00,
  0x00, 0x00, 0x00, 0x00, 0x00, 0x00, 0x00, 0x00, 0x00, 0x00, 0x00, 0x00, 0x00, 0x00, 0x00, 0x00, 0x00, 0x00, 0x00, 0x00, 0x00, 0x00, 0x00, 0x00,
  0x00, 0x00, 0x00, 0x00, 0x00, 0x00, 0x00, 0x00, 0x00, 0x00, 0x00, 0x00, 0x00, 0x00, 0x00, 0x00, 0x00, 0x00, 0x00, 0x00, 0x00, 0x00, 0x00, 0x00,
  0x00, 0x00, 0x00, 0x00, 0x00, 0x00, 0x00, 0x00, 0x00, 0x00, 0x00, 0x00, 0x00, 0x00, 0x00, 0x00, 0x00, 0x00, 0x00, 0x00, 0x00, 0x00, 0x00, 0x00,
  0x00, 0x00, 0x00, 0x00, 0x00, 0x00, 0x00, 0x00, 0x00, 0x00, 0x00, 0x00, 0x00, 0x00, 0x00, 0x00, 0x00, 0x00, 0x00, 0x00, 0x00, 0x00, 0x00, 0x00,
  0x00, 0x00, 0x00, 0x00, 0x00, 0x00, 0x00, 0x00, 0x00, 0x00, 0x00, 0x00, 0x00, 0x00, 0x00, 0x00, 0x00, 0x00, 0x00, 0x00, 0x00, 0x00, 0x00, 0x00,
  0x00, 0x00, 0x00, 0x00, 0x00, 0x00, 0x00, 0x00, 0x00, 0x00, 0x00, 0x00, 0x00, 0x00, 0x00, 0x00, 0x00, 0x00, 0x00, 0x00, 0x00, 0x00, 0x00, 0x00,
  0x00, 0x00, 0x00, 0x00, 0x00, 0x00, 0x00, 0x00, 0x00, 0x00, 0x00, 0x00, 0x00, 0x00, 0x00, 0x00, 0x00, 0x00, 0x00, 0x00, 0x00, 0x00, 0x00, 0x00,
  0x00, 0x00, 0x00, 0x00, 0x00, 0x00, 0x00, 0x00, 0x00, 0x00, 0x00, 0x00, 0x00, 0x00, 0x00, 0x00, 0x00, 0x00, 0x00, 0x00, 0x00, 0x00, 0x00, 0x00,
  0x00, 0x00, 0x00, 0x00, 0x00, 0x00, 0x00, 0x00, 0x00, 0x00, 0x00, 0x00, 0x00, 0x00, 0x00, 0x00, 0x00, 0x00, 0x00, 0x00, 0x00, 0x00, 0x00, 0x00,
  0x00, 0x00, 0x00, 0x00, 0x00, 0x00, 0x00, 0x00, 0x00, 0x00, 0x00, 0x00, 0x00, 0x00, 0x00, 0x00, 0x00, 0x00, 0x00, 0x00, 0x00, 0x00, 0x00, 0x00,
  0x00, 0x00, 0x00, 0x00, 0x00, 0x00, 0x00, 0x00, 0x00, 0x00, 0x00, 0x00, 0x00, 0x00, 0x00, 0x00, 0x00, 0x00, 0x00, 0x00, 0x00, 0x00, 0x00, 0x00,
  0x00, 0x00, 0x00, 0x00, 0x00, 0x00, 0x00, 0x00, 0x00, 0x00, 0x00, 0x00, 0x00, 0x00, 0x00, 0x00, 0x00, 0x00, 0x00, 0x00, 0x00, 0x00, 0x00, 0x00,
  0x00, 0x00, 0x00, 0x00, 0x00, 0x00, 0x00, 0x00, 0x00, 0x00, 0x00, 0x00, 0x00, 0x00, 0x00, 0x00, 0x00, 0x00, 0x00, 0x00, 0x00, 0x00, 0x00, 0x00,
  0x00, 0x00, 0x00, 0x00, 0x00, 0x00, 0x00, 0x00, 0x00, 0x00, 0x00, 0x00, 0x00, 0x00, 0x00, 0x00, 0x00, 0x00, 0x00, 0x00, 0x00, 0x00, 0x00, 0x00,
  0x00, 0x00, 0x00, 0x00, 0x00, 0x00, 0x00, 0x00, 0x00, 0x00, 0x00, 0x00, 0x00, 0x00, 0x00, 0x00, 0x00, 0x00, 0x00, 0x00, 0x00, 0x00, 0x00, 0x00,
  0x00, 0x00, 0x00, 0x00, 0x00, 0x00, 0x00, 0x00, 0x00, 0x00, 0x00, 0x00, 0x00, 0x00, 0x00, 0x00, 0x00, 0x00, 0x00, 0x00, 0x00, 0x00, 0x00, 0x00,
  0x00, 0x00, 0x00, 0x00, 0x00, 0x00, 0x00, 0x00, 0x00, 0x00, 0x00, 0x00, 0x00, 0x00, 0x00, 0x00, 0x00, 0x00, 0x00, 0x00, 0x00, 0x00, 0x00, 0x00,
  0x00, 0x00, 0x00, 0x00, 0x00, 0x00, 0x00, 0x00, 0x00, 0x00, 0x00, 0x00, 0x00, 0x00, 0x00, 0x00, 0x00, 0x00, 0x00, 0x00, 0x00, 0x00, 0x00, 0x00,
  0x00, 0x00, 0x00, 0x00, 0x00, 0x00, 0x00, 0x00, 0x00, 0x00, 0x00, 0x00, 0x00, 0x00, 0x00, 0x00, 0x00, 0x00, 0x00, 0x00, 0x00, 0x00, 0x00, 0x00,
  0x00, 0x00, 0x00, 0x00, 0x00, 0x00, 0x00, 0x00, 0x00, 0x00, 0x00, 0x00, 0x00, 0x00, 0x00, 0x00, 0x00, 0x00, 0x00, 0x00, 0x00, 0x00, 0x00, 0x00,
  0x00, 0x00, 0x00, 0x00, 0x00, 0x00, 0x00, 0x00, 0x00, 0x00, 0x00, 0x00, 0x00, 0x00, 0x00, 0x00, 0x00, 0x00, 0x00, 0x00, 0x00, 0x00, 0x00, 0x00,
  0x00, 0x00, 0x00, 0x00, 0x00, 0x00, 0x00, 0x00, 0x00, 0x00, 0x00, 0x00, 0x00, 0x00, 0x00, 0x00, 0x00, 0x00, 0x00, 0x00, 0x00, 0x00, 0x00, 0x00,
  0x00, 0x00, 0x00, 0x00, 0x00, 0x00, 0x00, 0x00, 0x00, 0x00, 0x00, 0x00, 0x00, 0x00, 0x00, 0x00, 0x00, 0x00, 0x00, 0x00, 0x00, 0x00, 0x00, 0x00,
  0x00, 0x00, 0x00, 0x00, 0x00, 0x00, 0x00, 0x00, 0x00, 0x00, 0x00, 0x00, 0x00, 0x00, 0x00, 0x00, 0x00, 0x00, 0x00, 0x00, 0x00, 0x00, 0x00, 0x00,
  0x00, 0x00, 0x00, 0x00, 0x00, 0x00, 0x00, 0x00, 0x00, 0x00, 0x00, 0x00, 0x00, 0x00, 0x00, 0x00, 0x00, 0x00, 0x00, 0x00, 0x00, 0x00, 0x00, 0x00,
  0x00, 0x00, 0x00, 0x00, 0x00, 0x00, 0x00, 0x00, 0x00, 0x00, 0x00, 0x00, 0xFF, 0xFF, 0x00, 0xFF, 0xFF, 0x00, 0xFF, 0xFF, 0x00, 0xFF, 0xFF, 0x00,
  0xFF, 0xFF, 0x00, 0xFF, 0xFF, 0x00, 0xFF, 0xFF, 0x00, 0xFF, 0xFF, 0x00, 0xFF, 0xFF, 0x00, 0xFF, 0xFF, 0x00, 0xFF, 0xFF, 0x00, 0xFF, 0xFF, 0x00,
  0xFF, 0xFF, 0x00, 0xFF, 0xFF, 0x00, 0xFF, 0xFF, 0x00, 0xFF, 0xFF, 0x00, 0xFF, 0xFF, 0x00, 0xFF, 0xFF, 0x00, 0xFF, 0xFF, 0x00, 0xFF, 0xFF, 0x00,
  0xFF, 0xFF, 0x00, 0xFF, 0xFF, 0x00, 0xFF, 0xFF, 0x00, 0xFF, 0xFF, 0x00, 0xFF, 0xFF, 0x00, 0xFF, 0xFF, 0x00, 0xFF, 0xFF, 0x00, 0xFF, 0xFF, 0x00,
  0xFF, 0xFF, 0x00, 0xFF, 0xFF, 0x00, 0xFF, 0xFF, 0x00, 0xFF, 0xFF, 0x00, 0xFF, 0xFF, 0x00, 0xFF, 0xFF, 0x00, 0xFF, 0xFF, 0x00, 0xFF, 0xFF, 0x00,
  0xFF, 0xFF, 0x00, 0xFF, 0xFF, 0x00, 0xFF, 0xFF, 0x00, 0xFF, 0xFF, 0x00, 0xFF, 0xFF, 0x00, 0xFF, 0xFF, 0x00, 0xFF, 0xFF, 0x00, 0xFF, 0xFF, 0x00,
  0xFF, 0xFF, 0x00, 0xFF, 0xFF, 0x00, 0xFF, 0xFF, 0x00, 0xFF, 0xFF, 0x00, 0xFF, 0xFF, 0x00, 0xFF, 0xFF, 0x00, 0xFF, 0xFF, 0x00, 0xFF, 0xFF, 0x00,
  0xFF, 0xFF, 0x00, 0xFF, 0xFF, 0x00, 0xFF, 0xFF, 0x00, 0x00, 0x00, 0x00, 0x00, 0x00, 0x00, 0x00, 0x00, 0x00, 0x00, 0x00, 0x00, 0x00, 0x00, 0x00,
  0x00, 0x00, 0x00, 0x00, 0x00, 0x00, 0x00, 0x00, 0x00, 0x00, 0x00, 0x00, 0x00, 0x00, 0x00, 0x00, 0x00, 0x00, 0x00, 0x00, 0x00, 0x00, 0x00, 0x00,
  0x00, 0x00, 0x00, 0x00, 0x00, 0x00, 0x00, 0x00, 0x00, 0x00, 0x00, 0x00, 0x00, 0x00, 0x00, 0x00, 0x00, 0x00, 0x00, 0x00, 0x00, 0x00, 0x00, 0x00,
  0x00, 0x00, 0x00, 0x00, 0x00, 0x00, 0x00, 0x00, 0x00, 0x00, 0x00, 0x00, 0x00, 0x00, 0x00, 0x00, 0x00, 0x00, 0x00, 0x00, 0x00, 0x00, 0x00, 0x00,
  0x00, 0x00, 0x00, 0x00, 0x00, 0x00, 0x00, 0x00, 0x00, 0x00, 0x00, 0x00, 0x00, 0x00, 0x00, 0x00, 0x00, 0x00, 0x00, 0x00, 0x00, 0x00, 0x00, 0x00,
  0x00, 0x00, 0x00, 0x00, 0x00, 0x00, 0x00, 0x00, 0x00, 0x00, 0x00, 0x00, 0x00, 0x00, 0x00, 0x00, 0x00, 0x00, 0x00, 0x00, 0x00, 0x00, 0x00, 0x00,
  0x00, 0x00, 0x00, 0x00, 0x00, 0x00, 0x00, 0x00, 0x00, 0x00, 0x00, 0x00, 0x00, 0x00, 0x00, 0x00, 0x00, 0x00, 0x00, 0x00, 0x00, 0x00, 0x00, 0x00,
  0x00, 0x00, 0x00, 0x00, 0x00, 0x00, 0x00, 0x00, 0x00, 0x00, 0x00, 0x00, 0x00, 0x00, 0x00, 0x00, 0x00, 0x00, 0x00, 0x00, 0x00, 0x00, 0x00, 0x00,
  0x00, 0x00, 0x00, 0x00, 0x00, 0x00, 0x00, 0x00, 0x00, 0x00, 0x00, 0x00, 0x00, 0x00, 0x00, 0x00, 0x00, 0x00, 0x00, 0x00, 0x00, 0x00, 0x00, 0x00,
  0x00, 0x00, 0x00, 0x00, 0x00, 0x00, 0x00, 0x00, 0x00, 0x00, 0x00, 0x00, 0x00, 0x00, 0x00, 0x00, 0x00, 0x00, 0x00, 0x00, 0x00, 0x00, 0x00, 0x00,
  0x00, 0x00, 0x00, 0x00, 0x00, 0x00, 0x00, 0x00, 0x00, 0x00, 0x00, 0x00, 0x00, 0x00, 0x00, 0x00, 0x00, 0x00, 0x00, 0x00, 0x00, 0x00, 0x00, 0x00,
  0x00, 0x00, 0x00, 0x00, 0x00, 0x00, 0x00, 0x00, 0x00, 0x00, 0x00, 0x00, 0x00, 0x00, 0x00, 0x00, 0x00, 0x00, 0x00, 0x00, 0x00, 0x00, 0x00, 0x00,
  0x00, 0x00, 0x00, 0x00, 0x00, 0x00, 0x00, 0x00, 0x00, 0x00, 0x00, 0x00, 0x00, 0x00, 0x00, 0x00, 0x00, 0x00, 0x00, 0x00, 0x00, 0x00, 0x00, 0x00,
  0x00, 0x00, 0x00, 0x00, 0x00, 0x00, 0x00, 0x00, 0x00, 0x00, 0x00, 0x00, 0x00, 0x00, 0x00, 0x00, 0x00, 0x00, 0x00, 0x00, 0x00, 0x00, 0x00, 0x00,
  0x00, 0x00, 0x00, 0x00, 0x00, 0x00, 0x00, 0x00, 0x00, 0x00, 0x00, 0x00, 0x00, 0x00, 0x00, 0x00, 0x00, 0x00, 0x00, 0x00, 0x00, 0x00, 0x00, 0x00,
  0x00, 0x00, 0x00, 0x00, 0x00, 0x00, 0xE3, 0x18, 0x05, 0xC3, 0x18, 0x07, 0x04, 0x21, 0x13, 0x86, 0x31, 0x23, 0x04, 0x21, 0x23, 0x45, 0x29, 0x23,
  0x86, 0x31, 0x21, 0x61, 0x10, 0x08, 0x04, 0x21, 0x07, 0xA2, 0x10, 0x02, 0x20, 0x00, 0x00, 0x00, 0x00, 0x00, 0x00, 0x00, 0x00, 0x00, 0x00, 0x00,
  0x00, 0x00, 0x00, 0x00, 0x00, 0x00, 0x00, 0x00, 0x00, 0x00, 0x00, 0x00, 0x00, 0x00, 0x00, 0x00, 0x00, 0x00, 0x00, 0x00, 0x00, 0x00, 0x00, 0x00,
  0x00, 0x00, 0x00, 0x00, 0x00, 0x00, 0x00, 0x00, 0x00, 0x00, 0x00, 0x00, 0x00, 0x00, 0x00, 0x00, 0x00, 0x00, 0x00, 0x00, 0x00, 0x00, 0x00, 0x00,
  0x00, 0x00, 0x00, 0x00, 0x00, 0x00, 0x00, 0x00, 0x00, 0x00, 0x00, 0x00, 0x00, 0x00, 0x00, 0x00, 0x00, 0x00, 0x00, 0x00, 0x00, 0x00, 0x00, 0x00,
  0x00, 0x00, 0x00, 0x00, 0x00, 0x00, 0x00, 0x00, 0x00, 0x00, 0x00, 0x00, 0x00, 0x00, 0x00, 0x00, 0x00, 0x00, 0x00, 0x00, 0x00, 0x00, 0x00, 0x00,
  0x00, 0x00, 0x00, 0x00, 0x00, 0x00, 0x00, 0x00, 0x00, 0x00, 0x00, 0x00, 0x00, 0x00, 0x00, 0x00, 0x00, 0x00, 0x00, 0x00, 0x00, 0x00, 0x00, 0x00,
  0x00, 0x00, 0x00, 0x00, 0x00, 0x00, 0x00, 0x00, 0x00, 0x00, 0x00, 0x00, 0x00, 0x00, 0x00, 0x00, 0x00, 0x00, 0x00, 0x00, 0x00, 0x00, 0x00, 0x00,
  0x00, 0x00, 0x00, 0x00, 0x00, 0x00, 0x00, 0x00, 0x00, 0x00, 0x00, 0x00, 0x00, 0x00, 0x00, 0x00, 0x00, 0x00, 0x00, 0x00, 0x00, 0x00, 0x00, 0x00,
  0x00, 0x00, 0x00, 0x00, 0x00, 0x00, 0x00, 0x00, 0x00, 0x00, 0x00, 0x00, 0x00, 0x00, 0x00, 0x00, 0x00, 0x00, 0x00, 0x00, 0x00, 0x00, 0x00, 0x00,
  0x00, 0x00, 0x00, 0x00, 0x00, 0x00, 0x00, 0x00, 0x00, 0x00, 0x00, 0x00, 0x00, 0x00, 0x00, 0x00, 0x00, 0x00, 0x00, 0x00, 0x00, 0x00, 0x00, 0x00,
  0x00, 0x00, 0x00, 0x00, 0x00, 0x00, 0x00, 0x00, 0x00, 0x00, 0x00, 0x00, 0x00, 0x00, 0x00, 0x00, 0x00, 0x00, 0x00, 0x00, 0x00, 0x00, 0x00, 0x00,
  0x00, 0x00, 0x00, 0x00, 0x00, 0x00, 0x00, 0x00, 0x00, 0x00, 0x00, 0x00, 0x00, 0x00, 0x00, 0x00, 0x00, 0x00, 0x00, 0x00, 0x00, 0x00, 0x00, 0x00,
  0xFF, 0xFF, 0x00, 0xFF, 0xFF, 0x00, 0xFF, 0xFF, 0x00, 0xFF, 0xFF, 0x00, 0xFF, 0xFF, 0x00, 0xFF, 0xFF, 0x00, 0xFF, 0xFF, 0x00, 0xFF, 0xFF, 0x00,
  0xFF, 0xFF, 0x00, 0xFF, 0xFF, 0x00, 0xFF, 0xFF, 0x00, 0xFF, 0xFF, 0x00, 0xFF, 0xFF, 0x00, 0xFF, 0xFF, 0x00, 0xFF, 0xFF, 0x00, 0xFF, 0xFF, 0x00,
  0xFF, 0xFF, 0x00, 0xFF, 0xFF, 0x00, 0xFF, 0xFF, 0x00, 0xFF, 0xFF, 0x00, 0xFF, 0xFF, 0x00, 0xFF, 0xFF, 0x00, 0xFF, 0xFF, 0x00, 0xFF, 0xFF, 0x00,
  0xFF, 0xFF, 0x00, 0xFF, 0xFF, 0x00, 0xFF, 0xFF, 0x00, 0xFF, 0xFF, 0x00,
};

const lv_img_dsc_t tiltdash_side_105_alpha = {
  .header = {
    .always_zero = 0,
    .w = 276,
    .h = 105,
    .cf = LV_IMG_CF_TRUE_COLOR_ALPHA,
  },
  .data_size = 86940,
  .data = tiltdash_side_105_alpha_map,
};
