#include "lvgl.h"
// Auto-generated from tiltdash_back_105_alpha.png (115x105) by tools/graphics/png_to_lvgl.py
static const LV_ATTRIBUTE_MEM_ALIGN LV_ATTRIBUTE_LARGE_CONST uint8_t tiltdash_back_105_alpha_map[] = {
  0xFF, 0xFF, 0x00, 0xFF, 0xFF, 0x00, 0xFF, 0xFF, 0x00, 0xFF, 0xFF, 0x00, 0xFF, 0xFF, 0x00, 0xFF, 0xFF, 0x00, 0xFF, 0xFF, 0x00, 0xFF, 0xFF, 0x00,
  0xFF, 0xFF, 0x00, 0xFF, 0xFF, 0x00, 0xFF, 0xFF, 0x00, 0xFF, 0xFF, 0x00, 0xFF, 0xFF, 0x00, 0xFF, 0xFF, 0x00, 0xFF, 0xFF, 0x00, 0xFF, 0xFF, 0x00,
  0xFF, 0xFF, 0x00, 0xFF, 0xFF, 0x00, 0xFF, 0xFF, 0x00, 0xFF, 0xFF, 0x00, 0xFF, 0xFF, 0x00, 0xFF, 0xFF, 0x00, 0xFF, 0xFF, 0x00, 0xFF, 0xFF, 0x00,
  0xFF, 0xFF, 0x00, 0xFF, 0xFF, 0x00, 0xFF, 0xFF, 0x00, 0xFF, 0xFF, 0x00, 0xFF, 0xFF, 0x00, 0xFF, 0xFF, 0x00, 0xFF, 0xFF, 0x00, 0xFF, 0xFF, 0x00,
  0xFF, 0xFF, 0x00, 0xFF, 0xFF, 0x00, 0xFF, 0xFF, 0x00, 0xFF, 0xFF, 0x00, 0xFF, 0xFF, 0x00, 0xFF, 0xFF, 0x00, 0xFF, 0xFF, 0x00, 0xFF, 0xFF, 0x00,
  0xFF, 0xFF, 0x00, 0xFF, 0xFF, 0x00, 0xFF, 0xFF, 0x00, 0xFF, 0xFF, 0x00, 0xFF, 0xFF, 0x00, 0xFF, 0xFF, 0x00, 0xFF, 0xFF, 0x00, 0xFF, 0xFF, 0x00,
  0xFF, 0xFF, 0x00, 0xFF, 0xFF, 0x00, 0xFF, 0xFF, 0x00, 0xFF, 0xFF, 0x00, 0xFF, 0xFF, 0x00, 0xFF, 0xFF, 0x00, 0xFF, 0xFF, 0x00, 0xFF, 0xFF, 0x00,
  0xFF, 0xFF, 0x00, 0xFF, 0xFF, 0x00, 0xFF, 0xFF, 0x00, 0xFF, 0xFF, 0x00, 0xFF, 0xFF, 0x00, 0xFF, 0xFF, 0x00, 0xFF, 0xFF, 0x00, 0xFF, 0xFF, 0x00,
  0xFF, 0xFF, 0x00, 0xFF, 0xFF, 0x00, 0xFF, 0xFF, 0x00, 0xFF, 0xFF, 0x00, 0xFF, 0xFF, 0x00, 0xFF, 0xFF, 0x00, 0xFF, 0xFF, 0x00, 0xFF, 0xFF, 0x00,
  0xFF, 0xFF, 0x00, 0xFF, 0xFF, 0x00, 0xFF, 0xFF, 0x00, 0xFF, 0xFF, 0x00, 0xFF, 0xFF, 0x00, 0xFF, 0xFF, 0x00, 0xFF, 0xFF, 0x00, 0xFF, 0xFF, 0x00,
  0xFF, 0xFF, 0x00, 0xFF, 0xFF, 0x00, 0xFF, 0xFF, 0x00, 0xFF, 0xFF, 0x00, 0xFF, 0xFF, 0x00, 0xFF, 0xFF, 0x00, 0xFF, 0xFF, 0x00, 0xFF, 0xFF, 0x00,
  0xFF, 0xFF, 0x00, 0xFF, 0xFF, 0x00, 0xFF, 0xFF, 0x00, 0xFF, 0xFF, 0x00, 0xFF, 0xFF, 0x00, 0xFF, 0xFF, 0x00, 0xFF, 0xFF, 0x00, 0xFF, 0xFF, 0x00,
  0xFF, 0xFF, 0x00, 0xFF, 0xFF, 0x00, 0xFF, 0xFF, 0x00, 0xFF, 0xFF, 0x00, 0xFF, 0xFF, 0x00, 0xFF, 0xFF, 0x00, 0xFF, 0xFF, 0x00, 0xFF, 0xFF, 0x00,
  0xFF, 0xFF, 0x00, 0xFF, 0xFF, 0x00, 0xFF, 0xFF, 0x00, 0xFF, 0xFF, 0x00, 0xFF, 0xFF, 0x00, 0xFF, 0xFF, 0x00, 0xFF, 0xFF, 0x00, 0xFF, 0xFF, 0x00,
  0xFF, 0xFF, 0x00, 0xFF, 0xFF, 0x00, 0xFF, 0xFF, 0x00, 0xFF, 0xFF, 0x00, 0xFF, 0xFF, 0x00, 0xFF, 0xFF, 0x00, 0xFF, 0xFF, 0x00, 0xFF, 0xFF, 0x00,
  0xFF, 0xFF, 0x00, 0xFF, 0xFF, 0x00, 0xFF, 0xFF, 0x00, 0xFF, 0xFF, 0x00, 0xFF, 0xFF, 0x00, 0xFF, 0xFF, 0x00, 0xFF, 0xFF, 0x00, 0xFF, 0xFF, 0x00,
  0xFF, 0xFF, 0x00, 0xFF, 0xFF, 0x00, 0xFF, 0xFF, 0x00, 0xFF, 0xFF, 0x00, 0xFF, 0xFF, 0x00, 0xFF, 0xFF, 0x00, 0xFF, 0xFF, 0x00, 0xFF, 0xFF, 0x00,
  0xFF, 0xFF, 0x00, 0xFF, 0xFF, 0x00, 0xFF, 0xFF, 0x00, 0xFF, 0xFF, 0x00, 0xFF, 0xFF, 0x00, 0xFF, 0xFF, 0x00, 0xFF, 0xFF, 0x00, 0xFF, 0xFF, 0x00,
  0xFF, 0xFF, 0x00, 0xFF, 0xFF, 0x00, 0xFF, 0xFF, 0x00, 0xFF, 0xFF, 0x00, 0xFF, 0xFF, 0x00, 0xFF, 0xFF, 0x00, 0xFF, 0xFF, 0x00, 0xFF, 0xFF, 0x00,
  0xFF, 0xFF, 0x00, 0xFF, 0xFF, 0x00, 0xFF, 0xFF, 0x00, 0xFF, 0xFF, 0x00, 0xFF, 0xFF, 0x00, 0xFF, 0xFF, 0x00, 0xFF, 0xFF, 0x00, 0xFF, 0xFF, 0x00,
  0xFF, 0xFF, 0x00, 0xFF, 0xFF, 0x00, 0xFF, 0xFF, 0x00, 0xFF, 0xFF, 0x00, 0xFF, 0xFF, 0x00, 0xFF, 0xFF, 0x00, 0xFF, 0xFF, 0x00, 0xFF, 0xFF, 0x00,
  0xFF, 0xFF, 0x00, 0xFF, 0xFF, 0x00, 0xFF, 0xFF, 0x00, 0xFF, 0xFF, 0x00, 0xFF, 0xFF, 0x00, 0xFF, 0xFF, 0x00, 0xFF, 0xFF, 0x00, 0xFF, 0xFF, 0x00,
  0xFF, 0xFF, 0x00, 0xFF, 0xFF, 0x00, 0xFF, 0xFF, 0x00, 0xFF, 0xFF, 0x00, 0xFF, 0xFF, 0x00, 0xFF, 0xFF, 0x00, 0xFF, 0xFF, 0x00, 0xFF, 0xFF, 0x00,
  0xFF, 0xFF, 0x00, 0xFF, 0xFF, 0x00, 0xFF, 0xFF, 0x00, 0xFF, 0xFF, 0x00, 0xFF, 0xFF, 0x00, 0xFF, 0xFF, 0x00, 0xFF, 0xFF, 0x00, 0xFF, 0xFF, 0x00,
  0xFF, 0xFF, 0x00, 0xFF, 0xFF, 0x00, 0xFF, 0xFF, 0x00, 0xFF, 0xFF, 0x00, 0xFF, 0xFF, 0x00, 0xFF, 0xFF, 0x00, 0xFF, 0xFF, 0x00, 0xFF, 0xFF, 0x00,
  0xFF, 0xFF, 0x00, 0xFF, 0xFF, 0x00, 0xFF, 0xFF, 0x00, 0xFF, 0xFF, 0x00, 0xFF, 0xFF, 0x00, 0xFF, 0xFF, 0x00, 0xFF, 0xFF, 0x00, 0xFF, 0xFF, 0x00,
  0xFF, 0xFF, 0x00, 0xFF, 0xFF, 0x00, 0xFF, 0xFF, 0x00, 0xFF, 0xFF, 0x00, 0xFF, 0xFF, 0x00, 0xFF, 0xFF, 0x00, 0xFF, 0xFF, 0x00, 0xFF, 0xFF, 0x00,
  0xFF, 0xFF, 0x00, 0xFF, 0xFF, 0x00, 0xFF, 0xFF, 0x00, 0xFF, 0xFF, 0x00, 0xFF, 0xFF, 0x00, 0xFF, 0xFF, 0x00, 0xFF, 0xFF, 0x00, 0xFF, 0xFF, 0x00,
  0xFF, 0xFF, 0x00, 0xFF, 0xFF, 0x00, 0xFF, 0xFF, 0x00, 0xFF, 0xFF, 0x00, 0xFF, 0xFF, 0x00, 0xFF, 0xFF, 0x00, 0xFF, 0xFF, 0x00, 0xFF, 0xFF, 0x00,
  0xFF, 0xFF, 0x00, 0xFF, 0xFF, 0x00, 0xFF, 0xFF, 0x00, 0xFF, 0xFF, 0x00, 0xFF, 0xFF, 0x00, 0xFF, 0xFF, 0x00, 0xFF, 0xFF, 0x00, 0xFF, 0xFF, 0x00,
  0xFF, 0xFF, 0x00, 0xFF, 0xFF, 0x00, 0xFF, 0xFF, 0x00, 0xFF, 0xFF, 0x00, 0xFF, 0xFF, 0x00, 0xFF, 0xFF, 0x00, 0xFF, 0xFF, 0x00, 0xFF, 0xFF, 0x00,
  0xFF, 0xFF, 0x00, 0xFF, 0xFF, 0x00, 0xFF, 0xFF, 0x00, 0xFF, 0xFF, 0x00, 0xFF, 0xFF, 0x00, 0xFF, 0xFF, 0x00, 0xFF, 0xFF, 0x00, 0xFF, 0xFF, 0x00,
  0xFF, 0xFF, 0x00, 0xFF, 0xFF, 0x00, 0xFF, 0xFF, 0x00, 0xFF, 0xFF, 0x00, 0xFF, 0xFF, 0x00, 0xFF, 0xFF, 0x00, 0xFF, 0xFF, 0x00, 0xFF, 0xFF, 0x00,
  0xFF, 0xFF, 0x00, 0xFF, 0xFF, 0x00, 0xFF, 0xFF, 0x00, 0xFF, 0xFF, 0x00, 0xFF, 0xFF, 0x00, 0xFF, 0xFF, 0x00, 0xFF, 0xFF, 0x00, 0xFF, 0xFF, 0x00,
  0xFF, 0xFF, 0x00, 0xFF, 0xFF, 0x00, 0xFF, 0xFF, 0x00, 0xFF, 0xFF, 0x00, 0xFF, 0xFF, 0x00, 0xFF, 0xFF, 0x00, 0xFF, 0xFF, 0x00, 0xFF, 0xFF, 0x00,
  0xFF, 0xFF, 0x00, 0xFF, 0xFF, 0x00, 0xFF, 0xFF, 0x00, 0xFF, 0xFF, 0x00, 0xFF, 0xFF, 0x00, 0xFF, 0xFF, 0x00, 0xFF, 0xFF, 0x00, 0xFF, 0xFF, 0x00,
  0xFF, 0xFF, 0x00, 0xFF, 0xFF, 0x00, 0xFF, 0xFF, 0x00, 0xFF, 0xFF, 0x00, 0xFF, 0xFF, 0x00, 0xFF, 0xFF, 0x00, 0xFF, 0xFF, 0x00, 0xFF, 0xFF, 0x00,
  0xFF, 0xFF, 0x00, 0xFF, 0xFF, 0x00, 0xFF, 0xFF, 0x00, 0xFF, 0xFF, 0x00, 0xFF, 0xFF, 0x00, 0xFF, 0xFF, 0x00, 0xFF, 0xFF, 0x00, 0xFF, 0xFF, 0x00,
  0xFF, 0xFF, 0x00, 0xFF, 0xFF, 0x00, 0xFF, 0xFF, 0x00, 0xFF, 0xFF, 0x00, 0xFF, 0xFF, 0x00, 0xFF, 0xFF, 0x00, 0xFF, 0xFF, 0x00, 0xFF, 0xFF, 0x00,
  0xFF, 0xFF, 0x00, 0xFF, 0xFF, 0x00, 0xFF, 0xFF, 0x00, 0xFF, 0xFF, 0x00, 0xFF, 0xFF, 0x00, 0xFF, 0xFF, 0x00, 0xFF, 0xFF, 0x00, 0xFF, 0xFF, 0x00,
  0xFF, 0xFF, 0x00, 0xFF, 0xFF, 0x00, 0xFF, 0xFF, 0x00, 0xFF, 0xFF, 0x00, 0xFF, 0xFF, 0x00, 0xFF, 0xFF, 0x00, 0xFF, 0xFF, 0x00, 0xFF, 0xFF, 0x00,
  0xFF, 0xFF, 0x00, 0xFF, 0xFF, 0x00, 0xFF, 0xFF, 0x00, 0xFF, 0xFF, 0x00, 0xFF, 0xFF, 0x00, 0xFF, 0xFF, 0x00, 0xFF, 0xFF, 0x00, 0xFF, 0xFF, 0x00,
  0xFF, 0xFF, 0x00, 0xFF, 0xFF, 0x00, 0xFF, 0xFF, 0x00, 0xFF, 0xFF, 0x00, 0xFF, 0xFF, 0x00, 0xFF, 0xFF, 0x00, 0xFF, 0xFF, 0x00, 0xFF, 0xFF, 0x00,
  0xFF, 0xFF, 0x00, 0xFF, 0xFF, 0x00, 0xFF, 0xFF, 0x00, 0xFF, 0xFF, 0x00, 0x00, 0x00, 0x00, 0x00, 0x00, 0x00, 0x00, 0x00, 0x00, 0x00, 0x00, 0x00,
  0x00, 0x00, 0x00, 0x00, 0x00, 0x00, 0x00, 0x00, 0x00, 0x00, 0x00, 0x00, 0x00, 0x00, 0x00, 0x00, 0x00, 0x00, 0x00, 0x00, 0x00, 0x00, 0x00, 0x00,
  0x00, 0x00, 0x00, 0x00, 0x00, 0x00, 0x00, 0x00, 0x00, 0x00, 0x00, 0x00, 0x00, 0x00, 0x00, 0x00, 0x00, 0x00, 0x00, 0x00, 0x00, 0x00, 0x00, 0x00,
  0x00, 0x00, 0x00, 0x00, 0x00, 0x00, 0x00, 0x00, 0x00, 0x00, 0x00, 0x00, 0x00, 0x00, 0x00, 0x00, 0x00, 0x00, 0x00, 0x00, 0x00, 0x00, 0x00, 0x00,
  0x00, 0x00, 0x00, 0x00, 0x00, 0x00, 0x00, 0x00, 0x00, 0x00, 0x00, 0x00, 0x00, 0x00, 0x00, 0x00, 0x00, 0x00, 0x00, 0x00, 0x00, 0x00, 0x00, 0x00,
  0x00, 0x00, 0x00, 0x00, 0x00, 0x00, 0x00, 0x00, 0x00, 0x00, 0x00, 0x00, 0x00, 0x00, 0x00, 0x00, 0x00, 0x00, 0x04, 0x21, 0x05, 0x24, 0x21, 0x06,
  0x24, 0x21, 0x06, 0x24, 0x21, 0x06, 0x24, 0x21, 0x06, 0x24, 0x21, 0x06, 0x24, 0x21, 0x06, 0x24, 0x21, 0x06, 0x04, 0x21, 0x06, 0x04, 0x21, 0x06,
  0x04, 0x21, 0x06, 0x04, 0x21, 0x06, 0x04, 0x21, 0x06, 0xE4, 0x18, 0x06, 0xE3, 0x18, 0x06, 0xC3, 0x18, 0x06, 0xC3, 0x18, 0x06, 0xC3, 0x18, 0x06,
  0xA2, 0x10, 0x06, 0xA2, 0x10, 0x07, 0x61, 0x08, 0x06, 0x04, 0x21, 0x13, 0x65, 0x29, 0x20, 0x45, 0x29, 0x1C, 0x61, 0x08, 0x07, 0x82, 0x10, 0x06,
  0xA2, 0x10, 0x06, 0xA2, 0x10, 0x06, 0xC3, 0x18, 0x06, 0xC3, 0x18, 0x06, 0xE3, 0x18, 0x06, 0xE3, 0x18, 0x06, 0xE4, 0x18, 0x06, 0x04, 0x21, 0x06,
  0x04, 0x21, 0x06, 0x04, 0x21, 0x06, 0x24, 0x21, 0x06, 0x24, 0x21, 0x06, 0x24, 0x21, 0x06, 0x24, 0x21, 0x06, 0x24, 0x21, 0x06, 0x45, 0x29, 0x06,
  0x61, 0x08, 0x01, 0x00, 0x00, 0x00, 0x00, 0x00, 0x00, 0x00, 0x00, 0x00, 0x00, 0x00, 0x00, 0x00, 0x00, 0x00, 0x00, 0x00, 0x00, 0x00, 0x00, 0x00,
  0x00, 0x00, 0x00, 0x00, 0x00, 0x00, 0x00, 0x00, 0x00, 0x00, 0x00, 0x00, 0x00, 0x00, 0x00, 0x00, 0x00, 0x00, 0x00, 0x00, 0x00, 0x00, 0x00, 0x00,
  0x00, 0x00, 0x00, 0x00, 0x00, 0x00, 0x00, 0x00, 0x00, 0x00, 0x00, 0x00, 0x00, 0x00, 0x00, 0x00, 0x00, 0x00, 0x00, 0x00, 0x00, 0x00, 0x00, 0x00,
  0x00, 0x00, 0x00, 0xFF, 0xFF, 0x00, 0xFF, 0xFF, 0x00, 0xFF, 0xFF, 0x00, 0xFF, 0xFF, 0x00, 0xFF, 0xFF, 0x00, 0xFF, 0xFF, 0x00, 0x00, 0x00, 0x00,
  0x00, 0x00, 0x00, 0x00, 0x00, 0x00, 0x00, 0x00, 0x00, 0x00, 0x00, 0x00, 0x00, 0x00, 0x00, 0x00, 0x00, 0x00, 0x00, 0x00, 0x00, 0x00, 0x00, 0x00,
  0x00, 0x00, 0x00, 0x00, 0x00, 0x00, 0x00, 0x00, 0x00, 0x00, 0x00, 0x00, 0x00, 0x00, 0x00, 0x00, 0x00, 0x00, 0x00, 0x00, 0x00, 0x00, 0x00, 0x00,
  0x00, 0x00, 0x00, 0x00, 0x00, 0x00, 0x00, 0x00, 0x00, 0x00, 0x00, 0x00, 0x00, 0x00, 0x00, 0x00, 0x00, 0x00, 0x00, 0x00, 0x00, 0x00, 0x00, 0x00,
  0x00, 0x00, 0x00, 0x00, 0x00, 0x00, 0x00, 0x00, 0x00, 0x00, 0x00, 0x00, 0x00, 0x00, 0x00, 0x00, 0x00, 0x00, 0x00, 0x00, 0x00, 0x00, 0x00, 0x00,
  0x00, 0x00, 0x00, 0x00, 0x00, 0x00, 0x00, 0x00, 0x00, 0x00, 0x00, 0x00, 0x00, 0x00, 0x00, 0x00, 0x00, 0x00, 0x00, 0x00, 0x00, 0x00, 0x00, 0x00,
  0x00, 0x00, 0x00, 0x00, 0x00, 0x00, 0x00, 0x00, 0x00, 0x00, 0x00, 0x00, 0x00, 0x00, 0x00, 0x00, 0x00, 0x00, 0x00, 0x00, 0x00, 0x00, 0x00, 0x00,
  0x00, 0x00, 0x00, 0x00, 0x00, 0x00, 0x00, 0x00, 0x00, 0x00, 0x00, 0x00, 0x00, 0x00, 0x00, 0x00, 0x00, 0x00, 0x00, 0x00, 0x00, 0x00, 0x00, 0x00,
  0x00, 0x00, 0x00, 0x00, 0x00, 0x00, 0x00, 0x00, 0x00, 0x00, 0x00, 0x00, 0x00, 0x00, 0x00, 0x00, 0x00, 0x00, 0x00, 0x00, 0x00, 0x00, 0x00, 0x00,
  0x00, 0x00, 0x00, 0x00, 0x00, 0x00, 0x00, 0x00, 0x00, 0x00, 0x00, 0x00, 0x00, 0x00, 0x00, 0x00, 0x00, 0x00, 0x00, 0x00, 0x00, 0x00, 0x00, 0x00,
  0x00, 0x00, 0x00, 0x00, 0x00, 0x00, 0x00, 0x00, 0x00, 0x00, 0x00, 0x00, 0x00, 0x00, 0x00, 0x00, 0x00, 0x00, 0x00, 0x00, 0x00, 0x00, 0x00, 0x00,
  0x00, 0x00, 0x00, 0x00, 0x00, 0x00, 0x00, 0x00, 0x00, 0x00, 0x00, 0x00, 0x00, 0x00, 0x00, 0x00, 0x00, 0x00, 0x00, 0x00, 0x00, 0x00, 0x00, 0x00,
  0x00, 0x00, 0x00, 0x00, 0x00, 0x00, 0x00, 0x00, 0x00, 0x00, 0x00, 0x00, 0x00, 0x00, 0x00, 0x00, 0x00, 0x00, 0x00, 0x00, 0x00, 0x00, 0x00, 0x00,
  0x00, 0x00, 0x00, 0x00, 0x00, 0x00, 0x00, 0x00, 0x00, 0x00, 0x00, 0x00, 0x00, 0x00, 0x00, 0x00, 0x00, 0x00, 0x00, 0x00, 0x00, 0x00, 0x00, 0x00,
  0x00, 0x00, 0x00, 0x00, 0x00, 0x00, 0x00, 0x00, 0x00, 0x00, 0x00, 0x00, 0xFF, 0xFF, 0x00, 0xFF, 0xFF, 0x00, 0xFF, 0xFF, 0x00, 0xFF, 0xFF, 0x00,
  0xFF, 0xFF, 0x00, 0xFF, 0xFF, 0x00, 0x00, 0x00, 0x00, 0x00, 0x00, 0x00, 0x00, 0x00, 0x00, 0x00, 0x00, 0x00, 0x00, 0x00, 0x00, 0x00, 0x00, 0x00,
  0x00, 0x00, 0x00, 0x00, 0x00, 0x00, 0x00, 0x00, 0x00, 0x00, 0x00, 0x00, 0x00, 0x00, 0x00, 0x00, 0x00, 0x00, 0x00, 0x00, 0x00, 0x00, 0x00, 0x00,
  0x00, 0x00, 0x00, 0x00, 0x00, 0x00, 0x00, 0x00, 0x00, 0x00, 0x00, 0x00, 0x00, 0x00, 0x00, 0x00, 0x00, 0x00, 0x00, 0x00, 0x00, 0x00, 0x00, 0x00,
  0x00, 0x00, 0x00, 0x00, 0x00, 0x00, 0x00, 0x00, 0x00, 0x00, 0x00, 0x00, 0x00, 0x00, 0x00, 0x00, 0x00, 0x00, 0x00, 0x00, 0x00, 0x00, 0x00, 0x00,
  0x00, 0x00, 0x00, 0x00, 0x00, 0x00, 0x00, 0x00, 0x00, 0x00, 0x00, 0x00, 0x00, 0x00, 0x00, 0x00, 0x00, 0x00, 0x00, 0x00, 0x00, 0x00, 0x00, 0x00,
  0x00, 0x00, 0x00, 0x00, 0x00, 0x00, 0x00, 0x00, 0x00, 0x00, 0x00, 0x00, 0x00, 0x00, 0x00, 0x00, 0x00, 0x00, 0x00, 0x00, 0x00, 0x00, 0x00, 0x00,
  0x00, 0x00, 0x00, 0x00, 0x00, 0x00, 0x00, 0x00, 0x00, 0x00, 0x00, 0x00, 0x00, 0x00, 0x00, 0x00, 0x00, 0x00, 0x00, 0x00, 0x00, 0x00, 0x00, 0x00,
  0x00, 0x00, 0x00, 0x00, 0x00, 0x00, 0x00, 0x00, 0x00, 0x00, 0x00, 0x00, 0x00, 0x00, 0x00, 0x00, 0x00, 0x00, 0x00, 0x00, 0x00, 0x00, 0x00, 0x00,
  0x00, 0x00, 0x00, 0x00, 0x00, 0x00, 0x00, 0x00, 0x00, 0x00, 0x00, 0x00, 0x00, 0x00, 0x00, 0x00, 0x00, 0x00, 0x00, 0x00, 0x00, 0x00, 0x00, 0x00,
  0x00, 0x00, 0x00, 0x00, 0x00, 0x00, 0x00, 0x00, 0x00, 0x00, 0x00, 0x00, 0x00, 0x00, 0x00, 0x00, 0x00, 0x00, 0x00, 0x00, 0x00, 0x00, 0x00, 0x00,
  0x00, 0x00, 0x00, 0x00, 0x00, 0x00, 0x00, 0x00, 0x00, 0x00, 0x00, 0x00, 0x00, 0x00, 0x00, 0x00, 0x00, 0x00, 0x00, 0x00, 0x00, 0x00, 0x00, 0x00,
  0x00, 0x00, 0x00, 0x00, 0x00, 0x00, 0x00, 0x00, 0x00, 0x00, 0x00, 0x00, 0x00, 0x00, 0x00, 0x00, 0x00, 0x00, 0x00, 0x00, 0x00, 0x00, 0x00, 0x00,
  0x00, 0x00, 0x00, 0x00, 0x00, 0x00, 0x00, 0x00, 0x00, 0x00, 0x00, 0x00, 0x00, 0x00, 0x00, 0x00, 0x00, 0x00, 0x00, 0x00, 0x00, 0x00, 0x00, 0x00,
  0x00, 0x00, 0x00, 0x00, 0x00, 0x00, 0x00, 0x00, 0x00, 0x00, 0x00, 0x00, 0x00, 0x00, 0x00, 0x00, 0x00, 0x00, 0x00, 0x00, 0x00, 0xFF, 0xFF, 0x00,
  0xFF, 0xFF, 0x00, 0xFF, 0xFF, 0x00, 0xFF, 0xFF, 0x00, 0xFF, 0xFF, 0x00, 0xFF, 0xFF, 0x00, 0x00, 0x00, 0x00, 0x00, 0x00, 0x00, 0x00, 0x00, 0x00,
  0x00, 0x00, 0x00, 0x00, 0x00, 0x00, 0x00, 0x00, 0x00, 0x00, 0x00, 0x00, 0x00, 0x00, 0x00, 0x00, 0x00, 0x00, 0x00, 0x00, 0x00, 0x00, 0x00, 0x00,
  0x00, 0x00, 0x00, 0x00, 0x00, 0x00, 0x00, 0x00, 0x00, 0x00, 0x00, 0x00, 0x00, 0x00, 0x00, 0x00, 0x00, 0x00, 0x00, 0x00, 0x00, 0x00, 0x00, 0x00,
  0x00, 0x00, 0x00, 0x00, 0x00, 0x00, 0x00, 0x00, 0x00, 0x00, 0x00, 0x00, 0x00, 0x00, 0x00, 0x00, 0x00, 0x00, 0x00, 0x00, 0x00, 0x00, 0x00, 0x00,
  0x00, 0x00, 0x00, 0x00, 0x00, 0x00, 0x00, 0x00, 0x00, 0x00, 0x00, 0x00, 0x00, 0x00, 0x00, 0x00, 0x00, 0x00, 0x00, 0x00, 0x00, 0x00, 0x00, 0x00,
  0x00, 0x00, 0x00, 0x00, 0x00, 0x00, 0x00, 0x00, 0x00, 0x00, 0x00, 0x00, 0x00, 0x00, 0x00, 0x00, 0x00, 0x00, 0x00, 0x00, 0x00, 0x00, 0x00, 0x00,
  0x00, 0x00, 0x00, 0x00, 0x00, 0x00, 0x00, 0x00, 0x00, 0x00, 0x00, 0x00, 0x00, 0x00, 0x00, 0x41, 0x08, 0x06, 0xC3, 0x18, 0x12, 0xC7, 0x39, 0x2F,
  0xC7, 0x39, 0x30, 0xEB, 0x5A, 0x5D, 0x0C, 0x63, 0x67, 0xCB, 0x5A, 0x64, 0x4D, 0x6B, 0x67, 0x69, 0x4A, 0x47, 0xE7, 0x39, 0x30, 0x86, 0x31, 0x26,
  0x04, 0x21, 0x14, 0x20, 0x00, 0x04, 0x00, 0x00, 0x00, 0x00, 0x00, 0x00, 0x00, 0x00, 0x00, 0x00, 0x00, 0x00, 0x00, 0x00, 0x00, 0x00, 0x00, 0x00,
  0x00, 0x00, 0x00, 0x00, 0x00, 0x00, 0x00, 0x00, 0x00, 0x00, 0x00, 0x00, 0x00, 0x00, 0x00, 0x00, 0x00, 0x00, 0x00, 0x00, 0x00, 0x00, 0x00, 0x00,
  0x00, 0x00, 0x00, 0x00, 0x00, 0x00, 0x00, 0x00, 0x00, 0x00, 0x00, 0x00, 0x00, 0x00, 0x00, 0x00, 0x00, 0x00, 0x00, 0x00, 0x00, 0x00, 0x00, 0x00,
  0x00, 0x00, 0x00, 0x00, 0x00, 0x00, 0x00, 0x00, 0x00, 0x00, 0x00, 0x00, 0x00, 0x00, 0x00, 0x00, 0x00, 0x00, 0x00, 0x00, 0x00, 0x00, 0x00, 0x00,
  0x00, 0x00, 0x00, 0x00, 0x00, 0x00, 0x00, 0x00, 0x00, 0x00, 0x00, 0x00, 0x00, 0x00, 0x00, 0x00, 0x00, 0x00, 0x00, 0x00, 0x00, 0x00, 0x00, 0x00,
  0x00, 0x00, 0x00, 0x00, 0x00, 0x00, 0x00, 0x00, 0x00, 0x00, 0x00, 0x00, 0x00, 0x00, 0x00, 0x00, 0x00, 0x00, 0x00, 0x00, 0x00, 0x00, 0x00, 0x00,
  0x00, 0x00, 0x00, 0x00, 0x00, 0x00, 0xFF, 0xFF, 0x00, 0xFF, 0xFF, 0x00, 0xFF, 0xFF, 0x00, 0xFF, 0xFF, 0x00, 0xFF, 0xFF, 0x00, 0xFF, 0xFF, 0x00,
  0x00, 0x00, 0x00, 0x00, 0x00, 0x00, 0x00, 0x00, 0x00, 0x00, 0x00, 0x00, 0x00, 0x00, 0x00, 0x00, 0x00, 0x00, 0x00, 0x00, 0x00, 0x00, 0x00, 0x00,
  0x00, 0x00, 0x00, 0x00, 0x00, 0x00, 0x00, 0x00, 0x00, 0x00, 0x00, 0x00, 0x00, 0x00, 0x00, 0x00, 0x00, 0x00, 0x00, 0x00, 0x00, 0x00, 0x00, 0x00,
  0x00, 0x00, 0x00, 0x00, 0x00, 0x00, 0x00, 0x00, 0x00, 0x00, 0x00, 0x00, 0x00, 0x00, 0x00, 0x00, 0x00, 0x00, 0x00, 0x00, 0x00, 0x00, 0x00, 0x00,
  0x00, 0x00, 0x00, 0x00, 0x00, 0x00, 0x00, 0x00, 0x00, 0x00, 0x00, 0x00, 0x00, 0x00, 0x00, 0x00, 0x00, 0x00, 0x20, 0x00, 0x00, 0x00, 0x00, 0x00,
  0x00, 0x00, 0x00, 0x00, 0x00, 0x00, 0x00, 0x00, 0x00, 0x00, 0x00, 0x00, 0x00, 0x00, 0x00, 0x00, 0x00, 0x00, 0x00, 0x00, 0x00, 0x00, 0x00, 0x00,
  0x00, 0x00, 0x00, 0x00, 0x00, 0x00, 0x00, 0x00, 0x00, 0x00, 0x00, 0x00, 0x00, 0x00, 0x00, 0x00, 0x00, 0x00, 0x00, 0x00, 0x00, 0xAA, 0x52, 0x45,
  0xFB, 0xDE, 0xF7, 0x5D, 0xEF, 0xFF, 0xDF, 0xFF, 0xFF, 0xFF, 0xFF, 0xFF, 0xFF, 0xFF, 0xFF, 0xFF, 0xFF, 0xFF, 0xFF, 0xFF, 0xFF, 0xFF, 0xFF, 0xFF,
  0xFF, 0xFF, 0xFF, 0xFF, 0xFF, 0xFF, 0x9E, 0xF7, 0xFF, 0x1C, 0xE7, 0xFF, 0xBA, 0xD6, 0xEF, 0xAA, 0x52, 0x45, 0x00, 0x00, 0x00, 0x00, 0x00, 0x00,
  0x00, 0x00, 0x00, 0x00, 0x00, 0x00, 0x00, 0x00, 0x00, 0x00, 0x00, 0x00, 0x00, 0x00, 0x00, 0x00, 0x00, 0x00, 0x00, 0x00, 0x00, 0x00, 0x00, 0x00,
  0x00, 0x00, 0x00, 0x00, 0x00, 0x00, 0x00, 0x00, 0x00, 0x00, 0x00, 0x00, 0x20, 0x00, 0x00, 0x00, 0x00, 0x00, 0x00, 0x00, 0x00, 0x00, 0x00, 0x00,
  0x00, 0x00, 0x00, 0x00, 0x00, 0x00, 0x00, 0x00, 0x00, 0x00, 0x00, 0x00, 0x00, 0x00, 0x00, 0x00, 0x00, 0x00, 0x00, 0x00, 0x00, 0x00, 0x00, 0x00,
  0x00, 0x00, 0x00, 0x00, 0x00, 0x00, 0x00, 0x00, 0x00, 0x00, 0x00, 0x00, 0x00, 0x00, 0x00, 0x00, 0x00, 0x00, 0x00, 0x00, 0x00, 0x00, 0x00, 0x00,
  0x00, 0x00, 0x00, 0x00, 0x00, 0x00, 0x00, 0x00, 0x00, 0x00, 0x00, 0x00, 0x00, 0x00, 0x00, 0x00, 0x00, 0x00, 0x00, 0x00, 0x00, 0x00, 0x00, 0x00,
  0x00, 0x00, 0x00, 0x00, 0x00, 0x00, 0x00, 0x00, 0x00, 0x00, 0x00, 0x00, 0x00, 0x00, 0x00, 0xFF, 0xFF, 0x00, 0xFF, 0xFF, 0x00, 0xFF, 0xFF, 0x00,
  0xFF, 0xFF, 0x00, 0xFF, 0xFF, 0x00, 0xFF, 0xFF, 0x00, 0x00, 0x00, 0x00, 0x00, 0x00, 0x00, 0x00, 0x00, 0x00, 0x00, 0x00, 0x00, 0x00, 0x00, 0x00,
  0x00, 0x00, 0x00, 0x00, 0x00, 0x00, 0x00, 0x00, 0x00, 0x00, 0x00, 0x00, 0x00, 0x00, 0x00, 0x00, 0x00, 0x00, 0x00, 0x00, 0x00, 0x00, 0x00, 0x00,
  0x00, 0x00, 0x00, 0x00, 0x00, 0x00, 0x00, 0x00, 0x00, 0x00, 0x00, 0x00, 0x00, 0x00, 0x00, 0x00, 0x00, 0x00, 0x00, 0x00, 0x00, 0x00, 0x00, 0x00,
  0x00, 0x00, 0x00, 0x00, 0x00, 0x00, 0x00, 0x00, 0x00, 0x00, 0x00, 0x00, 0x00, 0x00, 0x00, 0x00, 0x00, 0x00, 0x00, 0x00, 0x00, 0x00, 0x00, 0x00,
  0x00, 0x00, 0x00, 0x00, 0x00, 0x00, 0x00, 0x00, 0x00, 0x00, 0x00, 0x00, 0x00, 0x00, 0x00, 0x00, 0x00, 0x00, 0x00, 0x00, 0x00, 0x00, 0x00, 0x00,
  0x00, 0x00, 0x00, 0x00, 0x00, 0x00, 0x00, 0x00, 0x00, 0x00, 0x00, 0x00, 0x00, 0x00, 0x00, 0x00, 0x00, 0x00, 0x00, 0x00, 0x00, 0x00, 0x00, 0x00,
  0x00, 0x00, 0x00, 0xE3, 0x18, 0x07, 0x2C, 0x63, 0xBA, 0x71, 0x8C, 0xFF, 0x30, 0x84, 0xF5, 0x10, 0x84, 0xF7, 0xCF, 0x7B, 0xF7, 0xCF, 0x7B, 0xF7,
  0xEF, 0x83, 0xF7, 0x0F, 0x84, 0xF7, 0xCF, 0x7B, 0xF7, 0xCF, 0x7B, 0xF7, 0xCF, 0x7B, 0xF7, 0xEF, 0x7B, 0xF9, 0xCF, 0x7B, 0xF7, 0x30, 0x84, 0xFF,
  0x0C, 0x63, 0xCE, 0x04, 0x21, 0x09, 0x00, 0x00, 0x00, 0x00, 0x00, 0x00, 0x00, 0x00, 0x00, 0x00, 0x00, 0x00, 0x00, 0x00, 0x00, 0x00, 0x00, 0x00,
  0x00, 0x00, 0x00, 0x00, 0x00, 0x00, 0x00, 0x00, 0x00, 0x00, 0x00, 0x00, 0x00, 0x00, 0x00, 0x00, 0x00, 0x00, 0x00, 0x00, 0x00, 0x00, 0x00, 0x00,
  0x00, 0x00, 0x00, 0x00, 0x00, 0x00, 0x00, 0x00, 0x00, 0x00, 0x00, 0x00, 0x00, 0x00, 0x00, 0x00, 0x00, 0x00, 0x00, 0x00, 0x00, 0x00, 0x00, 0x00,
  0x00, 0x00, 0x00, 0x00, 0x00, 0x00, 0x00, 0x00, 0x00, 0x00, 0x00, 0x00, 0x00, 0x00, 0x00, 0x00, 0x00, 0x00, 0x00, 0x00, 0x00, 0x00, 0x00, 0x00,
  0x00, 0x00, 0x00, 0x00, 0x00, 0x00, 0x00, 0x00, 0x00, 0x00, 0x00, 0x00, 0x00, 0x00, 0x00, 0x00, 0x00, 0x00, 0x00, 0x00, 0x00, 0x00, 0x00, 0x00,
  0x00, 0x00, 0x00, 0x00, 0x00, 0x00, 0x00, 0x00, 0x00, 0x00, 0x00, 0x00, 0x00, 0x00, 0x00, 0x00, 0x00, 0x00, 0x00, 0x00, 0x00, 0x00, 0x00, 0x00,
  0xFF, 0xFF, 0x00, 0xFF, 0xFF, 0x00, 0xFF, 0xFF, 0x00, 0xFF, 0xFF, 0x00, 0xFF, 0xFF, 0x00, 0xFF, 0xFF, 0x00, 0x00, 0x00, 0x00, 0x00, 0x00, 0x00,
  0x00, 0x00, 0x00, 0x00, 0x00, 0x00, 0x00, 0x00, 0x00, 0x00, 0x00, 0x00, 0x00, 0x00, 0x00, 0x00, 0x00, 0x00, 0x00, 0x00, 0x00, 0x00, 0x00, 0x00,
  0x00, 0x00, 0x00, 0x00, 0x00, 0x00, 0x20, 0x00, 0x02, 0x41, 0x08, 0x03, 0x00, 0x00, 0x03, 0x41, 0x08, 0x06, 0x24, 0x21, 0x13, 0x04, 0x21, 0x13,
  0xE3, 0x18, 0x13, 0xC3, 0x18, 0x13, 0x07, 0x3A, 0x31, 0x28, 0x42, 0x38, 0xC7, 0x39, 0x38, 0xC7, 0x39, 0x38, 0x69, 0x4A, 0x49, 0x6D, 0x6B, 0x70,
  0x4D, 0x6B, 0x6F, 0x4D, 0x6B, 0x70, 0x2C, 0x63, 0x70, 0x2C, 0x63, 0x71, 0x2C, 0x63, 0x70, 0xEF, 0x7B, 0x8B, 0xB2, 0x94, 0xB4, 0x92, 0x94, 0xB2,
  0xB2, 0x94, 0xB4, 0x92, 0x94, 0xB4, 0x92, 0x94, 0xB4, 0x92, 0x94, 0xB4, 0xB2, 0x94, 0xB4, 0xB2, 0x94, 0xB4, 0xB2, 0x94, 0xB4, 0xB2, 0x94, 0xB4,
  0xD3, 0x9C, 0xB4, 0xD3, 0x9C, 0xB4, 0xF3, 0x9C, 0xB4, 0xB2, 0x94, 0xB4, 0x75, 0xAD, 0xDC, 0x34, 0xA5, 0xF7, 0x51, 0x8C, 0xFD, 0x92, 0x94, 0xFF,
  0x92, 0x94, 0xFF, 0xB2, 0x94, 0xFF, 0xB2, 0x94, 0xFF, 0xB2, 0x94, 0xFF, 0xB2, 0x94, 0xFF, 0x92, 0x94, 0xFF, 0x71, 0x8C, 0xFF, 0x51, 0x8C, 0xFF,
  0x71, 0x8C, 0xFF, 0x92, 0x94, 0xFF, 0x92, 0x94, 0xFD, 0xF3, 0x9C, 0xF1, 0xF3, 0x9C, 0xB9, 0xD3, 0x9C, 0xB4, 0xD3, 0x9C, 0xB4, 0xB2, 0x94, 0xB4,
  0x92, 0x94, 0xB4, 0x92, 0x94, 0xB4, 0x92, 0x94, 0xB4, 0x92, 0x94, 0xB4, 0x92, 0x94, 0xB4, 0x92, 0x94, 0xB4, 0xB2, 0x94, 0xB4, 0xB2, 0x94, 0xB2,
  0xB2, 0x94, 0xB4, 0x30, 0x84, 0x9A, 0x2C, 0x6B, 0x70, 0x4D, 0x6B, 0x71, 0x2C, 0x63, 0x70, 0x2C, 0x63, 0x70, 0x2C, 0x63, 0x6F, 0x6D, 0x6B, 0x70,
  0xAA, 0x52, 0x55, 0xC7, 0x39, 0x38, 0xC7, 0x39, 0x38, 0xC7, 0x39, 0x38, 0xE8, 0x39, 0x38, 0xE7, 0x39, 0x31, 0xC3, 0x18, 0x13, 0xC3, 0x18, 0x13,
  0xE3, 0x18, 0x13, 0x24, 0x21, 0x13, 0x61, 0x08, 0x09, 0x00, 0x00, 0x03, 0x00, 0x00, 0x03, 0x41, 0x08, 0x03, 0x00, 0x00, 0x00, 0x00, 0x00, 0x00,
  0x00, 0x00, 0x00, 0x00, 0x00, 0x00, 0x00, 0x00, 0x00, 0x00, 0x00, 0x00, 0x00, 0x00, 0x00, 0x00, 0x00, 0x00, 0x00, 0x00, 0x00, 0x00, 0x00, 0x00,
  0x00, 0x00, 0x00, 0x00, 0x00, 0x00, 0x00, 0x00, 0x00, 0xFF, 0xFF, 0x00, 0xFF, 0xFF, 0x00, 0xFF, 0xFF, 0x00, 0xFF, 0xFF, 0x00, 0xFF, 0xFF, 0x00,
  0xFF, 0xFF, 0x00, 0x00, 0x00, 0x00, 0x00, 0x00, 0x00, 0x00, 0x00, 0x00, 0x00, 0x00, 0x00, 0x00, 0x00, 0x00, 0x00, 0x00, 0x00, 0x00, 0x00, 0x00,
  0x00, 0x00, 0x00, 0x00, 0x00, 0x00, 0x61, 0x08, 0x0B, 0x8E, 0x73, 0x79, 0xD3, 0x9C, 0xB5, 0x75, 0xAD, 0xE2, 0xF7, 0xBD, 0xF3, 0xF8, 0xC5, 0xF1,
  0x38, 0xC6, 0xFB, 0xDB, 0xDE, 0xFF, 0xFB, 0xDE, 0xFF, 0x1C, 0xE7, 0xFF, 0x1C, 0xE7, 0xFF, 0x5D, 0xEF, 0xFF, 0x7D, 0xEF, 0xFF, 0x9D, 0xF7, 0xFF,
  0x9E, 0xF7, 0xFF, 0xBE, 0xF7, 0xFF, 0xBE, 0xF7, 0xFF, 0xDE, 0xFF, 0xFF, 0xDF, 0xFF, 0xFF, 0xDF, 0xFF, 0xFF, 0xDF, 0xFF, 0xFF, 0xFF, 0xFF, 0xFF,
  0xDF, 0xFF, 0xFF, 0xDF, 0xFF, 0xFF, 0xDF, 0xFF, 0xFF, 0xDF, 0xFF, 0xFF, 0xDF, 0xFF, 0xFF, 0xDF, 0xFF, 0xFF, 0xDF, 0xFF, 0xFF, 0xDF, 0xFF, 0xFF,
  0xDF, 0xFF, 0xFF, 0xDF, 0xFF, 0xFF, 0xDF, 0xFF, 0xFF, 0xDF, 0xFF, 0xFF, 0xFF, 0xFF, 0xFF, 0xFF, 0xFF, 0xFF, 0xFF, 0xFF, 0xFF, 0x9E, 0xF7, 0xFF,
  0xBE, 0xF7, 0xFF, 0xFF, 0xFF, 0xFF, 0xDF, 0xFF, 0xFF, 0xDF, 0xFF, 0xFF, 0xFF, 0xFF, 0xFF, 0xFF, 0xFF, 0xFF, 0xFF, 0xFF, 0xFF, 0xDF, 0xFF, 0xFF,
  0xFF, 0xFF, 0xFF, 0xFF, 0xFF, 0xFF, 0xDF, 0xFF, 0xFF, 0xDF, 0xFF, 0xFF, 0xDF, 0xFF, 0xFF, 0xFF, 0xFF, 0xFF, 0xDF, 0xFF, 0xFF, 0xDF, 0xFF, 0xFF,
  0xDF, 0xFF, 0xFF, 0xDF, 0xFF, 0xFF, 0xDF, 0xFF, 0xFF, 0xDF, 0xFF, 0xFF, 0xDF, 0xFF, 0xFF, 0xDF, 0xFF, 0xFF, 0xDF, 0xFF, 0xFF, 0xDF, 0xFF, 0xFF,
  0xDF, 0xFF, 0xFF, 0xDF, 0xFF, 0xFF, 0xDF, 0xFF, 0xFF, 0xBE, 0xFF, 0xFF, 0xBF, 0xFF, 0xFF, 0xDF, 0xFF, 0xFF, 0xDF, 0xFF, 0xFF, 0xDF, 0xFF, 0xFF,
  0xDF, 0xFF, 0xFF, 0xBE, 0xFF, 0xFF, 0xBE, 0xF7, 0xFF, 0xBE, 0xF7, 0xFF, 0x9E, 0xF7, 0xFF, 0x9D, 0xF7, 0xFF, 0x7D, 0xEF, 0xFF, 0x7D, 0xEF, 0xFF,
  0x5D, 0xEF, 0xFF, 0x1C, 0xE7, 0xFF, 0xFB, 0xE6, 0xFF, 0xFB, 0xDE, 0xFF, 0xDB, 0xDE, 0xFF, 0x59, 0xCE, 0xFF, 0xF7, 0xBD, 0xF1, 0xD7, 0xBD, 0xF1,
  0xF7, 0xBD, 0xF1, 0x34, 0xA5, 0xCC, 0xD3, 0x9C, 0xB5, 0x30, 0x84, 0x97, 0xE7, 0x39, 0x32, 0x00, 0x00, 0x00, 0x00, 0x00, 0x00, 0x00, 0x00, 0x00,
  0x00, 0x00, 0x00, 0x00, 0x00, 0x00, 0x00, 0x00, 0x00, 0x00, 0x00, 0x00, 0x00, 0x00, 0x00, 0x00, 0x00, 0x00, 0xFF, 0xFF, 0x00, 0xFF, 0xFF, 0x00,
  0xFF, 0xFF, 0x00, 0xFF, 0xFF, 0x00, 0xFF, 0xFF, 0x00, 0xFF, 0xFF, 0x00, 0x00, 0x00, 0x00, 0x00, 0x00, 0x00, 0x00, 0x00, 0x00, 0x00, 0x00, 0x00,
  0x00, 0x00, 0x00, 0x00, 0x00, 0x00, 0x00, 0x00, 0x00, 0x00, 0x00, 0x00, 0xA2, 0x10, 0x0B, 0xD7, 0xBD, 0xF1, 0xFF, 0xFF, 0xFF, 0xFF, 0xFF, 0xFF,
  0xBE, 0xF7, 0xFF, 0x9E, 0xF7, 0xFF, 0xBE, 0xFF, 0xFF, 0xDF, 0xFF, 0xFF, 0x9E, 0xF7, 0xF9, 0x7D, 0xF7, 0xF9, 0x7D, 0xF7, 0xF9, 0x7D, 0xF7, 0xF9,
  0x7D, 0xEF, 0xF7, 0x7D, 0xEF, 0xF7, 0x5D, 0xEF, 0xF7, 0x5D, 0xEF, 0xF7, 0x5D, 0xEF, 0xF7, 0x5D, 0xEF, 0xF7, 0x5D, 0xEF, 0xF7, 0x5D, 0xEF, 0xF7,
  0x3C, 0xEF, 0xF7, 0x3C, 0xE7, 0xF7, 0x3C, 0xE7, 0xF7, 0x3C, 0xEF, 0xF9, 0x5D, 0xEF, 0xFB, 0x5C, 0xEF, 0xFB, 0x5D, 0xEF, 0xFB, 0x3C, 0xEF, 0xFB,
  0x3C, 0xEF, 0xFB, 0x3C, 0xEF, 0xFB, 0x3C, 0xEF, 0xFB, 0x3C, 0xEF, 0xFB, 0x3C, 0xEF, 0xFB, 0x3C, 0xEF, 0xFB, 0x3C, 0xE7, 0xFB, 0x3C, 0xE7, 0xFB,
  0x3C, 0xEF, 0xFB, 0x5D, 0xEF, 0xFB, 0x5D, 0xEF, 0xFD, 0x5D, 0xEF, 0xFF, 0x5D, 0xEF, 0xFF, 0x5D, 0xEF, 0xFF, 0x5D, 0xEF, 0xFF, 0x5D, 0xEF, 0xFF,
  0x5C, 0xEF, 0xFF, 0x3C, 0xEF, 0xFF, 0x5C, 0xEF, 0xFF, 0x5C, 0xEF, 0xFF, 0x3C, 0xEF, 0xFF, 0x5C, 0xEF, 0xFF, 0x5D, 0xEF, 0xFF, 0x5D, 0xEF, 0xFF,
  0x5D, 0xEF, 0xFF, 0x5D, 0xEF, 0xFF, 0x5C, 0xEF, 0xFB, 0x3C, 0xE7, 0xFB, 0x3C, 0xE7, 0xFB, 0x3C, 0xE7, 0xFB, 0x3C, 0xEF, 0xFB, 0x3C, 0xEF, 0xFB,
  0x3C, 0xEF, 0xFB, 0x3C, 0xE7, 0xFB, 0x5D, 0xEF, 0xFB, 0x5D, 0xEF, 0xFB, 0x3C, 0xEF, 0xFB, 0x3C, 0xEF, 0xFB, 0x5C, 0xEF, 0xFB, 0x3C, 0xEF, 0xF9,
  0x3C, 0xE7, 0xF7, 0x3C, 0xE7, 0xF7, 0x3C, 0xE7, 0xF7, 0x3C, 0xEF, 0xF7, 0x3C, 0xEF, 0xF7, 0x3C, 0xEF, 0xF7, 0x3C, 0xEF, 0xF7, 0x5C, 0xEF, 0xF7,
  0x5D, 0xEF, 0xF7, 0x5D, 0xEF, 0xF7, 0x5D, 0xEF, 0xF7, 0x5D, 0xEF, 0xF7, 0x7D, 0xEF, 0xF9, 0x7D, 0xEF, 0xF9, 0x7D, 0xEF, 0xF9, 0x7D, 0xEF, 0xF9,
  0x9E, 0xF7, 0xFF, 0xBE, 0xFF, 0xFF, 0xBE, 0xFF, 0xFF, 0xBE, 0xF7, 0xFF, 0xBE, 0xFF, 0xFF, 0xDF, 0xFF, 0xFF, 0xFF, 0xFF, 0xFF, 0xDE, 0xFF, 0xFF,
  0x2C, 0x63, 0x77, 0x00, 0x00, 0x00, 0x00, 0x00, 0x00, 0x00, 0x00, 0x00, 0x00, 0x00, 0x00, 0x00, 0x00, 0x00, 0x00, 0x00, 0x00, 0x00, 0x00, 0x00,
  0x00, 0x00, 0x00, 0xFF, 0xFF, 0x00, 0xFF, 0xFF, 0x00, 0xFF, 0xFF, 0x00, 0xFF, 0xFF, 0x00, 0xFF, 0xFF, 0x00, 0xFF, 0xFF, 0x00, 0x00, 0x00, 0x00,
  0x00, 0x00, 0x00, 0x00, 0x00, 0x00, 0x00, 0x00, 0x00, 0x00, 0x00, 0x00, 0x00, 0x00, 0x00, 0x00, 0x00, 0x00, 0x00, 0x00, 0x00, 0x2C, 0x63, 0x82,
  0x7D, 0xEF, 0xFF, 0xDB, 0xDE, 0xF1, 0xDB, 0xDE, 0xFB, 0x1C, 0xE7, 0xFD, 0x1C, 0xE7, 0xFD, 0xFB, 0xE6, 0xFD, 0xFB, 0xDE, 0xFD, 0x1C, 0xE7, 0xFF,
  0x1C, 0xE7, 0xFF, 0x1C, 0xE7, 0xFF, 0x1B, 0xE7, 0xFF, 0x1C, 0xE7, 0xFF, 0x1C, 0xE7, 0xFF, 0x1C, 0xE7, 0xFF, 0x1C, 0xE7, 0xFF, 0x1C, 0xE7, 0xFF,
  0x1C, 0xE7, 0xFF, 0x1C, 0xE7, 0xFF, 0x1C, 0xE7, 0xFF, 0x1C, 0xE7, 0xFF, 0x1C, 0xE7, 0xFF, 0x1C, 0xE7, 0xFF, 0x1C, 0xE7, 0xFF, 0x1C, 0xE7, 0xFF,
  0x1C, 0xE7, 0xFF, 0x1C, 0xE7, 0xFF, 0x3C, 0xE7, 0xFF, 0x1C, 0xE7, 0xFF, 0x3C, 0xE7, 0xFF, 0x3C, 0xE7, 0xFF, 0x1C, 0xE7, 0xFF, 0x1C, 0xE7, 0xFF,
  0x1C, 0xE7, 0xFF, 0x1C, 0xE7, 0xFF, 0x1C, 0xE7, 0xFF, 0x1C, 0xE7, 0xFF, 0x1C, 0xE7, 0xFF, 0x3C, 0xE7, 0xFF, 0x3C, 0xE7, 0xFF, 0x3C, 0xE7, 0xFF,
  0x3C, 0xE7, 0xFF, 0x1C, 0xE7, 0xFF, 0x1C, 0xE7, 0xFF, 0x1C, 0xE7, 0xFF, 0x1C, 0xE7, 0xFF, 0x1C, 0xE7, 0xFF, 0x1C, 0xE7, 0xFF, 0x3C, 0xE7, 0xFF,
  0x3C, 0xE7, 0xFF, 0x1C, 0xE7, 0xFF, 0x1C, 0xE7, 0xFF, 0x1C, 0xE7, 0xFF, 0x1C, 0xE7, 0xFF, 0x1C, 0xE7, 0xFF, 0x1C, 0xE7, 0xFF, 0x1C, 0xE7, 0xFF,
  0x1C, 0xE7, 0xFF, 0x1C, 0xE7, 0xFF, 0x3C, 0xE7, 0xFF, 0x3C, 0xE7, 0xFF, 0x3C, 0xE7, 0xFF, 0x1C, 0xE7, 0xFF, 0x1C, 0xE7, 0xFF, 0x1C, 0xE7, 0xFF,
  0x1C, 0xE7, 0xFF, 0x1C, 0xE7, 0xFF, 0x1C, 0xE7, 0xFF, 0x1C, 0xE7, 0xFF, 0x1C, 0xE7, 0xFF, 0x1C, 0xE7, 0xFF, 0x1C, 0xE7, 0xFF, 0x1C, 0xE7, 0xFF,
  0x1B, 0xE7, 0xFF, 0x1C, 0xE7, 0xFF, 0x1C, 0xE7, 0xFF, 0x1C, 0xE7, 0xFF, 0x1C, 0xE7, 0xFF, 0x1C, 0xE7, 0xFF, 0x1B, 0xE7, 0xFF, 0xFB, 0xE6, 0xFF,
  0xFB, 0xE6, 0xFF, 0xFB, 0xE6, 0xFF, 0xFB, 0xE6, 0xFF, 0x1C, 0xE7, 0xFF, 0xFB, 0xE6, 0xFD, 0x1B, 0xE7, 0xFD, 0x1C, 0xE7, 0xFD, 0x1C, 0xE7, 0xFB,
  0xFB, 0xDE, 0xFB, 0xBA, 0xDE, 0xF9, 0x1C, 0xE7, 0xF5, 0xD7, 0xBD, 0xFF, 0xE3, 0x18, 0x10, 0x00, 0x00, 0x00, 0x00, 0x00, 0x00, 0x00, 0x00, 0x00,
  0x00, 0x00, 0x00, 0x00, 0x00, 0x00, 0x00, 0x00, 0x00, 0x00, 0x00, 0x00, 0xFF, 0xFF, 0x00, 0xFF, 0xFF, 0x00, 0xFF, 0xFF, 0x00, 0xFF, 0xFF, 0x00,
  0xFF, 0xFF, 0x00, 0xFF, 0xFF, 0x00, 0x00, 0x00, 0x00, 0x00, 0x00, 0x00, 0x00, 0x00, 0x00, 0x00, 0x00, 0x00, 0x00, 0x00, 0x00, 0x00, 0x00, 0x00,
  0x00, 0x00, 0x00, 0xE3, 0x18, 0x17, 0xF3, 0x9C, 0xFB, 0xB6, 0xB5, 0xF7, 0xB6, 0xB5, 0xFF, 0xB6, 0xB5, 0xFF, 0xD7, 0xBD, 0xFF, 0xD7, 0xBD, 0xFF,
  0xB6, 0xB5, 0xFF, 0xB6, 0xB5, 0xFF, 0x96, 0xB5, 0xFF, 0xB6, 0xB5, 0xFF, 0xB6, 0xB5, 0xFF, 0xB6, 0xB5, 0xFF, 0xB6, 0xB5, 0xFF, 0xB6, 0xB5, 0xFF,
  0xB6, 0xB5, 0xFF, 0xB6, 0xB5, 0xFF, 0xB6, 0xB5, 0xFF, 0xB6, 0xB5, 0xFF, 0xB6, 0xB5, 0xFF, 0xB6, 0xB5, 0xFF, 0xD7, 0xBD, 0xFF, 0xD7, 0xBD, 0xFF,
  0xD7, 0xBD, 0xFF, 0xB6, 0xBD, 0xFF, 0xB6, 0xB5, 0xFF, 0xB6, 0xB5, 0xFF, 0xB6, 0xB5, 0xFF, 0xB6, 0xB5, 0xFF, 0xD7, 0xBD, 0xFF, 0xB6, 0xB5, 0xFF,
  0xB6, 0xB5, 0xFF, 0xB6, 0xB5, 0xFF, 0xB6, 0xB5, 0xFF, 0xB6, 0xB5, 0xFF, 0xB6, 0xB5, 0xFF, 0xB6, 0xB5, 0xFF, 0xB6, 0xB5, 0xFF, 0xB6, 0xB5, 0xFF,
  0xB6, 0xB5, 0xFF, 0xD7, 0xBD, 0xFF, 0xD7, 0xBD, 0xFF, 0xB6, 0xB5, 0xFF, 0xB6, 0xB5, 0xFF, 0xB6, 0xB5, 0xFF, 0x96, 0xB5, 0xFF, 0xB6, 0xB5, 0xFF,
  0xB6, 0xB5, 0xFF, 0xB6, 0xB5, 0xFF, 0xB6, 0xB5, 0xFF, 0xD7, 0xBD, 0xFF, 0xB6, 0xB5, 0xFF, 0xB6, 0xB5, 0xFF, 0xB6, 0xB5, 0xFF, 0xB6, 0xB5, 0xFF,
  0xB6, 0xB5, 0xFF, 0xB6, 0xB5, 0xFF, 0xB6, 0xB5, 0xFF, 0xB6, 0xB5, 0xFF, 0xB6, 0xB5, 0xFF, 0xB6, 0xB5, 0xFF, 0xB6, 0xB5, 0xFF, 0xB6, 0xB5, 0xFF,
  0xB6, 0xB5, 0xFF, 0x96, 0xB5, 0xFF, 0x96, 0xB5, 0xFF, 0xB6, 0xB5, 0xFF, 0xB6, 0xB5, 0xFF, 0xB6, 0xB5, 0xFF, 0xD7, 0xBD, 0xFF, 0xD7, 0xBD, 0xFF,
  0xB6, 0xB5, 0xFF, 0xB6, 0xB5, 0xFF, 0xB6, 0xB5, 0xFF, 0xB6, 0xB5, 0xFF, 0xB6, 0xB5, 0xFF, 0xD7, 0xBD, 0xFF, 0xD7, 0xBD, 0xFF, 0xB6, 0xB5, 0xFF,
  0xB6, 0xB5, 0xFF, 0xB6, 0xB5, 0xFF, 0xB6, 0xB5, 0xFF, 0xD6, 0xBD, 0xFF, 0xD7, 0xBD, 0xFF, 0xD7, 0xBD, 0xFF, 0xD7, 0xBD, 0xFF, 0xB6, 0xB5, 0xFF,
  0xB6, 0xB5, 0xFF, 0xD6, 0xBD, 0xFF, 0xD7, 0xBD, 0xFF, 0xF7, 0xBD, 0xFF, 0xD7, 0xBD, 0xFF, 0x75, 0xAD, 0xF9, 0x75, 0xAD, 0xFD, 0x8E, 0x73, 0xB0,
  0x00, 0x00, 0x00, 0x00, 0x00, 0x00, 0x00, 0x00, 0x00, 0x00, 0x00, 0x00, 0x00, 0x00, 0x00, 0x00, 0x00, 0x00, 0x00, 0x00, 0x00, 0xFF, 0xFF, 0x00,
  0xFF, 0xFF, 0x00, 0xFF, 0xFF, 0x00, 0xFF, 0xFF, 0x00, 0xFF, 0xFF, 0x00, 0xFF, 0xFF, 0x00, 0x00, 0x00, 0x00, 0x00, 0x00, 0x00, 0x00, 0x00, 0x00,
  0x00, 0x00, 0x00, 0x00, 0x00, 0x00, 0x00, 0x00, 0x00, 0x00, 0x00, 0x00, 0x82, 0x10, 0x0C, 0xD3, 0x9C, 0xFF, 0x9A, 0xD6, 0xFD, 0xFB, 0xDE, 0xFF,
  0xD7, 0xBD, 0xFF, 0x95, 0xB5, 0xFF, 0x59, 0xCE, 0xFF, 0x59, 0xCE, 0xFF, 0x79, 0xCE, 0xFF, 0x79, 0xCE, 0xFF, 0x79, 0xCE, 0xFF, 0x79, 0xCE, 0xFF,
  0x79, 0xCE, 0xFF, 0x79, 0xCE, 0xFF, 0x79, 0xCE, 0xFF, 0x79, 0xCE, 0xFF, 0x79, 0xCE, 0xFF, 0x79, 0xCE, 0xFF, 0x79, 0xCE, 0xFF, 0x79, 0xCE, 0xFF,
  0x79, 0xCE, 0xFF, 0x79, 0xCE, 0xFF, 0x79, 0xD6, 0xFF, 0x9A, 0xD6, 0xFF, 0x9A, 0xD6, 0xFF, 0x99, 0xD6, 0xFF, 0x79, 0xCE, 0xFF, 0x79, 0xD6, 0xFF,
  0x79, 0xCE, 0xFF, 0x79, 0xCE, 0xFF, 0x59, 0xCE, 0xFF, 0x59, 0xCE, 0xFF, 0x79, 0xCE, 0xFF, 0x79, 0xCE, 0xFF, 0x9A, 0xD6, 0xFF, 0x9A, 0xD6, 0xFF,
  0x79, 0xD6, 0xFF, 0x79, 0xD6, 0xFF, 0x79, 0xD6, 0xFF, 0x79, 0xCE, 0xFF, 0x79, 0xCE, 0xFF, 0x79, 0xCE, 0xFF, 0x79, 0xCE, 0xFF, 0x79, 0xCE, 0xFF,
  0x79, 0xCE, 0xFF, 0x79, 0xCE, 0xFF, 0x79, 0xCE, 0xFF, 0x79, 0xCE, 0xFF, 0x79, 0xCE, 0xFF, 0x79, 0xCE, 0xFF, 0x79, 0xCE, 0xFF, 0x79, 0xCE, 0xFF,
  0x79, 0xCE, 0xFF, 0x79, 0xCE, 0xFF, 0x79, 0xCE, 0xFF, 0x79, 0xCE, 0xFF, 0x79, 0xCE, 0xFF, 0x79, 0xCE, 0xFF, 0x79, 0xCE, 0xFF, 0x79, 0xCE, 0xFF,
  0x79, 0xCE, 0xFF, 0x79, 0xCE, 0xFF, 0x79, 0xCE, 0xFF, 0x79, 0xCE, 0xFF, 0x79, 0xCE, 0xFF, 0x79, 0xCE, 0xFF, 0x79, 0xCE, 0xFF, 0x79, 0xCE, 0xFF,
  0x79, 0xCE, 0xFF, 0x79, 0xCE, 0xFF, 0x79, 0xCE, 0xFF, 0x79, 0xCE, 0xFF, 0x79, 0xCE, 0xFF, 0x79, 0xCE, 0xFF, 0x79, 0xCE, 0xFF, 0x79, 0xCE, 0xFF,
  0x79, 0xCE, 0xFF, 0x79, 0xCE, 0xFF, 0x59, 0xCE, 0xFF, 0x59, 0xCE, 0xFF, 0x79, 0xCE, 0xFF, 0x79, 0xCE, 0xFF, 0x79, 0xCE, 0xFF, 0x79, 0xCE, 0xFF,
  0x79, 0xCE, 0xFF, 0x79, 0xCE, 0xFF, 0x79, 0xCE, 0xFF, 0x59, 0xCE, 0xFF, 0x38, 0xC6, 0xFF, 0xF7, 0xBD, 0xFF, 0x14, 0xA5, 0xFF, 0x79, 0xCE, 0xFF,
  0x9A, 0xD6, 0xF9, 0x18, 0xC6, 0xFF, 0xEB, 0x5A, 0x9D, 0x00, 0x00, 0x00, 0x00, 0x00, 0x00, 0x00, 0x00, 0x00, 0x00, 0x00, 0x00, 0x00, 0x00, 0x00,
  0x00, 0x00, 0x00, 0x00, 0x00, 0x00, 0xFF, 0xFF, 0x00, 0xFF, 0xFF, 0x00, 0xFF, 0xFF, 0x00, 0xFF, 0xFF, 0x00, 0xFF, 0xFF, 0x00, 0xFF, 0xFF, 0x00,
  0x00, 0x00, 0x00, 0x00, 0x00, 0x00, 0x00, 0x00, 0x00, 0x00, 0x00, 0x00, 0x00, 0x00, 0x00, 0x00, 0x00, 0x00, 0x00, 0x00, 0x00, 0x61, 0x08, 0x05,
  0xB6, 0xBD, 0xFF, 0x9E, 0xF7, 0xFF, 0x9E, 0xF7, 0xFF, 0x99, 0xD6, 0xFF, 0x3C, 0xE7, 0xFF, 0x9E, 0xF7, 0xFF, 0x7D, 0xF7, 0xFF, 0x9D, 0xF7, 0xFF,
  0x9E, 0xF7, 0xFF, 0x9E, 0xF7, 0xFF, 0x7D, 0xF7, 0xFF, 0x7D, 0xF7, 0xFF, 0x7D, 0xEF, 0xFF, 0x7D, 0xEF, 0xFF, 0x7D, 0xEF, 0xFF, 0x7D, 0xEF, 0xFF,
  0x7D, 0xEF, 0xFF, 0x9E, 0xF7, 0xFF, 0x9E, 0xF7, 0xFF, 0x7D, 0xF7, 0xFF, 0x7D, 0xEF, 0xFF, 0x7D, 0xEF, 0xFF, 0x7D, 0xF7, 0xFF, 0x7D, 0xEF, 0xFF,
  0x9E, 0xF7, 0xFF, 0x9E, 0xF7, 0xFF, 0x7D, 0xEF, 0xFF, 0x7D, 0xF7, 0xFF, 0x7D, 0xEF, 0xFF, 0x7D, 0xF7, 0xFF, 0x9E, 0xF7, 0xFF, 0x7D, 0xEF, 0xFF,
  0x7D, 0xEF, 0xFF, 0x7D, 0xF7, 0xFF, 0x9D, 0xF7, 0xFF, 0x7D, 0xF7, 0xFF, 0x7D, 0xF7, 0xFF, 0x7D, 0xF7, 0xFF, 0x7D, 0xF7, 0xFF, 0x9D, 0xF7, 0xFF,
  0x9D, 0xF7, 0xFF, 0x9D, 0xF7, 0xFF, 0x9E, 0xF7, 0xFF, 0x9E, 0xF7, 0xFF, 0x9E, 0xF7, 0xFF, 0x9D, 0xF7, 0xFF, 0x9D, 0xF7, 0xFF, 0x7D, 0xF7, 0xFF,
  0x7D, 0xF7, 0xFF, 0x9D, 0xF7, 0xFF, 0x7D, 0xF7, 0xFF, 0x7D, 0xF7, 0xFF, 0x9D, 0xF7, 0xFF, 0x9D, 0xF7, 0xFF, 0x9E, 0xF7, 0xFF, 0x9D, 0xF7, 0xFF,
  0x9E, 0xF7, 0xFF, 0x9D, 0xF7, 0xFF, 0x9D, 0xF7, 0xFF, 0x7D, 0xF7, 0xFF, 0x9D, 0xF7, 0xFF, 0x9D, 0xF7, 0xFF, 0x7D, 0xF7, 0xFF, 0x9D, 0xF7, 0xFF,
  0x9E, 0xF7, 0xFF, 0x9E, 0xF7, 0xFF, 0x9D, 0xF7, 0xFF, 0x9D, 0xF7, 0xFF, 0x7D, 0xF7, 0xFF, 0x7D, 0xF7, 0xFF, 0x7D, 0xF7, 0xFF, 0x7D, 0xF7, 0xFF,
  0x7D, 0xEF, 0xFF, 0x9E, 0xF7, 0xFF, 0x9D, 0xF7, 0xFF, 0x7D, 0xEF, 0xFF, 0x7D, 0xEF, 0xFF, 0x7D, 0xEF, 0xFF, 0x7D, 0xEF, 0xFF, 0x9E, 0xF7, 0xFF,
  0x7D, 0xEF, 0xFF, 0x7D, 0xEF, 0xFF, 0x7D, 0xF7, 0xFF, 0x7D, 0xEF, 0xFF, 0x7D, 0xF7, 0xFF, 0x7D, 0xEF, 0xFF, 0x9D, 0xF7, 0xFF, 0x7D, 0xF7, 0xFF,
  0x9E, 0xF7, 0xFF, 0x59, 0xCE, 0xFF, 0xFB, 0xDE, 0xFF, 0x5D, 0xEF, 0xF7, 0x7D, 0xF7, 0xFF, 0xAA, 0x52, 0x5C, 0x00, 0x00, 0x00, 0x00, 0x00, 0x00,
  0x00, 0x00, 0x00, 0x00, 0x00, 0x00, 0x00, 0x00, 0x00, 0x00, 0x00, 0x00, 0x00, 0x00, 0x00, 0xFF, 0xFF, 0x00, 0xFF, 0xFF, 0x00, 0xFF, 0xFF, 0x00,
  0xFF, 0xFF, 0x00, 0xFF, 0xFF, 0x00, 0xFF, 0xFF, 0x00, 0x00, 0x00, 0x00, 0x00, 0x00, 0x00, 0x00, 0x00, 0x00, 0x00, 0x00, 0x00, 0x00, 0x00, 0x00,
  0x00, 0x00, 0x00, 0x00, 0x00, 0x00, 0x41, 0x08, 0x07, 0xB6, 0xB5, 0xFF, 0x7D, 0xF7, 0xFF, 0x5D, 0xEF, 0xFF, 0x59, 0xCE, 0xFF, 0x1C, 0xE7, 0xFF,
  0x5D, 0xEF, 0xFF, 0x3C, 0xEF, 0xFF, 0x5D, 0xEF, 0xFF, 0x3C, 0xEF, 0xFF, 0x9D, 0xF7, 0xFF, 0x9E, 0xF7, 0xFF, 0x7D, 0xF7, 0xFF, 0x9E, 0xF7, 0xFF,
  0x7D, 0xF7, 0xFF, 0x7D, 0xF7, 0xFF, 0x9E, 0xF7, 0xFF, 0x9E, 0xF7, 0xFF, 0x9E, 0xF7, 0xFF, 0x9E, 0xF7, 0xFF, 0x9E, 0xF7, 0xFF, 0x9E, 0xF7, 0xFF,
  0x7D, 0xF7, 0xFF, 0x3C, 0xE7, 0xFF, 0xBE, 0xF7, 0xFF, 0x7D, 0xEF, 0xFF, 0x7D, 0xEF, 0xFF, 0xBE, 0xF7, 0xFF, 0x7D, 0xEF, 0xFF, 0x7D, 0xEF, 0xFF,
  0x5D, 0xEF, 0xFF, 0xFB, 0xDE, 0xFF, 0xBE, 0xF7, 0xFF, 0x7D, 0xF7, 0xFF, 0x7D, 0xF7, 0xFF, 0x9E, 0xF7, 0xFF, 0x7D, 0xF7, 0xFF, 0x3C, 0xEF, 0xFF,
  0x3D, 0xEF, 0xFF, 0x5C, 0xEF, 0xFF, 0x5D, 0xEF, 0xFF, 0x5D, 0xEF, 0xFF, 0x5D, 0xEF, 0xFF, 0x5D, 0xEF, 0xFF, 0x5D, 0xEF, 0xFF, 0x5D, 0xEF, 0xFF,
  0x5D, 0xEF, 0xFF, 0x5D, 0xEF, 0xFF, 0x5C, 0xEF, 0xFF, 0x5D, 0xEF, 0xFF, 0x5D, 0xEF, 0xFF, 0x5D, 0xEF, 0xFF, 0x5D, 0xEF, 0xFF, 0x5D, 0xEF, 0xFF,
  0x5D, 0xEF, 0xFF, 0x5D, 0xEF, 0xFF, 0x5D, 0xEF, 0xFF, 0x5D, 0xEF, 0xFF, 0x5D, 0xEF, 0xFF, 0x5D, 0xEF, 0xFF, 0x5D, 0xEF, 0xFF, 0x5D, 0xEF, 0xFF,
  0x5D, 0xEF, 0xFF, 0x5D, 0xEF, 0xFF, 0x5D, 0xEF, 0xFF, 0x5D, 0xEF, 0xFF, 0x5D, 0xEF, 0xFF, 0x5D, 0xEF, 0xFF, 0x5D, 0xEF, 0xFF, 0x5C, 0xEF, 0xFF,
  0x5C, 0xEF, 0xFF, 0x5C, 0xEF, 0xFF, 0x7D, 0xEF, 0xFF, 0xBE, 0xF7, 0xFF, 0x7D, 0xEF, 0xFF, 0x7D, 0xEF, 0xFF, 0x7D, 0xF7, 0xFF, 0x7D, 0xEF, 0xFF,
  0x9E, 0xF7, 0xFF, 0xBE, 0xF7, 0xFF, 0x7D, 0xEF, 0xFF, 0x9E, 0xF7, 0xFF, 0x5D, 0xEF, 0xFF, 0x3C, 0xEF, 0xFF, 0x3C, 0xEF, 0xFF, 0x5C, 0xEF, 0xFF,
  0x7D, 0xEF, 0xFF, 0x3C, 0xEF, 0xFF, 0x3C, 0xEF, 0xFF, 0x7D, 0xEF, 0xFF, 0x9A, 0xD6, 0xFF, 0xDB, 0xDE, 0xFF, 0x3C, 0xE7, 0xF9, 0x3C, 0xE7, 0xFF,
  0x6D, 0x6B, 0x82, 0x00, 0x00, 0x00, 0x00, 0x00, 0x00, 0x00, 0x00, 0x00, 0x00, 0x00, 0x00, 0x00, 0x00, 0x00, 0x00, 0x00, 0x00, 0x00, 0x00, 0x00,
  0xFF, 0xFF, 0x00, 0xFF, 0xFF, 0x00, 0xFF, 0xFF, 0x00, 0xFF, 0xFF, 0x00, 0xFF, 0xFF, 0x00, 0xFF, 0xFF, 0x00, 0x00, 0x00, 0x00, 0x00, 0x00, 0x00,
  0x00, 0x00, 0x00, 0x00, 0x00, 0x00, 0x00, 0x00, 0x00, 0x00, 0x00, 0x00, 0x00, 0x00, 0x00, 0x20, 0x00, 0x06, 0xD7, 0xBD, 0xFF, 0x9E, 0xF7, 0xFF,
  0x7D, 0xEF, 0xFF, 0x38, 0xCE, 0xFF, 0xFB, 0xE6, 0xFF, 0x7D, 0xEF, 0xFF, 0x5D, 0xEF, 0xFF, 0x5D, 0xEF, 0xFF, 0x9E, 0xF7, 0xFF, 0x79, 0xCE, 0xFF,
  0xF7, 0xBD, 0xFF, 0x9A, 0xD6, 0xFF, 0xD7, 0xBD, 0xFF, 0xF7, 0xBD, 0xFF, 0xB6, 0xB5, 0xFF, 0x34, 0xA5, 0xFF, 0xB6, 0xB5, 0xFF, 0x18, 0xC6, 0xFF,
  0xD7, 0xBD, 0xFF, 0x79, 0xCE, 0xFF, 0xD7, 0xBD, 0xFF, 0xF7, 0xBD, 0xFF, 0x3C, 0xEF, 0xFF, 0xF3, 0x9C, 0xFF, 0xFB, 0xDE, 0xFF, 0x38, 0xC6, 0xFF,
  0x51, 0x8C, 0xFF, 0x38, 0xC6, 0xFF, 0x3C, 0xE7, 0xFF, 0xEF, 0x7B, 0xFF, 0x14, 0xA5, 0xFF, 0x79, 0xD6, 0xFF, 0x18, 0xC6, 0xFF, 0xB6, 0xBD, 0xFF,
  0x18, 0xC6, 0xFF, 0x59, 0xCE, 0xFF, 0x7E, 0xF7, 0xFF, 0x5D, 0xEF, 0xFF, 0x5D, 0xEF, 0xFF, 0x5D, 0xEF, 0xFF, 0x5D, 0xEF, 0xFF, 0x5D, 0xEF, 0xFF,
  0x5D, 0xEF, 0xFF, 0x5D, 0xEF, 0xFF, 0x5D, 0xEF, 0xFF, 0x5D, 0xEF, 0xFF, 0x5D, 0xEF, 0xFF, 0x5D, 0xEF, 0xFF, 0x5D, 0xEF, 0xFF, 0x5D, 0xEF, 0xFF,
  0x5D, 0xEF, 0xFF, 0x5D, 0xEF, 0xFF, 0x5D, 0xEF, 0xFF, 0x5D, 0xEF, 0xFF, 0x5D, 0xEF, 0xFF, 0x5D, 0xEF, 0xFF, 0x5D, 0xEF, 0xFF, 0x5D, 0xEF, 0xFF,
  0x5D, 0xEF, 0xFF, 0x5D, 0xEF, 0xFF, 0x5D, 0xEF, 0xFF, 0x5D, 0xEF, 0xFF, 0x5D, 0xEF, 0xFF, 0x5D, 0xEF, 0xFF, 0x5D, 0xEF, 0xFF, 0x5D, 0xEF, 0xFF,
  0x5D, 0xEF, 0xFF, 0x5D, 0xEF, 0xFF, 0x5D, 0xEF, 0xFF, 0x5D, 0xEF, 0xFF, 0x9D, 0xF7, 0xFF, 0xFB, 0xDE, 0xFF, 0x96, 0xB5, 0xFF, 0x99, 0xD6, 0xFF,
  0xD7, 0xBD, 0xFF, 0xB6, 0xB5, 0xFF, 0x17, 0xC6, 0xFF, 0xD7, 0xBD, 0xFF, 0xF3, 0x9C, 0xFF, 0xBA, 0xD6, 0xFF, 0xB3, 0x94, 0xFF, 0x38, 0xC6, 0xFF,
  0x9E, 0xF7, 0xFF, 0x5D, 0xEF, 0xFF, 0x3C, 0xE7, 0xFF, 0x18, 0xC6, 0xFF, 0x3C, 0xEF, 0xFF, 0x3C, 0xE7, 0xFF, 0x7D, 0xEF, 0xFF, 0xBA, 0xD6, 0xFF,
  0x1C, 0xE7, 0xFF, 0x5D, 0xEF, 0xF9, 0x3C, 0xE7, 0xFF, 0x4D, 0x6B, 0x86, 0x00, 0x00, 0x00, 0x00, 0x00, 0x00, 0x00, 0x00, 0x00, 0x00, 0x00, 0x00,
  0x00, 0x00, 0x00, 0x00, 0x00, 0x00, 0x00, 0x00, 0x00, 0xFF, 0xFF, 0x00, 0xFF, 0xFF, 0x00, 0xFF, 0xFF, 0x00, 0xFF, 0xFF, 0x00, 0xFF, 0xFF, 0x00,
  0xFF, 0xFF, 0x00, 0x00, 0x00, 0x00, 0x00, 0x00, 0x00, 0x00, 0x00, 0x00, 0x00, 0x00, 0x00, 0x00, 0x00, 0x00, 0x00, 0x00, 0x00, 0x00, 0x00, 0x00,
  0x20, 0x00, 0x07, 0xD7, 0xBD, 0xFF, 0x9E, 0xF7, 0xFF, 0x7D, 0xEF, 0xFF, 0x59, 0xCE, 0xFF, 0x1C, 0xE7, 0xFF, 0x5D, 0xEF, 0xFF, 0x5D, 0xEF, 0xFF,
  0x5C, 0xEF, 0xFF, 0xDE, 0xFF, 0xFF, 0x51, 0x8C, 0xFF, 0xAA, 0x52, 0xFF, 0x10, 0x84, 0xFF, 0x30, 0x84, 0xFF, 0x91, 0x94, 0xFF, 0x4D, 0x6B, 0xFF,
  0x51, 0x8C, 0xFF, 0x75, 0xAD, 0xFF, 0xEB, 0x5A, 0xFF, 0xAA, 0x52, 0xFF, 0x4D, 0x6B, 0xFF, 0x51, 0x8C, 0xFF, 0x92, 0x94, 0xFF, 0xD7, 0xBD, 0xFF,
  0x28, 0x42, 0xFF, 0xD7, 0xBD, 0xFF, 0x31, 0x8C, 0xFF, 0xB2, 0x94, 0xFF, 0x2C, 0x63, 0xFF, 0x10, 0x84, 0xFF, 0x38, 0xC6, 0xFF, 0xCF, 0x7B, 0xFF,
  0xEF, 0x7B, 0xFF, 0x0C, 0x63, 0xFF, 0xEB, 0x5A, 0xFF, 0x6D, 0x6B, 0xFF, 0xBA, 0xD6, 0xFF, 0x7D, 0xEF, 0xFF, 0x5D, 0xEF, 0xFF, 0x5D, 0xEF, 0xFF,
  0x5D, 0xEF, 0xFF, 0x5D, 0xEF, 0xFF, 0x5D, 0xEF, 0xFF, 0x5D, 0xEF, 0xFF, 0x5D, 0xEF, 0xFF, 0x5D, 0xEF, 0xFF, 0x5D, 0xEF, 0xFF, 0x5D, 0xEF, 0xFF,
  0x5D, 0xEF, 0xFF, 0x5D, 0xEF, 0xFF, 0x5D, 0xEF, 0xFF, 0x5D, 0xEF, 0xFF, 0x5D, 0xEF, 0xFF, 0x5D, 0xEF, 0xFF, 0x5D, 0xEF, 0xFF, 0x5D, 0xEF, 0xFF,
  0x5D, 0xEF, 0xFF, 0x5D, 0xEF, 0xFF, 0x5D, 0xEF, 0xFF, 0x5D, 0xEF, 0xFF, 0x5D, 0xEF, 0xFF, 0x5D, 0xEF, 0xFF, 0x5D, 0xEF, 0xFF, 0x5D, 0xEF, 0xFF,
  0x5D, 0xEF, 0xFF, 0x5D, 0xEF, 0xFF, 0x5D, 0xEF, 0xFF, 0x5D, 0xEF, 0xFF, 0x5D, 0xEF, 0xFF, 0x5D, 0xEF, 0xFF, 0x5C, 0xEF, 0xFF, 0xBE, 0xF7, 0xFF,
  0xD7, 0xBD, 0xFF, 0x8A, 0x52, 0xFF, 0xCF, 0x7B, 0xFF, 0x75, 0xAD, 0xFF, 0xCF, 0x7B, 0xFF, 0x75, 0xB5, 0xFF, 0x59, 0xCE, 0xFF, 0xEF, 0x7B, 0xFF,
  0xEF, 0x83, 0xFF, 0x6D, 0x6B, 0xFF, 0x96, 0xB5, 0xFF, 0xB2, 0x94, 0xFF, 0x51, 0x8C, 0xFF, 0xB2, 0x94, 0xFF, 0xAE, 0x73, 0xFF, 0x5D, 0xEF, 0xFF,
  0x3C, 0xE7, 0xFF, 0x5D, 0xEF, 0xFF, 0x9A, 0xD6, 0xFF, 0xFB, 0xDE, 0xFF, 0x5D, 0xEF, 0xF9, 0x5C, 0xEF, 0xFF, 0x2C, 0x63, 0x85, 0x00, 0x00, 0x00,
  0x00, 0x00, 0x00, 0x00, 0x00, 0x00, 0x00, 0x00, 0x00, 0x00, 0x00, 0x00, 0x00, 0x00, 0x00, 0x00, 0x00, 0x00, 0xFF, 0xFF, 0x00, 0xFF, 0xFF, 0x00,
  0xFF, 0xFF, 0x00, 0xFF, 0xFF, 0x00, 0xFF, 0xFF, 0x00, 0xFF, 0xFF, 0x00, 0x00, 0x00, 0x00, 0x00, 0x00, 0x00, 0x00, 0x00, 0x00, 0x00, 0x00, 0x00,
  0x00, 0x00, 0x00, 0x00, 0x00, 0x00, 0x00, 0x00, 0x00, 0x00, 0x00, 0x05, 0xF7, 0xBD, 0xFF, 0x9E, 0xF7, 0xFF, 0x7D, 0xEF, 0xFF, 0x59, 0xCE, 0xFF,
  0x3C, 0xE7, 0xFF, 0x5D, 0xEF, 0xFF, 0x5D, 0xEF, 0xFF, 0x5D, 0xEF, 0xFF, 0x1C, 0xE7, 0xFF, 0x10, 0x84, 0xFF, 0x71, 0x8C, 0xFF, 0x6D, 0x6B, 0xFF,
  0xB2, 0x94, 0xFF, 0x92, 0x94, 0xFF, 0xEB, 0x5A, 0xFF, 0xB2, 0x94, 0xFF, 0xB6, 0xB5, 0xFF, 0xCB, 0x5A, 0xFF, 0xCF, 0x7B, 0xFF, 0xCF, 0x7B, 0xFF,
  0x54, 0xAD, 0xFF, 0x51, 0x8C, 0xFF, 0xEF, 0x7B, 0xFF, 0x8D, 0x73, 0xFF, 0x30, 0x84, 0xFF, 0x8E, 0x73, 0xFF, 0x30, 0x84, 0xFF, 0xB2, 0x94, 0xFF,
  0xEF, 0x7B, 0xFF, 0x92, 0x94, 0xFF, 0xF3, 0x9C, 0xFF, 0x71, 0x8C, 0xFF, 0xCF, 0x7B, 0xFF, 0x0C, 0x63, 0xFF, 0xF3, 0xA4, 0xFF, 0xBE, 0xF7, 0xFF,
  0x3C, 0xE7, 0xFF, 0x5D, 0xEF, 0xFF, 0x5D, 0xEF, 0xFF, 0x5D, 0xEF, 0xFF, 0x5D, 0xEF, 0xFF, 0x5D, 0xEF, 0xFF, 0x5D, 0xEF, 0xFF, 0x5D, 0xEF, 0xFF,
  0x5D, 0xEF, 0xFF, 0x5D, 0xEF, 0xFF, 0x5D, 0xEF, 0xFF, 0x5D, 0xEF, 0xFF, 0x5D, 0xEF, 0xFF, 0x5D, 0xEF, 0xFF, 0x5D, 0xEF, 0xFF, 0x5D, 0xEF, 0xFF,
  0x5D, 0xEF, 0xFF, 0x5D, 0xEF, 0xFF, 0x5D, 0xEF, 0xFF, 0x5D, 0xEF, 0xFF, 0x5D, 0xEF, 0xFF, 0x5D, 0xEF, 0xFF, 0x5D, 0xEF, 0xFF, 0x5D, 0xEF, 0xFF,
  0x5D, 0xEF, 0xFF, 0x5D, 0xEF, 0xFF, 0x5D, 0xEF, 0xFF, 0x5D, 0xEF, 0xFF, 0x5D, 0xEF, 0xFF, 0x5D, 0xEF, 0xFF, 0x5D, 0xEF, 0xFF, 0x5D, 0xEF, 0xFF,
  0x5D, 0xEF, 0xFF, 0x5C, 0xEF, 0xFF, 0xBE, 0xF7, 0xFF, 0xB2, 0x94, 0xFF, 0xF3, 0x9C, 0xFF, 0xEB, 0x5A, 0xFF, 0x5D, 0xEF, 0xFF, 0xB2, 0x94, 0xFF,
  0x38, 0xC6, 0xFF, 0x4D, 0x6B, 0xFF, 0x71, 0x8C, 0xFF, 0xD2, 0x9C, 0xFF, 0xCF, 0x7B, 0xFF, 0x30, 0x84, 0xFF, 0xD3, 0x9C, 0xFF, 0x92, 0x94, 0xFF,
  0x30, 0x84, 0xFF, 0x14, 0x9D, 0xFF, 0xBE, 0xF7, 0xFF, 0x3C, 0xE7, 0xFF, 0x7D, 0xEF, 0xFF, 0x9A, 0xD6, 0xFF, 0xFB, 0xDE, 0xFF, 0x5D, 0xEF, 0xF9,
  0x5D, 0xEF, 0xFF, 0x2C, 0x63, 0x85, 0x00, 0x00, 0x00, 0x00, 0x00, 0x00, 0x00, 0x00, 0x00, 0x00, 0x00, 0x00, 0x00, 0x00, 0x00, 0x00, 0x00, 0x00,
  0x00, 0x00, 0x00, 0xFF, 0xFF, 0x00, 0xFF, 0xFF, 0x00, 0xFF, 0xFF, 0x00, 0xFF, 0xFF, 0x00, 0xFF, 0xFF, 0x00, 0xFF, 0xFF, 0x00, 0x00, 0x00, 0x00,
  0x00, 0x00, 0x00, 0x00, 0x00, 0x00, 0x00, 0x00, 0x00, 0x00, 0x00, 0x00, 0x00, 0x00, 0x00, 0x00, 0x00, 0x00, 0xE3, 0x18, 0x11, 0x79, 0xCE, 0xFF,
  0x7D, 0xEF, 0xFB, 0x7D, 0xEF, 0xFF, 0x59, 0xCE, 0xFF, 0x3C, 0xE7, 0xFF, 0x5D, 0xEF, 0xFF, 0x5D, 0xEF, 0xFF, 0x7D, 0xEF, 0xFF, 0x3C, 0xE7, 0xFF,
  0xBA, 0xD6, 0xFF, 0x5D, 0xEF, 0xFF, 0xDB, 0xDE, 0xFF, 0xDB, 0xDE, 0xFF, 0xBA, 0xD6, 0xFF, 0xF7, 0xBD, 0xFF, 0x38, 0xC6, 0xFF, 0xDB, 0xDE, 0xFF,
  0xBA, 0xD6, 0xFF, 0xBA, 0xDE, 0xFF, 0xFB, 0xDE, 0xFF, 0xFB, 0xDE, 0xFF, 0x9A, 0xD6, 0xFF, 0x1C, 0xE7, 0xFF, 0x1C, 0xE7, 0xFF, 0x59, 0xCE, 0xFF,
  0x59, 0xCE, 0xFF, 0x59, 0xCE, 0xFF, 0x9E, 0xF7, 0xFF, 0x9A, 0xD6, 0xFF, 0x96, 0xB5, 0xFF, 0x7D, 0xEF, 0xFF, 0xBA, 0xDE, 0xFF, 0xFB, 0xE6, 0xFF,
  0x79, 0xCE, 0xFF, 0x3C, 0xE7, 0xFF, 0x5D, 0xEF, 0xFF, 0x5D, 0xEF, 0xFF, 0x5D, 0xEF, 0xFF, 0x5D, 0xEF, 0xFF, 0x5D, 0xEF, 0xFF, 0x5D, 0xEF, 0xFF,
  0x5D, 0xEF, 0xFF, 0x5D, 0xEF, 0xFF, 0x5D, 0xEF, 0xFF, 0x5D, 0xEF, 0xFF, 0x5D, 0xEF, 0xFF, 0x5D, 0xEF, 0xFF, 0x5D, 0xEF, 0xFF, 0x5D, 0xEF, 0xFF,
  0x5D, 0xEF, 0xFF, 0x5D, 0xEF, 0xFF, 0x5D, 0xEF, 0xFF, 0x5D, 0xEF, 0xFF, 0x5D, 0xEF, 0xFF, 0x5D, 0xEF, 0xFF, 0x5D, 0xEF, 0xFF, 0x5D, 0xEF, 0xFF,
  0x5D, 0xEF, 0xFF, 0x5D, 0xEF, 0xFF, 0x5D, 0xEF, 0xFF, 0x5D, 0xEF, 0xFF, 0x5D, 0xEF, 0xFF, 0x5D, 0xEF, 0xFF, 0x5D, 0xEF, 0xFF, 0x5D, 0xEF, 0xFF,
  0x5D, 0xEF, 0xFF, 0x5D, 0xEF, 0xFF, 0x5D, 0xEF, 0xFF, 0x5D, 0xEF, 0xFF, 0x5D, 0xEF, 0xFF, 0x7D, 0xEF, 0xFF, 0xBA, 0xDE, 0xFF, 0x3C, 0xE7, 0xFF,
  0xBA, 0xD6, 0xFF, 0x5D, 0xEF, 0xFF, 0x9A, 0xD6, 0xFF, 0xDB, 0xDE, 0xFF, 0xD7, 0xBD, 0xFF, 0x38, 0xCE, 0xFF, 0xDB, 0xDE, 0xFF, 0x38, 0xC6, 0xFF,
  0x1C, 0xE7, 0xFF, 0xFB, 0xDE, 0xFF, 0xBA, 0xDE, 0xFF, 0xDB, 0xDE, 0xFF, 0x9A, 0xD6, 0xFF, 0x7D, 0xEF, 0xFF, 0x3C, 0xEF, 0xFF, 0x5D, 0xEF, 0xFF,
  0xBA, 0xD6, 0xFF, 0xFB, 0xDE, 0xFF, 0x5D, 0xEF, 0xF9, 0x5D, 0xEF, 0xFF, 0x0C, 0x63, 0x85, 0x00, 0x00, 0x00, 0x00, 0x00, 0x00, 0x00, 0x00, 0x00,
  0x00, 0x00, 0x00, 0x00, 0x00, 0x00, 0x00, 0x00, 0x00, 0x00, 0x00, 0x00, 0xFF, 0xFF, 0x00, 0xFF, 0xFF, 0x00, 0xFF, 0xFF, 0x00, 0xFF, 0xFF, 0x00,
  0xFF, 0xFF, 0x00, 0xFF, 0xFF, 0x00, 0x00, 0x00, 0x00, 0x00, 0x00, 0x00, 0x00, 0x00, 0x00, 0x00, 0x00, 0x00, 0x00, 0x00, 0x00, 0x00, 0x00, 0x00,
  0x00, 0x00, 0x00, 0x65, 0x29, 0x1E, 0xBA, 0xD6, 0xFF, 0x5D, 0xEF, 0xF9, 0x7D, 0xEF, 0xFF, 0x59, 0xCE, 0xFF, 0x3C, 0xE7, 0xFF, 0x5D, 0xEF, 0xFF,
  0x5D, 0xEF, 0xFF, 0x5D, 0xEF, 0xFF, 0x5D, 0xEF, 0xFF, 0x7D, 0xF7, 0xFF, 0x7D, 0xEF, 0xFF, 0x7D, 0xF7, 0xFF, 0x7D, 0xEF, 0xFF, 0x7D, 0xEF, 0xFF,
  0x9E, 0xF7, 0xFF, 0x9E, 0xF7, 0xFF, 0x7D, 0xEF, 0xFF, 0x7D, 0xF7, 0xFF, 0x7D, 0xEF, 0xFF, 0x7D, 0xEF, 0xFF, 0x7D, 0xEF, 0xFF, 0x9E, 0xF7, 0xFF,
  0x7D, 0xEF, 0xFF, 0x5D, 0xEF, 0xFF, 0x9E, 0xF7, 0xFF, 0xBE, 0xF7, 0xFF, 0xBE, 0xF7, 0xFF, 0x5D, 0xEF, 0xFF, 0x7D, 0xF7, 0xFF, 0x9E, 0xF7, 0xFF,
  0x5C, 0xEF, 0xFF, 0x7D, 0xEF, 0xFF, 0x7D, 0xEF, 0xFF, 0x9D, 0xF7, 0xFF, 0x5D, 0xEF, 0xFF, 0x5D, 0xEF, 0xFF, 0x5D, 0xEF, 0xFF, 0x5D, 0xEF, 0xFF,
  0x5D, 0xEF, 0xFF, 0x5D, 0xEF, 0xFF, 0x5D, 0xEF, 0xFF, 0x5D, 0xEF, 0xFF, 0x5D, 0xEF, 0xFF, 0x5D, 0xEF, 0xFF, 0x5D, 0xEF, 0xFF, 0x5D, 0xEF, 0xFF,
  0x5D, 0xEF, 0xFF, 0x5D, 0xEF, 0xFF, 0x5D, 0xEF, 0xFF, 0x5D, 0xEF, 0xFF, 0x5D, 0xEF, 0xFF, 0x5D, 0xEF, 0xFF, 0x5D, 0xEF, 0xFF, 0x5D, 0xEF, 0xFF,
  0x5D, 0xEF, 0xFF, 0x5D, 0xEF, 0xFF, 0x5D, 0xEF, 0xFF, 0x5D, 0xEF, 0xFF, 0x5D, 0xEF, 0xFF, 0x5D, 0xEF, 0xFF, 0x5D, 0xEF, 0xFF, 0x5D, 0xEF, 0xFF,
  0x5D, 0xEF, 0xFF, 0x5D, 0xEF, 0xFF, 0x5D, 0xEF, 0xFF, 0x5D, 0xEF, 0xFF, 0x5D, 0xEF, 0xFF, 0x5D, 0xEF, 0xFF, 0x5D, 0xEF, 0xFF, 0x5D, 0xEF, 0xFF,
  0x5D, 0xEF, 0xFF, 0x7D, 0xF7, 0xFF, 0x5D, 0xEF, 0xFF, 0x7D, 0xEF, 0xFF, 0x5D, 0xEF, 0xFF, 0x7D, 0xF7, 0xFF, 0x5D, 0xEF, 0xFF, 0x9E, 0xF7, 0xFF,
  0x9E, 0xF7, 0xFF, 0x7D, 0xEF, 0xFF, 0x9E, 0xF7, 0xFF, 0x7D, 0xEF, 0xFF, 0x7D, 0xEF, 0xFF, 0x7D, 0xEF, 0xFF, 0x7D, 0xEF, 0xFF, 0x7D, 0xF7, 0xFF,
  0x5D, 0xEF, 0xFF, 0x5D, 0xEF, 0xFF, 0x7D, 0xEF, 0xFF, 0xBA, 0xD6, 0xFF, 0xFB, 0xDE, 0xFF, 0x5D, 0xEF, 0xF9, 0x5D, 0xEF, 0xFF, 0x0C, 0x63, 0x85,
  0x00, 0x00, 0x00, 0x00, 0x00, 0x00, 0x00, 0x00, 0x00, 0x00, 0x00, 0x00, 0x00, 0x00, 0x00, 0x00, 0x00, 0x00, 0x00, 0x00, 0x00, 0xFF, 0xFF, 0x00,
  0xFF, 0xFF, 0x00, 0xFF, 0xFF, 0x00, 0xFF, 0xFF, 0x00, 0xFF, 0xFF, 0x00, 0xFF, 0xFF, 0x00, 0x00, 0x00, 0x00, 0x00, 0x00, 0x00, 0x00, 0x00, 0x00,
  0x00, 0x00, 0x00, 0x00, 0x00, 0x00, 0x00, 0x00, 0x00, 0x00, 0x00, 0x00, 0x24, 0x21, 0x1C, 0xBA, 0xD6, 0xFF, 0x7D, 0xEF, 0xF9, 0x7D, 0xEF, 0xFF,
  0x59, 0xCE, 0xFF, 0x3C, 0xEF, 0xFF, 0x5D, 0xEF, 0xFF, 0x5D, 0xEF, 0xFF, 0x5D, 0xEF, 0xFF, 0x5D, 0xEF, 0xFF, 0x5D, 0xEF, 0xFF, 0x5D, 0xEF, 0xFF,
  0x5D, 0xEF, 0xFF, 0x5D, 0xEF, 0xFF, 0x5D, 0xEF, 0xFF, 0x5D, 0xEF, 0xFF, 0x5D, 0xEF, 0xFF, 0x5D, 0xEF, 0xFF, 0x5D, 0xEF, 0xFF, 0x5D, 0xEF, 0xFF,
  0x5D, 0xEF, 0xFF, 0x5D, 0xEF, 0xFF, 0x5D, 0xEF, 0xFF, 0x3C, 0xEF, 0xFF, 0x3C, 0xEF, 0xFF, 0x5D, 0xEF, 0xFF, 0x3C, 0xEF, 0xFF, 0x5C, 0xEF, 0xFF,
  0x5D, 0xEF, 0xFF, 0x5D, 0xEF, 0xFF, 0x3C, 0xEF, 0xFF, 0x5D, 0xEF, 0xFF, 0x5D, 0xEF, 0xFF, 0x5D, 0xEF, 0xFF, 0x5D, 0xEF, 0xFF, 0x5D, 0xEF, 0xFF,
  0x5D, 0xEF, 0xFF, 0x5D, 0xEF, 0xFF, 0x5D, 0xEF, 0xFF, 0x5D, 0xEF, 0xFF, 0x5D, 0xEF, 0xFF, 0x5D, 0xEF, 0xFF, 0x5D, 0xEF, 0xFF, 0x5D, 0xEF, 0xFF,
  0x5D, 0xEF, 0xFF, 0x5D, 0xEF, 0xFF, 0x5D, 0xEF, 0xFF, 0x5D, 0xEF, 0xFF, 0x5D, 0xEF, 0xFF, 0x5D, 0xEF, 0xFF, 0x5D, 0xEF, 0xFF, 0x5D, 0xEF, 0xFF,
  0x5D, 0xEF, 0xFF, 0x5D, 0xEF, 0xFF, 0x5D, 0xEF, 0xFF, 0x5D, 0xEF, 0xFF, 0x5D, 0xEF, 0xFF, 0x5D, 0xEF, 0xFF, 0x5D, 0xEF, 0xFF, 0x5D, 0xEF, 0xFF,
  0x5D, 0xEF, 0xFF, 0x5D, 0xEF, 0xFF, 0x5D, 0xEF, 0xFF, 0x5D, 0xEF, 0xFF, 0x5D, 0xEF, 0xFF, 0x5D, 0xEF, 0xFF, 0x5D, 0xEF, 0xFF, 0x5D, 0xEF, 0xFF,
  0x5D, 0xEF, 0xFF, 0x5D, 0xEF, 0xFF, 0x5C, 0xEF, 0xFF, 0x3C, 0xE7, 0xFF, 0x5D, 0xEF, 0xFF, 0x5D, 0xEF, 0xFF, 0x5D, 0xEF, 0xFF, 0x5D, 0xEF, 0xFF,
  0x5D, 0xEF, 0xFF, 0x5D, 0xEF, 0xFF, 0x3C, 0xEF, 0xFF, 0x5D, 0xEF, 0xFF, 0x5D, 0xEF, 0xFF, 0x5C, 0xEF, 0xFF, 0x5D, 0xEF, 0xFF, 0x5C, 0xEF, 0xFF,
  0x3C, 0xEF, 0xFF, 0x5D, 0xEF, 0xFF, 0x3C, 0xEF, 0xFF, 0x5D, 0xEF, 0xFF, 0x5D, 0xEF, 0xFF, 0x7D, 0xEF, 0xFF, 0xBA, 0xD6, 0xFF, 0xFB, 0xDE, 0xFF,
  0x5D, 0xEF, 0xF9, 0x7D, 0xEF, 0xFF, 0x2C, 0x63, 0x85, 0x00, 0x00, 0x00, 0x00, 0x00, 0x00, 0x00, 0x00, 0x00, 0x00, 0x00, 0x00, 0x00, 0x00, 0x00,
  0x00, 0x00, 0x00, 0x00, 0x00, 0x00, 0xFF, 0xFF, 0x00, 0xFF, 0xFF, 0x00, 0xFF, 0xFF, 0x00, 0xFF, 0xFF, 0x00, 0xFF, 0xFF, 0x00, 0xFF, 0xFF, 0x00,
  0x00, 0x00, 0x00, 0x00, 0x00, 0x00, 0x00, 0x00, 0x00, 0x00, 0x00, 0x00, 0x00, 0x00, 0x00, 0x00, 0x00, 0x00, 0x00, 0x00, 0x00, 0x04, 0x21, 0x1C,
  0xBA, 0xDE, 0xFF, 0x7D, 0xEF, 0xF9, 0x7D, 0xEF, 0xFF, 0x59, 0xCE, 0xFF, 0x5D, 0xEF, 0xFF, 0x5D, 0xEF, 0xFF, 0x5D, 0xEF, 0xFF, 0x5D, 0xEF, 0xFF,
  0x5D, 0xEF, 0xFF, 0x5D, 0xEF, 0xFF, 0x5D, 0xEF, 0xFF, 0x5D, 0xEF, 0xFF, 0x5D, 0xEF, 0xFF, 0x5D, 0xEF, 0xFF, 0x5D, 0xEF, 0xFF, 0x5D, 0xEF, 0xFF,
  0x5D, 0xEF, 0xFF, 0x5D, 0xEF, 0xFF, 0x5D, 0xEF, 0xFF, 0x5D, 0xEF, 0xFF, 0x5D, 0xEF, 0xFF, 0x5D, 0xEF, 0xFF, 0xBE, 0xFF, 0xFF, 0xBE, 0xF7, 0xFF,
  0x9E, 0xF7, 0xFF, 0x7D, 0xF7, 0xFF, 0x7D, 0xEF, 0xFF, 0x7D, 0xEF, 0xFF, 0x7D, 0xEF, 0xFF, 0x7D, 0xEF, 0xFF, 0x7D, 0xEF, 0xFF, 0x7D, 0xEF, 0xFF,
  0x7D, 0xEF, 0xFF, 0x7D, 0xEF, 0xFF, 0x7D, 0xEF, 0xFF, 0x7D, 0xEF, 0xFF, 0x7D, 0xEF, 0xFF, 0x7D, 0xEF, 0xFF, 0x7D, 0xEF, 0xFF, 0x7D, 0xEF, 0xFF,
  0x7D, 0xF7, 0xFF, 0x7D, 0xF7, 0xFF, 0x7D, 0xEF, 0xFF, 0x7D, 0xEF, 0xFF, 0x7D, 0xEF, 0xFF, 0x7D, 0xEF, 0xFF, 0x7D, 0xEF, 0xFF, 0x7D, 0xEF, 0xFF,
  0x7D, 0xEF, 0xFF, 0x7D, 0xEF, 0xFF, 0x7D, 0xEF, 0xFF, 0x7D, 0xEF, 0xFF, 0x7D, 0xEF, 0xFF, 0x7D, 0xEF, 0xFF, 0x7D, 0xEF, 0xFF, 0x7D, 0xEF, 0xFF,
  0x7D, 0xEF, 0xFF, 0x7D, 0xEF, 0xFF, 0x7D, 0xEF, 0xFF, 0x7D, 0xEF, 0xFF, 0x7D, 0xEF, 0xFF, 0x7D, 0xEF, 0xFF, 0x7D, 0xEF, 0xFF, 0x7D, 0xEF, 0xFF,
  0x7D, 0xEF, 0xFF, 0x7D, 0xEF, 0xFF, 0x7D, 0xEF, 0xFF, 0x9E, 0xF7, 0xFF, 0x9D, 0xF7, 0xFF, 0x9E, 0xF7, 0xFF, 0xBE, 0xFF, 0xFF, 0x7D, 0xEF, 0xFF,
  0x5C, 0xEF, 0xFF, 0x5D, 0xEF, 0xFF, 0x5D, 0xEF, 0xFF, 0x5D, 0xEF, 0xFF, 0x5D, 0xEF, 0xFF, 0x5D, 0xEF, 0xFF, 0x5D, 0xEF, 0xFF, 0x5D, 0xEF, 0xFF,
  0x5D, 0xEF, 0xFF, 0x5D, 0xEF, 0xFF, 0x5D, 0xEF, 0xFF, 0x5D, 0xEF, 0xFF, 0x5D, 0xEF, 0xFF, 0x5D, 0xEF, 0xFF, 0x5D, 0xEF, 0xFF, 0x5D, 0xEF, 0xFF,
  0x7D, 0xEF, 0xFF, 0xBA, 0xDE, 0xFF, 0xDB, 0xDE, 0xFF, 0x5D, 0xEF, 0xF9, 0x9E, 0xF7, 0xFF, 0x2C, 0x63, 0x85, 0x00, 0x00, 0x00, 0x00, 0x00, 0x00,
  0x00, 0x00, 0x00, 0x00, 0x00, 0x00, 0x00, 0x00, 0x00, 0x00, 0x00, 0x00, 0x00, 0x00, 0x00, 0xFF, 0xFF, 0x00, 0xFF, 0xFF, 0x00, 0xFF, 0xFF, 0x00,
  0xFF, 0xFF, 0x00, 0xFF, 0xFF, 0x00, 0xFF, 0xFF, 0x00, 0x00, 0x00, 0x00, 0x00, 0x00, 0x00, 0x00, 0x00, 0x00, 0x00, 0x00, 0x00, 0x00, 0x00, 0x00,
  0x00, 0x00, 0x00, 0x00, 0x00, 0x00, 0xE3, 0x18, 0x1D, 0xDB, 0xDE, 0xFF, 0x7D, 0xEF, 0xF9, 0x7D, 0xEF, 0xFF, 0x59, 0xCE, 0xFF, 0x5D, 0xEF, 0xFF,
  0x5D, 0xEF, 0xFF, 0x5D, 0xEF, 0xFF, 0x5D, 0xEF, 0xFF, 0x5D, 0xEF, 0xFF, 0x5D, 0xEF, 0xFF, 0x5D, 0xEF, 0xFF, 0x5D, 0xEF, 0xFF, 0x5D, 0xEF, 0xFF,
  0x5D, 0xEF, 0xFF, 0x5D, 0xEF, 0xFF, 0x5D, 0xEF, 0xFF, 0x5D, 0xEF, 0xFF, 0x5D, 0xEF, 0xFF, 0x5D, 0xEF, 0xFF, 0x5D, 0xEF, 0xFF, 0x5D, 0xEF, 0xFF,
  0x9E, 0xF7, 0xFF, 0x96, 0xB5, 0xFF, 0xCF, 0x7B, 0xFF, 0x6D, 0x6B, 0xFF, 0x4D, 0x6B, 0xFF, 0x0C, 0x63, 0xFF, 0x2C, 0x63, 0xFF, 0x2C, 0x63, 0xFF,
  0x2C, 0x63, 0xFF, 0x0C, 0x63, 0xFF, 0x0C, 0x63, 0xFF, 0x0C, 0x63, 0xFF, 0x0C, 0x63, 0xFF, 0x0C, 0x63, 0xFF, 0x0C, 0x63, 0xFF, 0x0C, 0x63, 0xFF,
  0x2C, 0x63, 0xFF, 0x0C, 0x63, 0xFF, 0x0C, 0x63, 0xFF, 0x0C, 0x63, 0xFF, 0x0C, 0x63, 0xFF, 0x0C, 0x63, 0xFF, 0x0C, 0x63, 0xFF, 0x0C, 0x63, 0xFF,
  0x0C, 0x63, 0xFF, 0x0C, 0x63, 0xFF, 0x0C, 0x63, 0xFF, 0x0C, 0x63, 0xFF, 0x0C, 0x63, 0xFF, 0x0C, 0x63, 0xFF, 0x0C, 0x63, 0xFF, 0x0C, 0x63, 0xFF,
  0x0C, 0x63, 0xFF, 0x0C, 0x63, 0xFF, 0x0C, 0x63, 0xFF, 0x0C, 0x63, 0xFF, 0x0C, 0x63, 0xFF, 0x0C, 0x63, 0xFF, 0x0C, 0x63, 0xFF, 0x0C, 0x63, 0xFF,
  0x0C, 0x63, 0xFF, 0x0C, 0x63, 0xFF, 0x2C, 0x63, 0xFF, 0x2C, 0x63, 0xFF, 0x2C, 0x63, 0xFF, 0x2C, 0x63, 0xFF, 0x2C, 0x63, 0xFF, 0x2C, 0x63, 0xFF,
  0x6D, 0x6B, 0xFF, 0x30, 0x84, 0xFF, 0xDB, 0xDE, 0xFF, 0x9E, 0xF7, 0xFF, 0x3C, 0xEF, 0xFF, 0x5D, 0xEF, 0xFF, 0x5D, 0xEF, 0xFF, 0x5D, 0xEF, 0xFF,
  0x5D, 0xEF, 0xFF, 0x5D, 0xEF, 0xFF, 0x5D, 0xEF, 0xFF, 0x5D, 0xEF, 0xFF, 0x5D, 0xEF, 0xFF, 0x5D, 0xEF, 0xFF, 0x5D, 0xEF, 0xFF, 0x5D, 0xEF, 0xFF,
  0x5D, 0xEF, 0xFF, 0x5D, 0xEF, 0xFF, 0x5C, 0xEF, 0xFF, 0x7D, 0xEF, 0xFF, 0xBA, 0xD6, 0xFF, 0xDB, 0xDE, 0xFF, 0x5D, 0xEF, 0xF9, 0x9E, 0xF7, 0xFF,
  0x2C, 0x63, 0x85, 0x00, 0x00, 0x00, 0x00, 0x00, 0x00, 0x00, 0x00, 0x00, 0x00, 0x00, 0x00, 0x00, 0x00, 0x00, 0x00, 0x00, 0x00, 0x00, 0x00, 0x00,
  0xFF, 0xFF, 0x00, 0xFF, 0xFF, 0x00, 0xFF, 0xFF, 0x00, 0xFF, 0xFF, 0x00, 0xFF, 0xFF, 0x00, 0xFF, 0xFF, 0x00, 0x00, 0x00, 0x00, 0x00, 0x00, 0x00,
  0x00, 0x00, 0x00, 0x00, 0x00, 0x00, 0x00, 0x00, 0x00, 0x00, 0x00, 0x00, 0x00, 0x00, 0x00, 0xC3, 0x18, 0x1A, 0xDB, 0xDE, 0xFF, 0x7D, 0xEF, 0xF9,
  0x5D, 0xEF, 0xFF, 0x59, 0xCE, 0xFF, 0x5D, 0xEF, 0xFF, 0x5D, 0xEF, 0xFF, 0x5D, 0xEF, 0xFF, 0x5D, 0xEF, 0xFF, 0x5D, 0xEF, 0xFF, 0x5D, 0xEF, 0xFF,
  0x5D, 0xEF, 0xFF, 0x5D, 0xEF, 0xFF, 0x5D, 0xEF, 0xFF, 0x5D, 0xEF, 0xFF, 0x5D, 0xEF, 0xFF, 0x5D, 0xEF, 0xFF, 0x5D, 0xEF, 0xFF, 0x5D, 0xEF, 0xFF,
  0x5D, 0xEF, 0xFF, 0x5C, 0xEF, 0xFF, 0x9E, 0xF7, 0xFF, 0x10, 0x84, 0xFF, 0x86, 0x31, 0xFF, 0x45, 0x29, 0xFF, 0x04, 0x21, 0xFF, 0x04, 0x21, 0xFF,
  0xC3, 0x18, 0xFF, 0xC3, 0x18, 0xFF, 0xE3, 0x18, 0xFF, 0x04, 0x21, 0xFF, 0x04, 0x21, 0xFF, 0x03, 0x21, 0xFF, 0xE3, 0x18, 0xFF, 0xE3, 0x18, 0xFF,
  0xE3, 0x18, 0xFF, 0xE3, 0x18, 0xFF, 0xE3, 0x18, 0xFF, 0x04, 0x21, 0xFF, 0xE3, 0x18, 0xFF, 0xE3, 0x18, 0xFF, 0xE3, 0x18, 0xFF, 0xE3, 0x18, 0xFF,
  0xE3, 0x18, 0xFF, 0xE3, 0x18, 0xFF, 0xE3, 0x18, 0xFF, 0xE3, 0x18, 0xFF, 0xE3, 0x18, 0xFF, 0xE3, 0x18, 0xFF, 0xE3, 0x18, 0xFF, 0xE3, 0x18, 0xFF,
  0xE3, 0x18, 0xFF, 0xE3, 0x18, 0xFF, 0x04, 0x21, 0xFF, 0xE3, 0x18, 0xFF, 0x03, 0x21, 0xFF, 0x04, 0x21, 0xFF, 0x04, 0x21, 0xFF, 0xE3, 0x18, 0xFF,
  0x04, 0x21, 0xFF, 0x04, 0x21, 0xFF, 0x04, 0x21, 0xFF, 0x04, 0x21, 0xFF, 0x04, 0x21, 0xFF, 0xE3, 0x18, 0xFF, 0xE3, 0x18, 0xFF, 0xC3, 0x18, 0xFF,
  0xC3, 0x18, 0xFF, 0xC2, 0x18, 0xFF, 0xC2, 0x10, 0xFF, 0x04, 0x19, 0xFF, 0x45, 0x29, 0xFF, 0x08, 0x42, 0xFF, 0xBA, 0xD6, 0xFF, 0x9E, 0xF7, 0xFF,
  0x5D, 0xEF, 0xFF, 0x5D, 0xEF, 0xFF, 0x5D, 0xEF, 0xFF, 0x5D, 0xEF, 0xFF, 0x5D, 0xEF, 0xFF, 0x5D, 0xEF, 0xFF, 0x5D, 0xEF, 0xFF, 0x5D, 0xEF, 0xFF,
  0x5D, 0xEF, 0xFF, 0x5D, 0xEF, 0xFF, 0x5D, 0xEF, 0xFF, 0x5D, 0xEF, 0xFF, 0x5D, 0xEF, 0xFF, 0x3C, 0xEF, 0xFF, 0x7D, 0xEF, 0xFF, 0xBA, 0xD6, 0xFF,
  0xDB, 0xDE, 0xFF, 0x5D, 0xEF, 0xF9, 0x9E, 0xF7, 0xFF, 0x4D, 0x6B, 0x83, 0x00, 0x00, 0x00, 0x00, 0x00, 0x00, 0x00, 0x00, 0x00, 0x00, 0x00, 0x00,
  0x00, 0x00, 0x00, 0x00, 0x00, 0x00, 0x00, 0x00, 0x00, 0xFF, 0xFF, 0x00, 0xFF, 0xFF, 0x00, 0xFF, 0xFF, 0x00, 0xFF, 0xFF, 0x00, 0xFF, 0xFF, 0x00,
  0xFF, 0xFF, 0x00, 0x00, 0x00, 0x00, 0x00, 0x00, 0x00, 0x00, 0x00, 0x00, 0x00, 0x00, 0x00, 0x00, 0x00, 0x00, 0x00, 0x00, 0x00, 0x00, 0x00, 0x00,
  0x45, 0x29, 0x26, 0x1C, 0xE7, 0xFF, 0x7D, 0xEF, 0xF9, 0x5D, 0xEF, 0xFF, 0x59, 0xCE, 0xFF, 0x5D, 0xEF, 0xFF, 0x5D, 0xEF, 0xFF, 0x5D, 0xEF, 0xFF,
  0x5D, 0xEF, 0xFF, 0x5D, 0xEF, 0xFF, 0x5D, 0xEF, 0xFF, 0x5D, 0xEF, 0xFF, 0x5D, 0xEF, 0xFF, 0x5D, 0xEF, 0xFF, 0x5D, 0xEF, 0xFF, 0x5D, 0xEF, 0xFF,
  0x5D, 0xEF, 0xFF, 0x5D, 0xEF, 0xFF, 0x5D, 0xEF, 0xFF, 0x5C, 0xEF, 0xFF, 0xBE, 0xF7, 0xFF, 0xD6, 0xBD, 0xFF, 0x85, 0x29, 0xFF, 0x04, 0x21, 0xFF,
  0x24, 0x21, 0xFF, 0xE7, 0x39, 0xFF, 0x08, 0x3A, 0xFF, 0xA7, 0x31, 0xFF, 0xA7, 0x31, 0xFF, 0xE7, 0x39, 0xFF, 0xE7, 0x39, 0xFF, 0x65, 0x29, 0xFF,
  0x45, 0x29, 0xFF, 0x45, 0x29, 0xFF, 0x45, 0x29, 0xFF, 0x45, 0x21, 0xFF, 0x45, 0x21, 0xFF, 0x45, 0x21, 0xFF, 0x45, 0x21, 0xFF, 0x45, 0x29, 0xFF,
  0x45, 0x29, 0xFF, 0x45, 0x29, 0xFF, 0x45, 0x29, 0xFF, 0x45, 0x29, 0xFF, 0x45, 0x29, 0xFF, 0x45, 0x29, 0xFF, 0x45, 0x29, 0xFF, 0x45, 0x29, 0xFF,
  0x45, 0x29, 0xFF, 0x45, 0x29, 0xFF, 0x45, 0x29, 0xFF, 0x45, 0x29, 0xFF, 0x45, 0x29, 0xFF, 0x45, 0x29, 0xFF, 0x45, 0x29, 0xFF, 0x45, 0x29, 0xFF,
  0x45, 0x21, 0xFF, 0x45, 0x21, 0xFF, 0x45, 0x21, 0xFF, 0x45, 0x21, 0xFF, 0x45, 0x29, 0xFF, 0x45, 0x29, 0xFF, 0x45, 0x29, 0xFF, 0x25, 0x21, 0xFF,
  0xA6, 0x31, 0xFF, 0xE7, 0x39, 0xFF, 0xA6, 0x31, 0xFF, 0x08, 0x42, 0xFF, 0xE7, 0x39, 0xFF, 0x08, 0x42, 0xFF, 0xC7, 0x39, 0xFF, 0x04, 0x21, 0xFF,
  0x24, 0x21, 0xFF, 0x2C, 0x63, 0xFF, 0xBE, 0xFF, 0xFF, 0x5C, 0xEF, 0xFF, 0x5D, 0xEF, 0xFF, 0x5D, 0xEF, 0xFF, 0x5D, 0xEF, 0xFF, 0x5D, 0xEF, 0xFF,
  0x5D, 0xEF, 0xFF, 0x5D, 0xEF, 0xFF, 0x5D, 0xEF, 0xFF, 0x5D, 0xEF, 0xFF, 0x5D, 0xEF, 0xFF, 0x5D, 0xEF, 0xFF, 0x5D, 0xEF, 0xFF, 0x5D, 0xEF, 0xFF,
  0x5C, 0xEF, 0xFF, 0x7D, 0xEF, 0xFF, 0xDB, 0xDE, 0xFF, 0xDB, 0xDE, 0xFF, 0x5D, 0xEF, 0xFB, 0x7D, 0xEF, 0xFF, 0x51, 0x8C, 0xB9, 0x00, 0x00, 0x00,
  0x00, 0x00, 0x00, 0x00, 0x00, 0x00, 0x00, 0x00, 0x00, 0x00, 0x00, 0x00, 0x00, 0x00, 0x00, 0x00, 0x00, 0x00, 0xFF, 0xFF, 0x00, 0xFF, 0xFF, 0x00,
  0xFF, 0xFF, 0x00, 0xFF, 0xFF, 0x00, 0xFF, 0xFF, 0x00, 0xFF, 0xFF, 0x00, 0x00, 0x00, 0x00, 0x00, 0x00, 0x00, 0x00, 0x00, 0x00, 0x00, 0x00, 0x00,
  0x00, 0x00, 0x00, 0x00, 0x00, 0x00, 0x00, 0x00, 0x00, 0x69, 0x4A, 0x4A, 0x3C, 0xE7, 0xFF, 0x7D, 0xEF, 0xF7, 0x5D, 0xEF, 0xFF, 0x59, 0xCE, 0xFF,
  0x5D, 0xEF, 0xFF, 0x5D, 0xEF, 0xFF, 0x5D, 0xEF, 0xFF, 0x5D, 0xEF, 0xFF, 0x5D, 0xEF, 0xFF, 0x5D, 0xEF, 0xFF, 0x5D, 0xEF, 0xFF, 0x5D, 0xEF, 0xFF,
  0x5D, 0xEF, 0xFF, 0x5D, 0xEF, 0xFF, 0x5D, 0xEF, 0xFF, 0x5D, 0xEF, 0xFF, 0x5D, 0xEF, 0xFF, 0x5D, 0xEF, 0xFF, 0x3C, 0xE7, 0xFF, 0xDF, 0xFF, 0xFF,
  0xCF, 0x7B, 0xFF, 0xE3, 0x18, 0xFF, 0x24, 0x21, 0xFF, 0x0C, 0x5B, 0xFF, 0x2C, 0x63, 0xFF, 0x6D, 0x6B, 0xFF, 0x0C, 0x5B, 0xFF, 0x2D, 0x63, 0xFF,
  0x4D, 0x6B, 0xFF, 0xAE, 0x73, 0xFF, 0x8A, 0x52, 0xFF, 0x49, 0x42, 0xFF, 0x49, 0x4A, 0xFF, 0x49, 0x42, 0xFF, 0x49, 0x42, 0xFF, 0x49, 0x42, 0xFF,
  0x49, 0x42, 0xFF, 0x49, 0x42, 0xFF, 0x49, 0x42, 0xFF, 0x49, 0x42, 0xFF, 0x49, 0x42, 0xFF, 0x49, 0x42, 0xFF, 0x49, 0x42, 0xFF, 0x49, 0x42, 0xFF,
  0x49, 0x4A, 0xFF, 0x49, 0x4A, 0xFF, 0x49, 0x4A, 0xFF, 0x49, 0x42, 0xFF, 0x49, 0x42, 0xFF, 0x49, 0x42, 0xFF, 0x49, 0x42, 0xFF, 0x49, 0x42, 0xFF,
  0x49, 0x42, 0xFF, 0x49, 0x42, 0xFF, 0x49, 0x42, 0xFF, 0x49, 0x42, 0xFF, 0x49, 0x42, 0xFF, 0x49, 0x42, 0xFF, 0x49, 0x42, 0xFF, 0x49, 0x42, 0xFF,
  0x49, 0x42, 0xFF, 0x49, 0x42, 0xFF, 0x28, 0x42, 0xFF, 0x2D, 0x63, 0xFF, 0xAF, 0x73, 0xFF, 0x4D, 0x6B, 0xFF, 0xCF, 0x7B, 0xFF, 0x2C, 0x63, 0xFF,
  0x4D, 0x6B, 0xFF, 0x2C, 0x63, 0xFF, 0x08, 0x42, 0xFF, 0xC3, 0x18, 0xFF, 0x65, 0x29, 0xFF, 0xDB, 0xDE, 0xFF, 0x7D, 0xEF, 0xFF, 0x5D, 0xEF, 0xFF,
  0x5D, 0xEF, 0xFF, 0x5D, 0xEF, 0xFF, 0x5D, 0xEF, 0xFF, 0x5D, 0xEF, 0xFF, 0x5D, 0xEF, 0xFF, 0x5D, 0xEF, 0xFF, 0x5D, 0xEF, 0xFF, 0x5D, 0xEF, 0xFF,
  0x5D, 0xEF, 0xFF, 0x5D, 0xEF, 0xFF, 0x5D, 0xEF, 0xFF, 0x5D, 0xEF, 0xFF, 0x7D, 0xEF, 0xFF, 0xDB, 0xDE, 0xFF, 0xDA, 0xDE, 0xFF, 0x5D, 0xEF, 0xFB,
  0x7D, 0xEF, 0xFF, 0x92, 0x94, 0xCA, 0x00, 0x00, 0x00, 0x00, 0x00, 0x00, 0x00, 0x00, 0x00, 0x00, 0x00, 0x00, 0x00, 0x00, 0x00, 0x00, 0x00, 0x00,
  0x00, 0x00, 0x00, 0xFF, 0xFF, 0x00, 0xFF, 0xFF, 0x00, 0xFF, 0xFF, 0x00, 0xFF, 0xFF, 0x00, 0xFF, 0xFF, 0x00, 0xFF, 0xFF, 0x00, 0x00, 0x00, 0x00,
  0x00, 0x00, 0x00, 0x00, 0x00, 0x00, 0x00, 0x00, 0x00, 0x00, 0x00, 0x00, 0x00, 0x00, 0x00, 0x00, 0x00, 0x00, 0x49, 0x4A, 0x47, 0x3C, 0xEF, 0xFF,
  0x7D, 0xEF, 0xF7, 0x5D, 0xEF, 0xFF, 0x59, 0xCE, 0xFF, 0x5D, 0xEF, 0xFF, 0x5D, 0xEF, 0xFF, 0x5D, 0xEF, 0xFF, 0x5D, 0xEF, 0xFF, 0x5D, 0xEF, 0xFF,
  0x5D, 0xEF, 0xFF, 0x5D, 0xEF, 0xFF, 0x5D, 0xEF, 0xFF, 0x5D, 0xEF, 0xFF, 0x5D, 0xEF, 0xFF, 0x5D, 0xEF, 0xFF, 0x5D, 0xEF, 0xFF, 0x5D, 0xEF, 0xFF,
  0x5D, 0xEF, 0xFF, 0x3C, 0xEF, 0xFF, 0xDF, 0xFF, 0xFF, 0x6D, 0x73, 0xFF, 0x04, 0x21, 0xFF, 0x08, 0x42, 0xFF, 0xF0, 0x7B, 0xFF, 0xCF, 0x7B, 0xFF,
  0xEF, 0x7B, 0xFF, 0xCF, 0x7B, 0xFF, 0x10, 0x84, 0xFF, 0xEF, 0x7B, 0xFF, 0xD3, 0x9C, 0xFF, 0xEC, 0x5A, 0xFF, 0x08, 0x3A, 0xFF, 0x28, 0x42, 0xFF,
  0x08, 0x42, 0xFF, 0x08, 0x42, 0xFF, 0x08, 0x42, 0xFF, 0x08, 0x42, 0xFF, 0x28, 0x42, 0xFF, 0x29, 0x42, 0xFF, 0x29, 0x42, 0xFF, 0x28, 0x42, 0xFF,
  0x28, 0x42, 0xFF, 0x28, 0x42, 0xFF, 0x28, 0x42, 0xFF, 0x28, 0x42, 0xFF, 0x29, 0x42, 0xFF, 0x28, 0x42, 0xFF, 0x28, 0x42, 0xFF, 0x28, 0x42, 0xFF,
  0x28, 0x42, 0xFF, 0x28, 0x42, 0xFF, 0x28, 0x42, 0xFF, 0x28, 0x42, 0xFF, 0x28, 0x42, 0xFF, 0x28, 0x42, 0xFF, 0x28, 0x42, 0xFF, 0x28, 0x42, 0xFF,
  0x28, 0x42, 0xFF, 0x28, 0x42, 0xFF, 0x28, 0x42, 0xFF, 0x28, 0x42, 0xFF, 0x28, 0x42, 0xFF, 0x28, 0x42, 0xFF, 0x30, 0x84, 0xFF, 0xF3, 0x9C, 0xFF,
  0x30, 0x84, 0xFF, 0xB3, 0x94, 0xFF, 0x6D, 0x6B, 0xFF, 0x10, 0x84, 0xFF, 0x8E, 0x6B, 0xFF, 0xEB, 0x5A, 0xFF, 0x24, 0x21, 0xFF, 0x45, 0x29, 0xFF,
  0x99, 0xD6, 0xFF, 0x9E, 0xF7, 0xFF, 0x5D, 0xEF, 0xFF, 0x5D, 0xEF, 0xFF, 0x5D, 0xEF, 0xFF, 0x5D, 0xEF, 0xFF, 0x5D, 0xEF, 0xFF, 0x5D, 0xEF, 0xFF,
  0x5D, 0xEF, 0xFF, 0x5D, 0xEF, 0xFF, 0x5D, 0xEF, 0xFF, 0x5D, 0xEF, 0xFF, 0x5D, 0xEF, 0xFF, 0x5D, 0xEF, 0xFF, 0x5D, 0xEF, 0xFF, 0x7D, 0xEF, 0xFF,
  0xDB, 0xDE, 0xFF, 0xDB, 0xDE, 0xFF, 0x5D, 0xEF, 0xFB, 0x7D, 0xEF, 0xFF, 0x71, 0x8C, 0xC7, 0x00, 0x00, 0x00, 0x00, 0x00, 0x00, 0x00, 0x00, 0x00,
  0x00, 0x00, 0x00, 0x00, 0x00, 0x00, 0x00, 0x00, 0x00, 0x00, 0x00, 0x00, 0xFF, 0xFF, 0x00, 0xFF, 0xFF, 0x00, 0xFF, 0xFF, 0x00, 0xFF, 0xFF, 0x00,
  0xFF, 0xFF, 0x00, 0xFF, 0xFF, 0x00, 0x00, 0x00, 0x00, 0x00, 0x00, 0x00, 0x00, 0x00, 0x00, 0x00, 0x00, 0x00, 0x00, 0x00, 0x00, 0x00, 0x00, 0x00,
  0x00, 0x00, 0x00, 0x49, 0x4A, 0x47, 0x7D, 0xEF, 0xFF, 0x7D, 0xEF, 0xF7, 0x5C, 0xEF, 0xFF, 0x58, 0xCE, 0xFF, 0x7D, 0xEF, 0xFF, 0x5D, 0xEF, 0xFF,
  0x5D, 0xEF, 0xFF, 0x5D, 0xEF, 0xFF, 0x5D, 0xEF, 0xFF, 0x5D, 0xEF, 0xFF, 0x5D, 0xEF, 0xFF, 0x5D, 0xEF, 0xFF, 0x5D, 0xEF, 0xFF, 0x5D, 0xEF, 0xFF,
  0x5D, 0xEF, 0xFF, 0x5D, 0xEF, 0xFF, 0x5D, 0xEF, 0xFF, 0x5D, 0xEF, 0xFF, 0x5C, 0xEF, 0xFF, 0xDF, 0xFF, 0xFF, 0x8E, 0x73, 0xFF, 0x04, 0x21, 0xFF,
  0x69, 0x4A, 0xFF, 0x51, 0x8C, 0xFF, 0xCF, 0x7B, 0xFF, 0x31, 0x84, 0xFF, 0xEF, 0x7B, 0xFF, 0x51, 0x8C, 0xFF, 0x51, 0x8C, 0xFF, 0xF3, 0xA4, 0xFF,
  0x0C, 0x5B, 0xFF, 0xE8, 0x39, 0xFF, 0x29, 0x42, 0xFF, 0x28, 0x42, 0xFF, 0x28, 0x42, 0xFF, 0x28, 0x42, 0xFF, 0x29, 0x42, 0xFF, 0x29, 0x42, 0xFF,
  0x29, 0x42, 0xFF, 0x29, 0x42, 0xFF, 0x29, 0x42, 0xFF, 0x29, 0x42, 0xFF, 0x29, 0x42, 0xFF, 0x29, 0x42, 0xFF, 0x28, 0x42, 0xFF, 0x29, 0x42, 0xFF,
  0x29, 0x42, 0xFF, 0x29, 0x42, 0xFF, 0x29, 0x42, 0xFF, 0x29, 0x42, 0xFF, 0x28, 0x42, 0xFF, 0x28, 0x42, 0xFF, 0x29, 0x42, 0xFF, 0x29, 0x42, 0xFF,
  0x28, 0x42, 0xFF, 0x29, 0x42, 0xFF, 0x29, 0x42, 0xFF, 0x29, 0x42, 0xFF, 0x29, 0x42, 0xFF, 0x29, 0x42, 0xFF, 0x29, 0x42, 0xFF, 0x28, 0x42, 0xFF,
  0x08, 0x3A, 0xFF, 0x71, 0x8C, 0xFF, 0xF3, 0x9C, 0xFF, 0x30, 0x84, 0xFF, 0x51, 0x8C, 0xFF, 0xAF, 0x73, 0xFF, 0x51, 0x8C, 0xFF, 0xEF, 0x7B, 0xFF,
  0xCF, 0x7B, 0xFF, 0x65, 0x29, 0xFF, 0x65, 0x29, 0xFF, 0x9A, 0xD6, 0xFF, 0x9E, 0xF7, 0xFF, 0x5D, 0xEF, 0xFF, 0x5D, 0xEF, 0xFF, 0x5D, 0xEF, 0xFF,
  0x5D, 0xEF, 0xFF, 0x5D, 0xEF, 0xFF, 0x5D, 0xEF, 0xFF, 0x5D, 0xEF, 0xFF, 0x5D, 0xEF, 0xFF, 0x5D, 0xEF, 0xFF, 0x5D, 0xEF, 0xFF, 0x5D, 0xEF, 0xFF,
  0x5D, 0xEF, 0xFF, 0x5D, 0xEF, 0xFF, 0x7D, 0xEF, 0xFF, 0xDB, 0xDE, 0xFF, 0xBA, 0xDE, 0xFF, 0x5D, 0xEF, 0xFB, 0x7D, 0xF7, 0xFF, 0x92, 0x94, 0xC7,
  0x00, 0x00, 0x00, 0x00, 0x00, 0x00, 0x00, 0x00, 0x00, 0x00, 0x00, 0x00, 0x00, 0x00, 0x00, 0x00, 0x00, 0x00, 0x00, 0x00, 0x00, 0xFF, 0xFF, 0x00,
  0xFF, 0xFF, 0x00, 0xFF, 0xFF, 0x00, 0xFF, 0xFF, 0x00, 0xFF, 0xFF, 0x00, 0xFF, 0xFF, 0x00, 0x00, 0x00, 0x00, 0x00, 0x00, 0x00, 0x00, 0x00, 0x00,
  0x00, 0x00, 0x00, 0x00, 0x00, 0x00, 0x00, 0x00, 0x00, 0x00, 0x00, 0x00, 0x28, 0x42, 0x47, 0x7D, 0xEF, 0xFF, 0x7D, 0xEF, 0xF7, 0x3C, 0xEF, 0xFF,
  0x59, 0xCE, 0xFF, 0x7D, 0xEF, 0xFF, 0x5D, 0xEF, 0xFF, 0x5D, 0xEF, 0xFF, 0x5D, 0xEF, 0xFF, 0x5D, 0xEF, 0xFF, 0x5D, 0xEF, 0xFF, 0x5D, 0xEF, 0xFF,
  0x5D, 0xEF, 0xFF, 0x5D, 0xEF, 0xFF, 0x5D, 0xEF, 0xFF, 0x5D, 0xEF, 0xFF, 0x5D, 0xEF, 0xFF, 0x5D, 0xEF, 0xFF, 0x5D, 0xEF, 0xFF, 0x3C, 0xEF, 0xFF,
  0xDF, 0xFF, 0xFF, 0x4D, 0x6B, 0xFF, 0xE3, 0x18, 0xFF, 0x28, 0x42, 0xFF, 0x31, 0x84, 0xFF, 0xEF, 0x7B, 0xFF, 0x51, 0x8C, 0xFF, 0xF0, 0x7B, 0xFF,
  0x72, 0x8C, 0xFF, 0x10, 0x84, 0xFF, 0xD2, 0x94, 0xFF, 0xCB, 0x5A, 0xFF, 0xE8, 0x39, 0xFF, 0x29, 0x42, 0xFF, 0x29, 0x42, 0xFF, 0x29, 0x42, 0xFF,
  0x49, 0x42, 0xFF, 0x49, 0x42, 0xFF, 0x29, 0x42, 0xFF, 0x29, 0x42, 0xFF, 0x29, 0x42, 0xFF, 0x29, 0x42, 0xFF, 0x29, 0x42, 0xFF, 0x29, 0x42, 0xFF,
  0x29, 0x42, 0xFF, 0x29, 0x42, 0xFF, 0x29, 0x42, 0xFF, 0x29, 0x42, 0xFF, 0x29, 0x42, 0xFF, 0x29, 0x42, 0xFF, 0x29, 0x42, 0xFF, 0x29, 0x42, 0xFF,
  0x29, 0x42, 0xFF, 0x29, 0x42, 0xFF, 0x29, 0x42, 0xFF, 0x29, 0x42, 0xFF, 0x29, 0x42, 0xFF, 0x29, 0x42, 0xFF, 0x29, 0x42, 0xFF, 0x29, 0x42, 0xFF,
  0x29, 0x42, 0xFF, 0x29, 0x42, 0xFF, 0x28, 0x42, 0xFF, 0x08, 0x3A, 0xFF, 0xF0, 0x7B, 0xFF, 0x92, 0x94, 0xFF, 0xEF, 0x7B, 0xFF, 0x92, 0x94, 0xFF,
  0xAE, 0x73, 0xFF, 0x71, 0x8C, 0xFF, 0xEF, 0x7B, 0xFF, 0xAE, 0x73, 0xFF, 0x45, 0x29, 0xFF, 0x45, 0x29, 0xFF, 0x79, 0xD6, 0xFF, 0x9E, 0xF7, 0xFF,
  0x5D, 0xEF, 0xFF, 0x5D, 0xEF, 0xFF, 0x5D, 0xEF, 0xFF, 0x5D, 0xEF, 0xFF, 0x5D, 0xEF, 0xFF, 0x5D, 0xEF, 0xFF, 0x5D, 0xEF, 0xFF, 0x5D, 0xEF, 0xFF,
  0x5D, 0xEF, 0xFF, 0x5D, 0xEF, 0xFF, 0x5D, 0xEF, 0xFF, 0x5D, 0xEF, 0xFF, 0x5D, 0xEF, 0xFF, 0x7D, 0xEF, 0xFF, 0xDB, 0xDE, 0xFF, 0xBA, 0xD6, 0xFF,
  0x5D, 0xEF, 0xFB, 0x9E, 0xF7, 0xFF, 0x92, 0x94, 0xC7, 0x00, 0x00, 0x00, 0x00, 0x00, 0x00, 0x00, 0x00, 0x00, 0x00, 0x00, 0x00, 0x00, 0x00, 0x00,
  0x00, 0x00, 0x00, 0x00, 0x00, 0x00, 0xFF, 0xFF, 0x00, 0xFF, 0xFF, 0x00, 0xFF, 0xFF, 0x00, 0xFF, 0xFF, 0x00, 0xFF, 0xFF, 0x00, 0xFF, 0xFF, 0x00,
  0x00, 0x00, 0x00, 0x00, 0x00, 0x00, 0x00, 0x00, 0x00, 0x00, 0x00, 0x00, 0x00, 0x00, 0x00, 0x00, 0x00, 0x00, 0x00, 0x00, 0x00, 0x08, 0x42, 0x47,
  0x7D, 0xF7, 0xFF, 0x7D, 0xEF, 0xF7, 0x5C, 0xEF, 0xFF, 0x59, 0xCE, 0xFF, 0x7D, 0xEF, 0xFF, 0x5D, 0xEF, 0xFF, 0x5D, 0xEF, 0xFF, 0x5D, 0xEF, 0xFF,
  0x5D, 0xEF, 0xFF, 0x5D, 0xEF, 0xFF, 0x5D, 0xEF, 0xFF, 0x5D, 0xEF, 0xFF, 0x5D, 0xEF, 0xFF, 0x5D, 0xEF, 0xFF, 0x5D, 0xEF, 0xFF, 0x5D, 0xEF, 0xFF,
  0x5D, 0xEF, 0xFF, 0x5D, 0xEF, 0xFF, 0x3C, 0xEF, 0xFF, 0xBE, 0xFF, 0xFF, 0x4D, 0x6B, 0xFF, 0x03, 0x21, 0xFF, 0x28, 0x42, 0xFF, 0x92, 0x94, 0xFF,
  0x30, 0x84, 0xFF, 0x92, 0x94, 0xFF, 0x30, 0x84, 0xFF, 0xB2, 0x94, 0xFF, 0x30, 0x84, 0xFF, 0x92, 0x8C, 0xFF, 0xAB, 0x52, 0xFF, 0x29, 0x42, 0xFF,
  0x69, 0x4A, 0xFF, 0x49, 0x4A, 0xFF, 0x69, 0x4A, 0xFF, 0x6A, 0x4A, 0xFF, 0x6A, 0x4A, 0xFF, 0x6A, 0x4A, 0xFF, 0x69, 0x4A, 0xFF, 0x69, 0x4A, 0xFF,
  0x6A, 0x4A, 0xFF, 0x6A, 0x4A, 0xFF, 0x6A, 0x4A, 0xFF, 0x6A, 0x4A, 0xFF, 0x6A, 0x4A, 0xFF, 0x6A, 0x4A, 0xFF, 0x6A, 0x4A, 0xFF, 0x6A, 0x4A, 0xFF,
  0x6A, 0x4A, 0xFF, 0x6A, 0x4A, 0xFF, 0x69, 0x4A, 0xFF, 0x69, 0x4A, 0xFF, 0x49, 0x4A, 0xFF, 0x69, 0x4A, 0xFF, 0x69, 0x4A, 0xFF, 0x69, 0x4A, 0xFF,
  0x49, 0x4A, 0xFF, 0x49, 0x4A, 0xFF, 0x49, 0x4A, 0xFF, 0x49, 0x4A, 0xFF, 0x49, 0x42, 0xFF, 0x49, 0x4A, 0xFF, 0x29, 0x42, 0xFF, 0xAF, 0x73, 0xFF,
  0x10, 0x84, 0xFF, 0x10, 0x84, 0xFF, 0x55, 0xAD, 0xFF, 0x10, 0x84, 0xFF, 0x71, 0x8C, 0xFF, 0x10, 0x84, 0xFF, 0xCF, 0x73, 0xFF, 0x45, 0x29, 0xFF,
  0x45, 0x21, 0xFF, 0x79, 0xCE, 0xFF, 0x9E, 0xF7, 0xFF, 0x5D, 0xEF, 0xFF, 0x5D, 0xEF, 0xFF, 0x5D, 0xEF, 0xFF, 0x5D, 0xEF, 0xFF, 0x5D, 0xEF, 0xFF,
  0x5D, 0xEF, 0xFF, 0x5D, 0xEF, 0xFF, 0x5D, 0xEF, 0xFF, 0x5D, 0xEF, 0xFF, 0x5D, 0xEF, 0xFF, 0x5D, 0xEF, 0xFF, 0x5D, 0xEF, 0xFF, 0x5D, 0xEF, 0xFF,
  0x7D, 0xEF, 0xFF, 0xFB, 0xDE, 0xFF, 0xBA, 0xD6, 0xFF, 0x5D, 0xEF, 0xFB, 0x9D, 0xF7, 0xFF, 0x92, 0x94, 0xC7, 0x00, 0x00, 0x00, 0x00, 0x00, 0x00,
  0x00, 0x00, 0x00, 0x00, 0x00, 0x00, 0x00, 0x00, 0x00, 0x00, 0x00, 0x00, 0x00, 0x00, 0x00, 0xFF, 0xFF, 0x00, 0xFF, 0xFF, 0x00, 0xFF, 0xFF, 0x00,
  0xFF, 0xFF, 0x00, 0xFF, 0xFF, 0x00, 0xFF, 0xFF, 0x00, 0x00, 0x00, 0x00, 0x00, 0x00, 0x00, 0x00, 0x00, 0x00, 0x00, 0x00, 0x00, 0x00, 0x00, 0x00,
  0x00, 0x00, 0x00, 0x00, 0x00, 0x00, 0x28, 0x42, 0x49, 0x9E, 0xF7, 0xFF, 0x5D, 0xEF, 0xF7, 0x3C, 0xE7, 0xFF, 0x59, 0xCE, 0xFF, 0x7D, 0xEF, 0xFF,
  0x5D, 0xEF, 0xFF, 0x5D, 0xEF, 0xFF, 0x5D, 0xEF, 0xFF, 0x5D, 0xEF, 0xFF, 0x5D, 0xEF, 0xFF, 0x5D, 0xEF, 0xFF, 0x5D, 0xEF, 0xFF, 0x5D, 0xEF, 0xFF,
  0x5D, 0xEF, 0xFF, 0x5D, 0xEF, 0xFF, 0x5D, 0xEF, 0xFF, 0x5D, 0xEF, 0xFF, 0x5D, 0xEF, 0xFF, 0x3C, 0xEF, 0xFF, 0xBE, 0xFF, 0xFF, 0x4D, 0x6B, 0xFF,
  0x04, 0x21, 0xFF, 0x29, 0x42, 0xFF, 0x71, 0x8C, 0xFF, 0xCF, 0x7B, 0xFF, 0x51, 0x8C, 0xFF, 0x10, 0x84, 0xFF, 0x71, 0x8C, 0xFF, 0x51, 0x8C, 0xFF,
  0xB2, 0x94, 0xFF, 0xAB, 0x52, 0xFF, 0x49, 0x42, 0xFF, 0x6A, 0x4A, 0xFF, 0x6A, 0x4A, 0xFF, 0x6A, 0x4A, 0xFF, 0x6A, 0x4A, 0xFF, 0x6A, 0x4A, 0xFF,
  0x6A, 0x4A, 0xFF, 0x6A, 0x4A, 0xFF, 0x6A, 0x4A, 0xFF, 0x6A, 0x4A, 0xFF, 0x6A, 0x4A, 0xFF, 0x8A, 0x4A, 0xFF, 0x8A, 0x4A, 0xFF, 0x8A, 0x4A, 0xFF,
  0x6A, 0x4A, 0xFF, 0x6A, 0x4A, 0xFF, 0x6A, 0x4A, 0xFF, 0x6A, 0x4A, 0xFF, 0x6A, 0x4A, 0xFF, 0x6A, 0x4A, 0xFF, 0x6A, 0x4A, 0xFF, 0x6A, 0x4A, 0xFF,
  0x6A, 0x4A, 0xFF, 0x6A, 0x4A, 0xFF, 0x6A, 0x4A, 0xFF, 0x69, 0x4A, 0xFF, 0x69, 0x4A, 0xFF, 0x69, 0x4A, 0xFF, 0x69, 0x4A, 0xFF, 0x49, 0x4A, 0xFF,
  0x49, 0x4A, 0xFF, 0x08, 0x42, 0xFF, 0x10, 0x84, 0xFF, 0xD3, 0x9C, 0xFF, 0x10, 0x84, 0xFF, 0xF3, 0x9C, 0xFF, 0x10, 0x84, 0xFF, 0xB2, 0x94, 0xFF,
  0x10, 0x84, 0xFF, 0x6E, 0x6B, 0xFF, 0x65, 0x29, 0xFF, 0x45, 0x29, 0xFF, 0x79, 0xCE, 0xFF, 0x9E, 0xF7, 0xFF, 0x5D, 0xEF, 0xFF, 0x5D, 0xEF, 0xFF,
  0x5D, 0xEF, 0xFF, 0x5D, 0xEF, 0xFF, 0x5D, 0xEF, 0xFF, 0x5D, 0xEF, 0xFF, 0x5D, 0xEF, 0xFF, 0x5D, 0xEF, 0xFF, 0x5D, 0xEF, 0xFF, 0x5D, 0xEF, 0xFF,
  0x5D, 0xEF, 0xFF, 0x5D, 0xEF, 0xFF, 0x5D, 0xEF, 0xFF, 0x7D, 0xEF, 0xFF, 0xFB, 0xDE, 0xFF, 0xBA, 0xDE, 0xFF, 0x5D, 0xEF, 0xFB, 0x9E, 0xF7, 0xFF,
  0x92, 0x94, 0xC7, 0x00, 0x00, 0x00, 0x00, 0x00, 0x00, 0x00, 0x00, 0x00, 0x00, 0x00, 0x00, 0x00, 0x00, 0x00, 0x00, 0x00, 0x00, 0x00, 0x00, 0x00,
  0xFF, 0xFF, 0x00, 0xFF, 0xFF, 0x00, 0xFF, 0xFF, 0x00, 0xFF, 0xFF, 0x00, 0xFF, 0xFF, 0x00, 0xFF, 0xFF, 0x00, 0x00, 0x00, 0x00, 0x00, 0x00, 0x00,
  0x00, 0x00, 0x00, 0x00, 0x00, 0x00, 0x00, 0x00, 0x00, 0x00, 0x00, 0x00, 0x00, 0x00, 0x00, 0x8D, 0x73, 0x7C, 0x9E, 0xF7, 0xFF, 0x5D, 0xEF, 0xF9,
  0x3C, 0xE7, 0xFF, 0x79, 0xCE, 0xFF, 0x7D, 0xF7, 0xFF, 0x5D, 0xEF, 0xFF, 0x5D, 0xEF, 0xFF, 0x5D, 0xEF, 0xFF, 0x5D, 0xEF, 0xFF, 0x5D, 0xEF, 0xFF,
  0x5D, 0xEF, 0xFF, 0x5D, 0xEF, 0xFF, 0x5D, 0xEF, 0xFF, 0x5D, 0xEF, 0xFF, 0x5D, 0xEF, 0xFF, 0x5D, 0xEF, 0xFF, 0x5D, 0xEF, 0xFF, 0x5D, 0xEF, 0xFF,
  0x3C, 0xEF, 0xFF, 0xBE, 0xFF, 0xFF, 0x4D, 0x6B, 0xFF, 0x04, 0x21, 0xFF, 0x28, 0x42, 0xFF, 0x10, 0x84, 0xFF, 0xCF, 0x73, 0xFF, 0x31, 0x84, 0xFF,
  0x92, 0x8C, 0xFF, 0x51, 0x8C, 0xFF, 0x51, 0x8C, 0xFF, 0xF3, 0x9C, 0xFF, 0xCB, 0x5A, 0xFF, 0x49, 0x42, 0xFF, 0x8A, 0x4A, 0xFF, 0x6A, 0x4A, 0xFF,
  0x6A, 0x4A, 0xFF, 0x6A, 0x4A, 0xFF, 0x6A, 0x4A, 0xFF, 0x6A, 0x4A, 0xFF, 0x6A, 0x4A, 0xFF, 0x8A, 0x4A, 0xFF, 0x8A, 0x4A, 0xFF, 0x8A, 0x4A, 0xFF,
  0x8A, 0x4A, 0xFF, 0x6A, 0x4A, 0xFF, 0x6A, 0x4A, 0xFF, 0x8A, 0x4A, 0xFF, 0x8A, 0x4A, 0xFF, 0x6A, 0x4A, 0xFF, 0x6A, 0x4A, 0xFF, 0x6A, 0x4A, 0xFF,
  0x6A, 0x4A, 0xFF, 0x8A, 0x4A, 0xFF, 0x6A, 0x4A, 0xFF, 0x6A, 0x4A, 0xFF, 0x6A, 0x4A, 0xFF, 0x6A, 0x4A, 0xFF, 0x6A, 0x4A, 0xFF, 0x69, 0x4A, 0xFF,
  0x69, 0x4A, 0xFF, 0x69, 0x4A, 0xFF, 0x69, 0x4A, 0xFF, 0x69, 0x4A, 0xFF, 0x08, 0x3A, 0xFF, 0x10, 0x84, 0xFF, 0x75, 0xAD, 0xFF, 0x71, 0x8C, 0xFF,
  0x34, 0xA5, 0xFF, 0x30, 0x84, 0xFF, 0x71, 0x8C, 0xFF, 0xAF, 0x73, 0xFF, 0x8E, 0x73, 0xFF, 0x65, 0x29, 0xFF, 0x45, 0x29, 0xFF, 0x79, 0xCE, 0xFF,
  0x9E, 0xF7, 0xFF, 0x5D, 0xEF, 0xFF, 0x5D, 0xEF, 0xFF, 0x5D, 0xEF, 0xFF, 0x5D, 0xEF, 0xFF, 0x5D, 0xEF, 0xFF, 0x5D, 0xEF, 0xFF, 0x5D, 0xEF, 0xFF,
  0x5D, 0xEF, 0xFF, 0x5D, 0xEF, 0xFF, 0x5D, 0xEF, 0xFF, 0x5D, 0xEF, 0xFF, 0x5D, 0xEF, 0xFF, 0x5D, 0xEF, 0xFF, 0x5D, 0xEF, 0xFF, 0xFB, 0xDE, 0xFF,
  0xBA, 0xD6, 0xFF, 0x7D, 0xEF, 0xFB, 0x9E, 0xF7, 0xFF, 0x92, 0x94, 0xC7, 0x00, 0x00, 0x00, 0x00, 0x00, 0x00, 0x00, 0x00, 0x00, 0x00, 0x00, 0x00,
  0x00, 0x00, 0x00, 0x00, 0x00, 0x00, 0x00, 0x00, 0x00, 0xFF, 0xFF, 0x00, 0xFF, 0xFF, 0x00, 0xFF, 0xFF, 0x00, 0xFF, 0xFF, 0x00, 0xFF, 0xFF, 0x00,
  0xFF, 0xFF, 0x00, 0x00, 0x00, 0x00, 0x00, 0x00, 0x00, 0x00, 0x00, 0x00, 0x00, 0x00, 0x00, 0x00, 0x00, 0x00, 0x00, 0x00, 0x00, 0x00, 0x00, 0x00,
  0xAE, 0x73, 0x86, 0x9E, 0xF7, 0xFF, 0x5D, 0xEF, 0xF9, 0x1C, 0xE7, 0xFF, 0x79, 0xCE, 0xFF, 0x7D, 0xF7, 0xFF, 0x5D, 0xEF, 0xFF, 0x5D, 0xEF, 0xFF,
  0x5D, 0xEF, 0xFF, 0x5D, 0xEF, 0xFF, 0x5D, 0xEF, 0xFF, 0x5D, 0xEF, 0xFF, 0x5D, 0xEF, 0xFF, 0x5D, 0xEF, 0xFF, 0x5D, 0xEF, 0xFF, 0x5D, 0xEF, 0xFF,
  0x5D, 0xEF, 0xFF, 0x5D, 0xEF, 0xFF, 0x5D, 0xEF, 0xFF, 0x5C, 0xEF, 0xFF, 0xBE, 0xF7, 0xFF, 0x2C, 0x6B, 0xFF, 0x04, 0x21, 0xFF, 0x28, 0x42, 0xFF,
  0x51, 0x8C, 0xFF, 0x30, 0x84, 0xFF, 0x51, 0x8C, 0xFF, 0x51, 0x8C, 0xFF, 0x51, 0x8C, 0xFF, 0x10, 0x84, 0xFF, 0x92, 0x94, 0xFF, 0xAB, 0x52, 0xFF,
  0x69, 0x4A, 0xFF, 0x8A, 0x4A, 0xFF, 0x6A, 0x4A, 0xFF, 0x6A, 0x4A, 0xFF, 0x6A, 0x4A, 0xFF, 0x8A, 0x4A, 0xFF, 0x8A, 0x4A, 0xFF, 0x8A, 0x4A, 0xFF,
  0x8A, 0x4A, 0xFF, 0x8A, 0x4A, 0xFF, 0x8A, 0x4A, 0xFF, 0x8A, 0x4A, 0xFF, 0x8A, 0x4A, 0xFF, 0x8A, 0x4A, 0xFF, 0x8A, 0x4A, 0xFF, 0x8A, 0x4A, 0xFF,
  0x8A, 0x4A, 0xFF, 0x6A, 0x4A, 0xFF, 0x6A, 0x4A, 0xFF, 0x6A, 0x4A, 0xFF, 0x8A, 0x4A, 0xFF, 0x8A, 0x4A, 0xFF, 0x8A, 0x4A, 0xFF, 0x6A, 0x4A, 0xFF,
  0x6A, 0x4A, 0xFF, 0x69, 0x4A, 0xFF, 0x69, 0x4A, 0xFF, 0x69, 0x4A, 0xFF, 0x49, 0x4A, 0xFF, 0x49, 0x4A, 0xFF, 0x6A, 0x4A, 0xFF, 0x49, 0x42, 0xFF,
  0xEF, 0x7B, 0xFF, 0xF3, 0x9C, 0xFF, 0x51, 0x8C, 0xFF, 0xD3, 0x9C, 0xFF, 0x10, 0x84, 0xFF, 0x30, 0x84, 0xFF, 0xAF, 0x73, 0xFF, 0x8E, 0x73, 0xFF,
  0x65, 0x29, 0xFF, 0x45, 0x29, 0xFF, 0x59, 0xCE, 0xFF, 0x9E, 0xF7, 0xFF, 0x5D, 0xEF, 0xFF, 0x5D, 0xEF, 0xFF, 0x5D, 0xEF, 0xFF, 0x5D, 0xEF, 0xFF,
  0x5D, 0xEF, 0xFF, 0x5D, 0xEF, 0xFF, 0x5D, 0xEF, 0xFF, 0x5D, 0xEF, 0xFF, 0x5D, 0xEF, 0xFF, 0x5D, 0xEF, 0xFF, 0x5D, 0xEF, 0xFF, 0x5D, 0xEF, 0xFF,
  0x5D, 0xEF, 0xFF, 0x7D, 0xEF, 0xFF, 0xFB, 0xE6, 0xFF, 0xBA, 0xD6, 0xFF, 0x5D, 0xEF, 0xFB, 0x9E, 0xF7, 0xFF, 0x92, 0x94, 0xC3, 0x00, 0x00, 0x00,
  0x00, 0x00, 0x00, 0x00, 0x00, 0x00, 0x00, 0x00, 0x00, 0x00, 0x00, 0x00, 0x00, 0x00, 0x00, 0x00, 0x00, 0x00, 0xFF, 0xFF, 0x00, 0xFF, 0xFF, 0x00,
  0xFF, 0xFF, 0x00, 0xFF, 0xFF, 0x00, 0xFF, 0xFF, 0x00, 0xFF, 0xFF, 0x00, 0x00, 0x00, 0x00, 0x00, 0x00, 0x00, 0x00, 0x00, 0x00, 0x00, 0x00, 0x00,
  0x00, 0x00, 0x00, 0x00, 0x00, 0x00, 0x00, 0x00, 0x00, 0x8D, 0x73, 0x85, 0x9E, 0xF7, 0xFF, 0x7D, 0xEF, 0xF9, 0x1C, 0xE7, 0xFF, 0x79, 0xCE, 0xFF,
  0x7D, 0xF7, 0xFF, 0x5D, 0xEF, 0xFF, 0x5D, 0xEF, 0xFF, 0x5D, 0xEF, 0xFF, 0x5D, 0xEF, 0xFF, 0x5D, 0xEF, 0xFF, 0x5D, 0xEF, 0xFF, 0x5D, 0xEF, 0xFF,
  0x5D, 0xEF, 0xFF, 0x5D, 0xEF, 0xFF, 0x5D, 0xEF, 0xFF, 0x5D, 0xEF, 0xFF, 0x5D, 0xEF, 0xFF, 0x5D, 0xEF, 0xFF, 0x5C, 0xEF, 0xFF, 0xBE, 0xF7, 0xFF,
  0x2C, 0x63, 0xFF, 0x04, 0x21, 0xFF, 0x69, 0x4A, 0xFF, 0xB2, 0x94, 0xFF, 0x51, 0x8C, 0xFF, 0x51, 0x84, 0xFF, 0x51, 0x8C, 0xFF, 0x51, 0x8C, 0xFF,
  0x31, 0x84, 0xFF, 0x30, 0x84, 0xFF, 0x8A, 0x52, 0xFF, 0x6A, 0x4A, 0xFF, 0x6A, 0x4A, 0xFF, 0x6A, 0x4A, 0xFF, 0x6A, 0x4A, 0xFF, 0x8A, 0x4A, 0xFF,
  0x8A, 0x4A, 0xFF, 0x8A, 0x4A, 0xFF, 0x8A, 0x4A, 0xFF, 0x8A, 0x4A, 0xFF, 0x8A, 0x4A, 0xFF, 0x8A, 0x4A, 0xFF, 0x8A, 0x4A, 0xFF, 0x8A, 0x4A, 0xFF,
  0x8A, 0x4A, 0xFF, 0x8A, 0x4A, 0xFF, 0x8A, 0x4A, 0xFF, 0x8A, 0x4A, 0xFF, 0x8A, 0x4A, 0xFF, 0x8A, 0x4A, 0xFF, 0x8A, 0x4A, 0xFF, 0x8A, 0x4A, 0xFF,
  0x8A, 0x4A, 0xFF, 0x8A, 0x4A, 0xFF, 0x8A, 0x4A, 0xFF, 0x6A, 0x4A, 0xFF, 0x6A, 0x4A, 0xFF, 0x69, 0x4A, 0xFF, 0x69, 0x4A, 0xFF, 0x69, 0x4A, 0xFF,
  0x69, 0x4A, 0xFF, 0x6A, 0x4A, 0xFF, 0x49, 0x4A, 0xFF, 0x8E, 0x73, 0xFF, 0x92, 0x8C, 0xFF, 0xEF, 0x7B, 0xFF, 0xF3, 0x9C, 0xFF, 0x51, 0x8C, 0xFF,
  0x51, 0x8C, 0xFF, 0x30, 0x84, 0xFF, 0xCF, 0x7B, 0xFF, 0x86, 0x31, 0xFF, 0x45, 0x29, 0xFF, 0x59, 0xCE, 0xFF, 0x9E, 0xF7, 0xFF, 0x5D, 0xEF, 0xFF,
  0x5D, 0xEF, 0xFF, 0x5D, 0xEF, 0xFF, 0x5D, 0xEF, 0xFF, 0x5D, 0xEF, 0xFF, 0x5D, 0xEF, 0xFF, 0x5D, 0xEF, 0xFF, 0x5D, 0xEF, 0xFF, 0x5D, 0xEF, 0xFF,
  0x5D, 0xEF, 0xFF, 0x5D, 0xEF, 0xFF, 0x5D, 0xEF, 0xFF, 0x5D, 0xEF, 0xFF, 0x7D, 0xEF, 0xFF, 0x1B, 0xE7, 0xFF, 0xBA, 0xD6, 0xFF, 0x5D, 0xEF, 0xFD,
  0x9E, 0xF7, 0xFF, 0x34, 0xA5, 0xE2, 0x41, 0x08, 0x02, 0x00, 0x00, 0x00, 0x00, 0x00, 0x00, 0x00, 0x00, 0x00, 0x00, 0x00, 0x00, 0x00, 0x00, 0x00,
  0x00, 0x00, 0x00, 0xFF, 0xFF, 0x00, 0xFF, 0xFF, 0x00, 0xFF, 0xFF, 0x00, 0xFF, 0xFF, 0x00, 0xFF, 0xFF, 0x00, 0xFF, 0xFF, 0x00, 0x00, 0x00, 0x00,
  0x00, 0x00, 0x00, 0x00, 0x00, 0x00, 0x00, 0x00, 0x00, 0x00, 0x00, 0x00, 0x00, 0x00, 0x00, 0x00, 0x00, 0x00, 0x6D, 0x6B, 0x85, 0xBE, 0xF7, 0xFF,
  0x7D, 0xEF, 0xF9, 0x1C, 0xE7, 0xFF, 0x79, 0xCE, 0xFF, 0x7D, 0xF7, 0xFF, 0x5D, 0xEF, 0xFF, 0x5D, 0xEF, 0xFF, 0x5D, 0xEF, 0xFF, 0x5D, 0xEF, 0xFF,
  0x5D, 0xEF, 0xFF, 0x5D, 0xEF, 0xFF, 0x5D, 0xEF, 0xFF, 0x5D, 0xEF, 0xFF, 0x5D, 0xEF, 0xFF, 0x5D, 0xEF, 0xFF, 0x5D, 0xEF, 0xFF, 0x5D, 0xEF, 0xFF,
  0x5D, 0xEF, 0xFF, 0x5C, 0xEF, 0xFF, 0xBE, 0xF7, 0xFF, 0x2C, 0x63, 0xFF, 0x24, 0x21, 0xFF, 0xAA, 0x52, 0xFF, 0x71, 0x8C, 0xFF, 0x71, 0x8C, 0xFF,
  0x71, 0x8C, 0xFF, 0xB2, 0x94, 0xFF, 0xEF, 0x7B, 0xFF, 0x71, 0x8C, 0xFF, 0x31, 0x84, 0xFF, 0x69, 0x4A, 0xFF, 0x6A, 0x4A, 0xFF, 0x6A, 0x4A, 0xFF,
  0x6A, 0x4A, 0xFF, 0x6A, 0x4A, 0xFF, 0x8A, 0x4A, 0xFF, 0x8A, 0x4A, 0xFF, 0x8A, 0x52, 0xFF, 0x8A, 0x52, 0xFF, 0x8A, 0x4A, 0xFF, 0x8A, 0x52, 0xFF,
  0x8A, 0x52, 0xFF, 0x8A, 0x52, 0xFF, 0x8A, 0x52, 0xFF, 0x8A, 0x4A, 0xFF, 0x8A, 0x4A, 0xFF, 0x8A, 0x4A, 0xFF, 0x8A, 0x4A, 0xFF, 0x8A, 0x4A, 0xFF,
  0x8A, 0x4A, 0xFF, 0x8A, 0x4A, 0xFF, 0x8A, 0x4A, 0xFF, 0x6A, 0x4A, 0xFF, 0x8A, 0x4A, 0xFF, 0x8A, 0x4A, 0xFF, 0x8A, 0x4A, 0xFF, 0x6A, 0x4A, 0xFF,
  0x6A, 0x4A, 0xFF, 0x6A, 0x4A, 0xFF, 0x6A, 0x4A, 0xFF, 0x6A, 0x4A, 0xFF, 0x8A, 0x4A, 0xFF, 0x49, 0x42, 0xFF, 0x6D, 0x6B, 0xFF, 0x34, 0xA5, 0xFF,
  0x51, 0x8C, 0xFF, 0x92, 0x94, 0xFF, 0x10, 0x84, 0xFF, 0x92, 0x94, 0xFF, 0x51, 0x8C, 0xFF, 0xEF, 0x7B, 0xFF, 0x86, 0x31, 0xFF, 0x45, 0x29, 0xFF,
  0x59, 0xCE, 0xFF, 0x9E, 0xF7, 0xFF, 0x5D, 0xEF, 0xFF, 0x5D, 0xEF, 0xFF, 0x5D, 0xEF, 0xFF, 0x5D, 0xEF, 0xFF, 0x5D, 0xEF, 0xFF, 0x5D, 0xEF, 0xFF,
  0x5D, 0xEF, 0xFF, 0x5D, 0xEF, 0xFF, 0x5D, 0xEF, 0xFF, 0x5D, 0xEF, 0xFF, 0x5D, 0xEF, 0xFF, 0x5D, 0xEF, 0xFF, 0x5D, 0xEF, 0xFF, 0x7D, 0xEF, 0xFF,
  0x1C, 0xE7, 0xFF, 0x9A, 0xD6, 0xFF, 0x5D, 0xEF, 0xFD, 0x7D, 0xEF, 0xFF, 0xB6, 0xB5, 0xFF, 0xA2, 0x10, 0x06, 0x00, 0x00, 0x00, 0x00, 0x00, 0x00,
  0x00, 0x00, 0x00, 0x00, 0x00, 0x00, 0x00, 0x00, 0x00, 0x00, 0x00, 0x00, 0xFF, 0xFF, 0x00, 0xFF, 0xFF, 0x00, 0xFF, 0xFF, 0x00, 0xFF, 0xFF, 0x00,
  0xFF, 0xFF, 0x00, 0xFF, 0xFF, 0x00, 0x00, 0x00, 0x00, 0x00, 0x00, 0x00, 0x00, 0x00, 0x00, 0x00, 0x00, 0x00, 0x00, 0x00, 0x00, 0x00, 0x00, 0x00,
  0x00, 0x00, 0x00, 0x6D, 0x73, 0x86, 0xBE, 0xF7, 0xFF, 0x5D, 0xEF, 0xF9, 0x1B, 0xE7, 0xFF, 0x9A, 0xD6, 0xFF, 0x9D, 0xF7, 0xFF, 0x5D, 0xEF, 0xFF,
  0x5D, 0xEF, 0xFF, 0x5D, 0xEF, 0xFF, 0x5D, 0xEF, 0xFF, 0x5D, 0xEF, 0xFF, 0x5D, 0xEF, 0xFF, 0x5D, 0xEF, 0xFF, 0x5D, 0xEF, 0xFF, 0x5D, 0xEF, 0xFF,
  0x5D, 0xEF, 0xFF, 0x5D, 0xEF, 0xFF, 0x5D, 0xEF, 0xFF, 0x5D, 0xEF, 0xFF, 0x5C, 0xEF, 0xFF, 0xBE, 0xF7, 0xFF, 0x2C, 0x63, 0xFF, 0x24, 0x21, 0xFF,
  0x29, 0x42, 0xFF, 0x10, 0x84, 0xFF, 0x51, 0x84, 0xFF, 0x10, 0x84, 0xFF, 0xD3, 0x9C, 0xFF, 0x71, 0x8C, 0xFF, 0xF3, 0x9C, 0xFF, 0x10, 0x84, 0xFF,
  0x29, 0x42, 0xFF, 0x6A, 0x4A, 0xFF, 0x6A, 0x4A, 0xFF, 0x6A, 0x4A, 0xFF, 0x8A, 0x4A, 0xFF, 0x8A, 0x4A, 0xFF, 0x8A, 0x4A, 0xFF, 0x8A, 0x52, 0xFF,
  0x8A, 0x52, 0xFF, 0x8A, 0x52, 0xFF, 0x8A, 0x52, 0xFF, 0x8A, 0x52, 0xFF, 0x8A, 0x52, 0xFF, 0x8A, 0x52, 0xFF, 0x8A, 0x4A, 0xFF, 0x8A, 0x4A, 0xFF,
  0x8A, 0x4A, 0xFF, 0x8A, 0x4A, 0xFF, 0x8A, 0x4A, 0xFF, 0x8A, 0x4A, 0xFF, 0x8A, 0x4A, 0xFF, 0x8A, 0x4A, 0xFF, 0x8A, 0x4A, 0xFF, 0x8A, 0x4A, 0xFF,
  0x8A, 0x4A, 0xFF, 0x8A, 0x4A, 0xFF, 0x8A, 0x4A, 0xFF, 0x6A, 0x4A, 0xFF, 0x6A, 0x4A, 0xFF, 0x6A, 0x4A, 0xFF, 0x6A, 0x4A, 0xFF, 0x6A, 0x4A, 0xFF,
  0x29, 0x42, 0xFF, 0xEC, 0x5A, 0xFF, 0xF3, 0x9C, 0xFF, 0x10, 0x84, 0xFF, 0xB2, 0x94, 0xFF, 0x51, 0x8C, 0xFF, 0x71, 0x8C, 0xFF, 0x51, 0x8C, 0xFF,
  0xCF, 0x7B, 0xFF, 0x86, 0x31, 0xFF, 0x65, 0x29, 0xFF, 0x79, 0xCE, 0xFF, 0x9E, 0xF7, 0xFF, 0x5D, 0xEF, 0xFF, 0x5D, 0xEF, 0xFF, 0x5D, 0xEF, 0xFF,
  0x5D, 0xEF, 0xFF, 0x5D, 0xEF, 0xFF, 0x5D, 0xEF, 0xFF, 0x5D, 0xEF, 0xFF, 0x5D, 0xEF, 0xFF, 0x5D, 0xEF, 0xFF, 0x5D, 0xEF, 0xFF, 0x5D, 0xEF, 0xFF,
  0x5D, 0xEF, 0xFF, 0x5D, 0xEF, 0xFF, 0x7D, 0xEF, 0xFF, 0x1C, 0xE7, 0xFF, 0xBA, 0xD6, 0xFF, 0x7D, 0xEF, 0xFD, 0x7D, 0xEF, 0xFF, 0x96, 0xB5, 0xFD,
  0x61, 0x08, 0x05, 0x00, 0x00, 0x00, 0x00, 0x00, 0x00, 0x00, 0x00, 0x00, 0x00, 0x00, 0x00, 0x00, 0x00, 0x00, 0x00, 0x00, 0x00, 0xFF, 0xFF, 0x00,
  0xFF, 0xFF, 0x00, 0xFF, 0xFF, 0x00, 0xFF, 0xFF, 0x00, 0xFF, 0xFF, 0x00, 0xFF, 0xFF, 0x00, 0x00, 0x00, 0x00, 0x00, 0x00, 0x00, 0x00, 0x00, 0x00,
  0x00, 0x00, 0x00, 0x00, 0x00, 0x00, 0x00, 0x00, 0x00, 0x00, 0x00, 0x00, 0x6D, 0x6B, 0x80, 0xDF, 0xFF, 0xFF, 0x5D, 0xEF, 0xF9, 0xFB, 0xDE, 0xFF,
  0x9A, 0xD6, 0xFF, 0x9E, 0xF7, 0xFF, 0x5D, 0xEF, 0xFF, 0x5D, 0xEF, 0xFF, 0x5D, 0xEF, 0xFF, 0x5D, 0xEF, 0xFF, 0x5D, 0xEF, 0xFF, 0x5D, 0xEF, 0xFF,
  0x5D, 0xEF, 0xFF, 0x5D, 0xEF, 0xFF, 0x5D, 0xEF, 0xFF, 0x5D, 0xEF, 0xFF, 0x5D, 0xEF, 0xFF, 0x5D, 0xEF, 0xFF, 0x5D, 0xEF, 0xFF, 0x5D, 0xEF, 0xFF,
  0xBE, 0xF7, 0xFF, 0x0C, 0x63, 0xFF, 0x04, 0x21, 0xFF, 0x69, 0x4A, 0xFF, 0x51, 0x8C, 0xFF, 0x71, 0x8C, 0xFF, 0x92, 0x94, 0xFF, 0xD3, 0x9C, 0xFF,
  0x30, 0x84, 0xFF, 0xD3, 0x9C, 0xFF, 0x8E, 0x73, 0xFF, 0x29, 0x42, 0xFF, 0x8A, 0x4A, 0xFF, 0x8A, 0x4A, 0xFF, 0x8A, 0x4A, 0xFF, 0x8A, 0x4A, 0xFF,
  0x8A, 0x4A, 0xFF, 0x8A, 0x4A, 0xFF, 0x8A, 0x52, 0xFF, 0x8A, 0x52, 0xFF, 0xAA, 0x52, 0xFF, 0xAA, 0x52, 0xFF, 0xAA, 0x52, 0xFF, 0x8A, 0x52, 0xFF,
  0x8A, 0x52, 0xFF, 0x8A, 0x52, 0xFF, 0x8A, 0x52, 0xFF, 0x8A, 0x52, 0xFF, 0x8A, 0x4A, 0xFF, 0x8A, 0x4A, 0xFF, 0x8A, 0x4A, 0xFF, 0x8A, 0x52, 0xFF,
  0x8A, 0x52, 0xFF, 0x8A, 0x52, 0xFF, 0x8A, 0x4A, 0xFF, 0x8A, 0x4A, 0xFF, 0x8A, 0x4A, 0xFF, 0x6A, 0x4A, 0xFF, 0x6A, 0x4A, 0xFF, 0x6A, 0x4A, 0xFF,
  0x6A, 0x4A, 0xFF, 0x6A, 0x4A, 0xFF, 0x6A, 0x4A, 0xFF, 0x49, 0x42, 0xFF, 0x8A, 0x52, 0xFF, 0x71, 0x8C, 0xFF, 0x92, 0x94, 0xFF, 0xF3, 0x9C, 0xFF,
  0xD3, 0x9C, 0xFF, 0x71, 0x8C, 0xFF, 0x30, 0x84, 0xFF, 0x6D, 0x6B, 0xFF, 0x65, 0x29, 0xFF, 0x45, 0x29, 0xFF, 0x79, 0xCE, 0xFF, 0x9E, 0xF7, 0xFF,
  0x5D, 0xEF, 0xFF, 0x5D, 0xEF, 0xFF, 0x5D, 0xEF, 0xFF, 0x5D, 0xEF, 0xFF, 0x5D, 0xEF, 0xFF, 0x5D, 0xEF, 0xFF, 0x5D, 0xEF, 0xFF, 0x5D, 0xEF, 0xFF,
  0x5D, 0xEF, 0xFF, 0x5D, 0xEF, 0xFF, 0x5D, 0xEF, 0xFF, 0x5D, 0xEF, 0xFF, 0x5D, 0xEF, 0xFF, 0x7D, 0xEF, 0xFF, 0x1C, 0xE7, 0xFF, 0x9A, 0xD6, 0xFF,
  0x7D, 0xEF, 0xFD, 0x7D, 0xEF, 0xFF, 0xB6, 0xB5, 0xFD, 0x61, 0x08, 0x06, 0x00, 0x00, 0x00, 0x00, 0x00, 0x00, 0x00, 0x00, 0x00, 0x00, 0x00, 0x00,
  0x00, 0x00, 0x00, 0x00, 0x00, 0x00, 0xFF, 0xFF, 0x00, 0xFF, 0xFF, 0x00, 0xFF, 0xFF, 0x00, 0xFF, 0xFF, 0x00, 0xFF, 0xFF, 0x00, 0xFF, 0xFF, 0x00,
  0x00, 0x00, 0x00, 0x00, 0x00, 0x00, 0x00, 0x00, 0x00, 0x00, 0x00, 0x00, 0x00, 0x00, 0x00, 0x00, 0x00, 0x00, 0x00, 0x00, 0x00, 0x51, 0x8C, 0xA8,
  0xBE, 0xF7, 0xFF, 0x7D, 0xEF, 0xFB, 0xFB, 0xDE, 0xFF, 0xBA, 0xD6, 0xFF, 0x9E, 0xF7, 0xFF, 0x5D, 0xEF, 0xFF, 0x5D, 0xEF, 0xFF, 0x5D, 0xEF, 0xFF,
  0x5D, 0xEF, 0xFF, 0x5D, 0xEF, 0xFF, 0x5D, 0xEF, 0xFF, 0x5D, 0xEF, 0xFF, 0x5D, 0xEF, 0xFF, 0x5D, 0xEF, 0xFF, 0x5D, 0xEF, 0xFF, 0x5D, 0xEF, 0xFF,
  0x5D, 0xEF, 0xFF, 0x5D, 0xEF, 0xFF, 0x5D, 0xEF, 0xFF, 0xBE, 0xF7, 0xFF, 0xEB, 0x62, 0xFF, 0x04, 0x21, 0xFF, 0x8A, 0x52, 0xFF, 0x71, 0x8C, 0xFF,
  0x51, 0x8C, 0xFF, 0x71, 0x8C, 0xFF, 0xB3, 0x94, 0xFF, 0x10, 0x84, 0xFF, 0xB2, 0x94, 0xFF, 0x6D, 0x6B, 0xFF, 0x49, 0x4A, 0xFF, 0x8A, 0x52, 0xFF,
  0x8A, 0x4A, 0xFF, 0x8A, 0x4A, 0xFF, 0x8A, 0x4A, 0xFF, 0x8A, 0x4A, 0xFF, 0x8A, 0x4A, 0xFF, 0x8A, 0x52, 0xFF, 0x8A, 0x52, 0xFF, 0xAA, 0x52, 0xFF,
  0xAA, 0x52, 0xFF, 0x8A, 0x52, 0xFF, 0x8A, 0x52, 0xFF, 0x8A, 0x52, 0xFF, 0xAA, 0x52, 0xFF, 0xAA, 0x52, 0xFF, 0x8A, 0x52, 0xFF, 0x8A, 0x52, 0xFF,
  0x8A, 0x52, 0xFF, 0x8A, 0x52, 0xFF, 0x8A, 0x52, 0xFF, 0x8A, 0x52, 0xFF, 0x8A, 0x52, 0xFF, 0x8A, 0x52, 0xFF, 0x8A, 0x4A, 0xFF, 0x8A, 0x4A, 0xFF,
  0x8A, 0x4A, 0xFF, 0x6A, 0x4A, 0xFF, 0x6A, 0x4A, 0xFF, 0x6A, 0x4A, 0xFF, 0x6A, 0x4A, 0xFF, 0x6A, 0x4A, 0xFF, 0x69, 0x4A, 0xFF, 0x8A, 0x4A, 0xFF,
  0x71, 0x8C, 0xFF, 0xB2, 0x94, 0xFF, 0xB2, 0x94, 0xFF, 0x92, 0x94, 0xFF, 0x30, 0x84, 0xFF, 0x30, 0x84, 0xFF, 0x6D, 0x6B, 0xFF, 0x65, 0x29, 0xFF,
  0x65, 0x29, 0xFF, 0x79, 0xCE, 0xFF, 0x9E, 0xF7, 0xFF, 0x5D, 0xEF, 0xFF, 0x5D, 0xEF, 0xFF, 0x5D, 0xEF, 0xFF, 0x5D, 0xEF, 0xFF, 0x5D, 0xEF, 0xFF,
  0x5D, 0xEF, 0xFF, 0x5D, 0xEF, 0xFF, 0x5D, 0xEF, 0xFF, 0x5D, 0xEF, 0xFF, 0x5D, 0xEF, 0xFF, 0x5D, 0xEF, 0xFF, 0x5D, 0xEF, 0xFF, 0x5D, 0xEF, 0xFF,
  0x7D, 0xEF, 0xFF, 0x1C, 0xE7, 0xFF, 0x79, 0xD6, 0xFF, 0x7D, 0xEF, 0xFD, 0x7D, 0xEF, 0xFF, 0xB6, 0xB5, 0xFD, 0x41, 0x08, 0x06, 0x00, 0x00, 0x00,
  0x00, 0x00, 0x00, 0x00, 0x00, 0x00, 0x00, 0x00, 0x00, 0x00, 0x00, 0x00, 0x00, 0x00, 0x00, 0xFF, 0xFF, 0x00, 0xFF, 0xFF, 0x00, 0xFF, 0xFF, 0x00,
  0xFF, 0xFF, 0x00, 0xFF, 0xFF, 0x00, 0xFF, 0xFF, 0x00, 0x00, 0x00, 0x00, 0x00, 0x00, 0x00, 0x00, 0x00, 0x00, 0x00, 0x00, 0x00, 0x00, 0x00, 0x00,
  0x00, 0x00, 0x00, 0x00, 0x00, 0x00, 0xF3, 0x9C, 0xCC, 0xBE, 0xF7, 0xFF, 0x7D, 0xEF, 0xFB, 0xFB, 0xDE, 0xFF, 0xBA, 0xD6, 0xFF, 0x7D, 0xF7, 0xFF,
  0x5D, 0xEF, 0xFF, 0x5D, 0xEF, 0xFF, 0x5D, 0xEF, 0xFF, 0x5D, 0xEF, 0xFF, 0x5D, 0xEF, 0xFF, 0x5D, 0xEF, 0xFF, 0x5D, 0xEF, 0xFF, 0x5D, 0xEF, 0xFF,
  0x5D, 0xEF, 0xFF, 0x5D, 0xEF, 0xFF, 0x5D, 0xEF, 0xFF, 0x5D, 0xEF, 0xFF, 0x5D, 0xEF, 0xFF, 0x5D, 0xEF, 0xFF, 0x9E, 0xF7, 0xFF, 0xEB, 0x5A, 0xFF,
  0x04, 0x21, 0xFF, 0xAA, 0x52, 0xFF, 0x30, 0x84, 0xFF, 0x10, 0x84, 0xFF, 0xEF, 0x7B, 0xFF, 0x71, 0x8C, 0xFF, 0xF0, 0x7B, 0xFF, 0x92, 0x94, 0xFF,
  0xEB, 0x5A, 0xFF, 0x6A, 0x4A, 0xFF, 0x8A, 0x52, 0xFF, 0x8A, 0x4A, 0xFF, 0x8A, 0x4A, 0xFF, 0x8A, 0x4A, 0xFF, 0x8A, 0x4A, 0xFF, 0x8A, 0x4A, 0xFF,
  0x8A, 0x52, 0xFF, 0x8A, 0x52, 0xFF, 0x8A, 0x52, 0xFF, 0x8A, 0x52, 0xFF, 0xAA, 0x52, 0xFF, 0xAA, 0x52, 0xFF, 0x8A, 0x52, 0xFF, 0xAA, 0x52, 0xFF,
  0x8A, 0x52, 0xFF, 0x8A, 0x52, 0xFF, 0x8A, 0x52, 0xFF, 0xAA, 0x52, 0xFF, 0xAA, 0x52, 0xFF, 0x8A, 0x52, 0xFF, 0x8A, 0x52, 0xFF, 0x8A, 0x52, 0xFF,
  0x8A, 0x4A, 0xFF, 0x8A, 0x52, 0xFF, 0x8A, 0x4A, 0xFF, 0x6A, 0x4A, 0xFF, 0x6A, 0x4A, 0xFF, 0x6A, 0x4A, 0xFF, 0x6A, 0x4A, 0xFF, 0x6A, 0x4A, 0xFF,
  0x6A, 0x4A, 0xFF, 0x8A, 0x4A, 0xFF, 0x6A, 0x4A, 0xFF, 0x51, 0x8C, 0xFF, 0x51, 0x8C, 0xFF, 0x10, 0x84, 0xFF, 0x51, 0x8C, 0xFF, 0xAE, 0x73, 0xFF,
  0x71, 0x8C, 0xFF, 0x4D, 0x6B, 0xFF, 0x86, 0x31, 0xFF, 0x65, 0x29, 0xFF, 0x59, 0xCE, 0xFF, 0x9E, 0xF7, 0xFF, 0x5D, 0xEF, 0xFF, 0x5D, 0xEF, 0xFF,
  0x5D, 0xEF, 0xFF, 0x5D, 0xEF, 0xFF, 0x5D, 0xEF, 0xFF, 0x5D, 0xEF, 0xFF, 0x5D, 0xEF, 0xFF, 0x5D, 0xEF, 0xFF, 0x5D, 0xEF, 0xFF, 0x5D, 0xEF, 0xFF,
  0x5D, 0xEF, 0xFF, 0x5D, 0xEF, 0xFF, 0x5D, 0xEF, 0xFF, 0x7D, 0xEF, 0xFF, 0x1C, 0xE7, 0xFF, 0x9A, 0xD6, 0xFF, 0x5D, 0xEF, 0xFD, 0x7D, 0xEF, 0xFF,
  0xB6, 0xB5, 0xFD, 0x41, 0x08, 0x06, 0x00, 0x00, 0x00, 0x00, 0x00, 0x00, 0x00, 0x00, 0x00, 0x00, 0x00, 0x00, 0x00, 0x00, 0x00, 0x00, 0x00, 0x00,
  0xFF, 0xFF, 0x00, 0xFF, 0xFF, 0x00, 0xFF, 0xFF, 0x00, 0xFF, 0xFF, 0x00, 0xFF, 0xFF, 0x00, 0xFF, 0xFF, 0x00, 0x00, 0x00, 0x00, 0x00, 0x00, 0x00,
  0x00, 0x00, 0x00, 0x00, 0x00, 0x00, 0x00, 0x00, 0x00, 0x00, 0x00, 0x00, 0x00, 0x00, 0x00, 0xD3, 0x9C, 0xC5, 0xBE, 0xF7, 0xFF, 0x7D, 0xEF, 0xFB,
  0xDB, 0xDE, 0xFF, 0xBA, 0xDE, 0xFF, 0x7D, 0xF7, 0xFF, 0x5D, 0xEF, 0xFF, 0x5D, 0xEF, 0xFF, 0x5D, 0xEF, 0xFF, 0x5D, 0xEF, 0xFF, 0x5D, 0xEF, 0xFF,
  0x5D, 0xEF, 0xFF, 0x5D, 0xEF, 0xFF, 0x5D, 0xEF, 0xFF, 0x5D, 0xEF, 0xFF, 0x5D, 0xEF, 0xFF, 0x5D, 0xEF, 0xFF, 0x5D, 0xEF, 0xFF, 0x5D, 0xEF, 0xFF,
  0x5D, 0xEF, 0xFF, 0x9E, 0xF7, 0xFF, 0xEB, 0x5A, 0xFF, 0xE3, 0x18, 0xFF, 0x8A, 0x52, 0xFF, 0x30, 0x84, 0xFF, 0x51, 0x8C, 0xFF, 0x30, 0x84, 0xFF,
  0x71, 0x8C, 0xFF, 0xCF, 0x7B, 0xFF, 0x71, 0x8C, 0xFF, 0x8A, 0x52, 0xFF, 0x6A, 0x4A, 0xFF, 0x8A, 0x4A, 0xFF, 0x8A, 0x4A, 0xFF, 0x8A, 0x4A, 0xFF,
  0x8A, 0x4A, 0xFF, 0x8A, 0x52, 0xFF, 0x8A, 0x4A, 0xFF, 0x8A, 0x4A, 0xFF, 0x8A, 0x52, 0xFF, 0x8A, 0x52, 0xFF, 0x8A, 0x52, 0xFF, 0x8A, 0x52, 0xFF,
  0x8A, 0x52, 0xFF, 0x8A, 0x52, 0xFF, 0x8A, 0x52, 0xFF, 0x8A, 0x52, 0xFF, 0x8A, 0x52, 0xFF, 0x8A, 0x52, 0xFF, 0x8A, 0x52, 0xFF, 0xAA, 0x52, 0xFF,
  0x8A, 0x52, 0xFF, 0x8A, 0x52, 0xFF, 0x8A, 0x52, 0xFF, 0x8A, 0x4A, 0xFF, 0x8A, 0x4A, 0xFF, 0x8A, 0x4A, 0xFF, 0x6A, 0x4A, 0xFF, 0x6A, 0x4A, 0xFF,
  0x6A, 0x4A, 0xFF, 0x6A, 0x4A, 0xFF, 0x6A, 0x4A, 0xFF, 0x6A, 0x4A, 0xFF, 0x8A, 0x4A, 0xFF, 0x49, 0x4A, 0xFF, 0xEF, 0x7B, 0xFF, 0x71, 0x8C, 0xFF,
  0xCF, 0x7B, 0xFF, 0x51, 0x84, 0xFF, 0xAE, 0x73, 0xFF, 0x71, 0x8C, 0xFF, 0x2C, 0x63, 0xFF, 0x65, 0x29, 0xFF, 0x45, 0x29, 0xFF, 0x59, 0xCE, 0xFF,
  0x9E, 0xF7, 0xFF, 0x5D, 0xEF, 0xFF, 0x5D, 0xEF, 0xFF, 0x5D, 0xEF, 0xFF, 0x5D, 0xEF, 0xFF, 0x5D, 0xEF, 0xFF, 0x5D, 0xEF, 0xFF, 0x5D, 0xEF, 0xFF,
  0x5D, 0xEF, 0xFF, 0x5D, 0xEF, 0xFF, 0x5D, 0xEF, 0xFF, 0x5D, 0xEF, 0xFF, 0x5D, 0xEF, 0xFF, 0x5D, 0xEF, 0xFF, 0x7D, 0xEF, 0xFF, 0x3C, 0xE7, 0xFF,
  0x9A, 0xD6, 0xFF, 0x5D, 0xEF, 0xFD, 0x7D, 0xEF, 0xFF, 0xB6, 0xB5, 0xFD, 0x20, 0x00, 0x06, 0x00, 0x00, 0x00, 0x00, 0x00, 0x00, 0x00, 0x00, 0x00,
  0x00, 0x00, 0x00, 0x00, 0x00, 0x00, 0x00, 0x00, 0x00, 0xFF, 0xFF, 0x00, 0xFF, 0xFF, 0x00, 0xFF, 0xFF, 0x00, 0xFF, 0xFF, 0x00, 0xFF, 0xFF, 0x00,
  0xFF, 0xFF, 0x00, 0x00, 0x00, 0x00, 0x00, 0x00, 0x00, 0x00, 0x00, 0x00, 0x00, 0x00, 0x00, 0x00, 0x00, 0x00, 0x00, 0x00, 0x00, 0x00, 0x00, 0x00,
  0xD3, 0x9C, 0xC7, 0xBE, 0xF7, 0xFF, 0x7D, 0xEF, 0xFB, 0xDA, 0xDE, 0xFF, 0xBA, 0xD6, 0xFF, 0x9D, 0xF7, 0xFF, 0x5D, 0xEF, 0xFF, 0x5D, 0xEF, 0xFF,
  0x5D, 0xEF, 0xFF, 0x5D, 0xEF, 0xFF, 0x5D, 0xEF, 0xFF, 0x5D, 0xEF, 0xFF, 0x5D, 0xEF, 0xFF, 0x5D, 0xEF, 0xFF, 0x5D, 0xEF, 0xFF, 0x5D, 0xEF, 0xFF,
  0x5D, 0xEF, 0xFF, 0x5D, 0xEF, 0xFF, 0x5D, 0xEF, 0xFF, 0x5D, 0xEF, 0xFF, 0x9E, 0xF7, 0xFF, 0xCB, 0x5A, 0xFF, 0xC3, 0x18, 0xFF, 0x49, 0x4A, 0xFF,
  0xAE, 0x73, 0xFF, 0xAE, 0x73, 0xFF, 0xEF, 0x7B, 0xFF, 0x92, 0x94, 0xFF, 0xD3, 0x9C, 0xFF, 0x10, 0x84, 0xFF, 0x49, 0x4A, 0xFF, 0x8A, 0x4A, 0xFF,
  0x6A, 0x4A, 0xFF, 0x8A, 0x4A, 0xFF, 0x8A, 0x4A, 0xFF, 0x8A, 0x4A, 0xFF, 0x8A, 0x4A, 0xFF, 0x8A, 0x4A, 0xFF, 0x8A, 0x52, 0xFF, 0x8A, 0x52, 0xFF,
  0x8A, 0x52, 0xFF, 0x8A, 0x52, 0xFF, 0x8A, 0x52, 0xFF, 0x8A, 0x52, 0xFF, 0x8A, 0x52, 0xFF, 0x8A, 0x52, 0xFF, 0x8A, 0x52, 0xFF, 0x8A, 0x52, 0xFF,
  0x8A, 0x52, 0xFF, 0x8A, 0x52, 0xFF, 0x8A, 0x52, 0xFF, 0x8A, 0x52, 0xFF, 0x8A, 0x52, 0xFF, 0x8A, 0x52, 0xFF, 0x8A, 0x4A, 0xFF, 0x8A, 0x4A, 0xFF,
  0x6A, 0x4A, 0xFF, 0x6A, 0x4A, 0xFF, 0x6A, 0x4A, 0xFF, 0x69, 0x4A, 0xFF, 0x69, 0x4A, 0xFF, 0x6A, 0x4A, 0xFF, 0x6A, 0x4A, 0xFF, 0x6A, 0x4A, 0xFF,
  0x49, 0x42, 0xFF, 0x0C, 0x63, 0xFF, 0xB2, 0x94, 0xFF, 0x51, 0x84, 0xFF, 0x51, 0x8C, 0xFF, 0x8E, 0x73, 0xFF, 0x30, 0x84, 0xFF, 0x2C, 0x63, 0xFF,
  0x86, 0x31, 0xFF, 0x45, 0x29, 0xFF, 0x59, 0xCE, 0xFF, 0xBE, 0xF7, 0xFF, 0x5D, 0xEF, 0xFF, 0x5D, 0xEF, 0xFF, 0x5D, 0xEF, 0xFF, 0x5D, 0xEF, 0xFF,
  0x5D, 0xEF, 0xFF, 0x5D, 0xEF, 0xFF, 0x5D, 0xEF, 0xFF, 0x5D, 0xEF, 0xFF, 0x5D, 0xEF, 0xFF, 0x5D, 0xEF, 0xFF, 0x5D, 0xEF, 0xFF, 0x5D, 0xEF, 0xFF,
  0x5D, 0xEF, 0xFF, 0x5D, 0xEF, 0xFF, 0x3C, 0xE7, 0xFF, 0x9A, 0xD6, 0xFF, 0x5D, 0xEF, 0xFD, 0x7D, 0xF7, 0xFF, 0xD6, 0xBD, 0xFD, 0x20, 0x00, 0x06,
  0x00, 0x00, 0x00, 0x00, 0x00, 0x00, 0x00, 0x00, 0x00, 0x00, 0x00, 0x00, 0x00, 0x00, 0x00, 0x00, 0x00, 0x00, 0xFF, 0xFF, 0x00, 0xFF, 0xFF, 0x00,
  0xFF, 0xFF, 0x00, 0xFF, 0xFF, 0x00, 0xFF, 0xFF, 0x00, 0xFF, 0xFF, 0x00, 0x00, 0x00, 0x00, 0x00, 0x00, 0x00, 0x00, 0x00, 0x00, 0x00, 0x00, 0x00,
  0x00, 0x00, 0x00, 0x00, 0x00, 0x00, 0x00, 0x00, 0x00, 0xD3, 0x9C, 0xC7, 0xBE, 0xF7, 0xFF, 0x7D, 0xEF, 0xFB, 0xBA, 0xD6, 0xFF, 0xBA, 0xD6, 0xFF,
  0x9D, 0xF7, 0xFF, 0x5D, 0xEF, 0xFF, 0x5D, 0xEF, 0xFF, 0x5D, 0xEF, 0xFF, 0x5D, 0xEF, 0xFF, 0x5D, 0xEF, 0xFF, 0x5D, 0xEF, 0xFF, 0x5D, 0xEF, 0xFF,
  0x5D, 0xEF, 0xFF, 0x5D, 0xEF, 0xFF, 0x5D, 0xEF, 0xFF, 0x5D, 0xEF, 0xFF, 0x5D, 0xEF, 0xFF, 0x5D, 0xEF, 0xFF, 0x5D, 0xEF, 0xFF, 0xBE, 0xF7, 0xFF,
  0xEB, 0x5A, 0xFF, 0x04, 0x21, 0xFF, 0xEB, 0x5A, 0xFF, 0x30, 0x84, 0xFF, 0xEF, 0x7B, 0xFF, 0xAE, 0x73, 0xFF, 0x0F, 0x84, 0xFF, 0x51, 0x8C, 0xFF,
  0xAE, 0x73, 0xFF, 0x49, 0x4A, 0xFF, 0x8A, 0x4A, 0xFF, 0x6A, 0x4A, 0xFF, 0x6A, 0x4A, 0xFF, 0x6A, 0x4A, 0xFF, 0x8A, 0x4A, 0xFF, 0x8A, 0x4A, 0xFF,
  0x8A, 0x4A, 0xFF, 0x8A, 0x4A, 0xFF, 0x8A, 0x4A, 0xFF, 0x8A, 0x4A, 0xFF, 0x8A, 0x4A, 0xFF, 0x8A, 0x4A, 0xFF, 0x8A, 0x4A, 0xFF, 0x8A, 0x4A, 0xFF,
  0x8A, 0x52, 0xFF, 0x8A, 0x52, 0xFF, 0x8A, 0x52, 0xFF, 0x8A, 0x52, 0xFF, 0x8A, 0x52, 0xFF, 0x8A, 0x52, 0xFF, 0x8A, 0x52, 0xFF, 0x8A, 0x52, 0xFF,
  0x8A, 0x4A, 0xFF, 0x8A, 0x4A, 0xFF, 0x6A, 0x4A, 0xFF, 0x6A, 0x4A, 0xFF, 0x6A, 0x4A, 0xFF, 0x6A, 0x4A, 0xFF, 0x6A, 0x4A, 0xFF, 0x69, 0x4A, 0xFF,
  0x69, 0x4A, 0xFF, 0x69, 0x4A, 0xFF, 0x6A, 0x4A, 0xFF, 0x29, 0x42, 0xFF, 0xCB, 0x52, 0xFF, 0x30, 0x84, 0xFF, 0xEF, 0x7B, 0xFF, 0x51, 0x8C, 0xFF,
  0x8E, 0x6B, 0xFF, 0x92, 0x94, 0xFF, 0x8E, 0x73, 0xFF, 0xC7, 0x39, 0xFF, 0x45, 0x29, 0xFF, 0x79, 0xCE, 0xFF, 0xBE, 0xF7, 0xFF, 0x5D, 0xEF, 0xFF,
  0x5D, 0xEF, 0xFF, 0x5D, 0xEF, 0xFF, 0x5D, 0xEF, 0xFF, 0x5D, 0xEF, 0xFF, 0x5D, 0xEF, 0xFF, 0x5D, 0xEF, 0xFF, 0x5D, 0xEF, 0xFF, 0x5D, 0xEF, 0xFF,
  0x5D, 0xEF, 0xFF, 0x5D, 0xEF, 0xFF, 0x5D, 0xEF, 0xFF, 0x5D, 0xEF, 0xFF, 0x5D, 0xEF, 0xFF, 0x3C, 0xE7, 0xFF, 0x9A, 0xD6, 0xFF, 0x5D, 0xEF, 0xFD,
  0x9E, 0xF7, 0xFF, 0xD6, 0xBD, 0xFD, 0x20, 0x00, 0x06, 0x00, 0x00, 0x00, 0x00, 0x00, 0x00, 0x00, 0x00, 0x00, 0x00, 0x00, 0x00, 0x00, 0x00, 0x00,
  0x00, 0x00, 0x00, 0xFF, 0xFF, 0x00, 0xFF, 0xFF, 0x00, 0xFF, 0xFF, 0x00, 0xFF, 0xFF, 0x00, 0xFF, 0xFF, 0x00, 0xFF, 0xFF, 0x00, 0x00, 0x00, 0x00,
  0x00, 0x00, 0x00, 0x00, 0x00, 0x00, 0x00, 0x00, 0x00, 0x00, 0x00, 0x00, 0x00, 0x00, 0x00, 0x00, 0x00, 0x00, 0xD3, 0x9C, 0xC7, 0xBE, 0xFF, 0xFF,
  0x7D, 0xEF, 0xFB, 0xBA, 0xD6, 0xFF, 0xDB, 0xDE, 0xFF, 0x7D, 0xF7, 0xFF, 0x5D, 0xEF, 0xFF, 0x5D, 0xEF, 0xFF, 0x5D, 0xEF, 0xFF, 0x5D, 0xEF, 0xFF,
  0x5D, 0xEF, 0xFF, 0x5D, 0xEF, 0xFF, 0x5D, 0xEF, 0xFF, 0x5D, 0xEF, 0xFF, 0x5D, 0xEF, 0xFF, 0x5D, 0xEF, 0xFF, 0x5D, 0xEF, 0xFF, 0x5D, 0xEF, 0xFF,
  0x5D, 0xEF, 0xFF, 0x5D, 0xEF, 0xFF, 0xDF, 0xFF, 0xFF, 0xCB, 0x5A, 0xFF, 0x04, 0x21, 0xFF, 0x49, 0x4A, 0xFF, 0x51, 0x8C, 0xFF, 0x30, 0x84, 0xFF,
  0x10, 0x84, 0xFF, 0x51, 0x8C, 0xFF, 0xB2, 0x94, 0xFF, 0x30, 0x84, 0xFF, 0x69, 0x4A, 0xFF, 0xAA, 0x52, 0xFF, 0xAA, 0x52, 0xFF, 0x8A, 0x52, 0xFF,
  0x8A, 0x52, 0xFF, 0xAA, 0x52, 0xFF, 0xAA, 0x52, 0xFF, 0xAA, 0x52, 0xFF, 0xAA, 0x52, 0xFF, 0xAB, 0x52, 0xFF, 0xAA, 0x52, 0xFF, 0xAA, 0x52, 0xFF,
  0xAA, 0x52, 0xFF, 0xAA, 0x52, 0xFF, 0xAA, 0x52, 0xFF, 0xAA, 0x52, 0xFF, 0xAB, 0x52, 0xFF, 0xAB, 0x52, 0xFF, 0xAB, 0x52, 0xFF, 0xAB, 0x52, 0xFF,
  0xAB, 0x52, 0xFF, 0xAA, 0x52, 0xFF, 0xAB, 0x52, 0xFF, 0xAB, 0x52, 0xFF, 0xAA, 0x52, 0xFF, 0x8A, 0x52, 0xFF, 0x8A, 0x52, 0xFF, 0x8A, 0x4A, 0xFF,
  0x8A, 0x52, 0xFF, 0x8A, 0x52, 0xFF, 0x8A, 0x52, 0xFF, 0x8A, 0x4A, 0xFF, 0x8A, 0x4A, 0xFF, 0x8A, 0x4A, 0xFF, 0x29, 0x42, 0xFF, 0x8E, 0x73, 0xFF,
  0x14, 0xA5, 0xFF, 0x30, 0x84, 0xFF, 0x92, 0x94, 0xFF, 0x6D, 0x6B, 0xFF, 0x71, 0x8C, 0xFF, 0xCB, 0x5A, 0xFF, 0x86, 0x31, 0xFF, 0x24, 0x21, 0xFF,
  0x79, 0xD6, 0xFF, 0xBE, 0xF7, 0xFF, 0x5D, 0xEF, 0xFF, 0x5D, 0xEF, 0xFF, 0x5D, 0xEF, 0xFF, 0x5D, 0xEF, 0xFF, 0x5D, 0xEF, 0xFF, 0x5D, 0xEF, 0xFF,
  0x5D, 0xEF, 0xFF, 0x5D, 0xEF, 0xFF, 0x5D, 0xEF, 0xFF, 0x5D, 0xEF, 0xFF, 0x5D, 0xEF, 0xFF, 0x5D, 0xEF, 0xFF, 0x5D, 0xEF, 0xFF, 0x5D, 0xEF, 0xFF,
  0x3C, 0xE7, 0xFF, 0x9A, 0xD6, 0xFF, 0x5D, 0xEF, 0xFD, 0x9E, 0xF7, 0xFF, 0xD7, 0xBD, 0xFD, 0x00, 0x00, 0x05, 0x00, 0x00, 0x00, 0x00, 0x00, 0x00,
  0x00, 0x00, 0x00, 0x00, 0x00, 0x00, 0x00, 0x00, 0x00, 0x00, 0x00, 0x00, 0xFF, 0xFF, 0x00, 0xFF, 0xFF, 0x00, 0xFF, 0xFF, 0x00, 0xFF, 0xFF, 0x00,
  0xFF, 0xFF, 0x00, 0xFF, 0xFF, 0x00, 0x00, 0x00, 0x00, 0x00, 0x00, 0x00, 0x00, 0x00, 0x00, 0x00, 0x00, 0x00, 0x00, 0x00, 0x00, 0x00, 0x00, 0x00,
  0x00, 0x00, 0x00, 0xF3, 0x9C, 0xC7, 0xDF, 0xFF, 0xFF, 0x7D, 0xEF, 0xFB, 0xBA, 0xD6, 0xFF, 0xDB, 0xDE, 0xFF, 0x7D, 0xF7, 0xFF, 0x5D, 0xEF, 0xFF,
  0x5D, 0xEF, 0xFF, 0x5D, 0xEF, 0xFF, 0x5D, 0xEF, 0xFF, 0x5D, 0xEF, 0xFF, 0x5D, 0xEF, 0xFF, 0x5D, 0xEF, 0xFF, 0x5D, 0xEF, 0xFF, 0x5D, 0xEF, 0xFF,
  0x5D, 0xEF, 0xFF, 0x5D, 0xEF, 0xFF, 0x5D, 0xEF, 0xFF, 0x5D, 0xEF, 0xFF, 0x5D, 0xEF, 0xFF, 0xDF, 0xFF, 0xFF, 0x71, 0x94, 0xFF, 0x82, 0x10, 0xFF,
  0xA6, 0x31, 0xFF, 0x49, 0x4A, 0xFF, 0x4D, 0x6B, 0xFF, 0x2C, 0x63, 0xFF, 0x4D, 0x6B, 0xFF, 0x6D, 0x6B, 0xFF, 0xAE, 0x73, 0xFF, 0x08, 0x42, 0xFF,
  0x08, 0x3A, 0xFF, 0x08, 0x3A, 0xFF, 0x08, 0x42, 0xFF, 0x08, 0x42, 0xFF, 0x08, 0x3A, 0xFF, 0x08, 0x42, 0xFF, 0x08, 0x42, 0xFF, 0x08, 0x42, 0xFF,
  0x08, 0x42, 0xFF, 0x08, 0x42, 0xFF, 0x28, 0x42, 0xFF, 0x08, 0x42, 0xFF, 0x08, 0x42, 0xFF, 0x08, 0x42, 0xFF, 0x28, 0x42, 0xFF, 0x08, 0x42, 0xFF,
  0xE7, 0x39, 0xFF, 0x08, 0x42, 0xFF, 0x28, 0x42, 0xFF, 0x08, 0x42, 0xFF, 0x08, 0x42, 0xFF, 0x08, 0x42, 0xFF, 0x08, 0x42, 0xFF, 0x08, 0x42, 0xFF,
  0x08, 0x3A, 0xFF, 0x08, 0x3A, 0xFF, 0x08, 0x42, 0xFF, 0x08, 0x42, 0xFF, 0x08, 0x3A, 0xFF, 0x08, 0x3A, 0xFF, 0x08, 0x3A, 0xFF, 0xE7, 0x39, 0xFF,
  0xC7, 0x39, 0xFF, 0xA6, 0x31, 0xFF, 0x4D, 0x6B, 0xFF, 0xCF, 0x7B, 0xFF, 0x0C, 0x63, 0xFF, 0x8E, 0x73, 0xFF, 0xAA, 0x52, 0xFF, 0x0C, 0x63, 0xFF,
  0xE7, 0x39, 0xFF, 0x65, 0x29, 0xFF, 0xE7, 0x39, 0xFF, 0xBE, 0xF7, 0xFF, 0x5D, 0xEF, 0xFF, 0x5D, 0xEF, 0xFF, 0x5D, 0xEF, 0xFF, 0x5D, 0xEF, 0xFF,
  0x5D, 0xEF, 0xFF, 0x5D, 0xEF, 0xFF, 0x5D, 0xEF, 0xFF, 0x5D, 0xEF, 0xFF, 0x5D, 0xEF, 0xFF, 0x5D, 0xEF, 0xFF, 0x5D, 0xEF, 0xFF, 0x5D, 0xEF, 0xFF,
  0x5D, 0xEF, 0xFF, 0x5D, 0xEF, 0xFF, 0x5D, 0xEF, 0xFF, 0x3C, 0xE7, 0xFF, 0x79, 0xCE, 0xFF, 0x7D, 0xEF, 0xFF, 0x7D, 0xEF, 0xFB, 0x59, 0xCE, 0xFF,
  0xE3, 0x18, 0x11, 0x00, 0x00, 0x00, 0x00, 0x00, 0x00, 0x00, 0x00, 0x00, 0x00, 0x00, 0x00, 0x00, 0x00, 0x00, 0x00, 0x00, 0x00, 0xFF, 0xFF, 0x00,
  0xFF, 0xFF, 0x00, 0xFF, 0xFF, 0x00, 0xFF, 0xFF, 0x00, 0xFF, 0xFF, 0x00, 0xFF, 0xFF, 0x00, 0x00, 0x00, 0x00, 0x00, 0x00, 0x00, 0x00, 0x00, 0x00,
  0x00, 0x00, 0x00, 0x00, 0x00, 0x00, 0x00, 0x00, 0x00, 0x82, 0x10, 0x04, 0xB6, 0xB5, 0xF3, 0x9E, 0xF7, 0xFF, 0x7D, 0xEF, 0xFD, 0x9A, 0xD6, 0xFF,
  0xDB, 0xDE, 0xFF, 0x7D, 0xF7, 0xFF, 0x5D, 0xEF, 0xFF, 0x5D, 0xEF, 0xFF, 0x5D, 0xEF, 0xFF, 0x5D, 0xEF, 0xFF, 0x5D, 0xEF, 0xFF, 0x5D, 0xEF, 0xFF,
  0x5D, 0xEF, 0xFF, 0x5D, 0xEF, 0xFF, 0x5D, 0xEF, 0xFF, 0x5D, 0xEF, 0xFF, 0x5D, 0xEF, 0xFF, 0x5D, 0xEF, 0xFF, 0x5D, 0xEF, 0xFF, 0x5D, 0xEF, 0xFF,
  0x5D, 0xEF, 0xFF, 0x7D, 0xF7, 0xFF, 0x8A, 0x52, 0xFF, 0x82, 0x10, 0xFF, 0x24, 0x21, 0xFF, 0xA6, 0x31, 0xFF, 0xA6, 0x31, 0xFF, 0x65, 0x29, 0xFF,
  0x45, 0x29, 0xFF, 0x65, 0x29, 0xFF, 0x86, 0x31, 0xFF, 0x65, 0x29, 0xFF, 0x65, 0x29, 0xFF, 0x86, 0x31, 0xFF, 0x86, 0x31, 0xFF, 0x86, 0x31, 0xFF,
  0x86, 0x31, 0xFF, 0x86, 0x31, 0xFF, 0x86, 0x31, 0xFF, 0x86, 0x31, 0xFF, 0x86, 0x31, 0xFF, 0x86, 0x31, 0xFF, 0x86, 0x31, 0xFF, 0x86, 0x31, 0xFF,
  0x86, 0x31, 0xFF, 0x86, 0x31, 0xFF, 0x65, 0x29, 0xFF, 0x65, 0x29, 0xFF, 0x86, 0x31, 0xFF, 0x86, 0x31, 0xFF, 0x65, 0x29, 0xFF, 0x86, 0x31, 0xFF,
  0x86, 0x31, 0xFF, 0x85, 0x31, 0xFF, 0x86, 0x31, 0xFF, 0x86, 0x31, 0xFF, 0x86, 0x31, 0xFF, 0x86, 0x31, 0xFF, 0x86, 0x31, 0xFF, 0x86, 0x31, 0xFF,
  0x86, 0x31, 0xFF, 0x65, 0x29, 0xFF, 0x65, 0x29, 0xFF, 0x65, 0x29, 0xFF, 0x65, 0x29, 0xFF, 0x65, 0x29, 0xFF, 0x45, 0x29, 0xFF, 0x45, 0x29, 0xFF,
  0x65, 0x29, 0xFF, 0x86, 0x31, 0xFF, 0x86, 0x31, 0xFF, 0x45, 0x29, 0xFF, 0xC3, 0x18, 0xFF, 0x18, 0xC6, 0xFF, 0xBE, 0xF7, 0xFF, 0x5D, 0xEF, 0xFF,
  0x5D, 0xEF, 0xFF, 0x5D, 0xEF, 0xFF, 0x5D, 0xEF, 0xFF, 0x5D, 0xEF, 0xFF, 0x5D, 0xEF, 0xFF, 0x5D, 0xEF, 0xFF, 0x5D, 0xEF, 0xFF, 0x5D, 0xEF, 0xFF,
  0x5D, 0xEF, 0xFF, 0x5D, 0xEF, 0xFF, 0x5D, 0xEF, 0xFF, 0x5D, 0xEF, 0xFF, 0x5D, 0xEF, 0xFF, 0x5D, 0xEF, 0xFF, 0x3C, 0xEF, 0xFF, 0x79, 0xCE, 0xFF,
  0x7D, 0xEF, 0xFF, 0x5D, 0xEF, 0xF9, 0x9A, 0xD6, 0xFF, 0x65, 0x29, 0x1C, 0x00, 0x00, 0x00, 0x00, 0x00, 0x00, 0x00, 0x00, 0x00, 0x00, 0x00, 0x00,
  0x00, 0x00, 0x00, 0x00, 0x00, 0x00, 0xFF, 0xFF, 0x00, 0xFF, 0xFF, 0x00, 0xFF, 0xFF, 0x00, 0xFF, 0xFF, 0x00, 0xFF, 0xFF, 0x00, 0xFF, 0xFF, 0x00,
  0x00, 0x00, 0x00, 0x00, 0x00, 0x00, 0x00, 0x00, 0x00, 0x00, 0x00, 0x00, 0x00, 0x00, 0x00, 0x00, 0x00, 0x00, 0x82, 0x10, 0x06, 0x18, 0xC6, 0xFF,
  0x9E, 0xF7, 0xFF, 0x7D, 0xEF, 0xFD, 0x9A, 0xD6, 0xFF, 0xFB, 0xDE, 0xFF, 0x7D, 0xF7, 0xFF, 0x5D, 0xEF, 0xFF, 0x5D, 0xEF, 0xFF, 0x5D, 0xEF, 0xFF,
  0x5D, 0xEF, 0xFF, 0x5D, 0xEF, 0xFF, 0x5D, 0xEF, 0xFF, 0x5D, 0xEF, 0xFF, 0x5D, 0xEF, 0xFF, 0x5D, 0xEF, 0xFF, 0x5D, 0xEF, 0xFF, 0x5D, 0xEF, 0xFF,
  0x5D, 0xEF, 0xFF, 0x5D, 0xEF, 0xFF, 0x5D, 0xEF, 0xFF, 0x5D, 0xEF, 0xFF, 0x7D, 0xEF, 0xFF, 0x7D, 0xEF, 0xFF, 0x71, 0x8C, 0xFF, 0x8A, 0x52, 0xFF,
  0x49, 0x4A, 0xFF, 0x49, 0x4A, 0xFF, 0x28, 0x42, 0xFF, 0x08, 0x42, 0xFF, 0x08, 0x42, 0xFF, 0x28, 0x42, 0xFF, 0x28, 0x42, 0xFF, 0x28, 0x42, 0xFF,
  0x28, 0x42, 0xFF, 0x28, 0x42, 0xFF, 0x28, 0x42, 0xFF, 0x28, 0x42, 0xFF, 0x28, 0x42, 0xFF, 0x28, 0x42, 0xFF, 0x28, 0x42, 0xFF, 0x28, 0x42, 0xFF,
  0x08, 0x42, 0xFF, 0x08, 0x42, 0xFF, 0x08, 0x42, 0xFF, 0x28, 0x42, 0xFF, 0x08, 0x42, 0xFF, 0x08, 0x42, 0xFF, 0x08, 0x42, 0xFF, 0x08, 0x42, 0xFF,
  0x08, 0x42, 0xFF, 0x08, 0x42, 0xFF, 0x28, 0x42, 0xFF, 0x08, 0x42, 0xFF, 0x08, 0x42, 0xFF, 0x08, 0x42, 0xFF, 0x08, 0x42, 0xFF, 0x08, 0x42, 0xFF,
  0x08, 0x42, 0xFF, 0x28, 0x42, 0xFF, 0x28, 0x42, 0xFF, 0x28, 0x42, 0xFF, 0x08, 0x42, 0xFF, 0x08, 0x42, 0xFF, 0x28, 0x42, 0xFF, 0x28, 0x42, 0xFF,
  0x08, 0x42, 0xFF, 0x08, 0x42, 0xFF, 0x28, 0x42, 0xFF, 0x48, 0x42, 0xFF, 0x49, 0x4A, 0xFF, 0x28, 0x42, 0xFF, 0x2C, 0x63, 0xFF, 0x59, 0xCE, 0xFF,
  0xBE, 0xF7, 0xFF, 0x5C, 0xEF, 0xFF, 0x5D, 0xEF, 0xFF, 0x5D, 0xEF, 0xFF, 0x5D, 0xEF, 0xFF, 0x5D, 0xEF, 0xFF, 0x5D, 0xEF, 0xFF, 0x5D, 0xEF, 0xFF,
  0x5D, 0xEF, 0xFF, 0x5D, 0xEF, 0xFF, 0x5D, 0xEF, 0xFF, 0x5D, 0xEF, 0xFF, 0x5D, 0xEF, 0xFF, 0x5D, 0xEF, 0xFF, 0x5D, 0xEF, 0xFF, 0x5D, 0xEF, 0xFF,
  0x5D, 0xEF, 0xFF, 0x5D, 0xEF, 0xFF, 0x79, 0xCE, 0xFF, 0x7D, 0xEF, 0xFF, 0x7D, 0xEF, 0xF9, 0x79, 0xD6, 0xFF, 0x24, 0x21, 0x1A, 0x00, 0x00, 0x00,
  0x00, 0x00, 0x00, 0x00, 0x00, 0x00, 0x00, 0x00, 0x00, 0x00, 0x00, 0x00, 0x00, 0x00, 0x00, 0xFF, 0xFF, 0x00, 0xFF, 0xFF, 0x00, 0xFF, 0xFF, 0x00,
  0xFF, 0xFF, 0x00, 0xFF, 0xFF, 0x00, 0xFF, 0xFF, 0x00, 0x00, 0x00, 0x00, 0x00, 0x00, 0x00, 0x00, 0x00, 0x00, 0x00, 0x00, 0x00, 0x00, 0x00, 0x00,
  0x00, 0x00, 0x00, 0x61, 0x08, 0x06, 0xF7, 0xBD, 0xFD, 0x9E, 0xF7, 0xFF, 0x7D, 0xEF, 0xFD, 0x9A, 0xD6, 0xFF, 0xFB, 0xDE, 0xFF, 0x7D, 0xEF, 0xFF,
  0x5D, 0xEF, 0xFF, 0x7D, 0xEF, 0xFF, 0x7D, 0xEF, 0xFF, 0x5D, 0xEF, 0xFF, 0x5D, 0xEF, 0xFF, 0x5D, 0xEF, 0xFF, 0x5D, 0xEF, 0xFF, 0x5D, 0xEF, 0xFF,
  0x5D, 0xEF, 0xFF, 0x5D, 0xEF, 0xFF, 0x5D, 0xEF, 0xFF, 0x5D, 0xEF, 0xFF, 0x5D, 0xEF, 0xFF, 0x5D, 0xEF, 0xFF, 0x5D, 0xEF, 0xFF, 0x5D, 0xEF, 0xFF,
  0x7D, 0xEF, 0xFF, 0xDF, 0xFF, 0xFF, 0xBE, 0xF7, 0xFF, 0x9E, 0xF7, 0xFF, 0x9E, 0xF7, 0xFF, 0x9E, 0xF7, 0xFF, 0x9E, 0xF7, 0xFF, 0x9E, 0xF7, 0xFF,
  0x9E, 0xF7, 0xFF, 0x9E, 0xF7, 0xFF, 0x9E, 0xF7, 0xFF, 0x9E, 0xF7, 0xFF, 0x9E, 0xF7, 0xFF, 0x9E, 0xF7, 0xFF, 0x9E, 0xF7, 0xFF, 0x9E, 0xF7, 0xFF,
  0x9D, 0xF7, 0xFF, 0x9E, 0xF7, 0xFF, 0x9E, 0xF7, 0xFF, 0x9E, 0xF7, 0xFF, 0x9E, 0xF7, 0xFF, 0x9E, 0xF7, 0xFF, 0x9E, 0xF7, 0xFF, 0x9E, 0xF7, 0xFF,
  0x9E, 0xF7, 0xFF, 0x9E, 0xF7, 0xFF, 0x9E, 0xF7, 0xFF, 0x9E, 0xF7, 0xFF, 0x9E, 0xF7, 0xFF, 0x9E, 0xF7, 0xFF, 0x9E, 0xF7, 0xFF, 0x9E, 0xF7, 0xFF,
  0x9D, 0xF7, 0xFF, 0x9D, 0xF7, 0xFF, 0x9E, 0xF7, 0xFF, 0x9E, 0xF7, 0xFF, 0x9D, 0xF7, 0xFF, 0x9E, 0xF7, 0xFF, 0x9D, 0xF7, 0xFF, 0x9E, 0xF7, 0xFF,
  0x9E, 0xF7, 0xFF, 0x9D, 0xF7, 0xFF, 0x9D, 0xF7, 0xFF, 0x9D, 0xF7, 0xFF, 0x9D, 0xF7, 0xFF, 0x9E, 0xF7, 0xFF, 0x9E, 0xF7, 0xFF, 0x9E, 0xF7, 0xFF,
  0x9E, 0xF7, 0xFF, 0xFF, 0xFF, 0xFF, 0x9E, 0xF7, 0xFF, 0x5D, 0xEF, 0xFF, 0x5D, 0xEF, 0xFF, 0x5D, 0xEF, 0xFF, 0x5D, 0xEF, 0xFF, 0x5D, 0xEF, 0xFF,
  0x5D, 0xEF, 0xFF, 0x5D, 0xEF, 0xFF, 0x5D, 0xEF, 0xFF, 0x5D, 0xEF, 0xFF, 0x5D, 0xEF, 0xFF, 0x5D, 0xEF, 0xFF, 0x5D, 0xEF, 0xFF, 0x5D, 0xEF, 0xFF,
  0x5D, 0xEF, 0xFF, 0x5D, 0xEF, 0xFF, 0x5D, 0xEF, 0xFF, 0x5D, 0xEF, 0xFF, 0x5D, 0xEF, 0xFF, 0x79, 0xD6, 0xFF, 0x7D, 0xEF, 0xFF, 0x7D, 0xEF, 0xF9,
  0x79, 0xCE, 0xFF, 0x04, 0x21, 0x1A, 0x00, 0x00, 0x00, 0x00, 0x00, 0x00, 0x00, 0x00, 0x00, 0x00, 0x00, 0x00, 0x00, 0x00, 0x00, 0x00, 0x00, 0x00,
  0xFF, 0xFF, 0x00, 0xFF, 0xFF, 0x00, 0xFF, 0xFF, 0x00, 0xFF, 0xFF, 0x00, 0xFF, 0xFF, 0x00, 0xFF, 0xFF, 0x00, 0x00, 0x00, 0x00, 0x00, 0x00, 0x00,
  0x00, 0x00, 0x00, 0x00, 0x00, 0x00, 0x00, 0x00, 0x00, 0x00, 0x00, 0x00, 0x41, 0x08, 0x06, 0x18, 0xC6, 0xFD, 0x9E, 0xF7, 0xFF, 0x7D, 0xEF, 0xFD,
  0x9A, 0xD6, 0xFF, 0x1C, 0xE7, 0xFF, 0x7D, 0xEF, 0xFF, 0x5D, 0xEF, 0xFF, 0x5D, 0xEF, 0xFF, 0x5D, 0xEF, 0xFF, 0x5D, 0xEF, 0xFF, 0x5D, 0xEF, 0xFF,
  0x5D, 0xEF, 0xFF, 0x5D, 0xEF, 0xFF, 0x5D, 0xEF, 0xFF, 0x5D, 0xEF, 0xFF, 0x5D, 0xEF, 0xFF, 0x5D, 0xEF, 0xFF, 0x5D, 0xEF, 0xFF, 0x5D, 0xEF, 0xFF,
  0x5D, 0xEF, 0xFF, 0x5D, 0xEF, 0xFF, 0x5D, 0xEF, 0xFF, 0x5D, 0xEF, 0xFF, 0x3C, 0xEF, 0xFF, 0x5D, 0xEF, 0xFF, 0x5D, 0xEF, 0xFF, 0x5D, 0xEF, 0xFF,
  0x5D, 0xEF, 0xFF, 0x5D, 0xEF, 0xFF, 0x5D, 0xEF, 0xFF, 0x5D, 0xEF, 0xFF, 0x5D, 0xEF, 0xFF, 0x5D, 0xEF, 0xFF, 0x5D, 0xEF, 0xFF, 0x5D, 0xEF, 0xFF,
  0x5D, 0xEF, 0xFF, 0x5D, 0xEF, 0xFF, 0x5D, 0xEF, 0xFF, 0x5D, 0xEF, 0xFF, 0x5D, 0xEF, 0xFF, 0x5D, 0xEF, 0xFF, 0x5D, 0xEF, 0xFF, 0x5D, 0xEF, 0xFF,
  0x5D, 0xEF, 0xFF, 0x5D, 0xEF, 0xFF, 0x5D, 0xEF, 0xFF, 0x5D, 0xEF, 0xFF, 0x5D, 0xEF, 0xFF, 0x5D, 0xEF, 0xFF, 0x5D, 0xEF, 0xFF, 0x5D, 0xEF, 0xFF,
  0x5D, 0xEF, 0xFF, 0x5D, 0xEF, 0xFF, 0x5D, 0xEF, 0xFF, 0x5D, 0xEF, 0xFF, 0x5D, 0xEF, 0xFF, 0x5D, 0xEF, 0xFF, 0x5D, 0xEF, 0xFF, 0x5D, 0xEF, 0xFF,
  0x5D, 0xEF, 0xFF, 0x5D, 0xEF, 0xFF, 0x5D, 0xEF, 0xFF, 0x5D, 0xEF, 0xFF, 0x5D, 0xEF, 0xFF, 0x5D, 0xEF, 0xFF, 0x5D, 0xEF, 0xFF, 0x5D, 0xEF, 0xFF,
  0x5D, 0xEF, 0xFF, 0x5D, 0xEF, 0xFF, 0x5D, 0xEF, 0xFF, 0x5D, 0xEF, 0xFF, 0x3C, 0xEF, 0xFF, 0x5D, 0xEF, 0xFF, 0x5D, 0xEF, 0xFF, 0x5D, 0xEF, 0xFF,
  0x5D, 0xEF, 0xFF, 0x5D, 0xEF, 0xFF, 0x5D, 0xEF, 0xFF, 0x5D, 0xEF, 0xFF, 0x5D, 0xEF, 0xFF, 0x5D, 0xEF, 0xFF, 0x5D, 0xEF, 0xFF, 0x5D, 0xEF, 0xFF,
  0x5D, 0xEF, 0xFF, 0x5D, 0xEF, 0xFF, 0x5D, 0xEF, 0xFF, 0x5D, 0xEF, 0xFF, 0x5D, 0xEF, 0xFF, 0x5D, 0xEF, 0xFF, 0x5D, 0xEF, 0xFF, 0x5D, 0xEF, 0xFF,
  0x79, 0xCE, 0xFF, 0x5D, 0xEF, 0xFF, 0x5D, 0xEF, 0xF9, 0x79, 0xCE, 0xFF, 0xE3, 0x18, 0x1A, 0x00, 0x00, 0x00, 0x00, 0x00, 0x00, 0x00, 0x00, 0x00,
  0x00, 0x00, 0x00, 0x00, 0x00, 0x00, 0x00, 0x00, 0x00, 0xFF, 0xFF, 0x00, 0xFF, 0xFF, 0x00, 0xFF, 0xFF, 0x00, 0xFF, 0xFF, 0x00, 0xFF, 0xFF, 0x00,
  0xFF, 0xFF, 0x00, 0x00, 0x00, 0x00, 0x00, 0x00, 0x00, 0x00, 0x00, 0x00, 0x00, 0x00, 0x00, 0x00, 0x00, 0x00, 0x00, 0x00, 0x00, 0x20, 0x00, 0x06,
  0x18, 0xC6, 0xFD, 0x9E, 0xF7, 0xFF, 0x7D, 0xEF, 0xFD, 0x9A, 0xD6, 0xFF, 0x1C, 0xE7, 0xFF, 0x7D, 0xEF, 0xFF, 0x5D, 0xEF, 0xFF, 0x5D, 0xEF, 0xFF,
  0x5D, 0xEF, 0xFF, 0x5D, 0xEF, 0xFF, 0x5D, 0xEF, 0xFF, 0x5D, 0xEF, 0xFF, 0x5D, 0xEF, 0xFF, 0x5D, 0xEF, 0xFF, 0x5D, 0xEF, 0xFF, 0x5D, 0xEF, 0xFF,
  0x5D, 0xEF, 0xFF, 0x5D, 0xEF, 0xFF, 0x5D, 0xEF, 0xFF, 0x5D, 0xEF, 0xFF, 0x5D, 0xEF, 0xFF, 0x5D, 0xEF, 0xFF, 0x5D, 0xEF, 0xFF, 0x5D, 0xEF, 0xFF,
  0x5D, 0xEF, 0xFF, 0x5D, 0xEF, 0xFF, 0x5D, 0xEF, 0xFF, 0x5D, 0xEF, 0xFF, 0x5D, 0xEF, 0xFF, 0x5D, 0xEF, 0xFF, 0x5D, 0xEF, 0xFF, 0x5D, 0xEF, 0xFF,
  0x5D, 0xEF, 0xFF, 0x5D, 0xEF, 0xFF, 0x5D, 0xEF, 0xFF, 0x5D, 0xEF, 0xFF, 0x5D, 0xEF, 0xFF, 0x5D, 0xEF, 0xFF, 0x5D, 0xEF, 0xFF, 0x5D, 0xEF, 0xFF,
  0x5D, 0xEF, 0xFF, 0x5D, 0xEF, 0xFF, 0x5C, 0xEF, 0xFF, 0x5C, 0xEF, 0xFF, 0x5D, 0xEF, 0xFF, 0x5D, 0xEF, 0xFF, 0x5D, 0xEF, 0xFF, 0x5D, 0xEF, 0xFF,
  0x5D, 0xEF, 0xFF, 0x5C, 0xEF, 0xFF, 0x3C, 0xEF, 0xFF, 0x5C, 0xEF, 0xFF, 0x5D, 0xEF, 0xFF, 0x5D, 0xEF, 0xFF, 0x5D, 0xEF, 0xFF, 0x5D, 0xEF, 0xFF,
  0x5D, 0xEF, 0xFF, 0x5D, 0xEF, 0xFF, 0x5D, 0xEF, 0xFF, 0x5D, 0xEF, 0xFF, 0x5D, 0xEF, 0xFF, 0x5D, 0xEF, 0xFF, 0x5D, 0xEF, 0xFF, 0x5D, 0xEF, 0xFF,
  0x5D, 0xEF, 0xFF, 0x5D, 0xEF, 0xFF, 0x5D, 0xEF, 0xFF, 0x5D, 0xEF, 0xFF, 0x5D, 0xEF, 0xFF, 0x5D, 0xEF, 0xFF, 0x5D, 0xEF, 0xFF, 0x5D, 0xEF, 0xFF,
  0x5D, 0xEF, 0xFF, 0x5D, 0xEF, 0xFF, 0x5D, 0xEF, 0xFF, 0x5D, 0xEF, 0xFF, 0x5D, 0xEF, 0xFF, 0x5D, 0xEF, 0xFF, 0x5D, 0xEF, 0xFF, 0x5D, 0xEF, 0xFF,
  0x5D, 0xEF, 0xFF, 0x5D, 0xEF, 0xFF, 0x5D, 0xEF, 0xFF, 0x5D, 0xEF, 0xFF, 0x5D, 0xEF, 0xFF, 0x5D, 0xEF, 0xFF, 0x5D, 0xEF, 0xFF, 0x5D, 0xEF, 0xFF,
  0x5D, 0xEF, 0xFF, 0x5D, 0xEF, 0xFF, 0x5D, 0xEF, 0xFF, 0x59, 0xCE, 0xFF, 0x5D, 0xEF, 0xFF, 0x5D, 0xEF, 0xF9, 0x79, 0xD6, 0xFF, 0xE3, 0x18, 0x1A,
  0x00, 0x00, 0x00, 0x00, 0x00, 0x00, 0x00, 0x00, 0x00, 0x00, 0x00, 0x00, 0x00, 0x00, 0x00, 0x00, 0x00, 0x00, 0xFF, 0xFF, 0x00, 0xFF, 0xFF, 0x00,
  0xFF, 0xFF, 0x00, 0xFF, 0xFF, 0x00, 0xFF, 0xFF, 0x00, 0xFF, 0xFF, 0x00, 0x00, 0x00, 0x00, 0x00, 0x00, 0x00, 0x00, 0x00, 0x00, 0x00, 0x00, 0x00,
  0x00, 0x00, 0x00, 0x00, 0x00, 0x00, 0x20, 0x00, 0x06, 0xF8, 0xC5, 0xFD, 0x9E, 0xF7, 0xFF, 0x7D, 0xEF, 0xFD, 0xBA, 0xD6, 0xFF, 0x1C, 0xE7, 0xFF,
  0x7D, 0xEF, 0xFF, 0x5D, 0xEF, 0xFF, 0x5D, 0xEF, 0xFF, 0x5D, 0xEF, 0xFF, 0x5D, 0xEF, 0xFF, 0x5D, 0xEF, 0xFF, 0x5D, 0xEF, 0xFF, 0x5D, 0xEF, 0xFF,
  0x5D, 0xEF, 0xFF, 0x5D, 0xEF, 0xFF, 0x5D, 0xEF, 0xFF, 0x5D, 0xEF, 0xFF, 0x5D, 0xEF, 0xFF, 0x5D, 0xEF, 0xFF, 0x5D, 0xEF, 0xFF, 0x5D, 0xEF, 0xFF,
  0x5D, 0xEF, 0xFF, 0x5D, 0xEF, 0xFF, 0x5D, 0xEF, 0xFF, 0x5D, 0xEF, 0xFF, 0x5D, 0xEF, 0xFF, 0x5D, 0xEF, 0xFF, 0x5D, 0xEF, 0xFF, 0x5D, 0xEF, 0xFF,
  0x5D, 0xEF, 0xFF, 0x5D, 0xEF, 0xFF, 0x5D, 0xEF, 0xFF, 0x5D, 0xEF, 0xFF, 0x5D, 0xEF, 0xFF, 0x5D, 0xEF, 0xFF, 0x5D, 0xEF, 0xFF, 0x5D, 0xEF, 0xFF,
  0x5D, 0xEF, 0xFF, 0x5D, 0xEF, 0xFF, 0x5D, 0xEF, 0xFF, 0x7D, 0xEF, 0xFF, 0xDF, 0xFF, 0xFF, 0xDE, 0xFF, 0xFF, 0xBE, 0xF7, 0xFF, 0xBE, 0xF7, 0xFF,
  0xBE, 0xF7, 0xFF, 0xBE, 0xF7, 0xFF, 0x9E, 0xF7, 0xFF, 0x9E, 0xF7, 0xFF, 0x9E, 0xF7, 0xFF, 0xBE, 0xF7, 0xFF, 0xDF, 0xFF, 0xFF, 0xDF, 0xFF, 0xFF,
  0xBE, 0xFF, 0xFF, 0x5D, 0xEF, 0xFF, 0x5D, 0xEF, 0xFF, 0x5D, 0xEF, 0xFF, 0x5D, 0xEF, 0xFF, 0x5D, 0xEF, 0xFF, 0x5D, 0xEF, 0xFF, 0x5D, 0xEF, 0xFF,
  0x5D, 0xEF, 0xFF, 0x5D, 0xEF, 0xFF, 0x5D, 0xEF, 0xFF, 0x5D, 0xEF, 0xFF, 0x5D, 0xEF, 0xFF, 0x5D, 0xEF, 0xFF, 0x5D, 0xEF, 0xFF, 0x5D, 0xEF, 0xFF,
  0x5D, 0xEF, 0xFF, 0x5D, 0xEF, 0xFF, 0x5D, 0xEF, 0xFF, 0x5D, 0xEF, 0xFF, 0x5D, 0xEF, 0xFF, 0x5D, 0xEF, 0xFF, 0x5D, 0xEF, 0xFF, 0x5D, 0xEF, 0xFF,
  0x5D, 0xEF, 0xFF, 0x5D, 0xEF, 0xFF, 0x5D, 0xEF, 0xFF, 0x5D, 0xEF, 0xFF, 0x5D, 0xEF, 0xFF, 0x5D, 0xEF, 0xFF, 0x5D, 0xEF, 0xFF, 0x5D, 0xEF, 0xFF,
  0x5D, 0xEF, 0xFF, 0x5D, 0xEF, 0xFF, 0x5D, 0xEF, 0xFF, 0x5D, 0xEF, 0xFF, 0x5D, 0xEF, 0xFF, 0x5D, 0xEF, 0xFF, 0x59, 0xCE, 0xFF, 0x3C, 0xEF, 0xFF,
  0x5C, 0xEF, 0xF9, 0x99, 0xD6, 0xFF, 0xE3, 0x18, 0x19, 0x00, 0x00, 0x00, 0x00, 0x00, 0x00, 0x00, 0x00, 0x00, 0x00, 0x00, 0x00, 0x00, 0x00, 0x00,
  0x00, 0x00, 0x00, 0xFF, 0xFF, 0x00, 0xFF, 0xFF, 0x00, 0xFF, 0xFF, 0x00, 0xFF, 0xFF, 0x00, 0xFF, 0xFF, 0x00, 0xFF, 0xFF, 0x00, 0x00, 0x00, 0x00,
  0x00, 0x00, 0x00, 0x00, 0x00, 0x00, 0x00, 0x00, 0x00, 0x00, 0x00, 0x00, 0x00, 0x00, 0x00, 0x24, 0x21, 0x17, 0xBA, 0xD6, 0xFF, 0xBE, 0xF7, 0xF9,
  0x9E, 0xF7, 0xFF, 0x79, 0xCE, 0xFF, 0x3C, 0xEF, 0xFF, 0x9E, 0xF7, 0xFF, 0x7D, 0xF7, 0xFF, 0x7D, 0xF7, 0xFF, 0x7D, 0xF7, 0xFF, 0x7D, 0xF7, 0xFF,
  0x7D, 0xF7, 0xFF, 0x7D, 0xF7, 0xFF, 0x7D, 0xF7, 0xFF, 0x7D, 0xF7, 0xFF, 0x7D, 0xF7, 0xFF, 0x7D, 0xF7, 0xFF, 0x7D, 0xF7, 0xFF, 0x7D, 0xF7, 0xFF,
  0x7D, 0xF7, 0xFF, 0x7D, 0xF7, 0xFF, 0x7D, 0xF7, 0xFF, 0x7D, 0xEF, 0xFF, 0x7D, 0xF7, 0xFF, 0x7D, 0xF7, 0xFF, 0x7D, 0xF7, 0xFF, 0x9D, 0xF7, 0xFF,
  0x7D, 0xF7, 0xFF, 0x7D, 0xF7, 0xFF, 0x7D, 0xF7, 0xFF, 0x7D, 0xF7, 0xFF, 0x7D, 0xF7, 0xFF, 0x7D, 0xF7, 0xFF, 0x9D, 0xF7, 0xFF, 0x9D, 0xF7, 0xFF,
  0x7D, 0xF7, 0xFF, 0x7D, 0xF7, 0xFF, 0x7D, 0xF7, 0xFF, 0x7D, 0xF7, 0xFF, 0x7D, 0xF7, 0xFF, 0x9E, 0xF7, 0xFF, 0x1B, 0xE7, 0xFF, 0x6D, 0x6B, 0xFF,
  0x4D, 0x6B, 0xFF, 0xAE, 0x73, 0xFF, 0x4D, 0x6B, 0xFF, 0x0C, 0x63, 0xFF, 0x0B, 0x5B, 0xFF, 0xEB, 0x5A, 0xFF, 0x0C, 0x63, 0xFF, 0x2C, 0x63, 0xFF,
  0x4D, 0x6B, 0xFF, 0x8E, 0x73, 0xFF, 0xAA, 0x52, 0xFF, 0x10, 0x84, 0xFF, 0x9E, 0xF7, 0xFF, 0x7D, 0xF7, 0xFF, 0x7D, 0xF7, 0xFF, 0x7D, 0xF7, 0xFF,
  0x7D, 0xF7, 0xFF, 0x7D, 0xF7, 0xFF, 0x7D, 0xF7, 0xFF, 0x7D, 0xF7, 0xFF, 0x7D, 0xF7, 0xFF, 0x7D, 0xF7, 0xFF, 0x9D, 0xF7, 0xFF, 0x7D, 0xF7, 0xFF,
  0x7D, 0xF7, 0xFF, 0x7D, 0xF7, 0xFF, 0x7D, 0xF7, 0xFF, 0x9D, 0xF7, 0xFF, 0x7D, 0xF7, 0xFF, 0x7D, 0xF7, 0xFF, 0x7D, 0xF7, 0xFF, 0x7D, 0xF7, 0xFF,
  0x7D, 0xF7, 0xFF, 0x7D, 0xF7, 0xFF, 0x7D, 0xF7, 0xFF, 0x7D, 0xF7, 0xFF, 0x7D, 0xF7, 0xFF, 0x7D, 0xF7, 0xFF, 0x7D, 0xF7, 0xFF, 0x7D, 0xF7, 0xFF,
  0x7D, 0xF7, 0xFF, 0x7D, 0xF7, 0xFF, 0x7D, 0xF7, 0xFF, 0x7D, 0xEF, 0xFF, 0x7D, 0xF7, 0xFF, 0x7D, 0xEF, 0xFF, 0x7D, 0xEF, 0xFF, 0x7D, 0xEF, 0xFF,
  0x7D, 0xEF, 0xFF, 0x79, 0xCE, 0xFF, 0x5D, 0xEF, 0xFF, 0x9E, 0xF7, 0xF9, 0xFB, 0xDE, 0xFF, 0x24, 0x21, 0x1F, 0x00, 0x00, 0x00, 0x00, 0x00, 0x00,
  0x00, 0x00, 0x00, 0x00, 0x00, 0x00, 0x00, 0x00, 0x00, 0x00, 0x00, 0x00, 0xFF, 0xFF, 0x00, 0xFF, 0xFF, 0x00, 0xFF, 0xFF, 0x00, 0xFF, 0xFF, 0x00,
  0xFF, 0xFF, 0x00, 0xFF, 0xFF, 0x00, 0x00, 0x00, 0x00, 0x00, 0x00, 0x00, 0x00, 0x00, 0x00, 0x00, 0x00, 0x00, 0x00, 0x00, 0x00, 0x00, 0x00, 0x00,
  0x45, 0x29, 0x1B, 0xDB, 0xDE, 0xFF, 0x1C, 0xE7, 0xF9, 0x1C, 0xE7, 0xFF, 0x38, 0xC6, 0xFF, 0x79, 0xCE, 0xFF, 0xBA, 0xD6, 0xFF, 0xBA, 0xDE, 0xFF,
  0xDB, 0xDE, 0xFF, 0xDB, 0xDE, 0xFF, 0xDB, 0xDE, 0xFF, 0xDB, 0xDE, 0xFF, 0xDB, 0xDE, 0xFF, 0xDB, 0xDE, 0xFF, 0xDB, 0xDE, 0xFF, 0xDB, 0xDE, 0xFF,
  0xDB, 0xDE, 0xFF, 0xDB, 0xDE, 0xFF, 0xDB, 0xDE, 0xFF, 0xDB, 0xDE, 0xFF, 0xDB, 0xDE, 0xFF, 0xDB, 0xDE, 0xFF, 0xDB, 0xDE, 0xFF, 0xDB, 0xDE, 0xFF,
  0xDA, 0xDE, 0xFF, 0xDA, 0xDE, 0xFF, 0xBA, 0xDE, 0xFF, 0xBA, 0xD6, 0xFF, 0xBA, 0xDE, 0xFF, 0xDA, 0xDE, 0xFF, 0xDB, 0xDE, 0xFF, 0xDB, 0xDE, 0xFF,
  0xDB, 0xDE, 0xFF, 0xDB, 0xDE, 0xFF, 0xDB, 0xDE, 0xFF, 0xDB, 0xDE, 0xFF, 0xDB, 0xDE, 0xFF, 0xDB, 0xDE, 0xFF, 0xDB, 0xDE, 0xFF, 0xDA, 0xDE, 0xFF,
  0xFB, 0xE6, 0xFF, 0xB6, 0xBD, 0xFF, 0x20, 0x00, 0xFF, 0x00, 0x00, 0xFF, 0xA2, 0x10, 0xFF, 0xC2, 0x18, 0xFF, 0xC3, 0x18, 0xFF, 0xC3, 0x18, 0xFF,
  0xE3, 0x18, 0xFF, 0xE3, 0x18, 0xFF, 0xE3, 0x18, 0xFF, 0xC3, 0x18, 0xFF, 0x61, 0x08, 0xFF, 0x00, 0x00, 0xFF, 0xE3, 0x18, 0xFF, 0xBA, 0xDE, 0xFF,
  0xDB, 0xDE, 0xFF, 0xDB, 0xDE, 0xFF, 0xDB, 0xDE, 0xFF, 0xDA, 0xDE, 0xFF, 0xDA, 0xDE, 0xFF, 0xDB, 0xDE, 0xFF, 0xDB, 0xDE, 0xFF, 0xDB, 0xDE, 0xFF,
  0xBA, 0xDE, 0xFF, 0xBA, 0xDE, 0xFF, 0xBA, 0xDE, 0xFF, 0xBA, 0xD6, 0xFF, 0xBA, 0xDE, 0xFF, 0xDB, 0xDE, 0xFF, 0xDB, 0xDE, 0xFF, 0xDB, 0xDE, 0xFF,
  0xDB, 0xDE, 0xFF, 0xDB, 0xDE, 0xFF, 0xDA, 0xDE, 0xFF, 0xDB, 0xDE, 0xFF, 0xDB, 0xDE, 0xFF, 0xDA, 0xDE, 0xFF, 0xBA, 0xDE, 0xFF, 0xBA, 0xDE, 0xFF,
  0xBA, 0xD6, 0xFF, 0xBA, 0xD6, 0xFF, 0xBA, 0xD6, 0xFF, 0xDA, 0xDE, 0xFF, 0xBA, 0xDE, 0xFF, 0xBA, 0xDE, 0xFF, 0xBA, 0xDE, 0xFF, 0xDA, 0xDE, 0xFF,
  0xDA, 0xDE, 0xFF, 0xBA, 0xD6, 0xFF, 0xBA, 0xD6, 0xFF, 0x99, 0xD6, 0xFF, 0x18, 0xC6, 0xFF, 0x1C, 0xE7, 0xFF, 0xDB, 0xDE, 0xF7, 0x3C, 0xE7, 0xFF,
  0x69, 0x4A, 0x42, 0x00, 0x00, 0x00, 0x00, 0x00, 0x00, 0x00, 0x00, 0x00, 0x00, 0x00, 0x00, 0x00, 0x00, 0x00, 0x00, 0x00, 0x00, 0xFF, 0xFF, 0x00,
  0xFF, 0xFF, 0x00, 0xFF, 0xFF, 0x00, 0xFF, 0xFF, 0x00, 0xFF, 0xFF, 0x00, 0xFF, 0xFF, 0x00, 0x00, 0x00, 0x00, 0x00, 0x00, 0x00, 0x00, 0x00, 0x00,
  0x00, 0x00, 0x00, 0x00, 0x00, 0x00, 0x00, 0x00, 0x00, 0x65, 0x29, 0x1C, 0x9A, 0xD6, 0xFF, 0xFB, 0xDE, 0xF9, 0x1B, 0xE7, 0xFF, 0x38, 0xC6, 0xFF,
  0x9A, 0xD6, 0xFF, 0xDB, 0xDE, 0xFF, 0xDB, 0xDE, 0xFF, 0xFB, 0xDE, 0xFF, 0xFB, 0xDE, 0xFF, 0xFB, 0xDE, 0xFF, 0xFB, 0xDE, 0xFF, 0xFB, 0xDE, 0xFF,
  0xFB, 0xDE, 0xFF, 0xFB, 0xDE, 0xFF, 0xFB, 0xDE, 0xFF, 0xFB, 0xDE, 0xFF, 0xDB, 0xDE, 0xFF, 0xFB, 0xDE, 0xFF, 0xFB, 0xDE, 0xFF, 0xFB, 0xDE, 0xFF,
  0xFB, 0xDE, 0xFF, 0xFB, 0xDE, 0xFF, 0xFB, 0xDE, 0xFF, 0xFB, 0xDE, 0xFF, 0xDB, 0xDE, 0xFF, 0xDB, 0xDE, 0xFF, 0xDB, 0xDE, 0xFF, 0xDB, 0xDE, 0xFF,
  0xDB, 0xDE, 0xFF, 0xFB, 0xDE, 0xFF, 0xFB, 0xDE, 0xFF, 0xFB, 0xDE, 0xFF, 0xFB, 0xDE, 0xFF, 0xDB, 0xDE, 0xFF, 0xDB, 0xDE, 0xFF, 0xFB, 0xDE, 0xFF,
  0xFB, 0xDE, 0xFF, 0xFB, 0xDE, 0xFF, 0xDB, 0xDE, 0xFF, 0xDB, 0xDE, 0xFF, 0xFB, 0xDE, 0xFF, 0x75, 0xAD, 0xFF, 0x92, 0x94, 0xFF, 0xB6, 0xB5, 0xFF,
  0xF7, 0xBD, 0xFF, 0x18, 0xC6, 0xFF, 0x18, 0xC6, 0xFF, 0x17, 0xC6, 0xFF, 0xF7, 0xBD, 0xFF, 0xD6, 0xBD, 0xFF, 0xD7, 0xBD, 0xFF, 0x75, 0xB5, 0xFF,
  0xB2, 0x94, 0xFF, 0xD7, 0xBD, 0xFF, 0xFB, 0xDE, 0xFF, 0xDB, 0xDE, 0xFF, 0xFB, 0xDE, 0xFF, 0xFB, 0xDE, 0xFF, 0xFB, 0xDE, 0xFF, 0xDB, 0xDE, 0xFF,
  0xDB, 0xDE, 0xFF, 0xFB, 0xDE, 0xFF, 0xFB, 0xDE, 0xFF, 0xDB, 0xDE, 0xFF, 0xDB, 0xDE, 0xFF, 0xDB, 0xDE, 0xFF, 0xDB, 0xDE, 0xFF, 0xDB, 0xDE, 0xFF,
  0xFB, 0xDE, 0xFF, 0xDB, 0xDE, 0xFF, 0xDB, 0xDE, 0xFF, 0xDB, 0xDE, 0xFF, 0xDB, 0xDE, 0xFF, 0xFB, 0xDE, 0xFF, 0xFB, 0xDE, 0xFF, 0xDB, 0xDE, 0xFF,
  0xDB, 0xDE, 0xFF, 0xDB, 0xDE, 0xFF, 0xDB, 0xDE, 0xFF, 0xDB, 0xDE, 0xFF, 0xDB, 0xDE, 0xFF, 0xDB, 0xDE, 0xFF, 0xDB, 0xDE, 0xFF, 0xDB, 0xDE, 0xFF,
  0xDB, 0xDE, 0xFF, 0xDB, 0xDE, 0xFF, 0xDB, 0xDE, 0xFF, 0xDB, 0xDE, 0xFF, 0xDB, 0xDE, 0xFF, 0xDB, 0xDE, 0xFF, 0xDB, 0xDE, 0xFF, 0x59, 0xCE, 0xFF,
  0x1C, 0xE7, 0xFF, 0xDB, 0xDE, 0xF7, 0x9A, 0xD6, 0xFF, 0x69, 0x4A, 0x47, 0x00, 0x00, 0x00, 0x00, 0x00, 0x00, 0x00, 0x00, 0x00, 0x00, 0x00, 0x00,
  0x00, 0x00, 0x00, 0x00, 0x00, 0x00, 0xFF, 0xFF, 0x00, 0xFF, 0xFF, 0x00, 0xFF, 0xFF, 0x00, 0xFF, 0xFF, 0x00, 0xFF, 0xFF, 0x00, 0xFF, 0xFF, 0x00,
  0x00, 0x00, 0x00, 0x00, 0x00, 0x00, 0x00, 0x00, 0x00, 0x00, 0x00, 0x00, 0x00, 0x00, 0x00, 0x00, 0x00, 0x00, 0xE3, 0x18, 0x12, 0x59, 0xCE, 0xFF,
  0x7D, 0xEF, 0xFB, 0x5D, 0xEF, 0xFF, 0x59, 0xCE, 0xFF, 0x1C, 0xE7, 0xFF, 0x7D, 0xEF, 0xFF, 0x7D, 0xEF, 0xFF, 0x5D, 0xEF, 0xFF, 0x5D, 0xEF, 0xFF,
  0x5D, 0xEF, 0xFF, 0x5D, 0xEF, 0xFF, 0x7D, 0xEF, 0xFF, 0x7D, 0xEF, 0xFF, 0x7D, 0xEF, 0xFF, 0x7D, 0xEF, 0xFF, 0x7D, 0xEF, 0xFF, 0x7D, 0xEF, 0xFF,
  0x7D, 0xEF, 0xFF, 0x7D, 0xEF, 0xFF, 0x5D, 0xEF, 0xFF, 0x7D, 0xEF, 0xFF, 0x7D, 0xEF, 0xFF, 0x7D, 0xEF, 0xFF, 0x7D, 0xEF, 0xFF, 0x7D, 0xEF, 0xFF,
  0x5D, 0xEF, 0xFF, 0x7D, 0xEF, 0xFF, 0x7D, 0xEF, 0xFF, 0x7D, 0xEF, 0xFF, 0x7D, 0xEF, 0xFF, 0x5D, 0xEF, 0xFF, 0x5D, 0xEF, 0xFF, 0x7D, 0xEF, 0xFF,
  0x7D, 0xEF, 0xFF, 0x5D, 0xEF, 0xFF, 0x5D, 0xEF, 0xFF, 0x5D, 0xEF, 0xFF, 0x5D, 0xEF, 0xFF, 0x7D, 0xEF, 0xFF, 0x5D, 0xEF, 0xFF, 0x7D, 0xEF, 0xFF,
  0xBE, 0xF7, 0xFF, 0xDF, 0xFF, 0xFF, 0x5D, 0xEF, 0xFF, 0x3C, 0xE7, 0xFF, 0x1C, 0xE7, 0xFF, 0x1C, 0xE7, 0xFF, 0x1C, 0xE7, 0xFF, 0x1C, 0xE7, 0xFF,
  0x1C, 0xE7, 0xFF, 0x1C, 0xE7, 0xFF, 0x5D, 0xEF, 0xFF, 0xDF, 0xFF, 0xFF, 0xBE, 0xF7, 0xFF, 0x7D, 0xEF, 0xFF, 0x7D, 0xEF, 0xFF, 0x7D, 0xEF, 0xFF,
  0x7D, 0xEF, 0xFF, 0x7D, 0xEF, 0xFF, 0x7D, 0xEF, 0xFF, 0x7D, 0xEF, 0xFF, 0x7D, 0xEF, 0xFF, 0x5D, 0xEF, 0xFF, 0x7D, 0xEF, 0xFF, 0x7D, 0xEF, 0xFF,
  0x7D, 0xEF, 0xFF, 0x7D, 0xEF, 0xFF, 0x7D, 0xEF, 0xFF, 0x7D, 0xEF, 0xFF, 0x5D, 0xEF, 0xFF, 0x5D, 0xEF, 0xFF, 0x5D, 0xEF, 0xFF, 0x5D, 0xEF, 0xFF,
  0x7D, 0xEF, 0xFF, 0x7D, 0xEF, 0xFF, 0x7D, 0xEF, 0xFF, 0x5D, 0xEF, 0xFF, 0x7D, 0xEF, 0xFF, 0x7D, 0xEF, 0xFF, 0x5D, 0xEF, 0xFF, 0x5D, 0xEF, 0xFF,
  0x5D, 0xEF, 0xFF, 0x5D, 0xEF, 0xFF, 0x5D, 0xEF, 0xFF, 0x5D, 0xEF, 0xFF, 0x5D, 0xEF, 0xFF, 0x5D, 0xEF, 0xFF, 0x5D, 0xEF, 0xFF, 0x5D, 0xEF, 0xFF,
  0x7D, 0xEF, 0xFF, 0x7D, 0xF7, 0xFF, 0x79, 0xCE, 0xFF, 0x3C, 0xEF, 0xFF, 0x5D, 0xEF, 0xF9, 0x79, 0xD6, 0xFF, 0x86, 0x31, 0x2B, 0x00, 0x00, 0x00,
  0x00, 0x00, 0x00, 0x00, 0x00, 0x00, 0x00, 0x00, 0x00, 0x00, 0x00, 0x00, 0x00, 0x00, 0x00, 0xFF, 0xFF, 0x00, 0xFF, 0xFF, 0x00, 0xFF, 0xFF, 0x00,
  0xFF, 0xFF, 0x00, 0xFF, 0xFF, 0x00, 0xFF, 0xFF, 0x00, 0x00, 0x00, 0x00, 0x00, 0x00, 0x00, 0x00, 0x00, 0x00, 0x00, 0x00, 0x00, 0x00, 0x00, 0x00,
  0x00, 0x00, 0x00, 0x00, 0x00, 0x05, 0xD7, 0xBD, 0xFD, 0x7D, 0xEF, 0xFF, 0x5D, 0xEF, 0xFD, 0x79, 0xD6, 0xFF, 0x1B, 0xE7, 0xFF, 0x5D, 0xEF, 0xFF,
  0x5D, 0xEF, 0xFF, 0x5D, 0xEF, 0xFF, 0x5D, 0xEF, 0xFF, 0x5D, 0xEF, 0xFF, 0x5D, 0xEF, 0xFF, 0x5D, 0xEF, 0xFF, 0x5D, 0xEF, 0xFF, 0x5C, 0xEF, 0xFF,
  0x5D, 0xEF, 0xFF, 0x5D, 0xEF, 0xFF, 0x5C, 0xEF, 0xFF, 0x5D, 0xEF, 0xFF, 0x5D, 0xEF, 0xFF, 0x5D, 0xEF, 0xFF, 0x5D, 0xEF, 0xFF, 0x5D, 0xEF, 0xFF,
  0x5D, 0xEF, 0xFF, 0x5D, 0xEF, 0xFF, 0x5D, 0xEF, 0xFF, 0x5C, 0xEF, 0xFF, 0x5D, 0xEF, 0xFF, 0x5D, 0xEF, 0xFF, 0x5D, 0xEF, 0xFF, 0x5D, 0xEF, 0xFF,
  0x5C, 0xEF, 0xFF, 0x5C, 0xEF, 0xFF, 0x5D, 0xEF, 0xFF, 0x5D, 0xEF, 0xFF, 0x5D, 0xEF, 0xFF, 0x5D, 0xEF, 0xFF, 0x5D, 0xEF, 0xFF, 0x5D, 0xEF, 0xFF,
  0x5D, 0xEF, 0xFF, 0x5D, 0xEF, 0xFF, 0x5D, 0xEF, 0xFF, 0x3C, 0xE7, 0xFF, 0x3C, 0xE7, 0xFF, 0x5D, 0xEF, 0xFF, 0x5D, 0xEF, 0xFF, 0x5D, 0xEF, 0xFF,
  0x5D, 0xEF, 0xFF, 0x5D, 0xEF, 0xFF, 0x5D, 0xEF, 0xFF, 0x5D, 0xEF, 0xFF, 0x5D, 0xEF, 0xFF, 0x5D, 0xEF, 0xFF, 0x3C, 0xE7, 0xFF, 0x3C, 0xEF, 0xFF,
  0x5D, 0xEF, 0xFF, 0x5D, 0xEF, 0xFF, 0x5D, 0xEF, 0xFF, 0x5C, 0xEF, 0xFF, 0x5D, 0xEF, 0xFF, 0x5D, 0xEF, 0xFF, 0x5D, 0xEF, 0xFF, 0x5D, 0xEF, 0xFF,
  0x5D, 0xEF, 0xFF, 0x5D, 0xEF, 0xFF, 0x5D, 0xEF, 0xFF, 0x5D, 0xEF, 0xFF, 0x5D, 0xEF, 0xFF, 0x5D, 0xEF, 0xFF, 0x5C, 0xEF, 0xFF, 0x3C, 0xEF, 0xFF,
  0x5D, 0xEF, 0xFF, 0x3C, 0xEF, 0xFF, 0x5C, 0xEF, 0xFF, 0x5C, 0xEF, 0xFF, 0x5C, 0xEF, 0xFF, 0x5D, 0xEF, 0xFF, 0x5D, 0xEF, 0xFF, 0x5C, 0xEF, 0xFF,
  0x5D, 0xEF, 0xFF, 0x5C, 0xEF, 0xFF, 0x3C, 0xEF, 0xFF, 0x5C, 0xEF, 0xFF, 0x3C, 0xEF, 0xFF, 0x3C, 0xEF, 0xFF, 0x5C, 0xEF, 0xFF, 0x5C, 0xEF, 0xFF,
  0x3C, 0xEF, 0xFF, 0x5C, 0xEF, 0xFF, 0x5C, 0xEF, 0xFF, 0x5C, 0xEF, 0xFF, 0x3C, 0xEF, 0xFF, 0x59, 0xCE, 0xFF, 0x3C, 0xE7, 0xFF, 0x3C, 0xE7, 0xF9,
  0x59, 0xCE, 0xFF, 0xA2, 0x10, 0x18, 0x00, 0x00, 0x00, 0x00, 0x00, 0x00, 0x00, 0x00, 0x00, 0x00, 0x00, 0x00, 0x00, 0x00, 0x00, 0x00, 0x00, 0x00,
  0xFF, 0xFF, 0x00, 0xFF, 0xFF, 0x00, 0xFF, 0xFF, 0x00, 0xFF, 0xFF, 0x00, 0xFF, 0xFF, 0x00, 0xFF, 0xFF, 0x00, 0x00, 0x00, 0x00, 0x00, 0x00, 0x00,
  0x00, 0x00, 0x00, 0x00, 0x00, 0x00, 0x00, 0x00, 0x00, 0x00, 0x00, 0x00, 0x20, 0x00, 0x06, 0xD7, 0xBD, 0xFD, 0x7D, 0xEF, 0xFF, 0x5D, 0xEF, 0xFD,
  0x9A, 0xD6, 0xFF, 0x1C, 0xE7, 0xFF, 0x5D, 0xEF, 0xFF, 0x5D, 0xEF, 0xFF, 0x5D, 0xEF, 0xFF, 0x5D, 0xEF, 0xFF, 0x5D, 0xEF, 0xFF, 0x5D, 0xEF, 0xFF,
  0x5D, 0xEF, 0xFF, 0x5D, 0xEF, 0xFF, 0x5D, 0xEF, 0xFF, 0x5D, 0xEF, 0xFF, 0x5D, 0xEF, 0xFF, 0x5D, 0xEF, 0xFF, 0x5D, 0xEF, 0xFF, 0x5D, 0xEF, 0xFF,
  0x5D, 0xEF, 0xFF, 0x5D, 0xEF, 0xFF, 0x5D, 0xEF, 0xFF, 0x5D, 0xEF, 0xFF, 0x5D, 0xEF, 0xFF, 0x5D, 0xEF, 0xFF, 0x5D, 0xEF, 0xFF, 0x5D, 0xEF, 0xFF,
  0x5D, 0xEF, 0xFF, 0x5D, 0xEF, 0xFF, 0x5D, 0xEF, 0xFF, 0x5D, 0xEF, 0xFF, 0x5D, 0xEF, 0xFF, 0x5D, 0xEF, 0xFF, 0x5D, 0xEF, 0xFF, 0x5D, 0xEF, 0xFF,
  0x5D, 0xEF, 0xFF, 0x5D, 0xEF, 0xFF, 0x5D, 0xEF, 0xFF, 0x5D, 0xEF, 0xFF, 0x5D, 0xEF, 0xFF, 0x5D, 0xEF, 0xFF, 0x5D, 0xEF, 0xFF, 0x5D, 0xEF, 0xFF,
  0x5D, 0xEF, 0xFF, 0x5C, 0xEF, 0xFF, 0x5C, 0xEF, 0xFF, 0x5C, 0xEF, 0xFF, 0x5C, 0xEF, 0xFF, 0x5D, 0xEF, 0xFF, 0x5D, 0xEF, 0xFF, 0x5D, 0xEF, 0xFF,
  0x5D, 0xEF, 0xFF, 0x5D, 0xEF, 0xFF, 0x5D, 0xEF, 0xFF, 0x5D, 0xEF, 0xFF, 0x5D, 0xEF, 0xFF, 0x5D, 0xEF, 0xFF, 0x5D, 0xEF, 0xFF, 0x5D, 0xEF, 0xFF,
  0x5D, 0xEF, 0xFF, 0x5D, 0xEF, 0xFF, 0x5D, 0xEF, 0xFF, 0x5D, 0xEF, 0xFF, 0x5D, 0xEF, 0xFF, 0x5D, 0xEF, 0xFF, 0x5D, 0xEF, 0xFF, 0x5D, 0xEF, 0xFF,
  0x5D, 0xEF, 0xFF, 0x5D, 0xEF, 0xFF, 0x5D, 0xEF, 0xFF, 0x5D, 0xEF, 0xFF, 0x5D, 0xEF, 0xFF, 0x5C, 0xEF, 0xFF, 0x5D, 0xEF, 0xFF, 0x5D, 0xEF, 0xFF,
  0x5D, 0xEF, 0xFF, 0x5D, 0xEF, 0xFF, 0x5D, 0xEF, 0xFF, 0x5D, 0xEF, 0xFF, 0x5D, 0xEF, 0xFF, 0x5D, 0xEF, 0xFF, 0x5C, 0xEF, 0xFF, 0x5D, 0xEF, 0xFF,
  0x5C, 0xEF, 0xFF, 0x5C, 0xEF, 0xFF, 0x5C, 0xEF, 0xFF, 0x5C, 0xEF, 0xFF, 0x5D, 0xEF, 0xFF, 0x5C, 0xEF, 0xFF, 0x5C, 0xEF, 0xFF, 0x3C, 0xE7, 0xFF,
  0x59, 0xCE, 0xFF, 0x5D, 0xEF, 0xFF, 0x3C, 0xE7, 0xF9, 0x59, 0xCE, 0xFF, 0xE3, 0x18, 0x1B, 0x00, 0x00, 0x00, 0x00, 0x00, 0x00, 0x00, 0x00, 0x00,
  0x00, 0x00, 0x00, 0x00, 0x00, 0x00, 0x00, 0x00, 0x00, 0xFF, 0xFF, 0x00, 0xFF, 0xFF, 0x00, 0xFF, 0xFF, 0x00, 0xFF, 0xFF, 0x00, 0xFF, 0xFF, 0x00,
  0xFF, 0xFF, 0x00, 0x00, 0x00, 0x00, 0x00, 0x00, 0x00, 0x00, 0x00, 0x00, 0x00, 0x00, 0x00, 0x00, 0x00, 0x00, 0x00, 0x00, 0x00, 0x20, 0x00, 0x06,
  0xD7, 0xBD, 0xFD, 0x7D, 0xF7, 0xFF, 0x5D, 0xEF, 0xFD, 0x99, 0xD6, 0xFF, 0x1B, 0xE7, 0xFF, 0x7D, 0xEF, 0xFF, 0x5D, 0xEF, 0xFF, 0x5D, 0xEF, 0xFF,
  0x5D, 0xEF, 0xFF, 0x5D, 0xEF, 0xFF, 0x5D, 0xEF, 0xFF, 0x5D, 0xEF, 0xFF, 0x5D, 0xEF, 0xFF, 0x5D, 0xEF, 0xFF, 0x5D, 0xEF, 0xFF, 0x5D, 0xEF, 0xFF,
  0x5D, 0xEF, 0xFF, 0x5D, 0xEF, 0xFF, 0x5D, 0xEF, 0xFF, 0x5D, 0xEF, 0xFF, 0x5D, 0xEF, 0xFF, 0x5D, 0xEF, 0xFF, 0x5D, 0xEF, 0xFF, 0x5D, 0xEF, 0xFF,
  0x5D, 0xEF, 0xFF, 0x5D, 0xEF, 0xFF, 0x5D, 0xEF, 0xFF, 0x5D, 0xEF, 0xFF, 0x5D, 0xEF, 0xFF, 0x5D, 0xEF, 0xFF, 0x5D, 0xEF, 0xFF, 0x5D, 0xEF, 0xFF,
  0x5D, 0xEF, 0xFF, 0x5D, 0xEF, 0xFF, 0x5D, 0xEF, 0xFF, 0x5D, 0xEF, 0xFF, 0x5D, 0xEF, 0xFF, 0x5D, 0xEF, 0xFF, 0x5D, 0xEF, 0xFF, 0x5D, 0xEF, 0xFF,
  0x5D, 0xEF, 0xFF, 0x5D, 0xEF, 0xFF, 0x5D, 0xEF, 0xFF, 0x5D, 0xEF, 0xFF, 0x5D, 0xEF, 0xFF, 0x5D, 0xEF, 0xFF, 0x5D, 0xEF, 0xFF, 0x5D, 0xEF, 0xFF,
  0x5D, 0xEF, 0xFF, 0x5D, 0xEF, 0xFF, 0x5D, 0xEF, 0xFF, 0x5D, 0xEF, 0xFF, 0x5D, 0xEF, 0xFF, 0x5D, 0xEF, 0xFF, 0x5D, 0xEF, 0xFF, 0x5D, 0xEF, 0xFF,
  0x5D, 0xEF, 0xFF, 0x5D, 0xEF, 0xFF, 0x5D, 0xEF, 0xFF, 0x5D, 0xEF, 0xFF, 0x5D, 0xEF, 0xFF, 0x5D, 0xEF, 0xFF, 0x5D, 0xEF, 0xFF, 0x5D, 0xEF, 0xFF,
  0x5D, 0xEF, 0xFF, 0x5D, 0xEF, 0xFF, 0x5D, 0xEF, 0xFF, 0x5D, 0xEF, 0xFF, 0x5D, 0xEF, 0xFF, 0x5D, 0xEF, 0xFF, 0x5D, 0xEF, 0xFF, 0x5D, 0xEF, 0xFF,
  0x5D, 0xEF, 0xFF, 0x5D, 0xEF, 0xFF, 0x5C, 0xEF, 0xFF, 0x5D, 0xEF, 0xFF, 0x5D, 0xEF, 0xFF, 0x5D, 0xEF, 0xFF, 0x5D, 0xEF, 0xFF, 0x5D, 0xEF, 0xFF,
  0x5D, 0xEF, 0xFF, 0x5C, 0xEF, 0xFF, 0x5C, 0xEF, 0xFF, 0x5D, 0xEF, 0xFF, 0x5D, 0xEF, 0xFF, 0x5C, 0xEF, 0xFF, 0x5C, 0xEF, 0xFF, 0x5C, 0xEF, 0xFF,
  0x3C, 0xEF, 0xFF, 0x5C, 0xEF, 0xFF, 0x3C, 0xE7, 0xFF, 0x59, 0xCE, 0xFF, 0x3C, 0xE7, 0xFF, 0x3C, 0xE7, 0xF9, 0x59, 0xCE, 0xFF, 0xE3, 0x18, 0x1A,
  0x00, 0x00, 0x00, 0x00, 0x00, 0x00, 0x00, 0x00, 0x00, 0x00, 0x00, 0x00, 0x00, 0x00, 0x00, 0x00, 0x00, 0x00, 0xFF, 0xFF, 0x00, 0xFF, 0xFF, 0x00,
  0xFF, 0xFF, 0x00, 0xFF, 0xFF, 0x00, 0xFF, 0xFF, 0x00, 0xFF, 0xFF, 0x00, 0x00, 0x00, 0x00, 0x00, 0x00, 0x00, 0x00, 0x00, 0x00, 0x00, 0x00, 0x00,
  0x00, 0x00, 0x00, 0x00, 0x00, 0x00, 0x41, 0x08, 0x06, 0xD7, 0xBD, 0xFD, 0x7D, 0xEF, 0xFF, 0x5D, 0xEF, 0xFD, 0x9A, 0xD6, 0xFF, 0xFB, 0xDE, 0xFF,
  0x5D, 0xEF, 0xFF, 0x5D, 0xEF, 0xFF, 0x5D, 0xEF, 0xFF, 0x5D, 0xEF, 0xFF, 0x5D, 0xEF, 0xFF, 0x5C, 0xEF, 0xFF, 0x5D, 0xEF, 0xFF, 0x5D, 0xEF, 0xFF,
  0x5D, 0xEF, 0xFF, 0x5D, 0xEF, 0xFF, 0x5D, 0xEF, 0xFF, 0x5D, 0xEF, 0xFF, 0x5D, 0xEF, 0xFF, 0x5D, 0xEF, 0xFF, 0x5D, 0xEF, 0xFF, 0x5D, 0xEF, 0xFF,
  0x5D, 0xEF, 0xFF, 0x5D, 0xEF, 0xFF, 0x5D, 0xEF, 0xFF, 0x5D, 0xEF, 0xFF, 0x5D, 0xEF, 0xFF, 0x5D, 0xEF, 0xFF, 0x5D, 0xEF, 0xFF, 0x5D, 0xEF, 0xFF,
  0x5D, 0xEF, 0xFF, 0x5D, 0xEF, 0xFF, 0x5D, 0xEF, 0xFF, 0x5D, 0xEF, 0xFF, 0x5D, 0xEF, 0xFF, 0x5D, 0xEF, 0xFF, 0x5D, 0xEF, 0xFF, 0x5D, 0xEF, 0xFF,
  0x5D, 0xEF, 0xFF, 0x5D, 0xEF, 0xFF, 0x5D, 0xEF, 0xFF, 0x5D, 0xEF, 0xFF, 0x5D, 0xEF, 0xFF, 0x5D, 0xEF, 0xFF, 0x5D, 0xEF, 0xFF, 0x5D, 0xEF, 0xFF,
  0x5D, 0xEF, 0xFF, 0x5D, 0xEF, 0xFF, 0x5D, 0xEF, 0xFF, 0x5D, 0xEF, 0xFF, 0x5D, 0xEF, 0xFF, 0x5D, 0xEF, 0xFF, 0x5D, 0xEF, 0xFF, 0x5D, 0xEF, 0xFF,
  0x5D, 0xEF, 0xFF, 0x5D, 0xEF, 0xFF, 0x5D, 0xEF, 0xFF, 0x5D, 0xEF, 0xFF, 0x5D, 0xEF, 0xFF, 0x5D, 0xEF, 0xFF, 0x5D, 0xEF, 0xFF, 0x5D, 0xEF, 0xFF,
  0x5D, 0xEF, 0xFF, 0x5D, 0xEF, 0xFF, 0x5D, 0xEF, 0xFF, 0x5D, 0xEF, 0xFF, 0x5D, 0xEF, 0xFF, 0x5D, 0xEF, 0xFF, 0x5D, 0xEF, 0xFF, 0x5D, 0xEF, 0xFF,
  0x5D, 0xEF, 0xFF, 0x5D, 0xEF, 0xFF, 0x5D, 0xEF, 0xFF, 0x5D, 0xEF, 0xFF, 0x5C, 0xEF, 0xFF, 0x5D, 0xEF, 0xFF, 0x5D, 0xEF, 0xFF, 0x5C, 0xEF, 0xFF,
  0x5D, 0xEF, 0xFF, 0x5D, 0xEF, 0xFF, 0x5D, 0xEF, 0xFF, 0x5D, 0xEF, 0xFF, 0x5D, 0xEF, 0xFF, 0x5C, 0xEF, 0xFF, 0x5C, 0xEF, 0xFF, 0x5D, 0xEF, 0xFF,
  0x5D, 0xEF, 0xFF, 0x5C, 0xEF, 0xFF, 0x5C, 0xEF, 0xFF, 0x3C, 0xEF, 0xFF, 0x5C, 0xEF, 0xFF, 0x1C, 0xE7, 0xFF, 0x59, 0xCE, 0xFF, 0x5D, 0xEF, 0xFF,
  0x3C, 0xE7, 0xF9, 0x59, 0xCE, 0xFF, 0x04, 0x21, 0x1A, 0x00, 0x00, 0x00, 0x00, 0x00, 0x00, 0x00, 0x00, 0x00, 0x00, 0x00, 0x00, 0x00, 0x00, 0x00,
  0x00, 0x00, 0x00, 0xFF, 0xFF, 0x00, 0xFF, 0xFF, 0x00, 0xFF, 0xFF, 0x00, 0xFF, 0xFF, 0x00, 0xFF, 0xFF, 0x00, 0xFF, 0xFF, 0x00, 0x00, 0x00, 0x00,
  0x00, 0x00, 0x00, 0x00, 0x00, 0x00, 0x00, 0x00, 0x00, 0x00, 0x00, 0x00, 0x00, 0x00, 0x00, 0x61, 0x08, 0x06, 0xD7, 0xBD, 0xFD, 0x7D, 0xEF, 0xFF,
  0x5D, 0xEF, 0xFD, 0x9A, 0xD6, 0xFF, 0xFB, 0xDE, 0xFF, 0x5D, 0xEF, 0xFF, 0x3C, 0xEF, 0xFF, 0x5D, 0xEF, 0xFF, 0x5D, 0xEF, 0xFF, 0x5D, 0xEF, 0xFF,
  0x5D, 0xEF, 0xFF, 0x5C, 0xEF, 0xFF, 0x5D, 0xEF, 0xFF, 0x5D, 0xEF, 0xFF, 0x5D, 0xEF, 0xFF, 0x5D, 0xEF, 0xFF, 0x5D, 0xEF, 0xFF, 0x5D, 0xEF, 0xFF,
  0x5D, 0xEF, 0xFF, 0x5D, 0xEF, 0xFF, 0x5D, 0xEF, 0xFF, 0x5D, 0xEF, 0xFF, 0x5D, 0xEF, 0xFF, 0x5C, 0xEF, 0xFF, 0x5D, 0xEF, 0xFF, 0x5D, 0xEF, 0xFF,
  0x5D, 0xEF, 0xFF, 0x5D, 0xEF, 0xFF, 0x5D, 0xEF, 0xFF, 0x5D, 0xEF, 0xFF, 0x5D, 0xEF, 0xFF, 0x5D, 0xEF, 0xFF, 0x5D, 0xEF, 0xFF, 0x5D, 0xEF, 0xFF,
  0x5D, 0xEF, 0xFF, 0x5D, 0xEF, 0xFF, 0x5D, 0xEF, 0xFF, 0x5D, 0xEF, 0xFF, 0x5D, 0xEF, 0xFF, 0x5D, 0xEF, 0xFF, 0x5D, 0xEF, 0xFF, 0x5D, 0xEF, 0xFF,
  0x5C, 0xEF, 0xFF, 0x5D, 0xEF, 0xFF, 0x5D, 0xEF, 0xFF, 0x5D, 0xEF, 0xFF, 0x5D, 0xEF, 0xFF, 0x5C, 0xEF, 0xFF, 0x5C, 0xEF, 0xFF, 0x5D, 0xEF, 0xFF,
  0x5D, 0xEF, 0xFF, 0x5D, 0xEF, 0xFF, 0x5D, 0xEF, 0xFF, 0x5D, 0xEF, 0xFF, 0x5D, 0xEF, 0xFF, 0x5D, 0xEF, 0xFF, 0x5D, 0xEF, 0xFF, 0x5D, 0xEF, 0xFF,
  0x5D, 0xEF, 0xFF, 0x5D, 0xEF, 0xFF, 0x5D, 0xEF, 0xFF, 0x5D, 0xEF, 0xFF, 0x5D, 0xEF, 0xFF, 0x5D, 0xEF, 0xFF, 0x5D, 0xEF, 0xFF, 0x5D, 0xEF, 0xFF,
  0x5D, 0xEF, 0xFF, 0x5D, 0xEF, 0xFF, 0x5D, 0xEF, 0xFF, 0x5D, 0xEF, 0xFF, 0x5D, 0xEF, 0xFF, 0x5C, 0xEF, 0xFF, 0x5C, 0xEF, 0xFF, 0x5D, 0xEF, 0xFF,
  0x5C, 0xEF, 0xFF, 0x5C, 0xEF, 0xFF, 0x5D, 0xEF, 0xFF, 0x5C, 0xEF, 0xFF, 0x5C, 0xEF, 0xFF, 0x5D, 0xEF, 0xFF, 0x5D, 0xEF, 0xFF, 0x5D, 0xEF, 0xFF,
  0x5C, 0xEF, 0xFF, 0x5C, 0xEF, 0xFF, 0x5C, 0xEF, 0xFF, 0x5C, 0xEF, 0xFF, 0x5C, 0xEF, 0xFF, 0x5D, 0xEF, 0xFF, 0x5C, 0xEF, 0xFF, 0x5D, 0xEF, 0xFF,
  0x1C, 0xE7, 0xFF, 0x59, 0xCE, 0xFF, 0x5D, 0xEF, 0xFF, 0x3C, 0xE7, 0xF9, 0x59, 0xCE, 0xFF, 0x04, 0x21, 0x1A, 0x00, 0x00, 0x00, 0x00, 0x00, 0x00,
  0x00, 0x00, 0x00, 0x00, 0x00, 0x00, 0x00, 0x00, 0x00, 0x00, 0x00, 0x00, 0xFF, 0xFF, 0x00, 0xFF, 0xFF, 0x00, 0xFF, 0xFF, 0x00, 0xFF, 0xFF, 0x00,
  0xFF, 0xFF, 0x00, 0xFF, 0xFF, 0x00, 0x00, 0x00, 0x00, 0x00, 0x00, 0x00, 0x00, 0x00, 0x00, 0x00, 0x00, 0x00, 0x00, 0x00, 0x00, 0x00, 0x00, 0x00,
  0x61, 0x08, 0x06, 0xD7, 0xBD, 0xFD, 0x7D, 0xF7, 0xFF, 0x7D, 0xEF, 0xFD, 0x9A, 0xD6, 0xFF, 0xDB, 0xDE, 0xFF, 0x5D, 0xEF, 0xFF, 0x3C, 0xEF, 0xFF,
  0x5D, 0xEF, 0xFF, 0x5D, 0xEF, 0xFF, 0x5D, 0xEF, 0xFF, 0x5C, 0xEF, 0xFF, 0x5C, 0xEF, 0xFF, 0x5D, 0xEF, 0xFF, 0x5D, 0xEF, 0xFF, 0x5D, 0xEF, 0xFF,
  0x5D, 0xEF, 0xFF, 0x5D, 0xEF, 0xFF, 0x5D, 0xEF, 0xFF, 0x5D, 0xEF, 0xFF, 0x5D, 0xEF, 0xFF, 0x5D, 0xEF, 0xFF, 0x5C, 0xEF, 0xFF, 0x5D, 0xEF, 0xFF,
  0x5D, 0xEF, 0xFF, 0x5D, 0xEF, 0xFF, 0x5D, 0xEF, 0xFF, 0x5D, 0xEF, 0xFF, 0x5D, 0xEF, 0xFF, 0x5D, 0xEF, 0xFF, 0x5D, 0xEF, 0xFF, 0x5D, 0xEF, 0xFF,
  0x5D, 0xEF, 0xFF, 0x5D, 0xEF, 0xFF, 0x5D, 0xEF, 0xFF, 0x5D, 0xEF, 0xFF, 0x5D, 0xEF, 0xFF, 0x5D, 0xEF, 0xFF, 0x5D, 0xEF, 0xFF, 0x5D, 0xEF, 0xFF,
  0x5D, 0xEF, 0xFF, 0x5D, 0xEF, 0xFF, 0x5D, 0xEF, 0xFF, 0x5D, 0xEF, 0xFF, 0x5D, 0xEF, 0xFF, 0x5D, 0xEF, 0xFF, 0x5D, 0xEF, 0xFF, 0x5D, 0xEF, 0xFF,
  0x5D, 0xEF, 0xFF, 0x5D, 0xEF, 0xFF, 0x5C, 0xEF, 0xFF, 0x5D, 0xEF, 0xFF, 0x5D, 0xEF, 0xFF, 0x5D, 0xEF, 0xFF, 0x5D, 0xEF, 0xFF, 0x5D, 0xEF, 0xFF,
  0x5D, 0xEF, 0xFF, 0x5D, 0xEF, 0xFF, 0x5D, 0xEF, 0xFF, 0x5D, 0xEF, 0xFF, 0x5D, 0xEF, 0xFF, 0x5D, 0xEF, 0xFF, 0x5D, 0xEF, 0xFF, 0x5D, 0xEF, 0xFF,
  0x5D, 0xEF, 0xFF, 0x5D, 0xEF, 0xFF, 0x5D, 0xEF, 0xFF, 0x5D, 0xEF, 0xFF, 0x5D, 0xEF, 0xFF, 0x5D, 0xEF, 0xFF, 0x5D, 0xEF, 0xFF, 0x5C, 0xEF, 0xFF,
  0x5C, 0xEF, 0xFF, 0x5C, 0xEF, 0xFF, 0x5D, 0xEF, 0xFF, 0x5D, 0xEF, 0xFF, 0x5D, 0xEF, 0xFF, 0x5D, 0xEF, 0xFF, 0x5D, 0xEF, 0xFF, 0x5D, 0xEF, 0xFF,
  0x5D, 0xEF, 0xFF, 0x5D, 0xEF, 0xFF, 0x3C, 0xEF, 0xFF, 0x3C, 0xEF, 0xFF, 0x5C, 0xEF, 0xFF, 0x3D, 0xEF, 0xFF, 0x5D, 0xEF, 0xFF, 0x3C, 0xEF, 0xFF,
  0x5D, 0xEF, 0xFF, 0x5C, 0xEF, 0xFF, 0x5D, 0xEF, 0xFF, 0x3C, 0xE7, 0xFF, 0x79, 0xCE, 0xFF, 0x7D, 0xEF, 0xFF, 0x3C, 0xE7, 0xF9, 0x38, 0xC6, 0xFF,
  0x24, 0x21, 0x1A, 0x00, 0x00, 0x00, 0x00, 0x00, 0x00, 0x00, 0x00, 0x00, 0x00, 0x00, 0x00, 0x00, 0x00, 0x00, 0x00, 0x00, 0x00, 0xFF, 0xFF, 0x00,
  0xFF, 0xFF, 0x00, 0xFF, 0xFF, 0x00, 0xFF, 0xFF, 0x00, 0xFF, 0xFF, 0x00, 0xFF, 0xFF, 0x00, 0x00, 0x00, 0x00, 0x00, 0x00, 0x00, 0x00, 0x00, 0x00,
  0x00, 0x00, 0x00, 0x00, 0x00, 0x00, 0x00, 0x00, 0x00, 0xA2, 0x10, 0x06, 0xF7, 0xBD, 0xFF, 0x7D, 0xEF, 0xFF, 0x5D, 0xEF, 0xFD, 0x9A, 0xD6, 0xFF,
  0xDB, 0xDE, 0xFF, 0x5D, 0xEF, 0xFF, 0x3C, 0xEF, 0xFF, 0x5D, 0xEF, 0xFF, 0x5D, 0xEF, 0xFF, 0x5C, 0xEF, 0xFF, 0x5D, 0xEF, 0xFF, 0x7D, 0xEF, 0xFF,
  0x5D, 0xEF, 0xFF, 0x5D, 0xEF, 0xFF, 0x5D, 0xEF, 0xFF, 0x5D, 0xEF, 0xFF, 0x5D, 0xEF, 0xFF, 0x5D, 0xEF, 0xFF, 0x5D, 0xEF, 0xFF, 0x5D, 0xEF, 0xFF,
  0x5C, 0xEF, 0xFF, 0x5C, 0xEF, 0xFF, 0x5D, 0xEF, 0xFF, 0x5D, 0xEF, 0xFF, 0x5D, 0xEF, 0xFF, 0x5D, 0xEF, 0xFF, 0x5D, 0xEF, 0xFF, 0x5D, 0xEF, 0xFF,
  0x5D, 0xEF, 0xFF, 0x5D, 0xEF, 0xFF, 0x5D, 0xEF, 0xFF, 0x5D, 0xEF, 0xFF, 0x5D, 0xEF, 0xFF, 0x5D, 0xEF, 0xFF, 0x5D, 0xEF, 0xFF, 0x5D, 0xEF, 0xFF,
  0x5D, 0xEF, 0xFF, 0x5D, 0xEF, 0xFF, 0x5D, 0xEF, 0xFF, 0x5D, 0xEF, 0xFF, 0x5D, 0xEF, 0xFF, 0x5D, 0xEF, 0xFF, 0x5D, 0xEF, 0xFF, 0x5D, 0xEF, 0xFF,
  0x5D, 0xEF, 0xFF, 0x5D, 0xEF, 0xFF, 0x5D, 0xEF, 0xFF, 0x5D, 0xEF, 0xFF, 0x5D, 0xEF, 0xFF, 0x5C, 0xEF, 0xFF, 0x5D, 0xEF, 0xFF, 0x5D, 0xEF, 0xFF,
  0x5D, 0xEF, 0xFF, 0x5D, 0xEF, 0xFF, 0x5D, 0xEF, 0xFF, 0x5D, 0xEF, 0xFF, 0x5D, 0xEF, 0xFF, 0x5D, 0xEF, 0xFF, 0x5D, 0xEF, 0xFF, 0x5D, 0xEF, 0xFF,
  0x5D, 0xEF, 0xFF, 0x5D, 0xEF, 0xFF, 0x5D, 0xEF, 0xFF, 0x5D, 0xEF, 0xFF, 0x5D, 0xEF, 0xFF, 0x5D, 0xEF, 0xFF, 0x5D, 0xEF, 0xFF, 0x5D, 0xEF, 0xFF,
  0x5D, 0xEF, 0xFF, 0x5D, 0xEF, 0xFF, 0x5D, 0xEF, 0xFF, 0x5D, 0xEF, 0xFF, 0x5D, 0xEF, 0xFF, 0x3C, 0xEF, 0xFF, 0x5D, 0xEF, 0xFF, 0x5C, 0xEF, 0xFF,
  0x5C, 0xEF, 0xFF, 0x5D, 0xEF, 0xFF, 0x5C, 0xEF, 0xFF, 0x5D, 0xEF, 0xFF, 0x5D, 0xEF, 0xFF, 0x3C, 0xEF, 0xFF, 0x5D, 0xEF, 0xFF, 0x7D, 0xEF, 0xFF,
  0x5D, 0xEF, 0xFF, 0x3C, 0xEF, 0xFF, 0x5D, 0xEF, 0xFF, 0x5C, 0xEF, 0xFF, 0x5D, 0xEF, 0xFF, 0x5D, 0xEF, 0xFF, 0x1C, 0xE7, 0xFF, 0x59, 0xCE, 0xFF,
  0x5D, 0xEF, 0xFF, 0x3C, 0xE7, 0xF9, 0x38, 0xC6, 0xFF, 0x45, 0x29, 0x1C, 0x00, 0x00, 0x00, 0x00, 0x00, 0x00, 0x00, 0x00, 0x00, 0x00, 0x00, 0x00,
  0x00, 0x00, 0x00, 0x00, 0x00, 0x00, 0xFF, 0xFF, 0x00, 0xFF, 0xFF, 0x00, 0xFF, 0xFF, 0x00, 0xFF, 0xFF, 0x00, 0xFF, 0xFF, 0x00, 0xFF, 0xFF, 0x00,
  0x00, 0x00, 0x00, 0x00, 0x00, 0x00, 0x00, 0x00, 0x00, 0x00, 0x00, 0x00, 0x00, 0x00, 0x00, 0x00, 0x00, 0x00, 0x41, 0x08, 0x01, 0x55, 0xAD, 0xDA,
  0x5D, 0xEF, 0xFF, 0x3C, 0xE7, 0xFB, 0x9A, 0xD6, 0xFF, 0xDA, 0xDE, 0xFF, 0x7D, 0xEF, 0xFF, 0x5D, 0xEF, 0xFF, 0x5D, 0xEF, 0xFF, 0x3C, 0xEF, 0xFF,
  0x7D, 0xEF, 0xFF, 0x79, 0xD6, 0xFF, 0x6A, 0x8A, 0xFF, 0x1C, 0xE7, 0xFF, 0x5D, 0xEF, 0xFF, 0x5C, 0xEF, 0xFF, 0x5D, 0xEF, 0xFF, 0x5D, 0xEF, 0xFF,
  0x5D, 0xEF, 0xFF, 0x5C, 0xEF, 0xFF, 0x5D, 0xEF, 0xFF, 0x5D, 0xEF, 0xFF, 0x5D, 0xEF, 0xFF, 0x5C, 0xEF, 0xFF, 0x5D, 0xEF, 0xFF, 0x5D, 0xEF, 0xFF,
  0x5D, 0xEF, 0xFF, 0x5D, 0xEF, 0xFF, 0x5D, 0xEF, 0xFF, 0x5D, 0xEF, 0xFF, 0x5D, 0xEF, 0xFF, 0x5D, 0xEF, 0xFF, 0x5D, 0xEF, 0xFF, 0x5D, 0xEF, 0xFF,
  0x5D, 0xEF, 0xFF, 0x5D, 0xEF, 0xFF, 0x5D, 0xEF, 0xFF, 0x5D, 0xEF, 0xFF, 0x5D, 0xEF, 0xFF, 0x5D, 0xEF, 0xFF, 0x5D, 0xEF, 0xFF, 0x5D, 0xEF, 0xFF,
  0x5D, 0xEF, 0xFF, 0x5D, 0xEF, 0xFF, 0x5D, 0xEF, 0xFF, 0x5D, 0xEF, 0xFF, 0x5D, 0xEF, 0xFF, 0x5D, 0xEF, 0xFF, 0x5D, 0xEF, 0xFF, 0x5D, 0xEF, 0xFF,
  0x5D, 0xEF, 0xFF, 0x5D, 0xEF, 0xFF, 0x5D, 0xEF, 0xFF, 0x5D, 0xEF, 0xFF, 0x5D, 0xEF, 0xFF, 0x5D, 0xEF, 0xFF, 0x5D, 0xEF, 0xFF, 0x5D, 0xEF, 0xFF,
  0x5D, 0xEF, 0xFF, 0x5D, 0xEF, 0xFF, 0x5D, 0xEF, 0xFF, 0x5D, 0xEF, 0xFF, 0x5D, 0xEF, 0xFF, 0x5D, 0xEF, 0xFF, 0x5D, 0xEF, 0xFF, 0x5D, 0xEF, 0xFF,
  0x5D, 0xEF, 0xFF, 0x5D, 0xEF, 0xFF, 0x5D, 0xEF, 0xFF, 0x5D, 0xEF, 0xFF, 0x5D, 0xEF, 0xFF, 0x5D, 0xEF, 0xFF, 0x5D, 0xEF, 0xFF, 0x5D, 0xEF, 0xFF,
  0x5C, 0xEF, 0xFF, 0x5D, 0xEF, 0xFF, 0x5C, 0xEF, 0xFF, 0x5D, 0xEF, 0xFF, 0x5C, 0xEF, 0xFF, 0x5C, 0xEF, 0xFF, 0x5C, 0xEF, 0xFF, 0x5C, 0xEF, 0xFF,
  0x3C, 0xEF, 0xFF, 0x5C, 0xE7, 0xFF, 0x8A, 0x8A, 0xFF, 0xF8, 0xC5, 0xFF, 0x9E, 0xF7, 0xFF, 0x3C, 0xEF, 0xFF, 0x5D, 0xEF, 0xFF, 0x5D, 0xEF, 0xFF,
  0x5D, 0xEF, 0xFF, 0x1B, 0xE7, 0xFF, 0x59, 0xCE, 0xFF, 0x3C, 0xE7, 0xFD, 0xFB, 0xE6, 0xFD, 0xB6, 0xBD, 0xFD, 0x82, 0x10, 0x0C, 0x00, 0x00, 0x00,
  0x00, 0x00, 0x00, 0x00, 0x00, 0x00, 0x00, 0x00, 0x00, 0x00, 0x00, 0x00, 0x00, 0x00, 0x00, 0xFF, 0xFF, 0x00, 0xFF, 0xFF, 0x00, 0xFF, 0xFF, 0x00,
  0xFF, 0xFF, 0x00, 0xFF, 0xFF, 0x00, 0xFF, 0xFF, 0x00, 0x00, 0x00, 0x00, 0x00, 0x00, 0x00, 0x00, 0x00, 0x00, 0x00, 0x00, 0x00, 0x00, 0x00, 0x00,
  0x00, 0x00, 0x00, 0x00, 0x00, 0x00, 0xD3, 0x9C, 0xC3, 0x9E, 0xF7, 0xFF, 0x5D, 0xEF, 0xFB, 0x79, 0xD6, 0xFF, 0xBA, 0xD6, 0xFF, 0x7D, 0xEF, 0xFF,
  0x5D, 0xEF, 0xFF, 0x5D, 0xEF, 0xFF, 0x3C, 0xEF, 0xFF, 0xDF, 0xEF, 0xFF, 0x6D, 0xA3, 0xFF, 0x00, 0xA0, 0xFF, 0x51, 0xAC, 0xFF, 0xDF, 0xF7, 0xFF,
  0x3C, 0xEF, 0xFF, 0x5D, 0xEF, 0xFF, 0x5D, 0xEF, 0xFF, 0x5D, 0xEF, 0xFF, 0x5D, 0xEF, 0xFF, 0x5D, 0xEF, 0xFF, 0x5D, 0xEF, 0xFF, 0x5D, 0xEF, 0xFF,
  0x5D, 0xEF, 0xFF, 0x5C, 0xEF, 0xFF, 0x5D, 0xEF, 0xFF, 0x5D, 0xEF, 0xFF, 0x5D, 0xEF, 0xFF, 0x5D, 0xEF, 0xFF, 0x5D, 0xEF, 0xFF, 0x5D, 0xEF, 0xFF,
  0x5D, 0xEF, 0xFF, 0x5D, 0xEF, 0xFF, 0x5D, 0xEF, 0xFF, 0x5D, 0xEF, 0xFF, 0x5D, 0xEF, 0xFF, 0x5D, 0xEF, 0xFF, 0x5D, 0xEF, 0xFF, 0x5D, 0xEF, 0xFF,
  0x5D, 0xEF, 0xFF, 0x5D, 0xEF, 0xFF, 0x5D, 0xEF, 0xFF, 0x5D, 0xEF, 0xFF, 0x5D, 0xEF, 0xFF, 0x5D, 0xEF, 0xFF, 0x5D, 0xEF, 0xFF, 0x5D, 0xEF, 0xFF,
  0x5D, 0xEF, 0xFF, 0x5D, 0xEF, 0xFF, 0x5D, 0xEF, 0xFF, 0x5D, 0xEF, 0xFF, 0x5D, 0xEF, 0xFF, 0x5D, 0xEF, 0xFF, 0x5D, 0xEF, 0xFF, 0x5D, 0xEF, 0xFF,
  0x5D, 0xEF, 0xFF, 0x5D, 0xEF, 0xFF, 0x5D, 0xEF, 0xFF, 0x5D, 0xEF, 0xFF, 0x5D, 0xEF, 0xFF, 0x5D, 0xEF, 0xFF, 0x5D, 0xEF, 0xFF, 0x5D, 0xEF, 0xFF,
  0x5D, 0xEF, 0xFF, 0x5D, 0xEF, 0xFF, 0x5D, 0xEF, 0xFF, 0x5D, 0xEF, 0xFF, 0x5D, 0xEF, 0xFF, 0x5D, 0xEF, 0xFF, 0x5C, 0xEF, 0xFF, 0x5D, 0xEF, 0xFF,
  0x5D, 0xEF, 0xFF, 0x5D, 0xEF, 0xFF, 0x5D, 0xEF, 0xFF, 0x5C, 0xEF, 0xFF, 0x5C, 0xEF, 0xFF, 0x5C, 0xEF, 0xFF, 0x5D, 0xEF, 0xFF, 0x5C, 0xEF, 0xFF,
  0x5C, 0xEF, 0xFF, 0x5C, 0xEF, 0xFF, 0x3C, 0xE7, 0xFF, 0xBE, 0xF7, 0xFF, 0x14, 0xB5, 0xFF, 0x00, 0xA0, 0xFF, 0xAB, 0xA2, 0xFF, 0xDF, 0xEF, 0xFF,
  0x3C, 0xEF, 0xFF, 0x3C, 0xEF, 0xFF, 0x3C, 0xEF, 0xFF, 0x5D, 0xEF, 0xFF, 0xFB, 0xDE, 0xFF, 0x38, 0xCE, 0xFF, 0x5C, 0xEF, 0xFD, 0x5D, 0xEF, 0xFF,
  0x75, 0xAD, 0xFD, 0x00, 0x00, 0x05, 0x00, 0x00, 0x00, 0x00, 0x00, 0x00, 0x00, 0x00, 0x00, 0x00, 0x00, 0x00, 0x00, 0x00, 0x00, 0x00, 0x00, 0x00,
  0xFF, 0xFF, 0x00, 0xFF, 0xFF, 0x00, 0xFF, 0xFF, 0x00, 0xFF, 0xFF, 0x00, 0xFF, 0xFF, 0x00, 0xFF, 0xFF, 0x00, 0x00, 0x00, 0x00, 0x00, 0x00, 0x00,
  0x00, 0x00, 0x00, 0x00, 0x00, 0x00, 0x00, 0x00, 0x00, 0x00, 0x00, 0x00, 0x00, 0x00, 0x00, 0xD3, 0x9C, 0xC7, 0x9E, 0xF7, 0xFF, 0x5D, 0xEF, 0xFB,
  0x9A, 0xD6, 0xFF, 0xBA, 0xD6, 0xFF, 0x7D, 0xEF, 0xFF, 0x5D, 0xEF, 0xFF, 0x3C, 0xEF, 0xFF, 0x9D, 0xF7, 0xFF, 0x38, 0xC6, 0xFF, 0x62, 0xA0, 0xFF,
  0x21, 0xC0, 0xFF, 0xC3, 0x98, 0xFF, 0xFB, 0xD6, 0xFF, 0x7D, 0xF7, 0xFF, 0x5D, 0xEF, 0xFF, 0x5D, 0xEF, 0xFF, 0x5D, 0xEF, 0xFF, 0x5D, 0xEF, 0xFF,
  0x5D, 0xEF, 0xFF, 0x5C, 0xEF, 0xFF, 0x5C, 0xEF, 0xFF, 0x5D, 0xEF, 0xFF, 0x5D, 0xEF, 0xFF, 0x5D, 0xEF, 0xFF, 0x5D, 0xEF, 0xFF, 0x5D, 0xEF, 0xFF,
  0x5D, 0xEF, 0xFF, 0x5D, 0xEF, 0xFF, 0x5D, 0xEF, 0xFF, 0x5D, 0xEF, 0xFF, 0x5D, 0xEF, 0xFF, 0x5D, 0xEF, 0xFF, 0x5D, 0xEF, 0xFF, 0x5D, 0xEF, 0xFF,
  0x5D, 0xEF, 0xFF, 0x5D, 0xEF, 0xFF, 0x5D, 0xEF, 0xFF, 0x5D, 0xEF, 0xFF, 0x5D, 0xEF, 0xFF, 0x5D, 0xEF, 0xFF, 0x5D, 0xEF, 0xFF, 0x5D, 0xEF, 0xFF,
  0x5D, 0xEF, 0xFF, 0x5D, 0xEF, 0xFF, 0x5D, 0xEF, 0xFF, 0x5D, 0xEF, 0xFF, 0x5D, 0xEF, 0xFF, 0x5D, 0xEF, 0xFF, 0x5D, 0xEF, 0xFF, 0x5D, 0xEF, 0xFF,
  0x5D, 0xEF, 0xFF, 0x5D, 0xEF, 0xFF, 0x5D, 0xEF, 0xFF, 0x5D, 0xEF, 0xFF, 0x5D, 0xEF, 0xFF, 0x5D, 0xEF, 0xFF, 0x5D, 0xEF, 0xFF, 0x5D, 0xEF, 0xFF,
  0x5D, 0xEF, 0xFF, 0x5D, 0xEF, 0xFF, 0x5D, 0xEF, 0xFF, 0x5D, 0xEF, 0xFF, 0x5D, 0xEF, 0xFF, 0x5D, 0xEF, 0xFF, 0x5D, 0xEF, 0xFF, 0x5D, 0xEF, 0xFF,
  0x5D, 0xEF, 0xFF, 0x5D, 0xEF, 0xFF, 0x5D, 0xEF, 0xFF, 0x5D, 0xEF, 0xFF, 0x5D, 0xEF, 0xFF, 0x5D, 0xEF, 0xFF, 0x5D, 0xEF, 0xFF, 0x5C, 0xEF, 0xFF,
  0x5C, 0xEF, 0xFF, 0x5C, 0xEF, 0xFF, 0x5C, 0xEF, 0xFF, 0x3C, 0xEF, 0xFF, 0x3C, 0xEF, 0xFF, 0x5D, 0xEF, 0xFF, 0x5C, 0xDF, 0xFF, 0x66, 0x99, 0xFF,
  0x01, 0xC0, 0xFF, 0x21, 0xA0, 0xFF, 0xD7, 0xC5, 0xFF, 0xBE, 0xF7, 0xFF, 0x3C, 0xE7, 0xFF, 0x3C, 0xEF, 0xFF, 0x5D, 0xEF, 0xFF, 0xFB, 0xE6, 0xFF,
  0x59, 0xCE, 0xFF, 0x3C, 0xEF, 0xFD, 0x5D, 0xEF, 0xFF, 0x96, 0xB5, 0xFD, 0x20, 0x00, 0x06, 0x00, 0x00, 0x00, 0x00, 0x00, 0x00, 0x00, 0x00, 0x00,
  0x00, 0x00, 0x00, 0x00, 0x00, 0x00, 0x00, 0x00, 0x00, 0xFF, 0xFF, 0x00, 0xFF, 0xFF, 0x00, 0xFF, 0xFF, 0x00, 0xFF, 0xFF, 0x00, 0xFF, 0xFF, 0x00,
  0xFF, 0xFF, 0x00, 0x00, 0x00, 0x00, 0x00, 0x00, 0x00, 0x00, 0x00, 0x00, 0x00, 0x00, 0x00, 0x00, 0x00, 0x00, 0x00, 0x00, 0x00, 0x00, 0x00, 0x00,
  0xD3, 0x9C, 0xC7, 0x9E, 0xF7, 0xFF, 0x5D, 0xEF, 0xFB, 0xBA, 0xD6, 0xFF, 0xBA, 0xD6, 0xFF, 0x7D, 0xEF, 0xFF, 0x5D, 0xEF, 0xFF, 0x3C, 0xEF, 0xFF,
  0x9D, 0xE7, 0xFF, 0x6A, 0x92, 0xFF, 0x00, 0xA8, 0xFF, 0x22, 0xA8, 0xFF, 0x00, 0xA0, 0xFF, 0x6E, 0x9B, 0xFF, 0xDE, 0xF7, 0xFF, 0x3C, 0xEF, 0xFF,
  0x5D, 0xEF, 0xFF, 0x5D, 0xEF, 0xFF, 0x5D, 0xEF, 0xFF, 0x5D, 0xEF, 0xFF, 0x5C, 0xEF, 0xFF, 0x5D, 0xEF, 0xFF, 0x5D, 0xEF, 0xFF, 0x5D, 0xEF, 0xFF,
  0x5D, 0xEF, 0xFF, 0x5D, 0xEF, 0xFF, 0x5D, 0xEF, 0xFF, 0x5D, 0xEF, 0xFF, 0x5D, 0xEF, 0xFF, 0x5D, 0xEF, 0xFF, 0x5D, 0xEF, 0xFF, 0x5D, 0xEF, 0xFF,
  0x5D, 0xEF, 0xFF, 0x5D, 0xEF, 0xFF, 0x5D, 0xEF, 0xFF, 0x5D, 0xEF, 0xFF, 0x5D, 0xEF, 0xFF, 0x5D, 0xEF, 0xFF, 0x5D, 0xEF, 0xFF, 0x5D, 0xEF, 0xFF,
  0x5D, 0xEF, 0xFF, 0x5D, 0xEF, 0xFF, 0x5D, 0xEF, 0xFF, 0x5D, 0xEF, 0xFF, 0x5D, 0xEF, 0xFF, 0x5D, 0xEF, 0xFF, 0x5D, 0xEF, 0xFF, 0x5D, 0xEF, 0xFF,
  0x5D, 0xEF, 0xFF, 0x5D, 0xEF, 0xFF, 0x5D, 0xEF, 0xFF, 0x5D, 0xEF, 0xFF, 0x5D, 0xEF, 0xFF, 0x5D, 0xEF, 0xFF, 0x5D, 0xEF, 0xFF, 0x5D, 0xEF, 0xFF,
  0x5D, 0xEF, 0xFF, 0x5D, 0xEF, 0xFF, 0x5D, 0xEF, 0xFF, 0x5D, 0xEF, 0xFF, 0x5D, 0xEF, 0xFF, 0x5D, 0xEF, 0xFF, 0x5D, 0xEF, 0xFF, 0x5D, 0xEF, 0xFF,
  0x5D, 0xEF, 0xFF, 0x5D, 0xEF, 0xFF, 0x5D, 0xEF, 0xFF, 0x5D, 0xEF, 0xFF, 0x5D, 0xEF, 0xFF, 0x5D, 0xEF, 0xFF, 0x5D, 0xEF, 0xFF, 0x5D, 0xEF, 0xFF,
  0x5D, 0xEF, 0xFF, 0x5C, 0xEF, 0xFF, 0x5C, 0xEF, 0xFF, 0x5C, 0xEF, 0xFF, 0x5C, 0xEF, 0xFF, 0x3C, 0xEF, 0xFF, 0x3C, 0xEF, 0xFF, 0x1C, 0xE7, 0xFF,
  0xBE, 0xEF, 0xFF, 0x30, 0xA4, 0xFF, 0x00, 0xA0, 0xFF, 0x22, 0xA8, 0xFF, 0x00, 0xA8, 0xFF, 0xE8, 0x91, 0xFF, 0x7D, 0xE7, 0xFF, 0x3C, 0xEF, 0xFF,
  0x5C, 0xEF, 0xFF, 0x5D, 0xEF, 0xFF, 0xFB, 0xE6, 0xFF, 0x79, 0xCE, 0xFF, 0x5D, 0xEF, 0xFD, 0x5D, 0xEF, 0xFF, 0x75, 0xAD, 0xFD, 0x20, 0x00, 0x06,
  0x00, 0x00, 0x00, 0x00, 0x00, 0x00, 0x00, 0x00, 0x00, 0x00, 0x00, 0x00, 0x00, 0x00, 0x00, 0x00, 0x00, 0x00, 0xFF, 0xFF, 0x00, 0xFF, 0xFF, 0x00,
  0xFF, 0xFF, 0x00, 0xFF, 0xFF, 0x00, 0xFF, 0xFF, 0x00, 0xFF, 0xFF, 0x00, 0x00, 0x00, 0x00, 0x00, 0x00, 0x00, 0x00, 0x00, 0x00, 0x00, 0x00, 0x00,
  0x00, 0x00, 0x00, 0x00, 0x00, 0x00, 0x00, 0x00, 0x00, 0xB2, 0x94, 0xC7, 0x9E, 0xF7, 0xFF, 0x5D, 0xEF, 0xFB, 0xBA, 0xD6, 0xFF, 0xBA, 0xD6, 0xFF,
  0x7D, 0xEF, 0xFF, 0x3C, 0xE7, 0xFF, 0x9E, 0xF7, 0xFF, 0x75, 0xB5, 0xFF, 0x00, 0x98, 0xFF, 0x01, 0xB0, 0xFF, 0x01, 0xA8, 0xFF, 0x01, 0xB0, 0xFF,
  0x62, 0x98, 0xFF, 0x79, 0xCE, 0xFF, 0x9D, 0xF7, 0xFF, 0x3C, 0xEF, 0xFF, 0x5D, 0xEF, 0xFF, 0x5D, 0xEF, 0xFF, 0x5D, 0xEF, 0xFF, 0x5D, 0xEF, 0xFF,
  0x5D, 0xEF, 0xFF, 0x5D, 0xEF, 0xFF, 0x5D, 0xEF, 0xFF, 0x5D, 0xEF, 0xFF, 0x5D, 0xEF, 0xFF, 0x5D, 0xEF, 0xFF, 0x5D, 0xEF, 0xFF, 0x5D, 0xEF, 0xFF,
  0x5D, 0xEF, 0xFF, 0x5D, 0xEF, 0xFF, 0x5D, 0xEF, 0xFF, 0x5D, 0xEF, 0xFF, 0x5D, 0xEF, 0xFF, 0x5D, 0xEF, 0xFF, 0x5D, 0xEF, 0xFF, 0x5D, 0xEF, 0xFF,
  0x5D, 0xEF, 0xFF, 0x5D, 0xEF, 0xFF, 0x5D, 0xEF, 0xFF, 0x5D, 0xEF, 0xFF, 0x5D, 0xEF, 0xFF, 0x5D, 0xEF, 0xFF, 0x5D, 0xEF, 0xFF, 0x5D, 0xEF, 0xFF,
  0x5D, 0xEF, 0xFF, 0x5D, 0xEF, 0xFF, 0x5D, 0xEF, 0xFF, 0x5D, 0xEF, 0xFF, 0x5D, 0xEF, 0xFF, 0x5D, 0xEF, 0xFF, 0x5D, 0xEF, 0xFF, 0x5D, 0xEF, 0xFF,
  0x5D, 0xEF, 0xFF, 0x5D, 0xEF, 0xFF, 0x5D, 0xEF, 0xFF, 0x5D, 0xEF, 0xFF, 0x5D, 0xEF, 0xFF, 0x5D, 0xEF, 0xFF, 0x5D, 0xEF, 0xFF, 0x5D, 0xEF, 0xFF,
  0x5D, 0xEF, 0xFF, 0x5D, 0xEF, 0xFF, 0x5D, 0xEF, 0xFF, 0x5D, 0xEF, 0xFF, 0x5D, 0xEF, 0xFF, 0x5D, 0xEF, 0xFF, 0x5D, 0xEF, 0xFF, 0x5D, 0xEF, 0xFF,
  0x5C, 0xEF, 0xFF, 0x5C, 0xEF, 0xFF, 0x5C, 0xEF, 0xFF, 0x5D, 0xEF, 0xFF, 0x5C, 0xEF, 0xFF, 0x5C, 0xEF, 0xFF, 0x3C, 0xEF, 0xFF, 0x5C, 0xEF, 0xFF,
  0x3C, 0xEF, 0xFF, 0x3C, 0xEF, 0xFF, 0x7D, 0xEF, 0xFF, 0xBA, 0xD6, 0xFF, 0xC3, 0x90, 0xFF, 0x01, 0xA8, 0xFF, 0x01, 0xA8, 0xFF, 0x21, 0xA8, 0xFF,
  0x00, 0x90, 0xFF, 0x34, 0xB5, 0xFF, 0xBE, 0xF7, 0xFF, 0x3C, 0xE7, 0xFF, 0x5D, 0xEF, 0xFF, 0xFB, 0xDE, 0xFF, 0x79, 0xD6, 0xFF, 0x5D, 0xEF, 0xFD,
  0x5D, 0xEF, 0xFF, 0x75, 0xAD, 0xFD, 0x21, 0x00, 0x06, 0x00, 0x00, 0x00, 0x00, 0x00, 0x00, 0x00, 0x00, 0x00, 0x00, 0x00, 0x00, 0x00, 0x00, 0x00,
  0x00, 0x00, 0x00, 0xFF, 0xFF, 0x00, 0xFF, 0xFF, 0x00, 0xFF, 0xFF, 0x00, 0xFF, 0xFF, 0x00, 0xFF, 0xFF, 0x00, 0xFF, 0xFF, 0x00, 0x00, 0x00, 0x00,
  0x00, 0x00, 0x00, 0x00, 0x00, 0x00, 0x00, 0x00, 0x00, 0x00, 0x00, 0x00, 0x00, 0x00, 0x00, 0x00, 0x00, 0x00, 0xD2, 0x9C, 0xC7, 0x9E, 0xF7, 0xFF,
  0x5D, 0xEF, 0xFB, 0xBA, 0xDE, 0xFF, 0x9A, 0xD6, 0xFF, 0x5D, 0xEF, 0xFF, 0x3C, 0xEF, 0xFF, 0x3C, 0xDF, 0xFF, 0xC7, 0x91, 0xFF, 0x00, 0xB0, 0xFF,
  0x01, 0xB0, 0xFF, 0x01, 0xA8, 0xFF, 0x21, 0xB0, 0xFF, 0x00, 0xB8, 0xFF, 0xEC, 0xAA, 0xFF, 0xDF, 0xEF, 0xFF, 0x5C, 0xEF, 0xFF, 0x5D, 0xEF, 0xFF,
  0x5C, 0xEF, 0xFF, 0x5D, 0xEF, 0xFF, 0x5D, 0xEF, 0xFF, 0x5D, 0xEF, 0xFF, 0x5D, 0xEF, 0xFF, 0x5D, 0xEF, 0xFF, 0x5D, 0xEF, 0xFF, 0x5D, 0xEF, 0xFF,
  0x5D, 0xEF, 0xFF, 0x5D, 0xEF, 0xFF, 0x5D, 0xEF, 0xFF, 0x5D, 0xEF, 0xFF, 0x5D, 0xEF, 0xFF, 0x5D, 0xEF, 0xFF, 0x5D, 0xEF, 0xFF, 0x5D, 0xEF, 0xFF,
  0x5D, 0xEF, 0xFF, 0x5D, 0xEF, 0xFF, 0x5D, 0xEF, 0xFF, 0x5D, 0xEF, 0xFF, 0x5D, 0xEF, 0xFF, 0x5D, 0xEF, 0xFF, 0x5D, 0xEF, 0xFF, 0x5D, 0xEF, 0xFF,
  0x5D, 0xEF, 0xFF, 0x5D, 0xEF, 0xFF, 0x5D, 0xEF, 0xFF, 0x5D, 0xEF, 0xFF, 0x5D, 0xEF, 0xFF, 0x5D, 0xEF, 0xFF, 0x5D, 0xEF, 0xFF, 0x5D, 0xEF, 0xFF,
  0x5D, 0xEF, 0xFF, 0x5D, 0xEF, 0xFF, 0x5D, 0xEF, 0xFF, 0x5D, 0xEF, 0xFF, 0x5D, 0xEF, 0xFF, 0x5D, 0xEF, 0xFF, 0x5D, 0xEF, 0xFF, 0x5D, 0xEF, 0xFF,
  0x5D, 0xEF, 0xFF, 0x5D, 0xEF, 0xFF, 0x5D, 0xEF, 0xFF, 0x5D, 0xEF, 0xFF, 0x5D, 0xEF, 0xFF, 0x5D, 0xEF, 0xFF, 0x5D, 0xEF, 0xFF, 0x5D, 0xEF, 0xFF,
  0x5D, 0xEF, 0xFF, 0x5D, 0xEF, 0xFF, 0x5D, 0xEF, 0xFF, 0x5D, 0xEF, 0xFF, 0x5D, 0xEF, 0xFF, 0x5D, 0xEF, 0xFF, 0x5C, 0xEF, 0xFF, 0x5D, 0xEF, 0xFF,
  0x5D, 0xEF, 0xFF, 0x5C, 0xEF, 0xFF, 0x3C, 0xEF, 0xFF, 0x3C, 0xEF, 0xFF, 0x3C, 0xEF, 0xFF, 0xBE, 0xEF, 0xFF, 0x4D, 0xA3, 0xFF, 0x00, 0xA8, 0xFF,
  0x01, 0xB0, 0xFF, 0x01, 0xA8, 0xFF, 0x01, 0xA8, 0xFF, 0x00, 0xA8, 0xFF, 0x66, 0x91, 0xFF, 0x7D, 0xE7, 0xFF, 0x7D, 0xEF, 0xFF, 0x7D, 0xEF, 0xFF,
  0xFB, 0xDE, 0xFF, 0x79, 0xD6, 0xFF, 0x5D, 0xEF, 0xFD, 0x5D, 0xEF, 0xFF, 0x75, 0xAD, 0xFD, 0x41, 0x08, 0x06, 0x00, 0x00, 0x00, 0x00, 0x00, 0x00,
  0x00, 0x00, 0x00, 0x00, 0x00, 0x00, 0x00, 0x00, 0x00, 0x00, 0x00, 0x00, 0xFF, 0xFF, 0x00, 0xFF, 0xFF, 0x00, 0xFF, 0xFF, 0x00, 0xFF, 0xFF, 0x00,
  0xFF, 0xFF, 0x00, 0xFF, 0xFF, 0x00, 0x00, 0x00, 0x00, 0x00, 0x00, 0x00, 0x00, 0x00, 0x00, 0x00, 0x00, 0x00, 0x00, 0x00, 0x00, 0x00, 0x00, 0x00,
  0x00, 0x00, 0x00, 0xB2, 0x9C, 0xC7, 0x7D, 0xF7, 0xFF, 0x5D, 0xEF, 0xFB, 0xBA, 0xD6, 0xFF, 0x9A, 0xD6, 0xFF, 0x5D, 0xEF, 0xFF, 0xBE, 0xF7, 0xFF,
  0xB2, 0xAC, 0xFF, 0x00, 0x80, 0xFF, 0x01, 0x88, 0xFF, 0x00, 0x88, 0xFF, 0x00, 0x88, 0xFF, 0x00, 0x98, 0xFF, 0x00, 0x90, 0xFF, 0x00, 0x78, 0xFF,
  0x18, 0xCE, 0xFF, 0x9E, 0xF7, 0xFF, 0x3C, 0xE7, 0xFF, 0x5C, 0xEF, 0xFF, 0x5D, 0xEF, 0xFF, 0x5D, 0xEF, 0xFF, 0x5D, 0xEF, 0xFF, 0x5D, 0xEF, 0xFF,
  0x5D, 0xEF, 0xFF, 0x5D, 0xEF, 0xFF, 0x5D, 0xEF, 0xFF, 0x5D, 0xEF, 0xFF, 0x5D, 0xEF, 0xFF, 0x5D, 0xEF, 0xFF, 0x5D, 0xEF, 0xFF, 0x5D, 0xEF, 0xFF,
  0x5D, 0xEF, 0xFF, 0x5D, 0xEF, 0xFF, 0x5D, 0xEF, 0xFF, 0x5D, 0xEF, 0xFF, 0x5D, 0xEF, 0xFF, 0x5D, 0xEF, 0xFF, 0x5D, 0xEF, 0xFF, 0x5D, 0xEF, 0xFF,
  0x5D, 0xEF, 0xFF, 0x5D, 0xEF, 0xFF, 0x5D, 0xEF, 0xFF, 0x5D, 0xEF, 0xFF, 0x5D, 0xEF, 0xFF, 0x5D, 0xEF, 0xFF, 0x5D, 0xEF, 0xFF, 0x5D, 0xEF, 0xFF,
  0x5D, 0xEF, 0xFF, 0x5D, 0xEF, 0xFF, 0x5D, 0xEF, 0xFF, 0x5D, 0xEF, 0xFF, 0x5D, 0xEF, 0xFF, 0x5D, 0xEF, 0xFF, 0x5D, 0xEF, 0xFF, 0x5D, 0xEF, 0xFF,
  0x5D, 0xEF, 0xFF, 0x5D, 0xEF, 0xFF, 0x5D, 0xEF, 0xFF, 0x5D, 0xEF, 0xFF, 0x5D, 0xEF, 0xFF, 0x5D, 0xEF, 0xFF, 0x5D, 0xEF, 0xFF, 0x5D, 0xEF, 0xFF,
  0x5D, 0xEF, 0xFF, 0x5D, 0xEF, 0xFF, 0x5D, 0xEF, 0xFF, 0x5D, 0xEF, 0xFF, 0x5C, 0xEF, 0xFF, 0x5D, 0xEF, 0xFF, 0x5D, 0xEF, 0xFF, 0x5C, 0xEF, 0xFF,
  0x5D, 0xEF, 0xFF, 0x5D, 0xEF, 0xFF, 0x5C, 0xEF, 0xFF, 0x5C, 0xEF, 0xFF, 0x3C, 0xEF, 0xFF, 0x3C, 0xEF, 0xFF, 0x3C, 0xE7, 0xFF, 0x7D, 0xF7, 0xFF,
  0x18, 0xC6, 0xFF, 0x21, 0x70, 0xFF, 0x00, 0x90, 0xFF, 0x01, 0x90, 0xFF, 0x01, 0x88, 0xFF, 0x00, 0x88, 0xFF, 0x01, 0x90, 0xFF, 0x00, 0x80, 0xFF,
  0x92, 0xAC, 0xFF, 0xDF, 0xF7, 0xFF, 0x5D, 0xEF, 0xFF, 0xFB, 0xE6, 0xFF, 0x9A, 0xD6, 0xFF, 0x5D, 0xEF, 0xFD, 0x3C, 0xE7, 0xFF, 0x55, 0xAD, 0xFD,
  0x61, 0x08, 0x06, 0x00, 0x00, 0x00, 0x00, 0x00, 0x00, 0x00, 0x00, 0x00, 0x00, 0x00, 0x00, 0x00, 0x00, 0x00, 0x00, 0x00, 0x00, 0xFF, 0xFF, 0x00,
  0xFF, 0xFF, 0x00, 0xFF, 0xFF, 0x00, 0xFF, 0xFF, 0x00, 0xFF, 0xFF, 0x00, 0xFF, 0xFF, 0x00, 0x00, 0x00, 0x00, 0x00, 0x00, 0x00, 0x00, 0x00, 0x00,
  0x00, 0x00, 0x00, 0x00, 0x00, 0x00, 0x00, 0x00, 0x00, 0x00, 0x00, 0x00, 0xB2, 0x94, 0xC5, 0x7D, 0xF7, 0xFF, 0x5D, 0xEF, 0xFB, 0xBA, 0xD6, 0xFF,
  0x79, 0xCE, 0xFF, 0x7D, 0xEF, 0xFF, 0x5D, 0xEF, 0xFF, 0xBA, 0xDE, 0xFF, 0xF7, 0xC5, 0xFF, 0xF7, 0xBD, 0xFF, 0xF7, 0xC5, 0xFF, 0xF7, 0xC5, 0xFF,
  0xD7, 0xC5, 0xFF, 0xD7, 0xBD, 0xFF, 0xD7, 0xC5, 0xFF, 0xFB, 0xE6, 0xFF, 0x5D, 0xEF, 0xFF, 0x5D, 0xEF, 0xFF, 0x5D, 0xEF, 0xFF, 0x5D, 0xEF, 0xFF,
  0x5D, 0xEF, 0xFF, 0x5C, 0xEF, 0xFF, 0x5D, 0xEF, 0xFF, 0x5D, 0xEF, 0xFF, 0x5D, 0xEF, 0xFF, 0x5D, 0xEF, 0xFF, 0x5D, 0xEF, 0xFF, 0x5D, 0xEF, 0xFF,
  0x5D, 0xEF, 0xFF, 0x5D, 0xEF, 0xFF, 0x5D, 0xEF, 0xFF, 0x5D, 0xEF, 0xFF, 0x5D, 0xEF, 0xFF, 0x5D, 0xEF, 0xFF, 0x5D, 0xEF, 0xFF, 0x5D, 0xEF, 0xFF,
  0x5D, 0xEF, 0xFF, 0x5D, 0xEF, 0xFF, 0x5D, 0xEF, 0xFF, 0x5D, 0xEF, 0xFF, 0x5D, 0xEF, 0xFF, 0x5D, 0xEF, 0xFF, 0x5D, 0xEF, 0xFF, 0x5D, 0xEF, 0xFF,
  0x5D, 0xEF, 0xFF, 0x5D, 0xEF, 0xFF, 0x5D, 0xEF, 0xFF, 0x5D, 0xEF, 0xFF, 0x5D, 0xEF, 0xFF, 0x5D, 0xEF, 0xFF, 0x5D, 0xEF, 0xFF, 0x5D, 0xEF, 0xFF,
  0x5D, 0xEF, 0xFF, 0x5D, 0xEF, 0xFF, 0x5D, 0xEF, 0xFF, 0x5D, 0xEF, 0xFF, 0x5D, 0xEF, 0xFF, 0x5D, 0xEF, 0xFF, 0x5D, 0xEF, 0xFF, 0x5D, 0xEF, 0xFF,
  0x5D, 0xEF, 0xFF, 0x5D, 0xEF, 0xFF, 0x5D, 0xEF, 0xFF, 0x5D, 0xEF, 0xFF, 0x5D, 0xEF, 0xFF, 0x5D, 0xEF, 0xFF, 0x5D, 0xEF, 0xFF, 0x5D, 0xEF, 0xFF,
  0x5D, 0xEF, 0xFF, 0x5C, 0xEF, 0xFF, 0x5D, 0xEF, 0xFF, 0x5D, 0xEF, 0xFF, 0x5C, 0xEF, 0xFF, 0x3C, 0xEF, 0xFF, 0x5D, 0xEF, 0xFF, 0x5D, 0xEF, 0xFF,
  0x5D, 0xEF, 0xFF, 0x3C, 0xEF, 0xFF, 0x5D, 0xEF, 0xFF, 0xDB, 0xDE, 0xFF, 0xB6, 0xBD, 0xFF, 0xD6, 0xBD, 0xFF, 0xD7, 0xC5, 0xFF, 0xD7, 0xC5, 0xFF,
  0xD6, 0xBD, 0xFF, 0xF7, 0xC5, 0xFF, 0xF7, 0xC5, 0xFF, 0xBA, 0xDE, 0xFF, 0x5D, 0xEF, 0xFF, 0x5D, 0xEF, 0xFF, 0xDB, 0xDE, 0xFF, 0x9A, 0xD6, 0xFF,
  0x5D, 0xEF, 0xFD, 0x5D, 0xEF, 0xFF, 0x55, 0xAD, 0xFD, 0x61, 0x08, 0x06, 0x00, 0x00, 0x00, 0x00, 0x00, 0x00, 0x00, 0x00, 0x00, 0x00, 0x00, 0x00,
  0x00, 0x00, 0x00, 0x00, 0x00, 0x00, 0xFF, 0xFF, 0x00, 0xFF, 0xFF, 0x00, 0xFF, 0xFF, 0x00, 0xFF, 0xFF, 0x00, 0xFF, 0xFF, 0x00, 0xFF, 0xFF, 0x00,
  0x00, 0x00, 0x00, 0x00, 0x00, 0x00, 0x00, 0x00, 0x00, 0x00, 0x00, 0x00, 0x00, 0x00, 0x00, 0x00, 0x00, 0x00, 0x00, 0x00, 0x00, 0xF3, 0x9C, 0xCC,
  0x7D, 0xF7, 0xFF, 0x5D, 0xEF, 0xFB, 0xBA, 0xD6, 0xFF, 0x59, 0xCE, 0xFF, 0x5D, 0xEF, 0xFF, 0x5D, 0xEF, 0xFF, 0x9E, 0xF7, 0xFF, 0xDF, 0xF7, 0xFF,
  0xDF, 0xF7, 0xFF, 0xBF, 0xF7, 0xFF, 0xBE, 0xF7, 0xFF, 0x9E, 0xEF, 0xFF, 0xBE, 0xEF, 0xFF, 0xDF, 0xF7, 0xFF, 0x9E, 0xEF, 0xFF, 0x7D, 0xEF, 0xFF,
  0x3C, 0xE7, 0xFF, 0x5C, 0xEF, 0xFF, 0x5D, 0xEF, 0xFF, 0x3C, 0xE7, 0xFF, 0x7D, 0xF7, 0xFF, 0x5D, 0xEF, 0xFF, 0x5D, 0xEF, 0xFF, 0x5D, 0xEF, 0xFF,
  0x5D, 0xEF, 0xFF, 0x5D, 0xEF, 0xFF, 0x5D, 0xEF, 0xFF, 0x5D, 0xEF, 0xFF, 0x5D, 0xEF, 0xFF, 0x5D, 0xEF, 0xFF, 0x9D, 0xF7, 0xFF, 0x7D, 0xF7, 0xFF,
  0x9D, 0xF7, 0xFF, 0x5D, 0xEF, 0xFF, 0x3C, 0xE7, 0xFF, 0x3C, 0xE7, 0xFF, 0x3C, 0xEF, 0xFF, 0x3C, 0xE7, 0xFF, 0x3C, 0xE7, 0xFF, 0x3C, 0xE7, 0xFF,
  0x3C, 0xE7, 0xFF, 0x3C, 0xE7, 0xFF, 0x3C, 0xE7, 0xFF, 0x3C, 0xE7, 0xFF, 0x3C, 0xE7, 0xFF, 0x3C, 0xE7, 0xFF, 0x3C, 0xEF, 0xFF, 0x3C, 0xE7, 0xFF,
  0x3C, 0xE7, 0xFF, 0x1C, 0xE7, 0xFF, 0x3C, 0xE7, 0xFF, 0x3C, 0xE7, 0xFF, 0x3C, 0xE7, 0xFF, 0x3C, 0xEF, 0xFF, 0x3C, 0xEF, 0xFF, 0x3C, 0xE7, 0xFF,
  0x3C, 0xE7, 0xFF, 0x3C, 0xE7, 0xFF, 0x3C, 0xE7, 0xFF, 0x3C, 0xE7, 0xFF, 0x3C, 0xE7, 0xFF, 0x3C, 0xEF, 0xFF, 0x7D, 0xEF, 0xFF, 0x7D, 0xEF, 0xFF,
  0x5D, 0xEF, 0xFF, 0x5D, 0xEF, 0xFF, 0x5D, 0xEF, 0xFF, 0x5C, 0xEF, 0xFF, 0x5C, 0xEF, 0xFF, 0x5D, 0xEF, 0xFF, 0x5D, 0xEF, 0xFF, 0x5C, 0xEF, 0xFF,
  0x7D, 0xEF, 0xFF, 0x3C, 0xEF, 0xFF, 0x3C, 0xEF, 0xFF, 0x3C, 0xE7, 0xFF, 0x1C, 0xE7, 0xFF, 0x5D, 0xE7, 0xFF, 0x9E, 0xEF, 0xFF, 0xDF, 0xF7, 0xFF,
  0xBE, 0xEF, 0xFF, 0x9E, 0xEF, 0xFF, 0xBE, 0xF7, 0xFF, 0xBF, 0xF7, 0xFF, 0xDF, 0xF7, 0xFF, 0xDF, 0xF7, 0xFF, 0xBE, 0xF7, 0xFF, 0x7D, 0xF7, 0xFF,
  0x5D, 0xEF, 0xFF, 0xBA, 0xD6, 0xFF, 0x79, 0xCE, 0xFF, 0x5D, 0xEF, 0xFD, 0x5D, 0xEF, 0xFF, 0x75, 0xAD, 0xFD, 0x82, 0x10, 0x06, 0x00, 0x00, 0x00,
  0x00, 0x00, 0x00, 0x00, 0x00, 0x00, 0x00, 0x00, 0x00, 0x00, 0x00, 0x00, 0x00, 0x00, 0x00, 0xFF, 0xFF, 0x00, 0xFF, 0xFF, 0x00, 0xFF, 0xFF, 0x00,
  0xFF, 0xFF, 0x00, 0xFF, 0xFF, 0x00, 0xFF, 0xFF, 0x00, 0x00, 0x00, 0x00, 0x00, 0x00, 0x00, 0x00, 0x00, 0x00, 0x00, 0x00, 0x00, 0x00, 0x00, 0x00,
  0x00, 0x00, 0x00, 0x00, 0x00, 0x00, 0x30, 0x84, 0xA3, 0x9E, 0xF7, 0xFF, 0x5D, 0xEF, 0xF9, 0xBA, 0xDE, 0xFF, 0x79, 0xCE, 0xFF, 0xDF, 0xFF, 0xFF,
  0x38, 0xC6, 0xFF, 0x67, 0x5A, 0xFF, 0x87, 0x62, 0xFF, 0x87, 0x6A, 0xFF, 0x87, 0x6A, 0xFF, 0xE7, 0x59, 0xFF, 0xC7, 0x59, 0xFF, 0x07, 0x5A, 0xFF,
  0x08, 0x62, 0xFF, 0xE7, 0x59, 0xFF, 0xC7, 0x51, 0xFF, 0x2C, 0x63, 0xFF, 0x8E, 0x73, 0xFF, 0xAE, 0x73, 0xFF, 0x2C, 0x63, 0xFF, 0x10, 0x84, 0xFF,
  0x7D, 0xF7, 0xFF, 0x5C, 0xEF, 0xFF, 0x5D, 0xEF, 0xFF, 0x5D, 0xEF, 0xFF, 0x5D, 0xEF, 0xFF, 0x5D, 0xEF, 0xFF, 0x5D, 0xEF, 0xFF, 0x5D, 0xEF, 0xFF,
  0x3C, 0xEF, 0xFF, 0x4E, 0x63, 0xFF, 0x4C, 0x3A, 0xFF, 0x8C, 0x42, 0xFF, 0x6E, 0x6B, 0xFF, 0xEF, 0x7B, 0xFF, 0xEF, 0x7B, 0xFF, 0xAE, 0x73, 0xFF,
  0xEF, 0x7B, 0xFF, 0x30, 0x84, 0xFF, 0x30, 0x84, 0xFF, 0xAE, 0x73, 0xFF, 0xEF, 0x7B, 0xFF, 0xAE, 0x73, 0xFF, 0xCF, 0x7B, 0xFF, 0xCF, 0x7B, 0xFF,
  0xEF, 0x7B, 0xFF, 0x8E, 0x73, 0xFF, 0x8E, 0x73, 0xFF, 0x8E, 0x73, 0xFF, 0xEF, 0x7B, 0xFF, 0xCF, 0x7B, 0xFF, 0x30, 0x84, 0xFF, 0x51, 0x8C, 0xFF,
  0xCF, 0x7B, 0xFF, 0xCF, 0x7B, 0xFF, 0xEF, 0x7B, 0xFF, 0xCF, 0x7B, 0xFF, 0xCF, 0x7B, 0xFF, 0x30, 0x84, 0xFF, 0x10, 0x84, 0xFF, 0xCE, 0x7B, 0xFF,
  0xAE, 0x73, 0xFF, 0xCF, 0x7B, 0xFF, 0x1C, 0xE7, 0xFF, 0x7D, 0xEF, 0xFF, 0x5D, 0xEF, 0xFF, 0x5D, 0xEF, 0xFF, 0x5D, 0xEF, 0xFF, 0x5D, 0xEF, 0xFF,
  0x5D, 0xEF, 0xFF, 0x3C, 0xE7, 0xFF, 0x9E, 0xF7, 0xFF, 0x92, 0x94, 0xFF, 0x0C, 0x63, 0xFF, 0xCF, 0x7B, 0xFF, 0xAE, 0x73, 0xFF, 0x6D, 0x6B, 0xFF,
  0x28, 0x5A, 0xFF, 0x08, 0x62, 0xFF, 0xE7, 0x59, 0xFF, 0xC7, 0x51, 0xFF, 0xC7, 0x59, 0xFF, 0xE7, 0x59, 0xFF, 0x87, 0x6A, 0xFF, 0x87, 0x6A, 0xFF,
  0x67, 0x62, 0xFF, 0x06, 0x52, 0xFF, 0x34, 0xA5, 0xFF, 0xDE, 0xFF, 0xFF, 0xBA, 0xDE, 0xFF, 0x9A, 0xD6, 0xFF, 0x5D, 0xEF, 0xFB, 0x7D, 0xEF, 0xFF,
  0x92, 0x94, 0xCE, 0x00, 0x00, 0x00, 0x00, 0x00, 0x00, 0x00, 0x00, 0x00, 0x00, 0x00, 0x00, 0x00, 0x00, 0x00, 0x00, 0x00, 0x00, 0x00, 0x00, 0x00,
  0xFF, 0xFF, 0x00, 0xFF, 0xFF, 0x00, 0xFF, 0xFF, 0x00, 0xFF, 0xFF, 0x00, 0xFF, 0xFF, 0x00, 0xFF, 0xFF, 0x00, 0x00, 0x00, 0x00, 0x00, 0x00, 0x00,
  0x00, 0x00, 0x00, 0x00, 0x00, 0x00, 0x00, 0x00, 0x00, 0x00, 0x00, 0x00, 0x00, 0x00, 0x00, 0x6D, 0x6B, 0x80, 0xBE, 0xF7, 0xFF, 0x5D, 0xEF, 0xF9,
  0xDB, 0xDE, 0xFF, 0x79, 0xCE, 0xFF, 0xFF, 0xFF, 0xFF, 0xD3, 0x94, 0xFF, 0x40, 0x71, 0xFF, 0x60, 0xCA, 0xFF, 0x20, 0xC2, 0xFF, 0x20, 0xBA, 0xFF,
  0x20, 0x78, 0xFF, 0x00, 0x98, 0xFF, 0x00, 0x88, 0xFF, 0x00, 0x80, 0xFF, 0x00, 0x90, 0xFF, 0x00, 0x68, 0xFF, 0x96, 0xB5, 0xFF, 0x1C, 0xE7, 0xFF,
  0xBA, 0xD6, 0xFF, 0x38, 0xC6, 0xFF, 0xCB, 0x5A, 0xFF, 0x5D, 0xEF, 0xFF, 0x5D, 0xEF, 0xFF, 0x5D, 0xEF, 0xFF, 0x5D, 0xEF, 0xFF, 0x5D, 0xEF, 0xFF,
  0x5D, 0xEF, 0xFF, 0x5C, 0xEF, 0xFF, 0x7D, 0xEF, 0xFF, 0xB9, 0xDE, 0xFF, 0x4B, 0x09, 0xFF, 0x91, 0x01, 0xFF, 0x0E, 0x01, 0xFF, 0xF7, 0x8C, 0xFF,
  0x5C, 0xEF, 0xFF, 0x59, 0xCE, 0xFF, 0x9E, 0xF7, 0xFF, 0x79, 0xCE, 0xFF, 0x38, 0xC6, 0xFF, 0x38, 0xC6, 0xFF, 0x7D, 0xEF, 0xFF, 0x18, 0xC6, 0xFF,
  0x1B, 0xDF, 0xFF, 0x1C, 0xE7, 0xFF, 0x5D, 0xEF, 0xFF, 0x38, 0xC6, 0xFF, 0x59, 0xCE, 0xFF, 0x3C, 0xE7, 0xFF, 0xFB, 0xDE, 0xFF, 0x96, 0xB5, 0xFF,
  0x5D, 0xEF, 0xFF, 0x18, 0xC6, 0xFF, 0x14, 0xA5, 0xFF, 0x3C, 0xE7, 0xFF, 0x7D, 0xEF, 0xFF, 0x59, 0xCE, 0xFF, 0xFB, 0xDE, 0xFF, 0x3C, 0xE7, 0xFF,
  0x34, 0xA5, 0xFF, 0x71, 0x8C, 0xFF, 0x38, 0xC6, 0xFF, 0x9E, 0xF7, 0xFF, 0xCF, 0x7B, 0xFF, 0x38, 0xC6, 0xFF, 0x9E, 0xF7, 0xFF, 0x5C, 0xEF, 0xFF,
  0x5D, 0xEF, 0xFF, 0x5D, 0xEF, 0xFF, 0x5D, 0xEF, 0xFF, 0x5D, 0xEF, 0xFF, 0x3C, 0xE7, 0xFF, 0xBE, 0xF7, 0xFF, 0x2C, 0x63, 0xFF, 0x96, 0xB5, 0xFF,
  0xDB, 0xDE, 0xFF, 0xDB, 0xDE, 0xFF, 0x59, 0xC6, 0xFF, 0x82, 0x70, 0xFF, 0x00, 0x90, 0xFF, 0x00, 0x80, 0xFF, 0x00, 0x78, 0xFF, 0x00, 0x90, 0xFF,
  0x00, 0x70, 0xFF, 0x20, 0xBA, 0xFF, 0x60, 0xCA, 0xFF, 0x40, 0xCA, 0xFF, 0x20, 0x89, 0xFF, 0x6D, 0x6B, 0xFF, 0xFF, 0xFF, 0xFF, 0xBA, 0xDE, 0xFF,
  0xBA, 0xDE, 0xFF, 0x5D, 0xEF, 0xFB, 0x7D, 0xEF, 0xFF, 0x71, 0x8C, 0xC5, 0x00, 0x00, 0x00, 0x00, 0x00, 0x00, 0x00, 0x00, 0x00, 0x00, 0x00, 0x00,
  0x00, 0x00, 0x00, 0x00, 0x00, 0x00, 0x00, 0x00, 0x00, 0xFF, 0xFF, 0x00, 0xFF, 0xFF, 0x00, 0xFF, 0xFF, 0x00, 0xFF, 0xFF, 0x00, 0xFF, 0xFF, 0x00,
  0xFF, 0xFF, 0x00, 0x00, 0x00, 0x00, 0x00, 0x00, 0x00, 0x00, 0x00, 0x00, 0x00, 0x00, 0x00, 0x00, 0x00, 0x00, 0x00, 0x00, 0x00, 0x00, 0x00, 0x00,
  0x8E, 0x73, 0x86, 0xBE, 0xF7, 0xFF, 0x5D, 0xEF, 0xF9, 0xDB, 0xDE, 0xFF, 0x58, 0xCE, 0xFF, 0xFF, 0xFF, 0xFF, 0x35, 0xA5, 0xFF, 0x80, 0x89, 0xFF,
  0x80, 0xD2, 0xFF, 0x20, 0xC2, 0xFF, 0x40, 0xBA, 0xFF, 0x40, 0x78, 0xFF, 0x00, 0x90, 0xFF, 0x21, 0xA0, 0xFF, 0x01, 0xB0, 0xFF, 0x00, 0x98, 0xFF,
  0x00, 0x70, 0xFF, 0x75, 0xAD, 0xFF, 0xFB, 0xDE, 0xFF, 0x9A, 0xD6, 0xFF, 0x38, 0xC6, 0xFF, 0x2C, 0x63, 0xFF, 0x7D, 0xEF, 0xFF, 0x5D, 0xEF, 0xFF,
  0x5D, 0xEF, 0xFF, 0x5D, 0xEF, 0xFF, 0x5D, 0xEF, 0xFF, 0x5D, 0xEF, 0xFF, 0x5C, 0xEF, 0xFF, 0x7D, 0xEF, 0xFF, 0x79, 0xD6, 0xFF, 0x8A, 0x19, 0xFF,
  0x12, 0x0A, 0xFF, 0xB0, 0x01, 0xFF, 0x58, 0x9D, 0xFF, 0x99, 0xD6, 0xFF, 0x4D, 0x6B, 0xFF, 0xFB, 0xDE, 0xFF, 0xEF, 0x7B, 0xFF, 0x14, 0xA5, 0xFF,
  0x6D, 0x6B, 0xFF, 0x55, 0xAD, 0xFF, 0x8E, 0x73, 0xFF, 0xBE, 0xF7, 0xFF, 0x9E, 0xF7, 0xFF, 0x58, 0xCE, 0xFF, 0x04, 0x21, 0xFF, 0x96, 0xB5, 0xFF,
  0xFF, 0xFF, 0xFF, 0x10, 0x84, 0xFF, 0xD3, 0x9C, 0xFF, 0xFB, 0xDE, 0xFF, 0x0C, 0x63, 0xFF, 0xCF, 0x73, 0xFF, 0xB2, 0x94, 0xFF, 0xFF, 0xFF, 0xFF,
  0x86, 0x31, 0xFF, 0x14, 0xA5, 0xFF, 0x3C, 0xE7, 0xFF, 0x69, 0x4A, 0xFF, 0x75, 0xAD, 0xFF, 0xCB, 0x5A, 0xFF, 0x7D, 0xEF, 0xFF, 0x30, 0x84, 0xFF,
  0x38, 0xCE, 0xFF, 0x9E, 0xF7, 0xFF, 0x5C, 0xEF, 0xFF, 0x5D, 0xEF, 0xFF, 0x5D, 0xEF, 0xFF, 0x5D, 0xEF, 0xFF, 0x5D, 0xEF, 0xFF, 0x3C, 0xE7, 0xFF,
  0xBE, 0xF7, 0xFF, 0x8E, 0x73, 0xFF, 0xD7, 0xBD, 0xFF, 0xDB, 0xDE, 0xFF, 0xBA, 0xDE, 0xFF, 0x38, 0xBE, 0xFF, 0xA3, 0x68, 0xFF, 0x00, 0x88, 0xFF,
  0x01, 0xA8, 0xFF, 0x01, 0xB0, 0xFF, 0x00, 0x98, 0xFF, 0x20, 0x68, 0xFF, 0x00, 0xB2, 0xFF, 0x40, 0xCA, 0xFF, 0x60, 0xD2, 0xFF, 0x80, 0x99, 0xFF,
  0xCF, 0x7B, 0xFF, 0xFF, 0xFF, 0xFF, 0x9A, 0xD6, 0xFF, 0xBA, 0xD6, 0xFF, 0x5D, 0xEF, 0xFB, 0x7D, 0xEF, 0xFF, 0x51, 0x8C, 0xC7, 0x00, 0x00, 0x00,
  0x00, 0x00, 0x00, 0x00, 0x00, 0x00, 0x00, 0x00, 0x00, 0x00, 0x00, 0x00, 0x00, 0x00, 0x00, 0x00, 0x00, 0x00, 0xFF, 0xFF, 0x00, 0xFF, 0xFF, 0x00,
  0xFF, 0xFF, 0x00, 0xFF, 0xFF, 0x00, 0xFF, 0xFF, 0x00, 0xFF, 0xFF, 0x00, 0x00, 0x00, 0x00, 0x00, 0x00, 0x00, 0x00, 0x00, 0x00, 0x00, 0x00, 0x00,
  0x00, 0x00, 0x00, 0x00, 0x00, 0x00, 0x00, 0x00, 0x00, 0x6D, 0x6B, 0x85, 0xBE, 0xF7, 0xFF, 0x5D, 0xEF, 0xF9, 0xFB, 0xDE, 0xFF, 0x59, 0xCE, 0xFF,
  0xFF, 0xFF, 0xFF, 0x35, 0x9D, 0xFF, 0xA0, 0x81, 0xFF, 0x20, 0xF3, 0xFF, 0xE0, 0xE2, 0xFF, 0x20, 0xB2, 0xFF, 0x40, 0x68, 0xFF, 0x00, 0x98, 0xFF,
  0x22, 0xF0, 0xFF, 0x22, 0xF8, 0xFF, 0x01, 0xA0, 0xFF, 0x00, 0x68, 0xFF, 0x35, 0xA5, 0xFF, 0x7D, 0xEF, 0xFF, 0x9E, 0xF7, 0xFF, 0x9A, 0xD6, 0xFF,
  0x4D, 0x6B, 0xFF, 0x7D, 0xEF, 0xFF, 0x5D, 0xEF, 0xFF, 0x5D, 0xEF, 0xFF, 0x5D, 0xEF, 0xFF, 0x5D, 0xEF, 0xFF, 0x5D, 0xEF, 0xFF, 0x3C, 0xEF, 0xFF,
  0x7D, 0xEF, 0xFF, 0x99, 0xD6, 0xFF, 0x6A, 0x19, 0xFF, 0xD2, 0x09, 0xFF, 0x90, 0x01, 0xFF, 0x59, 0x9D, 0xFF, 0x5C, 0xEF, 0xFF, 0xCB, 0x52, 0xFF,
  0x86, 0x31, 0xFF, 0x49, 0x4A, 0xFF, 0x79, 0xCE, 0xFF, 0xD7, 0xBD, 0xFF, 0xE3, 0x18, 0xFF, 0x38, 0xC6, 0xFF, 0x9E, 0xF7, 0xFF, 0x5D, 0xEF, 0xFF,
  0xFB, 0xDE, 0xFF, 0x4D, 0x6B, 0xFF, 0xF7, 0xBD, 0xFF, 0x59, 0xCE, 0xFF, 0xA2, 0x10, 0xFF, 0xD3, 0x9C, 0xFF, 0x1C, 0xE7, 0xFF, 0xEB, 0x5A, 0xFF,
  0xEC, 0x5A, 0xFF, 0x34, 0xA5, 0xFF, 0xFB, 0xDE, 0xFF, 0x69, 0x4A, 0xFF, 0x71, 0x8C, 0xFF, 0x3C, 0xE7, 0xFF, 0xEB, 0x5A, 0xFF, 0xB6, 0xB5, 0xFF,
  0xAA, 0x52, 0xFF, 0x7D, 0xEF, 0xFF, 0x51, 0x8C, 0xFF, 0x59, 0xCE, 0xFF, 0x9E, 0xF7, 0xFF, 0x5C, 0xEF, 0xFF, 0x5D, 0xEF, 0xFF, 0x5D, 0xEF, 0xFF,
  0x5D, 0xEF, 0xFF, 0x5D, 0xEF, 0xFF, 0x3C, 0xEF, 0xFF, 0xBE, 0xF7, 0xFF, 0x8E, 0x73, 0xFF, 0xB7, 0xBD, 0xFF, 0x7D, 0xEF, 0xFF, 0x5D, 0xEF, 0xFF,
  0x38, 0xBE, 0xFF, 0xA2, 0x68, 0xFF, 0x00, 0x98, 0xFF, 0x22, 0xE8, 0xFF, 0x02, 0xF8, 0xFF, 0x01, 0xA8, 0xFF, 0x00, 0x58, 0xFF, 0xE0, 0xA1, 0xFF,
  0xC0, 0xEA, 0xFF, 0xE0, 0xF2, 0xFF, 0xA0, 0xA1, 0xFF, 0xEF, 0x7B, 0xFF, 0xFF, 0xFF, 0xFF, 0x79, 0xD6, 0xFF, 0x9A, 0xD6, 0xFF, 0x5D, 0xEF, 0xFB,
  0x7D, 0xEF, 0xFF, 0x71, 0x8C, 0xC7, 0x00, 0x00, 0x00, 0x00, 0x00, 0x00, 0x00, 0x00, 0x00, 0x00, 0x00, 0x00, 0x00, 0x00, 0x00, 0x00, 0x00, 0x00,
  0x00, 0x00, 0x00, 0xFF, 0xFF, 0x00, 0xFF, 0xFF, 0x00, 0xFF, 0xFF, 0x00, 0xFF, 0xFF, 0x00, 0xFF, 0xFF, 0x00, 0xFF, 0xFF, 0x00, 0x00, 0x00, 0x00,
  0x00, 0x00, 0x00, 0x00, 0x00, 0x00, 0x00, 0x00, 0x00, 0x00, 0x00, 0x00, 0x00, 0x00, 0x00, 0x00, 0x00, 0x00, 0x6D, 0x6B, 0x85, 0x9E, 0xF7, 0xFF,
  0x5D, 0xEF, 0xF9, 0xFB, 0xDE, 0xFF, 0x79, 0xCE, 0xFF, 0xFF, 0xFF, 0xFF, 0xF4, 0x94, 0xFF, 0xA0, 0x81, 0xFF, 0xE1, 0xFB, 0xFF, 0x80, 0xFB, 0xFF,
  0xA0, 0xCA, 0xFF, 0x40, 0x70, 0xFF, 0x01, 0xA8, 0xFF, 0x22, 0xE0, 0xFF, 0x22, 0xD0, 0xFF, 0x21, 0x98, 0xFF, 0x00, 0x70, 0xFF, 0xD7, 0xBD, 0xFF,
  0xFF, 0xFF, 0xFF, 0xFF, 0xFF, 0xFF, 0x1C, 0xE7, 0xFF, 0x4D, 0x6B, 0xFF, 0x9E, 0xF7, 0xFF, 0x5D, 0xEF, 0xFF, 0x5D, 0xEF, 0xFF, 0x5D, 0xEF, 0xFF,
  0x5D, 0xEF, 0xFF, 0x5D, 0xEF, 0xFF, 0x3C, 0xEF, 0xFF, 0x7D, 0xEF, 0xFF, 0xDA, 0xDE, 0xFF, 0x8C, 0x19, 0xFF, 0x74, 0x22, 0xFF, 0x71, 0x01, 0xFF,
  0x38, 0x95, 0xFF, 0xDE, 0xFF, 0xFF, 0xA6, 0x31, 0xFF, 0x08, 0x3A, 0xFF, 0x24, 0x21, 0xFF, 0xDB, 0xDE, 0xFF, 0x7D, 0xEF, 0xFF, 0x4D, 0x6B, 0xFF,
  0x3C, 0xE7, 0xFF, 0x3C, 0xE7, 0xFF, 0x1C, 0xE7, 0xFF, 0xFF, 0xFF, 0xFF, 0x71, 0x8C, 0xFF, 0x18, 0xC6, 0xFF, 0xAE, 0x73, 0xFF, 0xD7, 0xB5, 0xFF,
  0xEF, 0x7B, 0xFF, 0x92, 0x94, 0xFF, 0x10, 0x84, 0xFF, 0xD3, 0x9C, 0xFF, 0xB3, 0x94, 0xFF, 0x55, 0xA5, 0xFF, 0x8A, 0x52, 0xFF, 0xCB, 0x5A, 0xFF,
  0xBA, 0xD6, 0xFF, 0xCB, 0x5A, 0xFF, 0xB2, 0x94, 0xFF, 0x79, 0xCE, 0xFF, 0xFF, 0xFF, 0xFF, 0x51, 0x8C, 0xFF, 0x59, 0xCE, 0xFF, 0x9E, 0xF7, 0xFF,
  0x5C, 0xEF, 0xFF, 0x5D, 0xEF, 0xFF, 0x5D, 0xEF, 0xFF, 0x5D, 0xEF, 0xFF, 0x5D, 0xEF, 0xFF, 0x3C, 0xE7, 0xFF, 0xBE, 0xF7, 0xFF, 0x8E, 0x73, 0xFF,
  0x59, 0xCE, 0xFF, 0xFF, 0xFF, 0xFF, 0xFF, 0xFF, 0xFF, 0xFB, 0xD6, 0xFF, 0xA3, 0x78, 0xFF, 0x00, 0xA8, 0xFF, 0x22, 0xD0, 0xFF, 0x22, 0xD0, 0xFF,
  0x21, 0xA0, 0xFF, 0x20, 0x68, 0xFF, 0x60, 0xBA, 0xFF, 0x60, 0xFB, 0xFF, 0x61, 0xFB, 0xFF, 0xC0, 0xB1, 0xFF, 0xEF, 0x83, 0xFF, 0xFF, 0xFF, 0xFF,
  0x9A, 0xD6, 0xFF, 0x9A, 0xD6, 0xFF, 0x3C, 0xEF, 0xFB, 0x5D, 0xEF, 0xFF, 0x71, 0x8C, 0xC7, 0x00, 0x00, 0x00, 0x00, 0x00, 0x00, 0x00, 0x00, 0x00,
  0x00, 0x00, 0x00, 0x00, 0x00, 0x00, 0x00, 0x00, 0x00, 0x00, 0x00, 0x00, 0xFF, 0xFF, 0x00, 0xFF, 0xFF, 0x00, 0xFF, 0xFF, 0x00, 0xFF, 0xFF, 0x00,
  0xFF, 0xFF, 0x00, 0xFF, 0xFF, 0x00, 0x00, 0x00, 0x00, 0x00, 0x00, 0x00, 0x00, 0x00, 0x00, 0x00, 0x00, 0x00, 0x00, 0x00, 0x00, 0x00, 0x00, 0x00,
  0x00, 0x00, 0x00, 0x8D, 0x73, 0x85, 0x9E, 0xF7, 0xFF, 0x3C, 0xEF, 0xF9, 0xFB, 0xE6, 0xFF, 0x79, 0xCE, 0xFF, 0xFF, 0xFF, 0xFF, 0xD3, 0x94, 0xFF,
  0xA0, 0x58, 0xFF, 0x20, 0xBA, 0xFF, 0xE0, 0xB1, 0xFF, 0xA0, 0xA1, 0xFF, 0x00, 0x58, 0xFF, 0x00, 0x70, 0xFF, 0x00, 0x60, 0xFF, 0x00, 0x58, 0xFF,
  0x00, 0x70, 0xFF, 0x00, 0x58, 0xFF, 0xF3, 0x9C, 0xFF, 0xBA, 0xD6, 0xFF, 0x79, 0xCE, 0xFF, 0x55, 0xAD, 0xFF, 0xAA, 0x52, 0xFF, 0x7D, 0xEF, 0xFF,
  0x5D, 0xEF, 0xFF, 0x5D, 0xEF, 0xFF, 0x5D, 0xEF, 0xFF, 0x5D, 0xEF, 0xFF, 0x5D, 0xEF, 0xFF, 0x5C, 0xEF, 0xFF, 0x7D, 0xEF, 0xFF, 0x99, 0xD6, 0xFF,
  0xEC, 0x21, 0xFF, 0xFA, 0x7C, 0xFF, 0xF5, 0x32, 0xFF, 0xD7, 0x8C, 0xFF, 0xDE, 0xFF, 0xFF, 0xC7, 0x39, 0xFF, 0x34, 0xA5, 0xFF, 0x28, 0x42, 0xFF,
  0x1C, 0xE7, 0xFF, 0x3C, 0xE7, 0xFF, 0x6D, 0x6B, 0xFF, 0x5C, 0xEF, 0xFF, 0x5D, 0xEF, 0xFF, 0x1C, 0xE7, 0xFF, 0xBE, 0xFF, 0xFF, 0xCF, 0x7B, 0xFF,
  0xF7, 0xBD, 0xFF, 0xD3, 0x9C, 0xFF, 0x10, 0x84, 0xFF, 0x6D, 0x6B, 0xFF, 0xF3, 0x9C, 0xFF, 0x6D, 0x6B, 0xFF, 0x71, 0x8C, 0xFF, 0x10, 0x84, 0xFF,
  0x8E, 0x6B, 0xFF, 0x92, 0x8C, 0xFF, 0x0B, 0x5B, 0xFF, 0xD3, 0x9C, 0xFF, 0xCF, 0x7B, 0xFF, 0xFF, 0xFF, 0xFF, 0x7D, 0xEF, 0xFF, 0xBE, 0xF7, 0xFF,
  0x30, 0x84, 0xFF, 0x38, 0xCE, 0xFF, 0x9E, 0xF7, 0xFF, 0x5D, 0xEF, 0xFF, 0x5D, 0xEF, 0xFF, 0x5D, 0xEF, 0xFF, 0x5D, 0xEF, 0xFF, 0x5D, 0xEF, 0xFF,
  0x3C, 0xE7, 0xFF, 0xBE, 0xFF, 0xFF, 0x4D, 0x6B, 0xFF, 0x54, 0xA5, 0xFF, 0xBA, 0xD6, 0xFF, 0x79, 0xD6, 0xFF, 0x95, 0xA5, 0xFF, 0x20, 0x58, 0xFF,
  0x00, 0x80, 0xFF, 0x00, 0x68, 0xFF, 0x00, 0x58, 0xFF, 0x00, 0x68, 0xFF, 0x00, 0x58, 0xFF, 0xC0, 0x99, 0xFF, 0x00, 0xC2, 0xFF, 0xC0, 0xB9, 0xFF,
  0xA0, 0x78, 0xFF, 0xAE, 0x73, 0xFF, 0xFF, 0xFF, 0xFF, 0x9A, 0xD6, 0xFF, 0xBA, 0xD6, 0xFF, 0x3C, 0xEF, 0xFB, 0x3C, 0xE7, 0xFF, 0x51, 0x8C, 0xC7,
  0x00, 0x00, 0x00, 0x00, 0x00, 0x00, 0x00, 0x00, 0x00, 0x00, 0x00, 0x00, 0x00, 0x00, 0x00, 0x00, 0x00, 0x00, 0x00, 0x00, 0x00, 0xFF, 0xFF, 0x00,
  0xFF, 0xFF, 0x00, 0xFF, 0xFF, 0x00, 0xFF, 0xFF, 0x00, 0xFF, 0xFF, 0x00, 0xFF, 0xFF, 0x00, 0x00, 0x00, 0x00, 0x00, 0x00, 0x00, 0x00, 0x00, 0x00,
  0x00, 0x00, 0x00, 0x00, 0x00, 0x00, 0x00, 0x00, 0x00, 0x00, 0x00, 0x00, 0x8E, 0x73, 0x85, 0x9E, 0xF7, 0xFF, 0x5D, 0xEF, 0xF9, 0xFB, 0xDE, 0xFF,
  0x59, 0xCE, 0xFF, 0xBE, 0xF7, 0xFF, 0xBA, 0xD6, 0xFF, 0x4C, 0x6B, 0xFF, 0x0C, 0x63, 0xFF, 0x0B, 0x63, 0xFF, 0x2C, 0x6B, 0xFF, 0x2C, 0x6B, 0xFF,
  0x2C, 0x6B, 0xFF, 0x0B, 0x63, 0xFF, 0x0C, 0x63, 0xFF, 0x2C, 0x6B, 0xFF, 0x6D, 0x73, 0xFF, 0xCF, 0x7B, 0xFF, 0xCE, 0x7B, 0xFF, 0xCE, 0x73, 0xFF,
  0x6D, 0x6B, 0xFF, 0xD3, 0x9C, 0xFF, 0x7D, 0xF7, 0xFF, 0x5C, 0xEF, 0xFF, 0x5D, 0xEF, 0xFF, 0x5D, 0xEF, 0xFF, 0x5D, 0xEF, 0xFF, 0x5D, 0xEF, 0xFF,
  0x5C, 0xEF, 0xFF, 0x7D, 0xEF, 0xFF, 0x99, 0xD6, 0xFF, 0x4B, 0x11, 0xFF, 0xD3, 0x01, 0xFF, 0xF1, 0x11, 0xFF, 0x17, 0x95, 0xFF, 0xDE, 0xFF, 0xFF,
  0x18, 0xBE, 0xFF, 0x5D, 0xEF, 0xFF, 0x18, 0xC6, 0xFF, 0x3C, 0xE7, 0xFF, 0x3C, 0xE7, 0xFF, 0x18, 0xC6, 0xFF, 0x9D, 0xF7, 0xFF, 0x9E, 0xF7, 0xFF,
  0x5D, 0xEF, 0xFF, 0x5D, 0xEF, 0xFF, 0xF7, 0xBD, 0xFF, 0xBA, 0xD6, 0xFF, 0x9E, 0xF7, 0xFF, 0xD3, 0x9C, 0xFF, 0xD7, 0xBD, 0xFF, 0xDF, 0xFF, 0xFF,
  0x75, 0xAD, 0xFF, 0x71, 0x8C, 0xFF, 0xFB, 0xDE, 0xFF, 0xF7, 0xBD, 0xFF, 0xFF, 0xFF, 0xFF, 0xDB, 0xDE, 0xFF, 0xF7, 0xBD, 0xFF, 0x18, 0xC6, 0xFF,
  0x3C, 0xE7, 0xFF, 0x1C, 0xE7, 0xFF, 0xBE, 0xF7, 0xFF, 0xEF, 0x7B, 0xFF, 0x38, 0xC6, 0xFF, 0x9E, 0xF7, 0xFF, 0x5D, 0xEF, 0xFF, 0x5D, 0xEF, 0xFF,
  0x5D, 0xEF, 0xFF, 0x5D, 0xEF, 0xFF, 0x5D, 0xEF, 0xFF, 0x3C, 0xEF, 0xFF, 0x9E, 0xF7, 0xFF, 0x75, 0xAD, 0xFF, 0x6D, 0x6B, 0xFF, 0xAE, 0x73, 0xFF,
  0x8E, 0x73, 0xFF, 0xAE, 0x73, 0xFF, 0x4D, 0x73, 0xFF, 0x2C, 0x73, 0xFF, 0x2C, 0x6B, 0xFF, 0x0C, 0x6B, 0xFF, 0x2C, 0x6B, 0xFF, 0x4D, 0x73, 0xFF,
  0x8D, 0x73, 0xFF, 0x6D, 0x73, 0xFF, 0x2C, 0x6B, 0xFF, 0xEB, 0x62, 0xFF, 0x96, 0xB5, 0xFF, 0x9E, 0xF7, 0xFF, 0x9A, 0xD6, 0xFF, 0xFB, 0xDE, 0xFF,
  0x5D, 0xEF, 0xFB, 0x3C, 0xE7, 0xFF, 0x51, 0x8C, 0xC7, 0x00, 0x00, 0x00, 0x00, 0x00, 0x00, 0x00, 0x00, 0x00, 0x00, 0x00, 0x00, 0x00, 0x00, 0x00,
  0x00, 0x00, 0x00, 0x00, 0x00, 0x00, 0xFF, 0xFF, 0x00, 0xFF, 0xFF, 0x00, 0xFF, 0xFF, 0x00, 0xFF, 0xFF, 0x00, 0xFF, 0xFF, 0x00, 0xFF, 0xFF, 0x00,
  0x00, 0x00, 0x00, 0x00, 0x00, 0x00, 0x00, 0x00, 0x00, 0x00, 0x00, 0x00, 0x00, 0x00, 0x00, 0x00, 0x00, 0x00, 0x00, 0x00, 0x00, 0xAE, 0x73, 0x85,
  0x9E, 0xF7, 0xFF, 0x5D, 0xEF, 0xF9, 0xFB, 0xE6, 0xFF, 0x38, 0xC6, 0xFF, 0x5D, 0xEF, 0xFF, 0x7D, 0xEF, 0xFF, 0xBE, 0xF7, 0xFF, 0x7D, 0xF7, 0xFF,
  0x7D, 0xF7, 0xFF, 0x5D, 0xEF, 0xFF, 0x7D, 0xF7, 0xFF, 0x7D, 0xEF, 0xFF, 0x7D, 0xEF, 0xFF, 0x7D, 0xF7, 0xFF, 0x9E, 0xF7, 0xFF, 0x9E, 0xF7, 0xFF,
  0x7D, 0xF7, 0xFF, 0x9D, 0xF7, 0xFF, 0x9E, 0xF7, 0xFF, 0x9E, 0xF7, 0xFF, 0x9E, 0xF7, 0xFF, 0x5D, 0xEF, 0xFF, 0x5D, 0xEF, 0xFF, 0x5D, 0xEF, 0xFF,
  0x5D, 0xEF, 0xFF, 0x5D, 0xEF, 0xFF, 0x5D, 0xEF, 0xFF, 0x5D, 0xEF, 0xFF, 0x5D, 0xEF, 0xFF, 0x1B, 0xE7, 0xFF, 0x6A, 0x4A, 0xFF, 0x89, 0x21, 0xFF,
  0x89, 0x29, 0xFF, 0xCB, 0x52, 0xFF, 0x8D, 0x73, 0xFF, 0xCF, 0x7B, 0xFF, 0x8E, 0x73, 0xFF, 0xAE, 0x73, 0xFF, 0x4D, 0x6B, 0xFF, 0x4D, 0x6B, 0xFF,
  0xAE, 0x73, 0xFF, 0x8E, 0x73, 0xFF, 0x8E, 0x73, 0xFF, 0x8D, 0x73, 0xFF, 0x4D, 0x6B, 0xFF, 0x8D, 0x73, 0xFF, 0x6D, 0x6B, 0xFF, 0x6D, 0x73, 0xFF,
  0x10, 0x84, 0xFF, 0xAE, 0x73, 0xFF, 0x2C, 0x63, 0xFF, 0x8E, 0x73, 0xFF, 0xEF, 0x7B, 0xFF, 0x6D, 0x73, 0xFF, 0xCE, 0x7B, 0xFF, 0x6D, 0x6B, 0xFF,
  0xAE, 0x73, 0xFF, 0xCF, 0x7B, 0xFF, 0x8E, 0x73, 0xFF, 0x2C, 0x63, 0xFF, 0x2C, 0x63, 0xFF, 0x4D, 0x6B, 0xFF, 0x6D, 0x6B, 0xFF, 0x3C, 0xE7, 0xFF,
  0x7D, 0xEF, 0xFF, 0x5D, 0xEF, 0xFF, 0x5D, 0xEF, 0xFF, 0x5D, 0xEF, 0xFF, 0x5D, 0xEF, 0xFF, 0x5D, 0xEF, 0xFF, 0x5D, 0xEF, 0xFF, 0x3C, 0xEF, 0xFF,
  0x7D, 0xF7, 0xFF, 0x9E, 0xF7, 0xFF, 0x9D, 0xF7, 0xFF, 0x9E, 0xF7, 0xFF, 0x9E, 0xF7, 0xFF, 0xBE, 0xF7, 0xFF, 0x9E, 0xF7, 0xFF, 0x9E, 0xF7, 0xFF,
  0x9E, 0xF7, 0xFF, 0x9E, 0xF7, 0xFF, 0x9E, 0xF7, 0xFF, 0x7D, 0xEF, 0xFF, 0x7D, 0xEF, 0xFF, 0x7D, 0xEF, 0xFF, 0x9D, 0xF7, 0xFF, 0x7D, 0xEF, 0xFF,
  0x5D, 0xEF, 0xFF, 0x79, 0xCE, 0xFF, 0xFB, 0xDE, 0xFF, 0x7D, 0xEF, 0xFB, 0x5D, 0xEF, 0xFF, 0x92, 0x94, 0xC8, 0x00, 0x00, 0x00, 0x00, 0x00, 0x00,
  0x00, 0x00, 0x00, 0x00, 0x00, 0x00, 0x00, 0x00, 0x00, 0x00, 0x00, 0x00, 0x00, 0x00, 0x00, 0xFF, 0xFF, 0x00, 0xFF, 0xFF, 0x00, 0xFF, 0xFF, 0x00,
  0xFF, 0xFF, 0x00, 0xFF, 0xFF, 0x00, 0xFF, 0xFF, 0x00, 0x00, 0x00, 0x00, 0x00, 0x00, 0x00, 0x00, 0x00, 0x00, 0x00, 0x00, 0x00, 0x00, 0x00, 0x00,
  0x00, 0x00, 0x00, 0x00, 0x00, 0x00, 0xAE, 0x73, 0x83, 0x9E, 0xF7, 0xFF, 0x7D, 0xEF, 0xF9, 0x3C, 0xE7, 0xFF, 0x59, 0xCE, 0xFF, 0x5D, 0xEF, 0xFF,
  0x3C, 0xE7, 0xFF, 0x7D, 0xEF, 0xFF, 0x9E, 0xE7, 0xFF, 0x9D, 0xE7, 0xFF, 0x5D, 0xE7, 0xFF, 0x5C, 0xE7, 0xFF, 0x3C, 0xE7, 0xFF, 0x3C, 0xE7, 0xFF,
  0x3C, 0xE7, 0xFF, 0x3C, 0xE7, 0xFF, 0x3C, 0xE7, 0xFF, 0x3C, 0xE7, 0xFF, 0x3C, 0xE7, 0xFF, 0x3C, 0xE7, 0xFF, 0x3C, 0xE7, 0xFF, 0x5C, 0xEF, 0xFF,
  0x5D, 0xEF, 0xFF, 0x5D, 0xEF, 0xFF, 0x5D, 0xEF, 0xFF, 0x5D, 0xEF, 0xFF, 0x5D, 0xEF, 0xFF, 0x5D, 0xEF, 0xFF, 0x5D, 0xEF, 0xFF, 0x5D, 0xEF, 0xFF,
  0x5D, 0xEF, 0xFF, 0x3C, 0xEF, 0xFF, 0x1B, 0xE7, 0xFF, 0x1B, 0xE7, 0xFF, 0xFB, 0xDE, 0xFF, 0xDB, 0xDE, 0xFF, 0xDB, 0xDE, 0xFF, 0xFB, 0xDE, 0xFF,
  0xDB, 0xDE, 0xFF, 0xFB, 0xDE, 0xFF, 0xFB, 0xDE, 0xFF, 0xDB, 0xDE, 0xFF, 0xFB, 0xDE, 0xFF, 0xFB, 0xDE, 0xFF, 0xFB, 0xDE, 0xFF, 0xFB, 0xDE, 0xFF,
  0xFB, 0xDE, 0xFF, 0xFB, 0xDE, 0xFF, 0xFB, 0xDE, 0xFF, 0xDB, 0xDE, 0xFF, 0xDB, 0xDE, 0xFF, 0xFB, 0xDE, 0xFF, 0xDB, 0xDE, 0xFF, 0xDB, 0xDE, 0xFF,
  0x1B, 0xE7, 0xFF, 0xFB, 0xDE, 0xFF, 0xFB, 0xDE, 0xFF, 0xFB, 0xDE, 0xFF, 0xFB, 0xDE, 0xFF, 0xFB, 0xDE, 0xFF, 0xDB, 0xDE, 0xFF, 0xDB, 0xDE, 0xFF,
  0xDB, 0xDE, 0xFF, 0x5D, 0xEF, 0xFF, 0x7D, 0xEF, 0xFF, 0x5D, 0xEF, 0xFF, 0x5D, 0xEF, 0xFF, 0x5D, 0xEF, 0xFF, 0x5D, 0xEF, 0xFF, 0x5D, 0xEF, 0xFF,
  0x5D, 0xEF, 0xFF, 0x5D, 0xEF, 0xFF, 0x5D, 0xEF, 0xFF, 0x3C, 0xE7, 0xFF, 0x3C, 0xEF, 0xFF, 0x3C, 0xEF, 0xFF, 0x3C, 0xEF, 0xFF, 0x3C, 0xEF, 0xFF,
  0x3C, 0xEF, 0xFF, 0x3C, 0xEF, 0xFF, 0x3C, 0xEF, 0xFF, 0x3C, 0xEF, 0xFF, 0x3C, 0xE7, 0xFF, 0x3C, 0xE7, 0xFF, 0x3C, 0xE7, 0xFF, 0x3C, 0xE7, 0xFF,
  0x3C, 0xEF, 0xFF, 0x5C, 0xEF, 0xFF, 0x3D, 0xEF, 0xFF, 0x7D, 0xEF, 0xFF, 0x79, 0xCE, 0xFF, 0xDB, 0xDE, 0xFF, 0x5D, 0xEF, 0xF9, 0x9E, 0xF7, 0xFF,
  0xAE, 0x73, 0x92, 0x00, 0x00, 0x00, 0x00, 0x00, 0x00, 0x00, 0x00, 0x00, 0x00, 0x00, 0x00, 0x00, 0x00, 0x00, 0x00, 0x00, 0x00, 0x00, 0x00, 0x00,
  0xFF, 0xFF, 0x00, 0xFF, 0xFF, 0x00, 0xFF, 0xFF, 0x00, 0xFF, 0xFF, 0x00, 0xFF, 0xFF, 0x00, 0xFF, 0xFF, 0x00, 0x00, 0x00, 0x00, 0x00, 0x00, 0x00,
  0x00, 0x00, 0x00, 0x00, 0x00, 0x00, 0x00, 0x00, 0x00, 0x00, 0x00, 0x00, 0x00, 0x00, 0x00, 0xCF, 0x7B, 0x89, 0x7D, 0xEF, 0xFF, 0x5D, 0xEF, 0xF9,
  0x3C, 0xE7, 0xFF, 0x79, 0xD6, 0xFF, 0x7D, 0xF7, 0xFF, 0x7D, 0xE7, 0xFF, 0xAE, 0xA3, 0xFF, 0x28, 0xA2, 0xFF, 0x69, 0xA2, 0xFF, 0x08, 0xA2, 0xFF,
  0xCB, 0x92, 0xFF, 0x3C, 0xE7, 0xFF, 0x5D, 0xEF, 0xFF, 0x5D, 0xEF, 0xFF, 0x5D, 0xEF, 0xFF, 0x5D, 0xEF, 0xFF, 0x5D, 0xEF, 0xFF, 0x7D, 0xEF, 0xFF,
  0x7D, 0xEF, 0xFF, 0x7D, 0xEF, 0xFF, 0x7D, 0xEF, 0xFF, 0x7D, 0xEF, 0xFF, 0x7D, 0xEF, 0xFF, 0x7D, 0xEF, 0xFF, 0x7D, 0xEF, 0xFF, 0x7D, 0xEF, 0xFF,
  0x7D, 0xEF, 0xFF, 0x7D, 0xEF, 0xFF, 0x7D, 0xEF, 0xFF, 0x7D, 0xEF, 0xFF, 0x7D, 0xEF, 0xFF, 0x7D, 0xEF, 0xFF, 0x7D, 0xEF, 0xFF, 0x7D, 0xEF, 0xFF,
  0x9E, 0xF7, 0xFF, 0x7D, 0xF7, 0xFF, 0x7D, 0xF7, 0xFF, 0x9E, 0xF7, 0xFF, 0x9E, 0xF7, 0xFF, 0x9E, 0xF7, 0xFF, 0x7D, 0xF7, 0xFF, 0x7D, 0xF7, 0xFF,
  0x9D, 0xF7, 0xFF, 0x9E, 0xF7, 0xFF, 0x9E, 0xF7, 0xFF, 0x9E, 0xF7, 0xFF, 0x9D, 0xF7, 0xFF, 0x9D, 0xF7, 0xFF, 0x9E, 0xF7, 0xFF, 0x9E, 0xF7, 0xFF,
  0x9E, 0xF7, 0xFF, 0x9E, 0xF7, 0xFF, 0x9E, 0xF7, 0xFF, 0x9E, 0xF7, 0xFF, 0x9E, 0xF7, 0xFF, 0x9E, 0xF7, 0xFF, 0x9E, 0xF7, 0xFF, 0x9E, 0xF7, 0xFF,
  0x9D, 0xF7, 0xFF, 0x9D, 0xF7, 0xFF, 0x7D, 0xF7, 0xFF, 0x9D, 0xF7, 0xFF, 0x7D, 0xEF, 0xFF, 0x7D, 0xEF, 0xFF, 0x7D, 0xEF, 0xFF, 0x7D, 0xEF, 0xFF,
  0x7D, 0xEF, 0xFF, 0x7D, 0xEF, 0xFF, 0x7D, 0xEF, 0xFF, 0x7D, 0xEF, 0xFF, 0x7D, 0xEF, 0xFF, 0x7D, 0xEF, 0xFF, 0x7D, 0xEF, 0xFF, 0x7D, 0xEF, 0xFF,
  0x7D, 0xEF, 0xFF, 0x7D, 0xEF, 0xFF, 0x7D, 0xEF, 0xFF, 0x7D, 0xEF, 0xFF, 0x5D, 0xEF, 0xFF, 0x5D, 0xEF, 0xFF, 0x5D, 0xEF, 0xFF, 0x5D, 0xEF, 0xFF,
  0x5D, 0xEF, 0xFF, 0x5D, 0xEF, 0xFF, 0x5D, 0xEF, 0xFF, 0x5D, 0xEF, 0xFF, 0x5D, 0xEF, 0xFF, 0x7D, 0xEF, 0xFF, 0x9E, 0xF7, 0xFF, 0x9A, 0xD6, 0xFF,
  0xDB, 0xDE, 0xFF, 0x3C, 0xE7, 0xF9, 0x7D, 0xEF, 0xFF, 0x2C, 0x63, 0x82, 0x00, 0x00, 0x00, 0x00, 0x00, 0x00, 0x00, 0x00, 0x00, 0x00, 0x00, 0x00,
  0x00, 0x00, 0x00, 0x00, 0x00, 0x00, 0x00, 0x00, 0x00, 0xFF, 0xFF, 0x00, 0xFF, 0xFF, 0x00, 0xFF, 0xFF, 0x00, 0xFF, 0xFF, 0x00, 0xFF, 0xFF, 0x00,
  0xFF, 0xFF, 0x00, 0x00, 0x00, 0x00, 0x00, 0x00, 0x00, 0x00, 0x00, 0x00, 0x00, 0x00, 0x00, 0x00, 0x00, 0x00, 0x00, 0x00, 0x00, 0x00, 0x00, 0x00,
  0xCB, 0x5A, 0x5D, 0x7D, 0xF7, 0xFF, 0x7D, 0xEF, 0xF7, 0x3C, 0xEF, 0xFF, 0x18, 0xC6, 0xFF, 0x1C, 0xE7, 0xFF, 0x1C, 0xDF, 0xFF, 0x45, 0x79, 0xFF,
  0x00, 0x90, 0xFF, 0x00, 0x88, 0xFF, 0x00, 0x90, 0xFF, 0x01, 0x70, 0xFF, 0x9A, 0xC6, 0xFF, 0xDB, 0xDE, 0xFF, 0xBA, 0xDE, 0xFF, 0xDB, 0xDE, 0xFF,
  0xDB, 0xDE, 0xFF, 0xDB, 0xDE, 0xFF, 0xDB, 0xDE, 0xFF, 0xDB, 0xDE, 0xFF, 0xDB, 0xDE, 0xFF, 0xDB, 0xDE, 0xFF, 0xDB, 0xDE, 0xFF, 0xDB, 0xDE, 0xFF,
  0xDB, 0xDE, 0xFF, 0xDB, 0xDE, 0xFF, 0xDB, 0xDE, 0xFF, 0xDB, 0xDE, 0xFF, 0xDB, 0xDE, 0xFF, 0xDB, 0xDE, 0xFF, 0xDB, 0xDE, 0xFF, 0xDB, 0xDE, 0xFF,
  0xDB, 0xDE, 0xFF, 0xDB, 0xDE, 0xFF, 0xDB, 0xDE, 0xFF, 0xBA, 0xD6, 0xFF, 0xBA, 0xD6, 0xFF, 0xBA, 0xD6, 0xFF, 0xBA, 0xD6, 0xFF, 0xBA, 0xD6, 0xFF,
  0xBA, 0xDE, 0xFF, 0xBA, 0xD6, 0xFF, 0xBA, 0xD6, 0xFF, 0xBA, 0xD6, 0xFF, 0xBA, 0xD6, 0xFF, 0xBA, 0xD6, 0xFF, 0xDB, 0xDE, 0xFF, 0xDA, 0xDE, 0xFF,
  0xDA, 0xDE, 0xFF, 0xBA, 0xDE, 0xFF, 0xBA, 0xDE, 0xFF, 0xDB, 0xDE, 0xFF, 0xDB, 0xDE, 0xFF, 0xDB, 0xDE, 0xFF, 0xDB, 0xDE, 0xFF, 0xDB, 0xDE, 0xFF,
  0xDB, 0xDE, 0xFF, 0xDB, 0xDE, 0xFF, 0xDB, 0xDE, 0xFF, 0xDB, 0xDE, 0xFF, 0xDB, 0xDE, 0xFF, 0xDB, 0xDE, 0xFF, 0xDB, 0xDE, 0xFF, 0xDB, 0xDE, 0xFF,
  0xDB, 0xDE, 0xFF, 0xDB, 0xDE, 0xFF, 0xDB, 0xDE, 0xFF, 0xDB, 0xDE, 0xFF, 0xDB, 0xDE, 0xFF, 0xDB, 0xDE, 0xFF, 0xDB, 0xDE, 0xFF, 0xDB, 0xDE, 0xFF,
  0xDA, 0xDE, 0xFF, 0xBA, 0xD6, 0xFF, 0xBA, 0xDE, 0xFF, 0xDB, 0xDE, 0xFF, 0xDB, 0xDE, 0xFF, 0xDB, 0xDE, 0xFF, 0xDB, 0xDE, 0xFF, 0xDB, 0xDE, 0xFF,
  0xDB, 0xDE, 0xFF, 0xDB, 0xDE, 0xFF, 0xDB, 0xDE, 0xFF, 0xDB, 0xDE, 0xFF, 0xDB, 0xDE, 0xFF, 0xDB, 0xDE, 0xFF, 0xDB, 0xDE, 0xFF, 0xBA, 0xDE, 0xFF,
  0xBA, 0xDE, 0xFF, 0x1C, 0xE7, 0xFF, 0x59, 0xCE, 0xFF, 0x1C, 0xE7, 0xFF, 0x5D, 0xEF, 0xF9, 0x5D, 0xEF, 0xFF, 0x0C, 0x63, 0x85, 0x00, 0x00, 0x00,
  0x00, 0x00, 0x00, 0x00, 0x00, 0x00, 0x00, 0x00, 0x00, 0x00, 0x00, 0x00, 0x00, 0x00, 0x00, 0x00, 0x00, 0x00, 0xFF, 0xFF, 0x00, 0xFF, 0xFF, 0x00,
  0xFF, 0xFF, 0x00, 0xFF, 0xFF, 0x00, 0xFF, 0xFF, 0x00, 0xFF, 0xFF, 0x00, 0x00, 0x00, 0x00, 0x00, 0x00, 0x00, 0x00, 0x00, 0x00, 0x00, 0x00, 0x00,
  0x00, 0x00, 0x00, 0x00, 0x00, 0x00, 0x00, 0x00, 0x00, 0x08, 0x42, 0x44, 0x5D, 0xEF, 0xFF, 0xFB, 0xDE, 0xF7, 0xFB, 0xDE, 0xFF, 0xF7, 0xBD, 0xFF,
  0x5D, 0xEF, 0xFF, 0x5D, 0xEF, 0xFF, 0x96, 0xBD, 0xFF, 0xB2, 0xAC, 0xFF, 0xB2, 0xAC, 0xFF, 0x92, 0xA4, 0xFF, 0x13, 0xAD, 0xFF, 0xFB, 0xDE, 0xFF,
  0x1C, 0xE7, 0xFF, 0x3C, 0xE7, 0xFF, 0x3C, 0xE7, 0xFF, 0x3C, 0xE7, 0xFF, 0x3C, 0xE7, 0xFF, 0x3C, 0xE7, 0xFF, 0x3C, 0xE7, 0xFF, 0x3C, 0xE7, 0xFF,
  0x3C, 0xE7, 0xFF, 0x1C, 0xE7, 0xFF, 0x1C, 0xE7, 0xFF, 0x3C, 0xE7, 0xFF, 0x3C, 0xE7, 0xFF, 0x1C, 0xE7, 0xFF, 0x1C, 0xE7, 0xFF, 0x1C, 0xE7, 0xFF,
  0x1C, 0xE7, 0xFF, 0x1C, 0xE7, 0xFF, 0x1C, 0xE7, 0xFF, 0x1C, 0xE7, 0xFF, 0x1C, 0xE7, 0xFF, 0x1C, 0xE7, 0xFF, 0x1C, 0xE7, 0xFF, 0x1C, 0xE7, 0xFF,
  0x1C, 0xE7, 0xFF, 0x1C, 0xE7, 0xFF, 0x1C, 0xE7, 0xFF, 0x1C, 0xE7, 0xFF, 0x1C, 0xE7, 0xFF, 0x1C, 0xE7, 0xFF, 0x1C, 0xE7, 0xFF, 0x1C, 0xE7, 0xFF,
  0x1C, 0xE7, 0xFF, 0x1C, 0xE7, 0xFF, 0x1C, 0xE7, 0xFF, 0x1C, 0xE7, 0xFF, 0x1C, 0xE7, 0xFF, 0x1C, 0xE7, 0xFF, 0x1C, 0xE7, 0xFF, 0x1C, 0xE7, 0xFF,
  0x1C, 0xE7, 0xFF, 0x1C, 0xE7, 0xFF, 0x1C, 0xE7, 0xFF, 0x1C, 0xE7, 0xFF, 0x1C, 0xE7, 0xFF, 0x1C, 0xE7, 0xFF, 0x1C, 0xE7, 0xFF, 0x3C, 0xE7, 0xFF,
  0x1C, 0xE7, 0xFF, 0x3C, 0xE7, 0xFF, 0x3C, 0xE7, 0xFF, 0x3C, 0xE7, 0xFF, 0x3C, 0xE7, 0xFF, 0x3C, 0xE7, 0xFF, 0x3C, 0xE7, 0xFF, 0x3C, 0xE7, 0xFF,
  0x3C, 0xE7, 0xFF, 0x1C, 0xE7, 0xFF, 0x1C, 0xE7, 0xFF, 0x1C, 0xE7, 0xFF, 0x1C, 0xE7, 0xFF, 0x1C, 0xE7, 0xFF, 0x3C, 0xE7, 0xFF, 0x3C, 0xE7, 0xFF,
  0x3C, 0xE7, 0xFF, 0x3C, 0xE7, 0xFF, 0x3C, 0xE7, 0xFF, 0x3C, 0xE7, 0xFF, 0x1C, 0xE7, 0xFF, 0x1C, 0xE7, 0xFF, 0x1C, 0xE7, 0xFF, 0x1C, 0xE7, 0xFF,
  0x1C, 0xE7, 0xFF, 0x1C, 0xE7, 0xFF, 0x1C, 0xE7, 0xFF, 0x1B, 0xE7, 0xFF, 0x3C, 0xE7, 0xFF, 0x38, 0xC6, 0xFF, 0xBA, 0xDE, 0xFF, 0x1C, 0xE7, 0xF9,
  0xFB, 0xDE, 0xFF, 0x0C, 0x63, 0x85, 0x00, 0x00, 0x00, 0x00, 0x00, 0x00, 0x00, 0x00, 0x00, 0x00, 0x00, 0x00, 0x00, 0x00, 0x00, 0x00, 0x00, 0x00,
  0x00, 0x00, 0x00, 0xFF, 0xFF, 0x00, 0xFF, 0xFF, 0x00, 0xFF, 0xFF, 0x00, 0xFF, 0xFF, 0x00, 0xFF, 0xFF, 0x00, 0xFF, 0xFF, 0x00, 0x00, 0x00, 0x00,
  0x00, 0x00, 0x00, 0x00, 0x00, 0x00, 0x00, 0x00, 0x00, 0x00, 0x00, 0x00, 0x00, 0x00, 0x00, 0x00, 0x00, 0x00, 0xE7, 0x39, 0x46, 0xBA, 0xD6, 0xFB,
  0x18, 0xC6, 0xF5, 0xBA, 0xD6, 0xFF, 0x18, 0xC6, 0xFF, 0x3C, 0xE7, 0xFF, 0x1C, 0xE7, 0xFF, 0x7D, 0xEF, 0xFF, 0x9E, 0xEF, 0xFF, 0x9E, 0xEF, 0xFF,
  0x9E, 0xEF, 0xFF, 0x7D, 0xEF, 0xFF, 0x3C, 0xE7, 0xFF, 0x3C, 0xE7, 0xFF, 0x3C, 0xE7, 0xFF, 0x5C, 0xEF, 0xFF, 0x5C, 0xEF, 0xFF, 0x3C, 0xEF, 0xFF,
  0x3C, 0xEF, 0xFF, 0x5C, 0xEF, 0xFF, 0x5C, 0xEF, 0xFF, 0x5C, 0xEF, 0xFF, 0x3C, 0xEF, 0xFF, 0x3C, 0xEF, 0xFF, 0x3C, 0xEF, 0xFF, 0x3C, 0xEF, 0xFF,
  0x3C, 0xEF, 0xFF, 0x3C, 0xE7, 0xFF, 0x3C, 0xE7, 0xFF, 0x3C, 0xE7, 0xFF, 0x3C, 0xE7, 0xFF, 0x3C, 0xE7, 0xFF, 0x3C, 0xE7, 0xFF, 0x3C, 0xE7, 0xFF,
  0x3C, 0xE7, 0xFF, 0x3C, 0xE7, 0xFF, 0x3C, 0xE7, 0xFF, 0x3C, 0xE7, 0xFF, 0x3C, 0xE7, 0xFF, 0x3C, 0xE7, 0xFF, 0x3C, 0xE7, 0xFF, 0x3C, 0xE7, 0xFF,
  0x3C, 0xE7, 0xFF, 0x3C, 0xE7, 0xFF, 0x3C, 0xE7, 0xFF, 0x3C, 0xE7, 0xFF, 0x3C, 0xE7, 0xFF, 0x3C, 0xE7, 0xFF, 0x3C, 0xE7, 0xFF, 0x3C, 0xE7, 0xFF,
  0x3C, 0xE7, 0xFF, 0x3C, 0xE7, 0xFF, 0x3C, 0xE7, 0xFF, 0x3C, 0xE7, 0xFF, 0x3C, 0xE7, 0xFF, 0x3C, 0xE7, 0xFF, 0x3C, 0xE7, 0xFF, 0x3C, 0xE7, 0xFF,
  0x3C, 0xE7, 0xFF, 0x3C, 0xE7, 0xFF, 0x3C, 0xE7, 0xFF, 0x3C, 0xE7, 0xFF, 0x3C, 0xE7, 0xFF, 0x3C, 0xE7, 0xFF, 0x3C, 0xE7, 0xFF, 0x3C, 0xE7, 0xFF,
  0x3C, 0xEF, 0xFF, 0x3C, 0xEF, 0xFF, 0x3C, 0xEF, 0xFF, 0x3C, 0xE7, 0xFF, 0x3C, 0xEF, 0xFF, 0x3C, 0xE7, 0xFF, 0x3C, 0xE7, 0xFF, 0x3C, 0xE7, 0xFF,
  0x3C, 0xEF, 0xFF, 0x3C, 0xEF, 0xFF, 0x5C, 0xEF, 0xFF, 0x5D, 0xEF, 0xFF, 0x5C, 0xEF, 0xFF, 0x3C, 0xEF, 0xFF, 0x3C, 0xE7, 0xFF, 0x3C, 0xEF, 0xFF,
  0x3C, 0xE7, 0xFF, 0x3C, 0xE7, 0xFF, 0x3C, 0xE7, 0xFF, 0x3C, 0xE7, 0xFF, 0x3C, 0xE7, 0xFF, 0x3C, 0xE7, 0xFF, 0x3C, 0xE7, 0xFF, 0x3C, 0xE7, 0xFF,
  0xF7, 0xC5, 0xFF, 0x79, 0xCE, 0xFF, 0x9A, 0xD6, 0xF7, 0x9A, 0xD6, 0xFB, 0x0C, 0x63, 0x82, 0x00, 0x00, 0x00, 0x00, 0x00, 0x00, 0x00, 0x00, 0x00,
  0x00, 0x00, 0x00, 0x00, 0x00, 0x00, 0x00, 0x00, 0x00, 0x00, 0x00, 0x00, 0xFF, 0xFF, 0x00, 0xFF, 0xFF, 0x00, 0xFF, 0xFF, 0x00, 0xFF, 0xFF, 0x00,
  0xFF, 0xFF, 0x00, 0xFF, 0xFF, 0x00, 0x00, 0x00, 0x00, 0x00, 0x00, 0x00, 0x00, 0x00, 0x00, 0x00, 0x00, 0x00, 0x00, 0x00, 0x00, 0x00, 0x00, 0x00,
  0x00, 0x00, 0x00, 0x08, 0x42, 0x50, 0x9A, 0xD6, 0xFF, 0x79, 0xCE, 0xFD, 0xBA, 0xD6, 0xFF, 0x18, 0xC6, 0xFF, 0x3C, 0xEF, 0xFF, 0x3C, 0xE7, 0xFF,
  0x3C, 0xEF, 0xFF, 0x1C, 0xE7, 0xFF, 0x1C, 0xE7, 0xFF, 0x1C, 0xE7, 0xFF, 0x3C, 0xE7, 0xFF, 0x5C, 0xEF, 0xFF, 0x3C, 0xEF, 0xFF, 0x3C, 0xE7, 0xFF,
  0x3C, 0xE7, 0xFF, 0x3C, 0xE7, 0xFF, 0x3C, 0xE7, 0xFF, 0x3C, 0xEF, 0xFF, 0x5C, 0xEF, 0xFF, 0x5C, 0xEF, 0xFF, 0x5C, 0xEF, 0xFF, 0x3C, 0xEF, 0xFF,
  0x3C, 0xEF, 0xFF, 0x3C, 0xEF, 0xFF, 0x3C, 0xE7, 0xFF, 0x3C, 0xE7, 0xFF, 0x3C, 0xE7, 0xFF, 0x3C, 0xE7, 0xFF, 0x3C, 0xE7, 0xFF, 0x3C, 0xE7, 0xFF,
  0x3C, 0xE7, 0xFF, 0x3C, 0xE7, 0xFF, 0x3C, 0xE7, 0xFF, 0x3C, 0xE7, 0xFF, 0x3C, 0xEF, 0xFF, 0x3C, 0xEF, 0xFF, 0x3C, 0xE7, 0xFF, 0x3C, 0xE7, 0xFF,
  0x3C, 0xE7, 0xFF, 0x3C, 0xE7, 0xFF, 0x3C, 0xE7, 0xFF, 0x3C, 0xE7, 0xFF, 0x3C, 0xE7, 0xFF, 0x3C, 0xE7, 0xFF, 0x1C, 0xE7, 0xFF, 0x3C, 0xE7, 0xFF,
  0x3C, 0xE7, 0xFF, 0x3C, 0xEF, 0xFF, 0x3C, 0xEF, 0xFF, 0x3C, 0xE7, 0xFF, 0x3C, 0xE7, 0xFF, 0x1C, 0xE7, 0xFF, 0x1C, 0xE7, 0xFF, 0x1C, 0xE7, 0xFF,
  0x3C, 0xE7, 0xFF, 0x3C, 0xE7, 0xFF, 0x3C, 0xE7, 0xFF, 0x3C, 0xE7, 0xFF, 0x3C, 0xE7, 0xFF, 0x3C, 0xE7, 0xFF, 0x3C, 0xE7, 0xFF, 0x3C, 0xE7, 0xFF,
  0x3C, 0xE7, 0xFF, 0x3C, 0xE7, 0xFF, 0x3C, 0xE7, 0xFF, 0x3C, 0xE7, 0xFF, 0x3C, 0xE7, 0xFF, 0x3C, 0xEF, 0xFF, 0x3C, 0xEF, 0xFF, 0x5C, 0xEF, 0xFF,
  0x3C, 0xEF, 0xFF, 0x3C, 0xE7, 0xFF, 0x3C, 0xE7, 0xFF, 0x3C, 0xE7, 0xFF, 0x3C, 0xE7, 0xFF, 0x3C, 0xE7, 0xFF, 0x1C, 0xE7, 0xFF, 0x1C, 0xE7, 0xFF,
  0x1C, 0xE7, 0xFF, 0x1C, 0xE7, 0xFF, 0x1C, 0xE7, 0xFF, 0x3C, 0xE7, 0xFF, 0x3C, 0xE7, 0xFF, 0x3C, 0xE7, 0xFF, 0x3C, 0xE7, 0xFF, 0x3C, 0xE7, 0xFF,
  0x1C, 0xE7, 0xFF, 0xFB, 0xDE, 0xFF, 0x1C, 0xE7, 0xFF, 0xF7, 0xBD, 0xFF, 0x59, 0xCE, 0xFF, 0x9A, 0xD6, 0xFF, 0xBA, 0xD6, 0xFF, 0x2C, 0x63, 0x92,
  0x00, 0x00, 0x00, 0x00, 0x00, 0x00, 0x00, 0x00, 0x00, 0x00, 0x00, 0x00, 0x00, 0x00, 0x00, 0x00, 0x00, 0x00, 0x00, 0x00, 0x00, 0xFF, 0xFF, 0x00,
  0xFF, 0xFF, 0x00, 0xFF, 0xFF, 0x00, 0xFF, 0xFF, 0x00, 0xFF, 0xFF, 0x00, 0xFF, 0xFF, 0x00, 0x00, 0x00, 0x00, 0x00, 0x00, 0x00, 0x00, 0x00, 0x00,
  0x00, 0x00, 0x00, 0x00, 0x00, 0x00, 0x00, 0x00, 0x00, 0x00, 0x00, 0x00, 0x24, 0x21, 0x15, 0xEF, 0x83, 0xC5, 0x71, 0x8C, 0xE6, 0x92, 0x94, 0xFF,
  0x4D, 0x6B, 0xFF, 0x30, 0x84, 0xFF, 0x30, 0x84, 0xFF, 0x30, 0x8C, 0xFF, 0x51, 0x8C, 0xFF, 0x30, 0x84, 0xFF, 0x10, 0x84, 0xFF, 0x30, 0x84, 0xFF,
  0x51, 0x8C, 0xFF, 0x71, 0x8C, 0xFF, 0x51, 0x8C, 0xFF, 0x71, 0x8C, 0xFF, 0x71, 0x8C, 0xFF, 0x71, 0x8C, 0xFF, 0x51, 0x8C, 0xFF, 0x71, 0x8C, 0xFF,
  0x71, 0x8C, 0xFF, 0x71, 0x8C, 0xFF, 0x71, 0x8C, 0xFF, 0x71, 0x8C, 0xFF, 0x71, 0x8C, 0xFF, 0x71, 0x8C, 0xFF, 0x71, 0x8C, 0xFF, 0x71, 0x8C, 0xFF,
  0x71, 0x8C, 0xFF, 0x71, 0x8C, 0xFF, 0x71, 0x8C, 0xFF, 0x71, 0x8C, 0xFF, 0x71, 0x8C, 0xFF, 0x71, 0x8C, 0xFF, 0x71, 0x8C, 0xFF, 0x51, 0x8C, 0xFF,
  0x51, 0x8C, 0xFF, 0x51, 0x8C, 0xFF, 0x51, 0x8C, 0xFF, 0x51, 0x8C, 0xFF, 0x51, 0x8C, 0xFF, 0x51, 0x8C, 0xFF, 0x51, 0x8C, 0xFF, 0x51, 0x8C, 0xFF,
  0x51, 0x8C, 0xFF, 0x51, 0x8C, 0xFF, 0x51, 0x8C, 0xFF, 0x51, 0x8C, 0xFF, 0x71, 0x8C, 0xFF, 0x71, 0x8C, 0xFF, 0x51, 0x8C, 0xFF, 0x51, 0x8C, 0xFF,
  0x51, 0x8C, 0xFF, 0x51, 0x8C, 0xFF, 0x51, 0x8C, 0xFF, 0x51, 0x8C, 0xFF, 0x51, 0x8C, 0xFF, 0x71, 0x8C, 0xFF, 0x71, 0x8C, 0xFF, 0x51, 0x8C, 0xFF,
  0x51, 0x8C, 0xFF, 0x51, 0x8C, 0xFF, 0x51, 0x8C, 0xFF, 0x51, 0x8C, 0xFF, 0x71, 0x8C, 0xFF, 0x71, 0x8C, 0xFF, 0x71, 0x8C, 0xFF, 0x71, 0x8C, 0xFF,
  0x71, 0x8C, 0xFF, 0x71, 0x8C, 0xFF, 0x71, 0x8C, 0xFF, 0x71, 0x8C, 0xFF, 0x71, 0x8C, 0xFF, 0x51, 0x8C, 0xFF, 0x51, 0x8C, 0xFF, 0x51, 0x8C, 0xFF,
  0x51, 0x8C, 0xFF, 0x51, 0x8C, 0xFF, 0x71, 0x8C, 0xFF, 0x71, 0x8C, 0xFF, 0x71, 0x8C, 0xFF, 0x71, 0x8C, 0xFF, 0x30, 0x8C, 0xFF, 0x10, 0x84, 0xFF,
  0x10, 0x84, 0xFF, 0x10, 0x84, 0xFF, 0x30, 0x84, 0xFF, 0x51, 0x8C, 0xFF, 0x30, 0x84, 0xFF, 0x30, 0x84, 0xFF, 0x8E, 0x73, 0xFF, 0xB2, 0x94, 0xFF,
  0x71, 0x8C, 0xDA, 0x10, 0x84, 0xC5, 0x65, 0x29, 0x27, 0x00, 0x00, 0x00, 0x00, 0x00, 0x00, 0x00, 0x00, 0x00, 0x00, 0x00, 0x00, 0x00, 0x00, 0x00,
  0x00, 0x00, 0x00, 0x00, 0x00, 0x00, 0xFF, 0xFF, 0x00, 0xFF, 0xFF, 0x00, 0xFF, 0xFF, 0x00, 0xFF, 0xFF, 0x00, 0xFF, 0xFF, 0x00, 0xFF, 0xFF, 0x00,
  0x00, 0x00, 0x00, 0x00, 0x00, 0x00, 0x00, 0x00, 0x00, 0x00, 0x00, 0x00, 0x00, 0x00, 0x00, 0x00, 0x00, 0x00, 0x00, 0x00, 0x00, 0x00, 0x00, 0x00,
  0x00, 0x00, 0x00, 0x41, 0x08, 0x03, 0xA2, 0x10, 0x38, 0x20, 0x00, 0xFD, 0x20, 0x00, 0xF9, 0x00, 0x00, 0xFF, 0x00, 0x00, 0xFF, 0x00, 0x00, 0xFF,
  0x00, 0x00, 0xFF, 0x00, 0x00, 0xFF, 0x00, 0x00, 0xFF, 0x00, 0x00, 0xFF, 0x00, 0x00, 0xFF, 0x00, 0x00, 0xFF, 0x20, 0x00, 0xFF, 0x65, 0x29, 0xFF,
  0x00, 0x00, 0xFF, 0x00, 0x00, 0xFF, 0x00, 0x00, 0xFF, 0x00, 0x00, 0xFF, 0x00, 0x00, 0xFF, 0x00, 0x00, 0xFF, 0x00, 0x00, 0xFF, 0x00, 0x00, 0xFF,
  0x00, 0x00, 0xFF, 0x00, 0x00, 0xFF, 0x00, 0x00, 0xFF, 0x00, 0x00, 0xFF, 0x00, 0x00, 0xFF, 0x00, 0x00, 0xFF, 0x00, 0x00, 0xFF, 0x00, 0x00, 0xFF,
  0x00, 0x00, 0xFF, 0x00, 0x00, 0xFF, 0x00, 0x00, 0xFF, 0x00, 0x00, 0xFF, 0x00, 0x00, 0xFF, 0x00, 0x00, 0xFF, 0x00, 0x00, 0xFF, 0x00, 0x00, 0xFF,
  0x00, 0x00, 0xFF, 0x00, 0x00, 0xFF, 0x00, 0x00, 0xFF, 0x00, 0x00, 0xFF, 0x00, 0x00, 0xFF, 0x00, 0x00, 0xFF, 0x00, 0x00, 0xFF, 0x00, 0x00, 0xFF,
  0x00, 0x00, 0xFF, 0x00, 0x00, 0xFF, 0x00, 0x00, 0xFF, 0x00, 0x00, 0xFF, 0x00, 0x00, 0xFF, 0x00, 0x00, 0xFF, 0x00, 0x00, 0xFF, 0x00, 0x00, 0xFF,
  0x00, 0x00, 0xFF, 0x00, 0x00, 0xFF, 0x00, 0x00, 0xFF, 0x00, 0x00, 0xFF, 0x00, 0x00, 0xFF, 0x00, 0x00, 0xFF, 0x00, 0x00, 0xFF, 0x00, 0x00, 0xFF,
  0x00, 0x00, 0xFF, 0x00, 0x00, 0xFF, 0x00, 0x00, 0xFF, 0x00, 0x00, 0xFF, 0x00, 0x00, 0xFF, 0x00, 0x00, 0xFF, 0x00, 0x00, 0xFF, 0x00, 0x00, 0xFF,
  0x00, 0x00, 0xFF, 0x00, 0x00, 0xFF, 0x00, 0x00, 0xFF, 0x00, 0x00, 0xFF, 0x61, 0x08, 0xFF, 0x45, 0x29, 0xFF, 0x00, 0x00, 0xFF, 0x00, 0x00, 0xFF,
  0x00, 0x00, 0xFF, 0x00, 0x00, 0xFF, 0x00, 0x00, 0xFF, 0x00, 0x00, 0xFF, 0x00, 0x00, 0xFF, 0x00, 0x00, 0xFF, 0x00, 0x00, 0xFF, 0x20, 0x00, 0xFD,
  0x00, 0x00, 0xFF, 0x82, 0x10, 0xDA, 0x24, 0x21, 0x0B, 0x00, 0x00, 0x02, 0x00, 0x00, 0x00, 0x00, 0x00, 0x00, 0x00, 0x00, 0x00, 0x00, 0x00, 0x00,
  0x00, 0x00, 0x00, 0x00, 0x00, 0x00, 0x00, 0x00, 0x00, 0x00, 0x00, 0x00, 0x00, 0x00, 0x00, 0xFF, 0xFF, 0x00, 0xFF, 0xFF, 0x00, 0xFF, 0xFF, 0x00,
  0xFF, 0xFF, 0x00, 0xFF, 0xFF, 0x00, 0xFF, 0xFF, 0x00, 0x00, 0x00, 0x00, 0x00, 0x00, 0x00, 0x00, 0x00, 0x00, 0x00, 0x00, 0x00, 0x00, 0x00, 0x00,
  0x00, 0x00, 0x00, 0x00, 0x00, 0x00, 0x00, 0x00, 0x00, 0x00, 0x00, 0x00, 0x00, 0x00, 0x00, 0x20, 0x00, 0x1E, 0x61, 0x08, 0xFF, 0x82, 0x10, 0xF7,
  0x82, 0x10, 0xFF, 0x81, 0x08, 0xFF, 0x61, 0x08, 0xFF, 0x61, 0x08, 0xFF, 0x81, 0x10, 0xFF, 0x20, 0x00, 0xFF, 0xC3, 0x18, 0xE5, 0xF3, 0x9C, 0xB6,
  0x34, 0xA5, 0xB8, 0x0C, 0x5B, 0xC2, 0x08, 0x3A, 0xFF, 0x51, 0x8C, 0xFF, 0x95, 0xAD, 0xD9, 0x55, 0xAD, 0xE9, 0x75, 0xAD, 0xDE, 0x75, 0xAD, 0xDE,
  0x75, 0xAD, 0xDE, 0x75, 0xAD, 0xDE, 0x75, 0xAD, 0xD9, 0x75, 0xAD, 0xD9, 0x75, 0xAD, 0xD9, 0x75, 0xAD, 0xD9, 0x75, 0xAD, 0xD9, 0x75, 0xAD, 0xD9,
  0x75, 0xAD, 0xD9, 0x75, 0xAD, 0xD9, 0x75, 0xAD, 0xD9, 0x75, 0xAD, 0xD9, 0x75, 0xAD, 0xD9, 0x75, 0xAD, 0xD9, 0x75, 0xAD, 0xD9, 0x75, 0xAD, 0xD9,
  0x75, 0xAD, 0xD9, 0x75, 0xAD, 0xD9, 0x75, 0xAD, 0xD9, 0x75, 0xAD, 0xD9, 0x75, 0xAD, 0xD9, 0x75, 0xAD, 0xD9, 0x75, 0xAD, 0xD9, 0x75, 0xAD, 0xD9,
  0x75, 0xAD, 0xDE, 0x75, 0xAD, 0xDE, 0x75, 0xAD, 0xD9, 0x75, 0xAD, 0xD9, 0x75, 0xAD, 0xD9, 0x75, 0xAD, 0xD9, 0x75, 0xAD, 0xD9, 0x75, 0xAD, 0xD9,
  0x75, 0xAD, 0xD9, 0x75, 0xAD, 0xD9, 0x96, 0xB5, 0xD4, 0x95, 0xB5, 0xD9, 0x95, 0xAD, 0xD9, 0x95, 0xAD, 0xD9, 0x95, 0xB5, 0xD9, 0x75, 0xAD, 0xD9,
  0x75, 0xAD, 0xD9, 0x75, 0xAD, 0xD9, 0x75, 0xAD, 0xD9, 0x75, 0xAD, 0xD9, 0x75, 0xAD, 0xD9, 0x75, 0xAD, 0xD9, 0x75, 0xAD, 0xD9, 0x75, 0xAD, 0xD9,
  0x75, 0xAD, 0xDE, 0x75, 0xAD, 0xDE, 0x75, 0xAD, 0xDE, 0x55, 0xAD, 0xE4, 0x75, 0xAD, 0xDE, 0x75, 0xAD, 0xDE, 0xB6, 0xB5, 0xC3, 0x6E, 0x6B, 0xFF,
  0xE7, 0x39, 0xFF, 0x8E, 0x73, 0xFF, 0xF3, 0x9C, 0xE2, 0xEB, 0x5A, 0xFF, 0x20, 0x00, 0xFF, 0x82, 0x10, 0xFF, 0x61, 0x08, 0xFF, 0x61, 0x08, 0xFF,
  0x61, 0x08, 0xFF, 0x61, 0x08, 0xFF, 0x82, 0x10, 0xFD, 0x61, 0x08, 0xFF, 0x04, 0x21, 0xD3, 0x00, 0x00, 0x00, 0x00, 0x00, 0x00, 0x00, 0x00, 0x00,
  0x00, 0x00, 0x00, 0x00, 0x00, 0x00, 0x00, 0x00, 0x00, 0x00, 0x00, 0x00, 0x00, 0x00, 0x00, 0x00, 0x00, 0x00, 0x00, 0x00, 0x00, 0x00, 0x00, 0x00,
  0xFF, 0xFF, 0x00, 0xFF, 0xFF, 0x00, 0xFF, 0xFF, 0x00, 0xFF, 0xFF, 0x00, 0xFF, 0xFF, 0x00, 0xFF, 0xFF, 0x00, 0x00, 0x00, 0x00, 0x00, 0x00, 0x00,
  0x00, 0x00, 0x00, 0x00, 0x00, 0x00, 0x00, 0x00, 0x00, 0x00, 0x00, 0x00, 0x00, 0x00, 0x00, 0x00, 0x00, 0x00, 0x00, 0x00, 0x00, 0x00, 0x00, 0x00,
  0x40, 0x08, 0x23, 0x61, 0x08, 0xFF, 0x61, 0x08, 0xF7, 0x61, 0x08, 0xFF, 0x61, 0x08, 0xFF, 0x61, 0x08, 0xFF, 0x61, 0x08, 0xFF, 0x82, 0x10, 0xFF,
  0x00, 0x00, 0xFF, 0x45, 0x29, 0xCE, 0xFF, 0xFF, 0x00, 0xFF, 0xFF, 0x00, 0x8A, 0x52, 0xC7, 0xA3, 0x10, 0xFF, 0x51, 0x8C, 0xFF, 0xFF, 0xFF, 0x00,
  0xFF, 0xFF, 0x00, 0xFF, 0xFF, 0x00, 0xFF, 0xFF, 0x00, 0xFF, 0xFF, 0x00, 0xFF, 0xFF, 0x00, 0xFF, 0xFF, 0x00, 0xFF, 0xFF, 0x00, 0xFF, 0xFF, 0x00,
  0xFF, 0xFF, 0x00, 0xFF, 0xFF, 0x00, 0xFF, 0xFF, 0x00, 0xFF, 0xFF, 0x00, 0xFF, 0xFF, 0x00, 0xFF, 0xFF, 0x00, 0xFF, 0xFF, 0x00, 0xFF, 0xFF, 0x00,
  0xFF, 0xFF, 0x00, 0xFF, 0xFF, 0x00, 0xFF, 0xFF, 0x00, 0xFF, 0xFF, 0x00, 0xFF, 0xFF, 0x00, 0xFF, 0xFF, 0x00, 0xFF, 0xFF, 0x00, 0xFF, 0xFF, 0x00,
  0xFF, 0xFF, 0x00, 0xFF, 0xFF, 0x00, 0xFF, 0xFF, 0x00, 0xFF, 0xFF, 0x00, 0xFF, 0xFF, 0x00, 0xFF, 0xFF, 0x00, 0xFF, 0xFF, 0x00, 0xFF, 0xFF, 0x00,
  0xFF, 0xFF, 0x00, 0xFF, 0xFF, 0x00, 0xFF, 0xFF, 0x00, 0xFF, 0xFF, 0x00, 0xFF, 0xFF, 0x00, 0xFF, 0xFF, 0x00, 0xFF, 0xFF, 0x00, 0xFF, 0xFF, 0x00,
  0xFF, 0xFF, 0x00, 0xFF, 0xFF, 0x00, 0xFF, 0xFF, 0x00, 0xFF, 0xFF, 0x00, 0xFF, 0xFF, 0x00, 0xFF, 0xFF, 0x00, 0xFF, 0xFF, 0x00, 0xFF, 0xFF, 0x00,
  0xFF, 0xFF, 0x00, 0xFF, 0xFF, 0x00, 0xFF, 0xFF, 0x00, 0xFF, 0xFF, 0x00, 0xFF, 0xFF, 0x00, 0xFF, 0xFF, 0x00, 0xFF, 0xFF, 0x00, 0xFF, 0xFF, 0x00,
  0xFF, 0xFF, 0x00, 0xFF, 0xFF, 0x00, 0x8A, 0x52, 0xFF, 0xC3, 0x18, 0xFF, 0x10, 0x84, 0xFF, 0xFF, 0xFF, 0x32, 0xF3, 0x9C, 0xFF, 0x00, 0x00, 0xFF,
  0x82, 0x10, 0xFF, 0x61, 0x08, 0xFF, 0x61, 0x08, 0xFF, 0x61, 0x08, 0xFF, 0x61, 0x08, 0xFF, 0x61, 0x08, 0xFD, 0x40, 0x08, 0xFF, 0x04, 0x21, 0xD5,
  0x61, 0x08, 0x01, 0x00, 0x00, 0x00, 0x00, 0x00, 0x00, 0x00, 0x00, 0x00, 0x00, 0x00, 0x00, 0x00, 0x00, 0x00, 0x00, 0x00, 0x00, 0x00, 0x00, 0x00,
  0x00, 0x00, 0x00, 0x00, 0x00, 0x00, 0x00, 0x00, 0x00, 0xFF, 0xFF, 0x00, 0xFF, 0xFF, 0x00, 0xFF, 0xFF, 0x00, 0xFF, 0xFF, 0x00, 0xFF, 0xFF, 0x00,
  0xFF, 0xFF, 0x00, 0x00, 0x00, 0x00, 0x00, 0x00, 0x00, 0x00, 0x00, 0x00, 0x00, 0x00, 0x00, 0x00, 0x00, 0x00, 0x00, 0x00, 0x00, 0x00, 0x00, 0x00,
  0x00, 0x00, 0x00, 0x00, 0x00, 0x00, 0x00, 0x00, 0x00, 0x20, 0x00, 0x22, 0x82, 0x10, 0xFF, 0xA2, 0x10, 0xF7, 0x82, 0x10, 0xFF, 0x82, 0x10, 0xFF,
  0x82, 0x10, 0xFF, 0x82, 0x10, 0xFF, 0xA2, 0x10, 0xFF, 0x00, 0x00, 0xFF, 0x45, 0x29, 0xCF, 0xDF, 0xFF, 0x28, 0x7D, 0xEF, 0xCF, 0x71, 0x8C, 0xC0,
  0x51, 0x8C, 0xFF, 0x34, 0xA5, 0xF4, 0xDF, 0xFF, 0x01, 0xDF, 0xFF, 0x01, 0xDF, 0xFF, 0x01, 0xFF, 0xFF, 0x00, 0xDF, 0xFF, 0x01, 0xDF, 0xFF, 0x01,
  0xDF, 0xFF, 0x01, 0xDF, 0xFF, 0x01, 0xDF, 0xFF, 0x01, 0xDF, 0xFF, 0x01, 0xFF, 0xFF, 0x00, 0xFF, 0xFF, 0x00, 0xFF, 0xFF, 0x00, 0xFF, 0xFF, 0x00,
  0xFF, 0xFF, 0x00, 0xFF, 0xFF, 0x00, 0xFF, 0xFF, 0x00, 0xFF, 0xFF, 0x00, 0xFF, 0xFF, 0x00, 0xFF, 0xFF, 0x00, 0xFF, 0xFF, 0x00, 0xFF, 0xFF, 0x00,
  0xFF, 0xFF, 0x00, 0xFF, 0xFF, 0x00, 0xFF, 0xFF, 0x00, 0xFF, 0xFF, 0x00, 0xFF, 0xFF, 0x00, 0xDF, 0xFF, 0x01, 0xDF, 0xFF, 0x01, 0xDF, 0xFF, 0x01,
  0xDF, 0xFF, 0x01, 0xDF, 0xFF, 0x01, 0xDF, 0xFF, 0x01, 0xDF, 0xFF, 0x01, 0xFF, 0xFF, 0x00, 0xFF, 0xFF, 0x00, 0xFF, 0xFF, 0x00, 0xFF, 0xFF, 0x00,
  0xFF, 0xFF, 0x00, 0xFF, 0xFF, 0x00, 0xFF, 0xFF, 0x00, 0xFF, 0xFF, 0x00, 0xFF, 0xFF, 0x00, 0xFF, 0xFF, 0x00, 0xFF, 0xFF, 0x00, 0xFF, 0xFF, 0x00,
  0xFF, 0xFF, 0x00, 0xFF, 0xFF, 0x00, 0xFF, 0xFF, 0x00, 0xDF, 0xFF, 0x01, 0xDF, 0xFF, 0x01, 0xDF, 0xFF, 0x01, 0xDF, 0xFF, 0x01, 0xDF, 0xFF, 0x01,
  0xDF, 0xFF, 0x01, 0xDF, 0xFF, 0x01, 0xDF, 0xFF, 0x01, 0xFF, 0xFF, 0x0E, 0x7D, 0xEF, 0x9C, 0x71, 0x8C, 0xFF, 0x71, 0x8C, 0xFF, 0x14, 0xA5, 0xFF,
  0xDF, 0xFF, 0x16, 0xB2, 0x94, 0xFF, 0x00, 0x00, 0xFF, 0x82, 0x10, 0xFF, 0x82, 0x10, 0xFF, 0x82, 0x10, 0xFF, 0x82, 0x10, 0xFF, 0x82, 0x10, 0xFF,
  0x82, 0x10, 0xFD, 0x41, 0x08, 0xFF, 0xE3, 0x20, 0xD5, 0x61, 0x08, 0x01, 0x00, 0x00, 0x00, 0x00, 0x00, 0x00, 0x00, 0x00, 0x00, 0x00, 0x00, 0x00,
  0x00, 0x00, 0x00, 0x00, 0x00, 0x00, 0x00, 0x00, 0x00, 0x00, 0x00, 0x00, 0x00, 0x00, 0x00, 0x00, 0x00, 0x00, 0xFF, 0xFF, 0x00, 0xFF, 0xFF, 0x00,
  0xFF, 0xFF, 0x00, 0xFF, 0xFF, 0x00, 0xFF, 0xFF, 0x00, 0xFF, 0xFF, 0x00, 0x00, 0x00, 0x00, 0x00, 0x00, 0x00, 0x00, 0x00, 0x00, 0x00, 0x00, 0x00,
  0x00, 0x00, 0x00, 0x00, 0x00, 0x00, 0x00, 0x00, 0x00, 0x00, 0x00, 0x00, 0x00, 0x00, 0x00, 0x00, 0x00, 0x00, 0x41, 0x08, 0x22, 0xA2, 0x10, 0xFF,
  0xA2, 0x10, 0xF7, 0xA2, 0x10, 0xFF, 0xA2, 0x10, 0xFF, 0x82, 0x10, 0xFF, 0x82, 0x10, 0xFF, 0xA2, 0x10, 0xFF, 0x00, 0x00, 0xFF, 0x65, 0x29, 0xF9,
  0xDF, 0xFF, 0x11, 0xFF, 0xFF, 0x00, 0xFF, 0xFF, 0x00, 0xFF, 0xFF, 0x00, 0xFF, 0xFF, 0x00, 0xFF, 0xFF, 0x00, 0xFF, 0xFF, 0x00, 0xFF, 0xFF, 0x00,
  0xFF, 0xFF, 0x01, 0xFF, 0xFF, 0x00, 0xFF, 0xFF, 0x00, 0xFF, 0xFF, 0x00, 0xFF, 0xFF, 0x00, 0xFF, 0xFF, 0x00, 0xFF, 0xFF, 0x00, 0xFF, 0xFF, 0x00,
  0xFF, 0xFF, 0x00, 0xFF, 0xFF, 0x00, 0xFF, 0xFF, 0x00, 0xFF, 0xFF, 0x00, 0xFF, 0xFF, 0x00, 0xFF, 0xFF, 0x00, 0xFF, 0xFF, 0x00, 0xFF, 0xFF, 0x00,
  0xFF, 0xFF, 0x00, 0xFF, 0xFF, 0x00, 0xFF, 0xFF, 0x00, 0xFF, 0xFF, 0x00, 0xFF, 0xFF, 0x00, 0xFF, 0xFF, 0x00, 0xFF, 0xFF, 0x00, 0xFF, 0xFF, 0x00,
  0xFF, 0xFF, 0x00, 0xFF, 0xFF, 0x00, 0xFF, 0xFF, 0x00, 0xFF, 0xFF, 0x00, 0xFF, 0xFF, 0x00, 0xFF, 0xFF, 0x00, 0xFF, 0xFF, 0x00, 0xFF, 0xFF, 0x02,
  0xFF, 0xFF, 0x00, 0xFF, 0xFF, 0x00, 0xFF, 0xFF, 0x02, 0xFF, 0xFF, 0x00, 0xFF, 0xFF, 0x00, 0xFF, 0xFF, 0x00, 0xFF, 0xFF, 0x00, 0xFF, 0xFF, 0x00,
  0xFF, 0xFF, 0x00, 0xFF, 0xFF, 0x00, 0xFF, 0xFF, 0x00, 0xFF, 0xFF, 0x00, 0xFF, 0xFF, 0x00, 0xFF, 0xFF, 0x00, 0xFF, 0xFF, 0x00, 0xFF, 0xFF, 0x00,
  0xFF, 0xFF, 0x00, 0xFF, 0xFF, 0x00, 0xFF, 0xFF, 0x00, 0xFF, 0xFF, 0x00, 0xFF, 0xFF, 0x00, 0xFF, 0xFF, 0x00, 0xFF, 0xFF, 0x00, 0xFF, 0xFF, 0x00,
  0xFF, 0xFF, 0x00, 0xFF, 0xFF, 0x00, 0xFF, 0xFF, 0x00, 0xFF, 0xFF, 0x00, 0xD3, 0x9C, 0xFF, 0x00, 0x00, 0xFF, 0xA2, 0x10, 0xFF, 0xA2, 0x10, 0xFF,
  0xA2, 0x10, 0xFF, 0xA2, 0x10, 0xFF, 0x82, 0x10, 0xFF, 0xA2, 0x10, 0xFD, 0x61, 0x08, 0xFF, 0xE3, 0x18, 0xD5, 0x61, 0x08, 0x01, 0x00, 0x00, 0x00,
  0x00, 0x00, 0x00, 0x00, 0x00, 0x00, 0x00, 0x00, 0x00, 0x00, 0x00, 0x00, 0x00, 0x00, 0x00, 0x00, 0x00, 0x00, 0x00, 0x00, 0x00, 0x00, 0x00, 0x00,
  0x00, 0x00, 0x00, 0xFF, 0xFF, 0x00, 0xFF, 0xFF, 0x00, 0xFF, 0xFF, 0x00, 0xFF, 0xFF, 0x00, 0xFF, 0xFF, 0x00, 0xFF, 0xFF, 0x00, 0x00, 0x00, 0x00,
  0x00, 0x00, 0x00, 0x00, 0x00, 0x00, 0x00, 0x00, 0x00, 0x00, 0x00, 0x00, 0x00, 0x00, 0x00, 0x00, 0x00, 0x00, 0x00, 0x00, 0x00, 0x00, 0x00, 0x00,
  0x00, 0x00, 0x00, 0x41, 0x08, 0x23, 0xA2, 0x10, 0xFF, 0xA2, 0x10, 0xF7, 0x82, 0x10, 0xFF, 0x82, 0x10, 0xFF, 0x82, 0x10, 0xFF, 0x82, 0x10, 0xFF,
  0xA2, 0x10, 0xFF, 0x00, 0x00, 0xFF, 0x65, 0x29, 0xFF, 0xDF, 0xFF, 0x05, 0xDF, 0xFF, 0x02, 0xDF, 0xFF, 0x05, 0xDF, 0xFF, 0x05, 0xDF, 0xFF, 0x02,
  0xFF, 0xFF, 0x01, 0xFF, 0xFF, 0x01, 0xFF, 0xFF, 0x01, 0xFF, 0xFF, 0x01, 0xFF, 0xFF, 0x0B, 0xFF, 0xFF, 0x0B, 0xFF, 0xFF, 0x00, 0xFF, 0xFF, 0x0B,
  0xFF, 0xFF, 0x0B, 0xFF, 0xFF, 0x0B, 0xFF, 0xFF, 0x0B, 0xFF, 0xFF, 0x0B, 0xFF, 0xFF, 0x0B, 0xFF, 0xFF, 0x0B, 0xFF, 0xFF, 0x0B, 0xFF, 0xFF, 0x0B,
  0xFF, 0xFF, 0x00, 0xFF, 0xFF, 0x0B, 0xFF, 0xFF, 0x0B, 0xFF, 0xFF, 0x0B, 0xFF, 0xFF, 0x0B, 0xFF, 0xFF, 0x0B, 0xFF, 0xFF, 0x0B, 0xFF, 0xFF, 0x00,
  0xFF, 0xFF, 0x00, 0xFF, 0xFF, 0x0B, 0xFF, 0xFF, 0x0B, 0xFF, 0xFF, 0x0B, 0xFF, 0xFF, 0x0B, 0xFF, 0xFF, 0x0B, 0xFF, 0xFF, 0x0B, 0xFF, 0xFF, 0x00,
  0xFF, 0xFF, 0x0B, 0xFF, 0xFF, 0x0B, 0xFF, 0xFF, 0x0B, 0xFF, 0xFF, 0x0B, 0xFF, 0xFF, 0x00, 0xFF, 0xFF, 0x00, 0xFF, 0xFF, 0x0B, 0xFF, 0xFF, 0x00,
  0xFF, 0xFF, 0x00, 0xFF, 0xFF, 0x0B, 0xFF, 0xFF, 0x0B, 0xFF, 0xFF, 0x00, 0xFF, 0xFF, 0x00, 0xFF, 0xFF, 0x0B, 0xFF, 0xFF, 0x00, 0xFF, 0xFF, 0x0B,
  0xFF, 0xFF, 0x0B, 0xFF, 0xFF, 0x0B, 0xFF, 0xFF, 0x0B, 0xFF, 0xFF, 0x0B, 0xFF, 0xFF, 0x0B, 0xFF, 0xFF, 0x0B, 0xFF, 0xFF, 0x0B, 0xFF, 0xFF, 0x0B,
  0xFF, 0xFF, 0x0B, 0xFF, 0xFF, 0x0B, 0xFF, 0xFF, 0x0B, 0xDF, 0xFF, 0x16, 0xDF, 0xFF, 0x16, 0xBE, 0xF7, 0x37, 0xFF, 0xFF, 0x00, 0xD3, 0x9C, 0xFF,
  0x00, 0x00, 0xFF, 0xC3, 0x18, 0xFF, 0xA2, 0x10, 0xFF, 0xA2, 0x10, 0xFF, 0x82, 0x10, 0xFF, 0x82, 0x10, 0xFF, 0xA2, 0x10, 0xFD, 0x61, 0x08, 0xFF,
  0x04, 0x21, 0xD5, 0x61, 0x08, 0x01, 0x00, 0x00, 0x00, 0x00, 0x00, 0x00, 0x00, 0x00, 0x00, 0x00, 0x00, 0x00, 0x00, 0x00, 0x00, 0x00, 0x00, 0x00,
  0x00, 0x00, 0x00, 0x00, 0x00, 0x00, 0x00, 0x00, 0x00, 0x00, 0x00, 0x00, 0xFF, 0xFF, 0x00, 0xFF, 0xFF, 0x00, 0xFF, 0xFF, 0x00, 0xFF, 0xFF, 0x00,
  0xFF, 0xFF, 0x00, 0xFF, 0xFF, 0x00, 0x00, 0x00, 0x00, 0x00, 0x00, 0x00, 0x20, 0x00, 0x00, 0x20, 0x00, 0x00, 0x00, 0x00, 0x00, 0x00, 0x00, 0x00,
  0x00, 0x00, 0x00, 0x00, 0x00, 0x00, 0x00, 0x00, 0x00, 0x00, 0x00, 0x00, 0x20, 0x00, 0x1F, 0xA2, 0x10, 0xFF, 0xA2, 0x10, 0xF7, 0x82, 0x10, 0xFF,
  0x82, 0x10, 0xFF, 0x82, 0x10, 0xFF, 0x82, 0x10, 0xFF, 0xA2, 0x10, 0xFF, 0x20, 0x00, 0xFF, 0x65, 0x29, 0xFF, 0xDF, 0xFF, 0x16, 0xFF, 0xFF, 0x00,
  0xFF, 0xFF, 0x00, 0xFF, 0xFF, 0x00, 0xFF, 0xFF, 0x00, 0xFF, 0xFF, 0x00, 0xFF, 0xFF, 0x00, 0xFF, 0xFF, 0x00, 0xFF, 0xFF, 0x00, 0xFF, 0xFF, 0x00,
  0xFF, 0xFF, 0x00, 0xFF, 0xFF, 0x00, 0xFF, 0xFF, 0x00, 0xFF, 0xFF, 0x00, 0xFF, 0xFF, 0x00, 0xFF, 0xFF, 0x00, 0xFF, 0xFF, 0x00, 0xFF, 0xFF, 0x00,
  0xFF, 0xFF, 0x00, 0xFF, 0xFF, 0x00, 0xFF, 0xFF, 0x00, 0xFF, 0xFF, 0x00, 0xFF, 0xFF, 0x00, 0xFF, 0xFF, 0x00, 0xFF, 0xFF, 0x00, 0xFF, 0xFF, 0x00,
  0xFF, 0xFF, 0x00, 0xFF, 0xFF, 0x00, 0xFF, 0xFF, 0x00, 0xFF, 0xFF, 0x00, 0xFF, 0xFF, 0x00, 0xFF, 0xFF, 0x00, 0xFF, 0xFF, 0x00, 0xFF, 0xFF, 0x00,
  0xFF, 0xFF, 0x00, 0xFF, 0xFF, 0x00, 0xFF, 0xFF, 0x00, 0xFF, 0xFF, 0x00, 0xFF, 0xFF, 0x00, 0xFF, 0xFF, 0x00, 0xFF, 0xFF, 0x00, 0xFF, 0xFF, 0x00,
  0xFF, 0xFF, 0x00, 0xFF, 0xFF, 0x00, 0xFF, 0xFF, 0x00, 0xFF, 0xFF, 0x00, 0xFF, 0xFF, 0x00, 0xFF, 0xFF, 0x00, 0xFF, 0xFF, 0x00, 0xFF, 0xFF, 0x00,
  0xFF, 0xFF, 0x00, 0xFF, 0xFF, 0x00, 0xFF, 0xFF, 0x00, 0xFF, 0xFF, 0x00, 0xFF, 0xFF, 0x00, 0xFF, 0xFF, 0x00, 0xFF, 0xFF, 0x00, 0xFF, 0xFF, 0x00,
  0xFF, 0xFF, 0x00, 0xFF, 0xFF, 0x00, 0xFF, 0xFF, 0x00, 0xFF, 0xFF, 0x00, 0xFF, 0xFF, 0x00, 0xFF, 0xFF, 0x00, 0xFF, 0xFF, 0x00, 0xFF, 0xFF, 0x00,
  0xFF, 0xFF, 0x00, 0xFF, 0xFF, 0x00, 0xF3, 0x9C, 0xFF, 0x00, 0x00, 0xFF, 0xC3, 0x18, 0xFF, 0xA2, 0x10, 0xFF, 0x82, 0x10, 0xFF, 0x82, 0x10, 0xFF,
  0x82, 0x10, 0xFF, 0x82, 0x10, 0xFD, 0x82, 0x08, 0xFF, 0x65, 0x29, 0xD3, 0x00, 0x00, 0x00, 0x00, 0x00, 0x00, 0x00, 0x00, 0x00, 0x00, 0x00, 0x00,
  0x00, 0x00, 0x00, 0x00, 0x00, 0x00, 0x00, 0x00, 0x00, 0x20, 0x00, 0x00, 0x20, 0x00, 0x00, 0x00, 0x00, 0x00, 0x00, 0x00, 0x00, 0xFF, 0xFF, 0x00,
  0xFF, 0xFF, 0x00, 0xFF, 0xFF, 0x00, 0xFF, 0xFF, 0x00, 0xFF, 0xFF, 0x00, 0xFF, 0xFF, 0x00, 0x00, 0x00, 0x00, 0x00, 0x00, 0x00, 0x00, 0x00, 0x00,
  0x00, 0x00, 0x00, 0x00, 0x00, 0x00, 0x00, 0x00, 0x00, 0x00, 0x00, 0x00, 0x41, 0x08, 0x00, 0x41, 0x08, 0x00, 0x41, 0x08, 0x00, 0xE3, 0x18, 0x2F,
  0x61, 0x08, 0xFF, 0x82, 0x10, 0xF9, 0xA2, 0x10, 0xFF, 0xA2, 0x10, 0xFF, 0x82, 0x10, 0xFF, 0x82, 0x10, 0xFF, 0x82, 0x10, 0xFF, 0x00, 0x00, 0xFF,
  0x65, 0x29, 0xFF, 0x3C, 0xE7, 0x90, 0x1C, 0xE7, 0x9B, 0xDB, 0xDE, 0xC8, 0xBB, 0xDE, 0xDE, 0xBA, 0xD6, 0xE9, 0xBA, 0xD6, 0xE9, 0xBA, 0xD6, 0xE9,
  0xBA, 0xD6, 0xE9, 0x9A, 0xD6, 0xF4, 0x9A, 0xD6, 0xFF, 0x79, 0xCE, 0xFF, 0x59, 0xCE, 0xFF, 0x59, 0xCE, 0xFF, 0x38, 0xC6, 0xFF, 0x38, 0xC6, 0xFF,
  0x18, 0xC6, 0xFF, 0x18, 0xC6, 0xFF, 0x18, 0xC6, 0xFF, 0xF7, 0xBD, 0xFF, 0xF7, 0xBD, 0xFF, 0xF7, 0xBD, 0xFF, 0xD7, 0xBD, 0xFF, 0xD7, 0xBD, 0xFF,
  0xD7, 0xBD, 0xFF, 0xF7, 0xBD, 0xFF, 0xD7, 0xBD, 0xFF, 0xD7, 0xBD, 0xFF, 0xD7, 0xBD, 0xFF, 0xD7, 0xBD, 0xFF, 0xD7, 0xBD, 0xFF, 0xD7, 0xBD, 0xFF,
  0xD7, 0xBD, 0xFF, 0xD7, 0xBD, 0xFF, 0xD7, 0xBD, 0xFF, 0xD7, 0xBD, 0xFF, 0xB7, 0xB5, 0xFF, 0xD7, 0xB5, 0xFF, 0xD7, 0xBD, 0xFF, 0xD7, 0xBD, 0xFF,
  0xD7, 0xBD, 0xFF, 0xD7, 0xBD, 0xFF, 0xD7, 0xBD, 0xFF, 0xD7, 0xBD, 0xFF, 0xD7, 0xBD, 0xFF, 0xD7, 0xBD, 0xFF, 0xD7, 0xBD, 0xFF, 0xD7, 0xBD, 0xFF,
  0xF7, 0xBD, 0xFF, 0xF7, 0xBD, 0xFF, 0xF7, 0xBD, 0xFF, 0x18, 0xC6, 0xFF, 0x18, 0xC6, 0xFF, 0x18, 0xC6, 0xFF, 0x38, 0xC6, 0xFF, 0x38, 0xC6, 0xFF,
  0x59, 0xCE, 0xFF, 0x79, 0xCE, 0xFF, 0x79, 0xCE, 0xFF, 0x79, 0xCE, 0xFF, 0x9A, 0xD6, 0xFF, 0xBA, 0xD6, 0xE9, 0xBA, 0xD6, 0xE9, 0xBA, 0xD6, 0xDE,
  0xBA, 0xD6, 0xDE, 0xDB, 0xDE, 0xD3, 0xFB, 0xDE, 0xBC, 0xFB, 0xDE, 0xBC, 0x5D, 0xEF, 0xC9, 0xD3, 0x9C, 0xFF, 0x00, 0x00, 0xFF, 0xA2, 0x10, 0xFF,
  0x82, 0x10, 0xFF, 0x82, 0x10, 0xFF, 0xA2, 0x10, 0xFF, 0x82, 0x10, 0xFF, 0x82, 0x10, 0xFD, 0x41, 0x08, 0xFF, 0x65, 0x29, 0xDA, 0x86, 0x31, 0x0A,
  0xC3, 0x18, 0x03, 0x41, 0x08, 0x00, 0x41, 0x08, 0x00, 0x00, 0x00, 0x00, 0x00, 0x00, 0x00, 0x00, 0x00, 0x00, 0x00, 0x00, 0x00, 0x00, 0x00, 0x00,
  0x00, 0x00, 0x00, 0x00, 0x00, 0x00, 0xFF, 0xFF, 0x00, 0xFF, 0xFF, 0x00, 0xFF, 0xFF, 0x00, 0xFF, 0xFF, 0x00, 0xFF, 0xFF, 0x00, 0xFF, 0xFF, 0x00,
  0x41, 0x08, 0x00, 0x08, 0x42, 0x11, 0x6D, 0x6B, 0x33, 0x30, 0x84, 0x50, 0x51, 0x8C, 0x5F, 0x34, 0xA5, 0x8B, 0x14, 0xA5, 0x9A, 0xB6, 0xB5, 0xC8,
  0x55, 0xAD, 0xC5, 0x55, 0xAD, 0xC7, 0x92, 0x94, 0xE8, 0x20, 0x00, 0xF7, 0x00, 0x00, 0xF7, 0x00, 0x00, 0xF7, 0x20, 0x00, 0xF7, 0x20, 0x00, 0xF7,
  0x20, 0x00, 0xF7, 0x20, 0x00, 0xF7, 0x00, 0x00, 0xF7, 0xA6, 0x31, 0xF7, 0x30, 0x84, 0xF7, 0xCF, 0x7B, 0xF7, 0xAE, 0x7B, 0xF7, 0xCF, 0x7B, 0xF7,
  0xCF, 0x7B, 0xF7, 0x10, 0x84, 0xF7, 0x30, 0x84, 0xFB, 0x30, 0x84, 0xFB, 0x30, 0x84, 0xFB, 0x30, 0x84, 0xFB, 0x30, 0x84, 0xFB, 0x30, 0x8C, 0xFB,
  0x51, 0x8C, 0xFB, 0x51, 0x8C, 0xFB, 0x71, 0x8C, 0xFB, 0x71, 0x8C, 0xFB, 0x71, 0x8C, 0xFB, 0x71, 0x8C, 0xFB, 0x71, 0x8C, 0xFD, 0x71, 0x94, 0xFD,
  0x72, 0x94, 0xFD, 0x92, 0x94, 0xFD, 0x92, 0x94, 0xFD, 0xB2, 0x94, 0xFD, 0xB2, 0x94, 0xFD, 0xB2, 0x94, 0xFD, 0xB2, 0x94, 0xFD, 0x92, 0x94, 0xFD,
  0x92, 0x94, 0xFD, 0x92, 0x94, 0xFD, 0xB2, 0x94, 0xFD, 0xB2, 0x94, 0xFD, 0x92, 0x94, 0xFD, 0x92, 0x94, 0xFD, 0x92, 0x94, 0xFD, 0x92, 0x94, 0xFD,
  0x92, 0x94, 0xFD, 0x92, 0x94, 0xFD, 0x92, 0x94, 0xFD, 0x92, 0x94, 0xFD, 0x92, 0x94, 0xFD, 0x92, 0x94, 0xFD, 0x92, 0x94, 0xFD, 0x92, 0x94, 0xFD,
  0x92, 0x94, 0xFD, 0x92, 0x94, 0xFD, 0x92, 0x94, 0xFD, 0x92, 0x94, 0xFD, 0x92, 0x94, 0xFD, 0xB2, 0x94, 0xFD, 0x92, 0x94, 0xFD, 0x92, 0x94, 0xFD,
  0x92, 0x94, 0xFD, 0x92, 0x94, 0xFD, 0x71, 0x94, 0xFB, 0x71, 0x8C, 0xFB, 0x71, 0x8C, 0xFB, 0x71, 0x8C, 0xFB, 0x51, 0x8C, 0xFB, 0x51, 0x8C, 0xFB,
  0x51, 0x8C, 0xFB, 0x51, 0x8C, 0xFB, 0x51, 0x8C, 0xFB, 0x51, 0x8C, 0xFB, 0x30, 0x84, 0xFB, 0x30, 0x84, 0xFB, 0x10, 0x84, 0xF9, 0x51, 0x8C, 0xF7,
  0x6D, 0x6B, 0xF7, 0x00, 0x00, 0xF7, 0x00, 0x00, 0xF7, 0x20, 0x00, 0xF7, 0x20, 0x00, 0xF7, 0x20, 0x00, 0xF7, 0x20, 0x00, 0xF7, 0x20, 0x00, 0xF7,
  0x00, 0x00, 0xF7, 0x08, 0x42, 0xF5, 0x96, 0xB5, 0xF9, 0x75, 0xAD, 0xE0, 0x55, 0xAD, 0xC5, 0xB6, 0xB5, 0xC8, 0x75, 0xAD, 0xB2, 0x14, 0xA5, 0x88,
  0x92, 0x94, 0x6B, 0x10, 0x84, 0x4F, 0x4D, 0x6B, 0x32, 0x49, 0x4A, 0x18, 0x61, 0x08, 0x01, 0xFF, 0xFF, 0x00, 0xFF, 0xFF, 0x00, 0xFF, 0xFF, 0x00,
  0xFF, 0xFF, 0x00, 0xFF, 0xFF, 0x00, 0xFF, 0xFF, 0x00, 0x04, 0x21, 0x05, 0xF3, 0x9C, 0x69, 0x59, 0xCE, 0xBA, 0x1C, 0xE7, 0xF7, 0x1C, 0xE7, 0xFF,
  0xFB, 0xDE, 0xFF, 0xDB, 0xDE, 0xFF, 0x18, 0xC6, 0xFF, 0xB6, 0xBD, 0xFF, 0x75, 0xAD, 0xFF, 0x34, 0xA5, 0xFF, 0x6D, 0x6B, 0xFF, 0x08, 0x42, 0xFF,
  0xE7, 0x39, 0xFF, 0xE7, 0x39, 0xFF, 0xE7, 0x39, 0xFF, 0xC7, 0x39, 0xFF, 0xC7, 0x39, 0xFF, 0xE7, 0x39, 0xFF, 0x2C, 0x63, 0xFF, 0x6D, 0x6B, 0xFF,
  0x8E, 0x73, 0xFF, 0xAE, 0x73, 0xFF, 0xEF, 0x7B, 0xFF, 0x10, 0x84, 0xFF, 0x30, 0x84, 0xFF, 0x10, 0x84, 0xFF, 0x10, 0x84, 0xFF, 0x10, 0x84, 0xFF,
  0x30, 0x84, 0xFF, 0x51, 0x8C, 0xFF, 0x71, 0x8C, 0xFF, 0x92, 0x94, 0xFF, 0x92, 0x94, 0xFF, 0xB2, 0x94, 0xFF, 0xB2, 0x94, 0xFF, 0xD3, 0x9C, 0xFF,
  0xB2, 0x9C, 0xFF, 0xB2, 0x94, 0xFF, 0xB2, 0x94, 0xFF, 0xB2, 0x9C, 0xFF, 0xD3, 0x9C, 0xFF, 0xD3, 0x9C, 0xFF, 0xF3, 0x9C, 0xFF, 0xF3, 0x9C, 0xFF,
  0xF3, 0x9C, 0xFF, 0xF3, 0x9C, 0xFF, 0xF3, 0x9C, 0xFF, 0xD3, 0x9C, 0xFF, 0xD3, 0x9C, 0xFF, 0xF3, 0x9C, 0xFF, 0xF3, 0x9C, 0xFF, 0xF3, 0x9C, 0xFF,
  0xF3, 0x9C, 0xFF, 0xD3, 0x9C, 0xFF, 0xD3, 0x9C, 0xFF, 0xD3, 0x9C, 0xFF, 0xD3, 0x9C, 0xFF, 0xD3, 0x9C, 0xFF, 0xD3, 0x9C, 0xFF, 0xD3, 0x9C, 0xFF,
  0xD3, 0x9C, 0xFF, 0xD3, 0x9C, 0xFF, 0xD3, 0x9C, 0xFF, 0xD3, 0x9C, 0xFF, 0xD3, 0x9C, 0xFF, 0xD3, 0x9C, 0xFF, 0xD3, 0x9C, 0xFF, 0xD3, 0x9C, 0xFF,
  0xD3, 0x9C, 0xFF, 0xD3, 0x9C, 0xFF, 0xB2, 0x94, 0xFF, 0x92, 0x94, 0xFF, 0xB2, 0x94, 0xFF, 0xB2, 0x94, 0xFF, 0x92, 0x94, 0xFF, 0x92, 0x94, 0xFF,
  0x92, 0x94, 0xFF, 0x71, 0x8C, 0xFF, 0x51, 0x8C, 0xFF, 0x30, 0x8C, 0xFF, 0x30, 0x8C, 0xFF, 0x30, 0x84, 0xFF, 0x30, 0x84, 0xFF, 0x10, 0x84, 0xFF,
  0xEF, 0x7B, 0xFF, 0xCF, 0x7B, 0xFF, 0x8E, 0x73, 0xFF, 0x8D, 0x73, 0xFF, 0xAA, 0x52, 0xFF, 0xC6, 0x39, 0xFF, 0xA6, 0x31, 0xFF, 0xA6, 0x31, 0xFF,
  0xA6, 0x31, 0xFF, 0xC7, 0x39, 0xFF, 0x08, 0x42, 0xFF, 0x69, 0x4A, 0xFF, 0x10, 0x84, 0xFF, 0xB2, 0x94, 0xFF, 0x55, 0xAD, 0xFF, 0xF7, 0xBD, 0xFF,
  0x38, 0xCE, 0xFF, 0x9A, 0xD6, 0xFF, 0xFB, 0xDE, 0xFF, 0xFB, 0xDE, 0xFF, 0x3C, 0xE7, 0xFF, 0x9A, 0xD6, 0xC7, 0xB6, 0xB5, 0x85, 0x65, 0x29, 0x09,
  0xFF, 0xFF, 0x00, 0xFF, 0xFF, 0x00, 0xFF, 0xFF, 0x00, 0xFF, 0xFF, 0x00, 0xFF, 0xFF, 0x00, 0xFF, 0xFF, 0x00, 0x00, 0x00, 0x00, 0x00, 0x00, 0x00,
  0x00, 0x00, 0x00, 0x41, 0x08, 0x00, 0x82, 0x10, 0x01, 0x24, 0x21, 0x06, 0xC7, 0x39, 0x0F, 0xA6, 0x31, 0x0F, 0x49, 0x4A, 0x1E, 0xEB, 0x5A, 0x2F,
  0xAA, 0x52, 0x2F, 0xCB, 0x5A, 0x30, 0xAA, 0x52, 0x31, 0x8A, 0x52, 0x30, 0x4D, 0x6B, 0x4F, 0xEF, 0x7B, 0x67, 0xAE, 0x73, 0x66, 0x8E, 0x73, 0x67,
  0x4D, 0x6B, 0x67, 0x0C, 0x63, 0x67, 0xEB, 0x5A, 0x67, 0xEB, 0x5A, 0x67, 0xCB, 0x5A, 0x67, 0xCB, 0x5A, 0x67, 0xCB, 0x5A, 0x67, 0x0C, 0x63, 0x71,
  0x10, 0x84, 0xA8, 0xEF, 0x7B, 0xA8, 0xEF, 0x7B, 0xA8, 0xEF, 0x7B, 0xA8, 0xEF, 0x7B, 0xA8, 0xEF, 0x7B, 0xA8, 0xEF, 0x7B, 0xA8, 0xEF, 0x7B, 0xA8,
  0xEF, 0x7B, 0xA8, 0xEF, 0x7B, 0xAA, 0xEF, 0x7B, 0xA8, 0x51, 0x8C, 0xBC, 0xF3, 0x9C, 0xE6, 0xF3, 0x9C, 0xE8, 0xF3, 0x9C, 0xE8, 0xF3, 0x9C, 0xE8,
  0xF3, 0x9C, 0xE8, 0xF3, 0x9C, 0xE8, 0xF3, 0x9C, 0xE8, 0xF3, 0x9C, 0xE8, 0xD3, 0x9C, 0xE8, 0xD3, 0x9C, 0xE8, 0xF3, 0x9C, 0xE8, 0xF3, 0x9C, 0xE8,
  0xD3, 0x9C, 0xE8, 0xD3, 0x9C, 0xE8, 0xD3, 0x9C, 0xE8, 0xD3, 0x9C, 0xE8, 0xD3, 0x9C, 0xE8, 0xD3, 0x9C, 0xE8, 0xD3, 0x9C, 0xE8, 0xD3, 0x9C, 0xE8,
  0xD3, 0x9C, 0xE8, 0xD3, 0x9C, 0xE8, 0xD3, 0x9C, 0xE8, 0xD3, 0x9C, 0xE8, 0xD3, 0x9C, 0xE8, 0xD3, 0x9C, 0xE8, 0xD3, 0x9C, 0xE8, 0xD3, 0x9C, 0xE8,
  0xD3, 0x9C, 0xE8, 0xD3, 0x9C, 0xE8, 0xD3, 0x9C, 0xE8, 0xD3, 0x9C, 0xE8, 0xD3, 0x9C, 0xE8, 0xF3, 0x9C, 0xE6, 0xF3, 0x9C, 0xE8, 0x71, 0x94, 0xD1,
  0xCF, 0x7B, 0xA8, 0xCF, 0x7B, 0xAA, 0xCF, 0x7B, 0xA8, 0xCF, 0x7B, 0xA8, 0xCF, 0x7B, 0xA8, 0xCF, 0x7B, 0xA8, 0xCF, 0x7B, 0xA8, 0xEF, 0x7B, 0xA8,
  0x10, 0x84, 0xA8, 0x30, 0x84, 0xA8, 0x30, 0x84, 0xA8, 0x51, 0x8C, 0xA8, 0x8E, 0x73, 0x86, 0xCB, 0x5A, 0x67, 0xCB, 0x5A, 0x67, 0x0C, 0x63, 0x67,
  0x4D, 0x6B, 0x67, 0x6D, 0x6B, 0x67, 0x8E, 0x73, 0x66, 0xAE, 0x73, 0x67, 0x8E, 0x73, 0x59, 0x69, 0x4A, 0x30, 0x8A, 0x52, 0x30, 0x8A, 0x52, 0x30,
  0xAA, 0x52, 0x2F, 0xEB, 0x5A, 0x2F, 0x8A, 0x52, 0x25, 0xA6, 0x31, 0x0F, 0xC7, 0x39, 0x0F, 0x86, 0x31, 0x0B, 0xA2, 0x10, 0x02, 0x61, 0x08, 0x01,
  0x00, 0x00, 0x00, 0x00, 0x00, 0x00, 0x00, 0x00, 0x00, 0xFF, 0xFF, 0x00, 0xFF, 0xFF, 0x00, 0xFF, 0xFF, 0x00, 0xFF, 0xFF, 0x00, 0xFF, 0xFF, 0x00,
  0xFF, 0xFF, 0x00, 0x00, 0x00, 0x00, 0x00, 0x00, 0x00, 0x00, 0x00, 0x00, 0x00, 0x00, 0x00, 0x00, 0x00, 0x00, 0x00, 0x00, 0x00, 0x00, 0x00, 0x00,
  0x00, 0x00, 0x00, 0x00, 0x00, 0x00, 0x00, 0x00, 0x00, 0x00, 0x00, 0x00, 0x00, 0x00, 0x00, 0x00, 0x00, 0x00, 0x00, 0x00, 0x00, 0x00, 0x00, 0x00,
  0x00, 0x00, 0x00, 0x00, 0x00, 0x00, 0x00, 0x00, 0x00, 0x00, 0x00, 0x00, 0x00, 0x00, 0x00, 0x00, 0x00, 0x00, 0x00, 0x00, 0x00, 0x00, 0x00, 0x00,
  0x00, 0x00, 0x00, 0x00, 0x00, 0x00, 0x00, 0x00, 0x00, 0x00, 0x00, 0x00, 0x00, 0x00, 0x00, 0x00, 0x00, 0x00, 0x00, 0x00, 0x00, 0x00, 0x00, 0x00,
  0x00, 0x00, 0x00, 0x00, 0x00, 0x00, 0x00, 0x00, 0x00, 0x00, 0x00, 0x00, 0x00, 0x00, 0x00, 0x00, 0x00, 0x00, 0x20, 0x00, 0x00, 0xA2, 0x10, 0x02,
  0xA2, 0x10, 0x02, 0xA2, 0x10, 0x02, 0xA2, 0x10, 0x02, 0xA2, 0x10, 0x02, 0xA2, 0x10, 0x02, 0xA2, 0x10, 0x02, 0xA2, 0x10, 0x02, 0xA2, 0x10, 0x02,
  0xA2, 0x10, 0x02, 0xA2, 0x10, 0x02, 0xA2, 0x10, 0x02, 0xA2, 0x10, 0x02, 0xA2, 0x10, 0x02, 0x82, 0x10, 0x02, 0x82, 0x10, 0x02, 0x82, 0x10, 0x02,
  0x82, 0x10, 0x02, 0x82, 0x10, 0x02, 0x82, 0x10, 0x02, 0x82, 0x10, 0x02, 0x82, 0x10, 0x02, 0x82, 0x10, 0x02, 0x82, 0x10, 0x02, 0xA2, 0x10, 0x02,
  0xA2, 0x10, 0x02, 0xA2, 0x10, 0x02, 0xA2, 0x10, 0x02, 0xA2, 0x10, 0x02, 0xA2, 0x10, 0x02, 0xA2, 0x10, 0x02, 0xA2, 0x10, 0x02, 0xA2, 0x10, 0x02,
  0xA2, 0x10, 0x02, 0xA2, 0x10, 0x02, 0x61, 0x08, 0x01, 0x00, 0x00, 0x00, 0x00, 0x00, 0x00, 0x00, 0x00, 0x00, 0x00, 0x00, 0x00, 0x00, 0x00, 0x00,
  0x00, 0x00, 0x00, 0x00, 0x00, 0x00, 0x00, 0x00, 0x00, 0x00, 0x00, 0x00, 0x00, 0x00, 0x00, 0x00, 0x00, 0x00, 0x00, 0x00, 0x00, 0x00, 0x00, 0x00,
  0x00, 0x00, 0x00, 0x00, 0x00, 0x00, 0x00, 0x00, 0x00, 0x00, 0x00, 0x00, 0x00, 0x00, 0x00, 0x00, 0x00, 0x00, 0x00, 0x00, 0x00, 0x00, 0x00, 0x00,
  0x00, 0x00, 0x00, 0x00, 0x00, 0x00, 0x00, 0x00, 0x00, 0x00, 0x00, 0x00, 0x00, 0x00, 0x00, 0x00, 0x00, 0x00, 0x00, 0x00, 0x00, 0x00, 0x00, 0x00,
  0x00, 0x00, 0x00, 0x00, 0x00, 0x00, 0x00, 0x00, 0x00, 0x00, 0x00, 0x00, 0x00, 0x00, 0x00, 0x00, 0x00, 0x00, 0xFF, 0xFF, 0x00, 0xFF, 0xFF, 0x00,
  0xFF, 0xFF, 0x00, 0xFF, 0xFF, 0x00, 0xFF, 0xFF, 0x00, 0xFF, 0xFF, 0x00, 0xFF, 0xFF, 0x00, 0xFF, 0xFF, 0x00, 0xFF, 0xFF, 0x00, 0xFF, 0xFF, 0x00,
  0xFF, 0xFF, 0x00, 0xFF, 0xFF, 0x00, 0xFF, 0xFF, 0x00, 0xFF, 0xFF, 0x00, 0xFF, 0xFF, 0x00, 0xFF, 0xFF, 0x00, 0xFF, 0xFF, 0x00, 0xFF, 0xFF, 0x00,
  0xFF, 0xFF, 0x00, 0xFF, 0xFF, 0x00, 0xFF, 0xFF, 0x00, 0xFF, 0xFF, 0x00, 0xFF, 0xFF, 0x00, 0xFF, 0xFF, 0x00, 0xFF, 0xFF, 0x00, 0xFF, 0xFF, 0x00,
  0xFF, 0xFF, 0x00, 0xFF, 0xFF, 0x00, 0xFF, 0xFF, 0x00, 0xFF, 0xFF, 0x00, 0xFF, 0xFF, 0x00, 0xFF, 0xFF, 0x00, 0xFF, 0xFF, 0x00, 0xFF, 0xFF, 0x00,
  0xFF, 0xFF, 0x00, 0xFF, 0xFF, 0x00, 0xFF, 0xFF, 0x00, 0xFF, 0xFF, 0x00, 0xFF, 0xFF, 0x00, 0xFF, 0xFF, 0x00, 0xFF, 0xFF, 0x00, 0xFF, 0xFF, 0x00,
  0xFF, 0xFF, 0x00, 0xFF, 0xFF, 0x00, 0xFF, 0xFF, 0x00, 0xFF, 0xFF, 0x00, 0xFF, 0xFF, 0x00, 0xFF, 0xFF, 0x00, 0xFF, 0xFF, 0x00, 0xFF, 0xFF, 0x00,
  0xFF, 0xFF, 0x00, 0xFF, 0xFF, 0x00, 0xFF, 0xFF, 0x00, 0xFF, 0xFF, 0x00, 0xFF, 0xFF, 0x00, 0xFF, 0xFF, 0x00, 0xFF, 0xFF, 0x00, 0xFF, 0xFF, 0x00,
  0xFF, 0xFF, 0x00, 0xFF, 0xFF, 0x00, 0xFF, 0xFF, 0x00, 0xFF, 0xFF, 0x00, 0xFF, 0xFF, 0x00, 0xFF, 0xFF, 0x00, 0xFF, 0xFF, 0x00, 0xFF, 0xFF, 0x00,
  0xFF, 0xFF, 0x00, 0xFF, 0xFF, 0x00, 0xFF, 0xFF, 0x00, 0xFF, 0xFF, 0x00, 0xFF, 0xFF, 0x00, 0xFF, 0xFF, 0x00, 0xFF, 0xFF, 0x00, 0xFF, 0xFF, 0x00,
  0xFF, 0xFF, 0x00, 0xFF, 0xFF, 0x00, 0xFF, 0xFF, 0x00, 0xFF, 0xFF, 0x00, 0xFF, 0xFF, 0x00, 0xFF, 0xFF, 0x00, 0xFF, 0xFF, 0x00, 0xFF, 0xFF, 0x00,
  0xFF, 0xFF, 0x00, 0xFF, 0xFF, 0x00, 0xFF, 0xFF, 0x00, 0xFF, 0xFF, 0x00, 0xFF, 0xFF, 0x00, 0xFF, 0xFF, 0x00, 0xFF, 0xFF, 0x00, 0xFF, 0xFF, 0x00,
  0xFF, 0xFF, 0x00, 0xFF, 0xFF, 0x00, 0xFF, 0xFF, 0x00, 0xFF, 0xFF, 0x00, 0xFF, 0xFF, 0x00, 0xFF, 0xFF, 0x00, 0xFF, 0xFF, 0x00, 0xFF, 0xFF, 0x00,
  0xFF, 0xFF, 0x00, 0xFF, 0xFF, 0x00, 0xFF, 0xFF, 0x00, 0xFF, 0xFF, 0x00, 0xFF, 0xFF, 0x00, 0xFF, 0xFF, 0x00, 0xFF, 0xFF, 0x00, 0xFF, 0xFF, 0x00,
  0xFF, 0xFF, 0x00, 0xFF, 0xFF, 0x00, 0xFF, 0xFF, 0x00, 0xFF, 0xFF, 0x00, 0xFF, 0xFF, 0x00, 0xFF, 0xFF, 0x00, 0xFF, 0xFF, 0x00, 0xFF, 0xFF, 0x00,
  0xFF, 0xFF, 0x00, 0xFF, 0xFF, 0x00, 0xFF, 0xFF, 0x00, 0xFF, 0xFF, 0x00, 0xFF, 0xFF, 0x00, 0xFF, 0xFF, 0x00, 0xFF, 0xFF, 0x00, 0xFF, 0xFF, 0x00,
  0xFF, 0xFF, 0x00, 0xFF, 0xFF, 0x00, 0xFF, 0xFF, 0x00, 0xFF, 0xFF, 0x00, 0xFF, 0xFF, 0x00, 0xFF, 0xFF, 0x00, 0xFF, 0xFF, 0x00, 0xFF, 0xFF, 0x00,
  0xFF, 0xFF, 0x00, 0xFF, 0xFF, 0x00, 0xFF, 0xFF, 0x00, 0xFF, 0xFF, 0x00, 0xFF, 0xFF, 0x00, 0xFF, 0xFF, 0x00, 0xFF, 0xFF, 0x00, 0xFF, 0xFF, 0x00,
  0xFF, 0xFF, 0x00, 0xFF, 0xFF, 0x00, 0xFF, 0xFF, 0x00, 0xFF, 0xFF, 0x00, 0xFF, 0xFF, 0x00, 0xFF, 0xFF, 0x00, 0xFF, 0xFF, 0x00, 0xFF, 0xFF, 0x00,
  0xFF, 0xFF, 0x00, 0xFF, 0xFF, 0x00, 0xFF, 0xFF, 0x00, 0xFF, 0xFF, 0x00, 0xFF, 0xFF, 0x00, 0xFF, 0xFF, 0x00, 0xFF, 0xFF, 0x00, 0xFF, 0xFF, 0x00,
  0xFF, 0xFF, 0x00, 0xFF, 0xFF, 0x00, 0xFF, 0xFF, 0x00, 0xFF, 0xFF, 0x00, 0xFF, 0xFF, 0x00, 0xFF, 0xFF, 0x00, 0xFF, 0xFF, 0x00, 0xFF, 0xFF, 0x00,
  0xFF, 0xFF, 0x00, 0xFF, 0xFF, 0x00, 0xFF, 0xFF, 0x00, 0xFF, 0xFF, 0x00, 0xFF, 0xFF, 0x00, 0xFF, 0xFF, 0x00, 0xFF, 0xFF, 0x00, 0xFF, 0xFF, 0x00,
  0xFF, 0xFF, 0x00, 0xFF, 0xFF, 0x00, 0xFF, 0xFF, 0x00, 0xFF, 0xFF, 0x00, 0xFF, 0xFF, 0x00, 0xFF, 0xFF, 0x00, 0xFF, 0xFF, 0x00, 0xFF, 0xFF, 0x00,
  0xFF, 0xFF, 0x00, 0xFF, 0xFF, 0x00, 0xFF, 0xFF, 0x00, 0xFF, 0xFF, 0x00, 0xFF, 0xFF, 0x00, 0xFF, 0xFF, 0x00, 0xFF, 0xFF, 0x00, 0xFF, 0xFF, 0x00,
  0xFF, 0xFF, 0x00, 0xFF, 0xFF, 0x00, 0xFF, 0xFF, 0x00, 0xFF, 0xFF, 0x00, 0xFF, 0xFF, 0x00, 0xFF, 0xFF, 0x00, 0xFF, 0xFF, 0x00, 0xFF, 0xFF, 0x00,
  0xFF, 0xFF, 0x00, 0xFF, 0xFF, 0x00, 0xFF, 0xFF, 0x00, 0xFF, 0xFF, 0x00, 0xFF, 0xFF, 0x00, 0xFF, 0xFF, 0x00, 0xFF, 0xFF, 0x00, 0xFF, 0xFF, 0x00,
  0xFF, 0xFF, 0x00, 0xFF, 0xFF, 0x00, 0xFF, 0xFF, 0x00, 0xFF, 0xFF, 0x00, 0xFF, 0xFF, 0x00, 0xFF, 0xFF, 0x00, 0xFF, 0xFF, 0x00, 0xFF, 0xFF, 0x00,
  0xFF, 0xFF, 0x00, 0xFF, 0xFF, 0x00, 0xFF, 0xFF, 0x00, 0xFF, 0xFF, 0x00, 0xFF, 0xFF, 0x00, 0xFF, 0xFF, 0x00, 0xFF, 0xFF, 0x00, 0xFF, 0xFF, 0x00,
  0xFF, 0xFF, 0x00, 0xFF, 0xFF, 0x00, 0xFF, 0xFF, 0x00, 0xFF, 0xFF, 0x00, 0xFF, 0xFF, 0x00, 0xFF, 0xFF, 0x00, 0xFF, 0xFF, 0x00, 0xFF, 0xFF, 0x00,
  0xFF, 0xFF, 0x00, 0xFF, 0xFF, 0x00, 0xFF, 0xFF, 0x00, 0xFF, 0xFF, 0x00, 0xFF, 0xFF, 0x00, 0xFF, 0xFF, 0x00, 0xFF, 0xFF, 0x00, 0xFF, 0xFF, 0x00,
  0xFF, 0xFF, 0x00, 0xFF, 0xFF, 0x00, 0xFF, 0xFF, 0x00, 0xFF, 0xFF, 0x00, 0xFF, 0xFF, 0x00, 0xFF, 0xFF, 0x00, 0xFF, 0xFF, 0x00, 0xFF, 0xFF, 0x00,
  0xFF, 0xFF, 0x00, 0xFF, 0xFF, 0x00, 0xFF, 0xFF, 0x00, 0xFF, 0xFF, 0x00, 0xFF, 0xFF, 0x00, 0xFF, 0xFF, 0x00, 0xFF, 0xFF, 0x00, 0xFF, 0xFF, 0x00,
  0xFF, 0xFF, 0x00, 0xFF, 0xFF, 0x00, 0xFF, 0xFF, 0x00, 0xFF, 0xFF, 0x00, 0xFF, 0xFF, 0x00, 0xFF, 0xFF, 0x00, 0xFF, 0xFF, 0x00, 0xFF, 0xFF, 0x00,
  0xFF, 0xFF, 0x00, 0xFF, 0xFF, 0x00, 0xFF, 0xFF, 0x00, 0xFF, 0xFF, 0x00, 0xFF, 0xFF, 0x00, 0xFF, 0xFF, 0x00, 0xFF, 0xFF, 0x00, 0xFF, 0xFF, 0x00,
  0xFF, 0xFF, 0x00, 0xFF, 0xFF, 0x00, 0xFF, 0xFF, 0x00, 0xFF, 0xFF, 0x00, 0xFF, 0xFF, 0x00, 0xFF, 0xFF, 0x00, 0xFF, 0xFF, 0x00, 0xFF, 0xFF, 0x00,
  0xFF, 0xFF, 0x00, 0xFF, 0xFF, 0x00, 0xFF, 0xFF, 0x00, 0xFF, 0xFF, 0x00, 0xFF, 0xFF, 0x00, 0xFF, 0xFF, 0x00, 0xFF, 0xFF, 0x00, 0xFF, 0xFF, 0x00,
  0xFF, 0xFF, 0x00, 0xFF, 0xFF, 0x00, 0xFF, 0xFF, 0x00, 0xFF, 0xFF, 0x00, 0xFF, 0xFF, 0x00, 0xFF, 0xFF, 0x00, 0xFF, 0xFF, 0x00, 0xFF, 0xFF, 0x00,
  0xFF, 0xFF, 0x00, 0xFF, 0xFF, 0x00, 0xFF, 0xFF, 0x00, 0xFF, 0xFF, 0x00, 0xFF, 0xFF, 0x00, 0xFF, 0xFF, 0x00, 0xFF, 0xFF, 0x00, 0xFF, 0xFF, 0x00,
  0xFF, 0xFF, 0x00, 0xFF, 0xFF, 0x00, 0xFF, 0xFF, 0x00, 0xFF, 0xFF, 0x00, 0xFF, 0xFF, 0x00, 0xFF, 0xFF, 0x00, 0xFF, 0xFF, 0x00, 0xFF, 0xFF, 0x00,
  0xFF, 0xFF, 0x00, 0xFF, 0xFF, 0x00, 0xFF, 0xFF, 0x00, 0xFF, 0xFF, 0x00, 0xFF, 0xFF, 0x00, 0xFF, 0xFF, 0x00, 0xFF, 0xFF, 0x00, 0xFF, 0xFF, 0x00,
  0xFF, 0xFF, 0x00, 0xFF, 0xFF, 0x00, 0xFF, 0xFF, 0x00, 0xFF, 0xFF, 0x00, 0xFF, 0xFF, 0x00, 0xFF, 0xFF, 0x00, 0xFF, 0xFF, 0x00, 0xFF, 0xFF, 0x00,
  0xFF, 0xFF, 0x00, 0xFF, 0xFF, 0x00, 0xFF, 0xFF, 0x00, 0xFF, 0xFF, 0x00, 0xFF, 0xFF, 0x00, 0xFF, 0xFF, 0x00, 0xFF, 0xFF, 0x00, 0xFF, 0xFF, 0x00,
  0xFF, 0xFF, 0x00, 0xFF, 0xFF, 0x00, 0xFF, 0xFF, 0x00, 0xFF, 0xFF, 0x00, 0xFF, 0xFF, 0x00, 0xFF, 0xFF, 0x00, 0xFF, 0xFF, 0x00, 0xFF, 0xFF, 0x00,
  0xFF, 0xFF, 0x00, 0xFF, 0xFF, 0x00, 0xFF, 0xFF, 0x00, 0xFF, 0xFF, 0x00, 0xFF, 0xFF, 0x00, 0xFF, 0xFF, 0x00, 0xFF, 0xFF, 0x00, 0xFF, 0xFF, 0x00,
  0xFF, 0xFF, 0x00, 0xFF, 0xFF, 0x00, 0xFF, 0xFF, 0x00, 0xFF, 0xFF, 0x00, 0xFF, 0xFF, 0x00, 0xFF, 0xFF, 0x00, 0xFF, 0xFF, 0x00, 0xFF, 0xFF, 0x00,
  0xFF, 0xFF, 0x00, 0xFF, 0xFF, 0x00, 0xFF, 0xFF, 0x00, 0xFF, 0xFF, 0x00, 0xFF, 0xFF, 0x00, 0xFF, 0xFF, 0x00, 0xFF, 0xFF, 0x00, 0xFF, 0xFF, 0x00,
  0xFF, 0xFF, 0x00, 0xFF, 0xFF, 0x00, 0xFF, 0xFF, 0x00, 0xFF, 0xFF, 0x00, 0xFF, 0xFF, 0x00, 0xFF, 0xFF, 0x00, 0xFF, 0xFF, 0x00, 0xFF, 0xFF, 0x00,
  0xFF, 0xFF, 0x00, 0xFF, 0xFF, 0x00, 0xFF, 0xFF, 0x00, 0xFF, 0xFF, 0x00, 0xFF, 0xFF, 0x00, 0xFF, 0xFF, 0x00, 0xFF, 0xFF, 0x00, 0xFF, 0xFF, 0x00,
  0xFF, 0xFF, 0x00, 0xFF, 0xFF, 0x00, 0xFF, 0xFF, 0x00, 0xFF, 0xFF, 0x00, 0xFF, 0xFF, 0x00, 0xFF, 0xFF, 0x00, 0xFF, 0xFF, 0x00, 0xFF, 0xFF, 0x00,
  0xFF, 0xFF, 0x00, 0xFF, 0xFF, 0x00, 0xFF, 0xFF, 0x00, 0xFF, 0xFF, 0x00, 0xFF, 0xFF, 0x00, 0xFF, 0xFF, 0x00, 0xFF, 0xFF, 0x00, 0xFF, 0xFF, 0x00,
  0xFF, 0xFF, 0x00, 0xFF, 0xFF, 0x00, 0xFF, 0xFF, 0x00, 0xFF, 0xFF, 0x00, 0xFF, 0xFF, 0x00, 0xFF, 0xFF, 0x00, 0xFF, 0xFF, 0x00, 0xFF, 0xFF, 0x00,
  0xFF, 0xFF, 0x00, 0xFF, 0xFF, 0x00, 0xFF, 0xFF, 0x00, 0xFF, 0xFF, 0x00, 0xFF, 0xFF, 0x00, 0xFF, 0xFF, 0x00, 0xFF, 0xFF, 0x00, 0xFF, 0xFF, 0x00,
  0xFF, 0xFF, 0x00, 0xFF, 0xFF, 0x00, 0xFF, 0xFF, 0x00, 0xFF, 0xFF, 0x00, 0xFF, 0xFF, 0x00, 0xFF, 0xFF, 0x00, 0xFF, 0xFF, 0x00, 0xFF, 0xFF, 0x00,
  0xFF, 0xFF, 0x00, 0xFF, 0xFF, 0x00, 0xFF, 0xFF, 0x00, 0xFF, 0xFF, 0x00, 0xFF, 0xFF, 0x00, 0xFF, 0xFF, 0x00, 0xFF, 0xFF, 0x00, 0xFF, 0xFF, 0x00,
  0xFF, 0xFF, 0x00, 0xFF, 0xFF, 0x00, 0xFF, 0xFF, 0x00, 0xFF, 0xFF, 0x00, 0xFF, 0xFF, 0x00, 0xFF, 0xFF, 0x00, 0xFF, 0xFF, 0x00, 0xFF, 0xFF, 0x00,
  0xFF, 0xFF, 0x00, 0xFF, 0xFF, 0x00, 0xFF, 0xFF, 0x00, 0xFF, 0xFF, 0x00, 0xFF, 0xFF, 0x00, 0xFF, 0xFF, 0x00, 0xFF, 0xFF, 0x00, 0xFF, 0xFF, 0x00,
  0xFF, 0xFF, 0x00, 0xFF, 0xFF, 0x00, 0xFF, 0xFF, 0x00, 0xFF, 0xFF, 0x00, 0xFF, 0xFF, 0x00, 0xFF, 0xFF, 0x00, 0xFF, 0xFF, 0x00, 0xFF, 0xFF, 0x00,
  0xFF, 0xFF, 0x00, 0xFF, 0xFF, 0x00, 0xFF, 0xFF, 0x00, 0xFF, 0xFF, 0x00, 0xFF, 0xFF, 0x00, 0xFF, 0xFF, 0x00, 0xFF, 0xFF, 0x00, 0xFF, 0xFF, 0x00,
  0xFF, 0xFF, 0x00, 0xFF, 0xFF, 0x00, 0xFF, 0xFF, 0x00, 0xFF, 0xFF, 0x00, 0xFF, 0xFF, 0x00, 0xFF, 0xFF, 0x00, 0xFF, 0xFF, 0x00, 0xFF, 0xFF, 0x00,
  0xFF, 0xFF, 0x00, 0xFF, 0xFF, 0x00, 0xFF, 0xFF, 0x00, 0xFF, 0xFF, 0x00, 0xFF, 0xFF, 0x00, 0xFF, 0xFF, 0x00, 0xFF, 0xFF, 0x00, 0xFF, 0xFF, 0x00,
  0xFF, 0xFF, 0x00, 0xFF, 0xFF, 0x00, 0xFF, 0xFF, 0x00, 0xFF, 0xFF, 0x00, 0xFF, 0xFF, 0x00, 0xFF, 0xFF, 0x00, 0xFF, 0xFF, 0x00, 0xFF, 0xFF, 0x00,
  0xFF, 0xFF, 0x00, 0xFF, 0xFF, 0x00, 0xFF, 0xFF, 0x00, 0xFF, 0xFF, 0x00, 0xFF, 0xFF, 0x00, 0xFF, 0xFF, 0x00, 0xFF, 0xFF, 0x00, 0xFF, 0xFF, 0x00,
  0xFF, 0xFF, 0x00, 0xFF, 0xFF, 0x00, 0xFF, 0xFF, 0x00, 0xFF, 0xFF, 0x00, 0xFF, 0xFF, 0x00, 0xFF, 0xFF, 0x00, 0xFF, 0xFF, 0x00, 0xFF, 0xFF, 0x00,
  0xFF, 0xFF, 0x00, 0xFF, 0xFF, 0x00, 0xFF, 0xFF, 0x00, 0xFF, 0xFF, 0x00, 0xFF, 0xFF, 0x00, 0xFF, 0xFF, 0x00, 0xFF, 0xFF, 0x00, 0xFF, 0xFF, 0x00,
  0xFF, 0xFF, 0x00, 0xFF, 0xFF, 0x00, 0xFF, 0xFF, 0x00, 0xFF, 0xFF, 0x00, 0xFF, 0xFF, 0x00, 0xFF, 0xFF, 0x00, 0xFF, 0xFF, 0x00, 0xFF, 0xFF, 0x00,
  0xFF, 0xFF, 0x00, 0xFF, 0xFF, 0x00, 0xFF, 0xFF, 0x00, 0xFF, 0xFF, 0x00, 0xFF, 0xFF, 0x00, 0xFF, 0xFF, 0x00, 0xFF, 0xFF, 0x00, 0xFF, 0xFF, 0x00,
  0xFF, 0xFF, 0x00, 0xFF, 0xFF, 0x00, 0xFF, 0xFF, 0x00, 0xFF, 0xFF, 0x00, 0xFF, 0xFF, 0x00, 0xFF, 0xFF, 0x00, 0xFF, 0xFF, 0x00, 0xFF, 0xFF, 0x00,
  0xFF, 0xFF, 0x00, 0xFF, 0xFF, 0x00, 0xFF, 0xFF, 0x00, 0xFF, 0xFF, 0x00, 0xFF, 0xFF, 0x00, 0xFF, 0xFF, 0x00, 0xFF, 0xFF, 0x00, 0xFF, 0xFF, 0x00,
  0xFF, 0xFF, 0x00, 0xFF, 0xFF, 0x00, 0xFF, 0xFF, 0x00, 0xFF, 0xFF, 0x00, 0xFF, 0xFF, 0x00, 0xFF, 0xFF, 0x00, 0xFF, 0xFF, 0x00, 0xFF, 0xFF, 0x00,
  0xFF, 0xFF, 0x00, 0xFF, 0xFF, 0x00, 0xFF, 0xFF, 0x00, 0xFF, 0xFF, 0x00, 0xFF, 0xFF, 0x00, 0xFF, 0xFF, 0x00, 0xFF, 0xFF, 0x00, 0xFF, 0xFF, 0x00,
  0xFF, 0xFF, 0x00, 0xFF, 0xFF, 0x00, 0xFF, 0xFF, 0x00, 0xFF, 0xFF, 0x00, 0xFF, 0xFF, 0x00, 0xFF, 0xFF, 0x00, 0xFF, 0xFF, 0x00, 0xFF, 0xFF, 0x00,
  0xFF, 0xFF, 0x00, 0xFF, 0xFF, 0x00, 0xFF, 0xFF, 0x00, 0xFF, 0xFF, 0x00, 0xFF, 0xFF, 0x00, 0xFF, 0xFF, 0x00, 0xFF, 0xFF, 0x00, 0xFF, 0xFF, 0x00,
  0xFF, 0xFF, 0x00, 0xFF, 0xFF, 0x00, 0xFF, 0xFF, 0x00, 0xFF, 0xFF, 0x00, 0xFF, 0xFF, 0x00, 0xFF, 0xFF, 0x00, 0xFF, 0xFF, 0x00, 0xFF, 0xFF, 0x00,
  0xFF, 0xFF, 0x00, 0xFF, 0xFF, 0x00, 0xFF, 0xFF, 0x00, 0xFF, 0xFF, 0x00, 0xFF, 0xFF, 0x00, 0xFF, 0xFF, 0x00, 0xFF, 0xFF, 0x00, 0xFF, 0xFF, 0x00,
  0xFF, 0xFF, 0x00, 0xFF, 0xFF, 0x00, 0xFF, 0xFF, 0x00, 0xFF, 0xFF, 0x00, 0xFF, 0xFF, 0x00, 0xFF, 0xFF, 0x00, 0xFF, 0xFF, 0x00, 0xFF, 0xFF, 0x00,
  0xFF, 0xFF, 0x00, 0xFF, 0xFF, 0x00, 0xFF, 0xFF, 0x00, 0xFF, 0xFF, 0x00, 0xFF, 0xFF, 0x00, 0xFF, 0xFF, 0x00, 0xFF, 0xFF, 0x00, 0xFF, 0xFF, 0x00,
  0xFF, 0xFF, 0x00, 0xFF, 0xFF, 0x00, 0xFF, 0xFF, 0x00, 0xFF, 0xFF, 0x00, 0xFF, 0xFF, 0x00, 0xFF, 0xFF, 0x00, 0xFF, 0xFF, 0x00, 0xFF, 0xFF, 0x00,
  0xFF, 0xFF, 0x00, 0xFF, 0xFF, 0x00, 0xFF, 0xFF, 0x00, 0xFF, 0xFF, 0x00, 0xFF, 0xFF, 0x00, 0xFF, 0xFF, 0x00, 0xFF, 0xFF, 0x00, 0xFF, 0xFF, 0x00,
  0xFF, 0xFF, 0x00, 0xFF, 0xFF, 0x00, 0xFF, 0xFF, 0x00, 0xFF, 0xFF, 0x00, 0xFF, 0xFF, 0x00, 0xFF, 0xFF, 0x00, 0xFF, 0xFF, 0x00, 0xFF, 0xFF, 0x00,
  0xFF, 0xFF, 0x00, 0xFF, 0xFF, 0x00, 0xFF, 0xFF, 0x00, 0xFF, 0xFF, 0x00, 0xFF, 0xFF, 0x00, 0xFF, 0xFF, 0x00, 0xFF, 0xFF, 0x00, 0xFF, 0xFF, 0x00,
  0xFF, 0xFF, 0x00, 0xFF, 0xFF, 0x00, 0xFF, 0xFF, 0x00, 0xFF, 0xFF, 0x00, 0xFF, 0xFF, 0x00, 0xFF, 0xFF, 0x00, 0xFF, 0xFF, 0x00, 0xFF, 0xFF, 0x00,
  0xFF, 0xFF, 0x00, 0xFF, 0xFF, 0x00, 0xFF, 0xFF, 0x00, 0xFF, 0xFF, 0x00, 0xFF, 0xFF, 0x00, 0xFF, 0xFF, 0x00, 0xFF, 0xFF, 0x00, 0xFF, 0xFF, 0x00,
  0xFF, 0xFF, 0x00, 0xFF, 0xFF, 0x00, 0xFF, 0xFF, 0x00, 0xFF, 0xFF, 0x00, 0xFF, 0xFF, 0x00, 0xFF, 0xFF, 0x00, 0xFF, 0xFF, 0x00, 0xFF, 0xFF, 0x00,
  0xFF, 0xFF, 0x00, 0xFF, 0xFF, 0x00, 0xFF, 0xFF, 0x00, 0xFF, 0xFF, 0x00, 0xFF, 0xFF, 0x00, 0xFF, 0xFF, 0x00, 0xFF, 0xFF, 0x00, 0xFF, 0xFF, 0x00,
  0xFF, 0xFF, 0x00, 0xFF, 0xFF, 0x00, 0xFF, 0xFF, 0x00, 0xFF, 0xFF, 0x00, 0xFF, 0xFF, 0x00, 0xFF, 0xFF, 0x00, 0xFF, 0xFF, 0x00, 0xFF, 0xFF, 0x00,
  0xFF, 0xFF, 0x00, 0xFF, 0xFF, 0x00, 0xFF, 0xFF, 0x00, 0xFF, 0xFF, 0x00, 0xFF, 0xFF, 0x00, 0xFF, 0xFF, 0x00, 0xFF, 0xFF, 0x00, 0xFF, 0xFF, 0x00,
  0xFF, 0xFF, 0x00, 0xFF, 0xFF, 0x00, 0xFF, 0xFF, 0x00, 0xFF, 0xFF, 0x00, 0xFF, 0xFF, 0x00, 0xFF, 0xFF, 0x00, 0xFF, 0xFF, 0x00, 0xFF, 0xFF, 0x00,
  0xFF, 0xFF, 0x00, 0xFF, 0xFF, 0x00, 0xFF, 0xFF, 0x00,
};

const lv_img_dsc_t tiltdash_back_105_alpha = {
  .header = {
    .always_zero = 0,
    .w = 115,
    .h = 105,
    .cf = LV_IMG_CF_TRUE_COLOR_ALPHA,
  },
  .data_size = 36225,
  .data = tiltdash_back_105_alpha_map,
};
