#include "lvgl.h"

#ifndef LV_ATTRIBUTE_MEM_ALIGN
#define LV_ATTRIBUTE_MEM_ALIGN
#endif

#ifndef LV_ATTRIBUTE_IMG_TILTDASH_SIDE_105_ALPHA
#define LV_ATTRIBUTE_IMG_TILTDASH_SIDE_105_ALPHA
#endif

static const LV_ATTRIBUTE_MEM_ALIGN LV_ATTRIBUTE_IMG_TILTDASH_SIDE_105_ALPHA uint8_t tiltdash_side_105_alpha_map[] = {
  0x51, 0x84, 0x00, 0x51, 0x84, 0x00, 0x51, 0x84, 0x00, 0x51, 0x84, 0x00, 0x51, 0x84, 0x00, 0x51,
  0x8C, 0x00, 0x30, 0x84, 0x00, 0x8E, 0x6B, 0x00, 0xB2, 0x94, 0x00, 0xAE, 0x73, 0x00, 0xAB, 0x52,
  0x00, 0xCF, 0x73, 0x00, 0x45, 0x21, 0x00, 0x4D, 0x6B, 0x00, 0x10, 0x7C, 0x00, 0x8E, 0x6B, 0x00,
  0x08, 0x42, 0x00, 0x2D, 0x63, 0x00, 0x08, 0x42, 0x00, 0xCF, 0x73, 0x00, 0x29, 0x42, 0x00, 0xCB,
  0x5A, 0x00, 0xAF, 0x73, 0x00, 0xEC, 0x5A, 0x00, 0x28, 0x42, 0x00, 0x51, 0x84, 0x00, 0xCB, 0x5A,
  0x00, 0x71, 0x8C, 0x00, 0x8E, 0x6B, 0x00, 0xEB, 0x5A, 0x00, 0xA7, 0x31, 0x00, 0x49, 0x4A, 0x00,
  0xC7, 0x39, 0x00, 0x8A, 0x52, 0x00, 0xCB, 0x5A, 0x00, 0x29, 0x42, 0x00, 0x86, 0x31, 0x00, 0x65,
  0x29, 0x00, 0xE3, 0x18, 0x00, 0xB3, 0x94, 0x00, 0xF8, 0xBD, 0x00, 0x08, 0x3A, 0x00, 0x28, 0x42,
  0x00, 0x30, 0x84, 0x00, 0xEF, 0x7B, 0x00, 0x65, 0x29, 0x00, 0xCB, 0x5A, 0x00, 0xCF, 0x7B, 0x00,
  0x51, 0x84, 0x00, 0xAA, 0x52, 0x00, 0x6D, 0x6B, 0x00, 0x6D, 0x6B, 0x00, 0x24, 0x21, 0x00, 0x8E,
  0x73, 0x00, 0xD3, 0x9C, 0x00, 0x08, 0x42, 0x00, 0xE7, 0x39, 0x00, 0xB3, 0x94, 0x00, 0x51, 0x8C,
  0x00, 0xC7, 0x39, 0x00, 0xEF, 0x7B, 0x00, 0x0C, 0x63, 0x00, 0xA6, 0x39, 0x00, 0xF0, 0x7B, 0x00,
  0x72, 0x8C, 0x00, 0x69, 0x4A, 0x00, 0x8E, 0x73, 0x00, 0x6E, 0x6B, 0x00, 0xE7, 0x39, 0x00, 0xB2,
  0x94, 0x00, 0x72, 0x8C, 0x00, 0xE7, 0x41, 0x00, 0x51, 0x8C, 0x00, 0xF0, 0x7B, 0x00, 0xAB, 0x52,
  0x00, 0x0C, 0x63, 0x00, 0xCB, 0x5A, 0x00, 0x0C, 0x5B, 0x00, 0x4D, 0x6B, 0x00, 0xF0, 0x7B, 0x00,
  0x49, 0x42, 0x00, 0xAB, 0x52, 0x00, 0xCB, 0x52, 0x00, 0xA6, 0x31, 0x00, 0xAE, 0x73, 0x00, 0xAE,
  0x73, 0x00, 0xCF, 0x73, 0x01, 0x49, 0x4A, 0x13, 0x04, 0x21, 0x1F, 0x04, 0x19, 0x22, 0x65, 0x29,
  0x28, 0xA2, 0x10, 0x2F, 0x08, 0x42, 0x3F, 0x8A, 0x52, 0x57, 0x04, 0x21, 0x5F, 0x61, 0x08, 0x5F,
  0xE3, 0x18, 0x5F, 0x2C, 0x63, 0x62, 0xCB, 0x5A, 0x66, 0x8A, 0x52, 0x66, 0x8A, 0x52, 0x6A, 0x8A,
  0x52, 0x6B, 0x69, 0x4A, 0x72, 0xE7, 0x39, 0x85, 0xA6, 0x31, 0x8E, 0xA6, 0x31, 0x90, 0x65, 0x29,
  0x9A, 0x04, 0x21, 0x9D, 0xC3, 0x18, 0xA0, 0xA2, 0x10, 0xA1, 0xA2, 0x10, 0xA1, 0xC3, 0x18, 0xA1,
  0x24, 0x21, 0x9C, 0xC2, 0x10, 0x9F, 0x20, 0x00, 0xA7, 0x41, 0x00, 0xA5, 0x61, 0x08, 0xA2, 0x00,
  0x00, 0xA5, 0x00, 0x00, 0xA6, 0x41, 0x08, 0xA5, 0x04, 0x21, 0xA9, 0xE3, 0x18, 0xAE, 0xE3, 0x18,
  0xAA, 0xE3, 0x18, 0xAB, 0xC3, 0x18, 0xAD, 0xC3, 0x18, 0xAF, 0xC3, 0x18, 0xB1, 0xE3, 0x18, 0xAB,
  0xC3, 0x18, 0xB2, 0xA2, 0x10, 0xBB, 0xC2, 0x10, 0xBB, 0xC3, 0x10, 0xBA, 0xA3, 0x10, 0xBA, 0xA2,
  0x10, 0xBC, 0xA2, 0x10, 0xBF, 0xA2, 0x10, 0xC3, 0x82, 0x10, 0xCA, 0xA2, 0x10, 0xCB, 0xA2, 0x10,
  0xCC, 0x82, 0x10, 0xCF, 0xA2, 0x10, 0xD2, 0xA2, 0x10, 0xD2, 0xA2, 0x10, 0xD4, 0x82, 0x10, 0xD7,
  0x82, 0x10, 0xDA, 0x82, 0x10, 0xDB, 0x82, 0x10, 0xDB, 0x82, 0x10, 0xDC, 0x61, 0x08, 0xDE, 0x61,
  0x08, 0xDF, 0x61, 0x08, 0xDF, 0x61, 0x08, 0xDF, 0x81, 0x10, 0xDF, 0x62, 0x08, 0xDF, 0x61, 0x08,
  0xDF, 0x81, 0x10, 0xDF, 0x82, 0x10, 0xDF, 0x82, 0x10, 0xE0, 0x61, 0x08, 0xE1, 0x61, 0x08, 0xE1,
  0x61, 0x08, 0xE2, 0x61, 0x08, 0xE2, 0x61, 0x08, 0xE2, 0x61, 0x08, 0xE2, 0x61, 0x08, 0xE2, 0x82,
  0x10, 0xE2, 0x82, 0x10, 0xE2, 0x82, 0x10, 0xE2, 0x82, 0x10, 0xE3, 0x61, 0x10, 0xE4, 0x61, 0x10,
  0xE4, 0x61, 0x08, 0xE4, 0x82, 0x10, 0xE4, 0x82, 0x10, 0xE4, 0x61, 0x08, 0xE4, 0x61, 0x08, 0xE4,
  0x61, 0x08, 0xE4, 0x61, 0x08, 0xE4, 0x61, 0x08, 0xE4, 0x61, 0x08, 0xE5, 0x41, 0x08, 0xE6, 0x41,
  0x08, 0xE6, 0x41, 0x08, 0xE5, 0x61, 0x08, 0xE4, 0x61, 0x08, 0xE4, 0x82, 0x10, 0xE4, 0x82, 0x10,
  0xE4, 0x82, 0x10, 0xE3, 0xA2, 0x10, 0xE4, 0x82, 0x10, 0xE4, 0x61, 0x08, 0xE4, 0x61, 0x08, 0xE5,
  0x41, 0x08, 0xE5, 0x61, 0x08, 0xE4, 0x61, 0x08, 0xE4, 0x61, 0x08, 0xE4, 0x61, 0x08, 0xE4, 0x61,
  0x08, 0xE3, 0x61, 0x08, 0xE2, 0x61, 0x08, 0xE2, 0x61, 0x08, 0xE3, 0x41, 0x08, 0xE3, 0x41, 0x08,
  0xE3, 0x41, 0x08, 0xE3, 0x20, 0x00, 0xE4, 0x20, 0x00, 0xE3, 0x41, 0x08, 0xE2, 0x41, 0x08, 0xE2,
  0x41, 0x08, 0xE1, 0x41, 0x08, 0xE3, 0x82, 0x10, 0xD8, 0xA2, 0x10, 0xD5, 0x82, 0x10, 0xD7, 0x82,
  0x10, 0xD8, 0x61, 0x08, 0xDE, 0xA2, 0x10, 0xCD, 0xC3, 0x18, 0xC3, 0xA2, 0x10, 0xC5, 0xA2, 0x10,
  0xC4, 0xA2, 0x10, 0xC5, 0xA2, 0x10, 0xC6, 0xA2, 0x10, 0xC6, 0xA2, 0x10, 0xC1, 0x82, 0x10, 0xCA,
  0xA2, 0x10, 0xBC, 0xA2, 0x10, 0xB6, 0x82, 0x10, 0xBF, 0xA2, 0x10, 0xB4, 0xA2, 0x10, 0xB7, 0xA2,
  0x10, 0xB6, 0xA2, 0x10, 0xB4, 0xC3, 0x18, 0xAE, 0xA2, 0x10, 0xA2, 0xE3, 0x18, 0xA6, 0x04, 0x21,
  0xA8, 0xC3, 0x18, 0xA4, 0x61, 0x08, 0xA1, 0xA2, 0x10, 0xA1, 0x45, 0x29, 0x9A, 0x45, 0x29, 0x99,
  0x45, 0x29, 0x9B, 0x04, 0x21, 0x9D, 0x24, 0x21, 0x9C, 0x86, 0x31, 0x8E, 0xE7, 0x39, 0x80, 0xC7,
  0x39, 0x84, 0xAB, 0x52, 0x71, 0x65, 0x29, 0x62, 0x41, 0x00, 0x5E, 0x81, 0x08, 0x64, 0x08, 0x42,
  0x5B, 0x8A, 0x52, 0x30, 0x41, 0x08, 0x24, 0x49, 0x4A, 0x14, 0x51, 0x8C, 0x00, 0x8E, 0x73, 0x00,
  0xE7, 0x39, 0x00, 0x49, 0x4A, 0x00, 0x31, 0x84, 0x00, 0x6A, 0x4A, 0x00, 0x8E, 0x73, 0x00, 0x14,
  0xA5, 0x00, 0xD3, 0x94, 0x00, 0xD3, 0x94, 0x00, 0xD3, 0x94, 0x00, 0xD3, 0x94, 0x00, 0xD3, 0x94,
  0x00, 0xD3, 0x94, 0x00, 0xD3, 0x94, 0x00, 0xD3, 0x94, 0x00, 0xD3, 0x94, 0x00, 0xD3, 0x94, 0x00,
  0xD3, 0x94, 0x00, 0xD3, 0x94, 0x00, 0xD3, 0x94, 0x00, 0xD3, 0x94, 0x00, 0x51, 0x84, 0x00, 0x51,
  0x84, 0x00, 0x51, 0x84, 0x00, 0x51, 0x84, 0x00, 0x51, 0x84, 0x00, 0x51, 0x8C, 0x00, 0x30, 0x84,
  0x00, 0x8E, 0x6B, 0x00, 0xB2, 0x94, 0x00, 0xAE, 0x73, 0x00, 0xAB, 0x52, 0x00, 0xCF, 0x73, 0x00,
  0x45, 0x21, 0x00, 0x4D, 0x6B, 0x00, 0x10, 0x7C, 0x00, 0x8E, 0x6B, 0x00, 0x08, 0x42, 0x00, 0x2D,
  0x63, 0x00, 0x08, 0x42, 0x00, 0xCF, 0x73, 0x00, 0x29, 0x42, 0x00, 0xCB, 0x5A, 0x00, 0xAF, 0x73,
  0x00, 0xEC, 0x5A, 0x00, 0x28, 0x42, 0x00, 0x51, 0x84, 0x00, 0xCB, 0x5A, 0x00, 0x71, 0x8C, 0x00,
  0x8E, 0x6B, 0x00, 0xEB, 0x5A, 0x00, 0xA7, 0x31, 0x00, 0x49, 0x4A, 0x00, 0xC7, 0x39, 0x00, 0x8A,
  0x52, 0x00, 0xCB, 0x5A, 0x00, 0x29, 0x42, 0x00, 0x86, 0x31, 0x00, 0x65, 0x29, 0x00, 0xE3, 0x18,
  0x00, 0xB3, 0x94, 0x00, 0xF8, 0xBD, 0x00, 0x08, 0x3A, 0x00, 0x28, 0x42, 0x00, 0x30, 0x84, 0x00,
  0xEF, 0x7B, 0x00, 0x65, 0x29, 0x00, 0xCB, 0x5A, 0x00, 0xCF, 0x7B, 0x00, 0x51, 0x84, 0x00, 0xAA,
  0x52, 0x00, 0x6D, 0x6B, 0x00, 0x6D, 0x6B, 0x00, 0x24, 0x21, 0x00, 0x8E, 0x73, 0x00, 0xD3, 0x9C,
  0x00, 0x08, 0x42, 0x00, 0xE7, 0x39, 0x00, 0xB3, 0x94, 0x00, 0x51, 0x8C, 0x00, 0xC7, 0x39, 0x00,
  0xEF, 0x7B, 0x00, 0x0C, 0x63, 0x00, 0xA6, 0x39, 0x00, 0xF0, 0x7B, 0x00, 0x72, 0x8C, 0x00, 0x69,
  0x4A, 0x00, 0x8E, 0x73, 0x00, 0x6E, 0x6B, 0x00, 0xE7, 0x39, 0x00, 0xB2, 0x94, 0x00, 0x72, 0x8C,
  0x00, 0xE7, 0x41, 0x00, 0x51, 0x8C, 0x00, 0xF0, 0x7B, 0x00, 0xAB, 0x52, 0x00, 0x0C, 0x63, 0x00,
  0xCB, 0x5A, 0x00, 0x0C, 0x5B, 0x00, 0x4D, 0x6B, 0x00, 0x51, 0x84, 0x00, 0x69, 0x4A, 0x00, 0x49,
  0x4A, 0x0F, 0x49, 0x4A, 0x45, 0x45, 0x29, 0x73, 0xE7, 0x39, 0x9C, 0x08, 0x42, 0xBA, 0x29, 0x42,
  0xC5, 0xE7, 0x39, 0xDD, 0xE7, 0x39, 0xEA, 0xC7, 0x39, 0xED, 0xE8, 0x39, 0xF4, 0x6A, 0x4A, 0xFE,
  0x28, 0x42, 0xFF, 0xE7, 0x39, 0xFF, 0x29, 0x42, 0xFF, 0x69, 0x4A, 0xFF, 0x29, 0x42, 0xFF, 0xA7,
  0x31, 0xFF, 0xC7, 0x39, 0xFF, 0x29, 0x42, 0xFF, 0x8A, 0x52, 0xFF, 0x8A, 0x52, 0xFF, 0xAA, 0x52,
  0xFF, 0xEC, 0x5A, 0xFF, 0x4D, 0x6B, 0xFF, 0x8E, 0x6B, 0xFF, 0x6E, 0x6B, 0xFF, 0x8E, 0x73, 0xFF,
  0xAF, 0x73, 0xFF, 0xAF, 0x73, 0xFF, 0xAF, 0x73, 0xFF, 0xAF, 0x73, 0xFF, 0x8E, 0x73, 0xFF, 0xCF,
  0x73, 0xFF, 0xCF, 0x73, 0xFF, 0xCF, 0x73, 0xFF, 0xF0, 0x7B, 0xFF, 0xF0, 0x7B, 0xFF, 0x10, 0x7C,
  0xFF, 0xCF, 0x73, 0xFF, 0x4D, 0x63, 0xFF, 0x4D, 0x63, 0xFF, 0x4D, 0x63, 0xFF, 0x4D, 0x63, 0xFF,
  0x4D, 0x63, 0xFF, 0x6E, 0x6B, 0xFF, 0x6E, 0x6B, 0xFF, 0x6E, 0x6B, 0xFF, 0x8E, 0x6B, 0xFF, 0x8E,
  0x6B, 0xFF, 0x8F, 0x73, 0xFF, 0xAF, 0x73, 0xFF, 0x8E, 0x73, 0xFF, 0x8E, 0x73, 0xFF, 0x8E, 0x73,
  0xFF, 0xAF, 0x73, 0xFF, 0xCF, 0x73, 0xFF, 0xCF, 0x73, 0xFF, 0xF0, 0x7B, 0xFF, 0xF0, 0x7B, 0xFF,
  0x10, 0x7C, 0xFF, 0x10, 0x7C, 0xFF, 0x10, 0x7C, 0xFF, 0x10, 0x7C, 0xFF, 0x10, 0x84, 0xFF, 0x31,
  0x84, 0xFF, 0x31, 0x84, 0xFF, 0x31, 0x84, 0xFF, 0x31, 0x84, 0xFF, 0x31, 0x84, 0xFF, 0x51, 0x84,
  0xFF, 0x51, 0x8C, 0xFF, 0x51, 0x8C, 0xFF, 0x51, 0x84, 0xFF, 0x51, 0x8C, 0xFF, 0x72, 0x8C, 0xFF,
  0x72, 0x8C, 0xFF, 0x72, 0x8C, 0xFF, 0x72, 0x8C, 0xFF, 0x92, 0x8C, 0xFF, 0x92, 0x8C, 0xFF, 0x92,
  0x8C, 0xFF, 0x92, 0x8C, 0xFF, 0x92, 0x8C, 0xFF, 0x92, 0x8C, 0xFF, 0xB3, 0x94, 0xFF, 0xB3, 0x94,
  0xFF, 0xB3, 0x94, 0xFF, 0xD3, 0x94, 0xFF, 0xD3, 0x94, 0xFF, 0xD3, 0x94, 0xFF, 0xD3, 0x94, 0xFF,
  0xD3, 0x94, 0xFF, 0xD3, 0x94, 0xFF, 0xD3, 0x94, 0xFF, 0xD3, 0x94, 0xFF, 0xB3, 0x94, 0xFF, 0xB3,
  0x94, 0xFF, 0xD3, 0x94, 0xFF, 0xD3, 0x94, 0xFF, 0xD3, 0x94, 0xFF, 0xB3, 0x94, 0xFF, 0xB3, 0x94,
  0xFF, 0xB3, 0x94, 0xFF, 0xD3, 0x94, 0xFF, 0xD3, 0x94, 0xFF, 0xD3, 0x94, 0xFF, 0xD3, 0x94, 0xFF,
  0xD3, 0x94, 0xFF, 0xD3, 0x94, 0xFF, 0xD3, 0x94, 0xFF, 0xB3, 0x94, 0xFF, 0xB3, 0x94, 0xFF, 0xB3,
  0x94, 0xFF, 0xB3, 0x94, 0xFF, 0xB3, 0x94, 0xFF, 0xB3, 0x94, 0xFF, 0x92, 0x94, 0xFF, 0x93, 0x94,
  0xFF, 0xB3, 0x94, 0xFF, 0x92, 0x8C, 0xFF, 0x92, 0x8C, 0xFF, 0x72, 0x8C, 0xFF, 0x72, 0x8C, 0xFF,
  0x72, 0x8C, 0xFF, 0x71, 0x8C, 0xFF, 0x51, 0x8C, 0xFF, 0x51, 0x84, 0xFF, 0x51, 0x84, 0xFF, 0x51,
  0x8C, 0xFF, 0x31, 0x84, 0xFF, 0x10, 0x84, 0xFF, 0x10, 0x7C, 0xFF, 0xF0, 0x7B, 0xFF, 0x10, 0x7C,
  0xFF, 0xF0, 0x7B, 0xFF, 0xCF, 0x7B, 0xFF, 0xCF, 0x73, 0xFF, 0xCF, 0x73, 0xFF, 0xCF, 0x73, 0xFF,
  0xCF, 0x73, 0xFF, 0xCF, 0x73, 0xFF, 0xAF, 0x73, 0xFF, 0xAF, 0x73, 0xFF, 0x8E, 0x6B, 0xFF, 0x8E,
  0x6B, 0xFF, 0x8E, 0x6B, 0xFF, 0x6E, 0x6B, 0xFF, 0x6D, 0x6B, 0xFF, 0x4D, 0x63, 0xFF, 0x4D, 0x63,
  0xFF, 0x4D, 0x63, 0xFF, 0x8F, 0x73, 0xFF, 0x4D, 0x63, 0xFF, 0x0C, 0x5B, 0xFF, 0x8E, 0x6B, 0xFF,
  0xCF, 0x73, 0xFF, 0xAF, 0x73, 0xFF, 0x8E, 0x6B, 0xFF, 0x8E, 0x6B, 0xFF, 0xAF, 0x73, 0xFF, 0x6E,
  0x6B, 0xFF, 0xCB, 0x52, 0xFF, 0x8A, 0x52, 0xFF, 0x49, 0x4A, 0xFF, 0x29, 0x42, 0xFF, 0xC7, 0x39,
  0xFF, 0x08, 0x3A, 0xFF, 0x49, 0x4A, 0xFF, 0x28, 0x42, 0xFF, 0xE8, 0x39, 0xFF, 0x86, 0x29, 0xF8,
  0x86, 0x31, 0xF1, 0xC7, 0x39, 0xE0, 0xC7, 0x39, 0xBF, 0xA6, 0x31, 0x89, 0xA6, 0x31, 0x2F, 0x69,
  0x4A, 0x00, 0x72, 0x8C, 0x00, 0x69, 0x4A, 0x00, 0x8E, 0x73, 0x00, 0x14, 0xA5, 0x00, 0xD3, 0x94,
  0x00, 0xD3, 0x94, 0x00, 0xD3, 0x94, 0x00, 0xD3, 0x94, 0x00, 0xD3, 0x94, 0x00, 0xD3, 0x94, 0x00,
  0xD3, 0x94, 0x00, 0xD3, 0x94, 0x00, 0xD3, 0x94, 0x00, 0xD3, 0x94, 0x00, 0xD3, 0x94, 0x00, 0xD3,
  0x94, 0x00, 0xD3, 0x94, 0x00, 0xD3, 0x94, 0x00, 0x51, 0x84, 0x00, 0x51, 0x84, 0x00, 0x51, 0x84,
  0x00, 0x51, 0x84, 0x00, 0x51, 0x84, 0x00, 0x51, 0x8C, 0x00, 0x30, 0x84, 0x00, 0x8E, 0x6B, 0x00,
  0xB2, 0x94, 0x00, 0xAE, 0x73, 0x00, 0xAB, 0x52, 0x00, 0xCF, 0x73, 0x00, 0x45, 0x21, 0x00, 0x4D,
  0x6B, 0x00, 0x10, 0x7C, 0x00, 0x8E, 0x6B, 0x00, 0x08, 0x42, 0x00, 0x2D, 0x63, 0x00, 0x08, 0x42,
  0x00, 0xCF, 0x73, 0x00, 0x29, 0x42, 0x00, 0xCB, 0x5A, 0x00, 0xAF, 0x73, 0x00, 0xEC, 0x5A, 0x00,
  0x28, 0x42, 0x00, 0x51, 0x84, 0x00, 0xCB, 0x5A, 0x00, 0x71, 0x8C, 0x00, 0x8E, 0x6B, 0x00, 0xEB,
  0x5A, 0x00, 0xA7, 0x31, 0x00, 0x49, 0x4A, 0x00, 0xC7, 0x39, 0x00, 0x8A, 0x52, 0x00, 0xCB, 0x5A,
  0x00, 0x29, 0x42, 0x00, 0x86, 0x31, 0x00, 0x65, 0x29, 0x00, 0xE3, 0x18, 0x00, 0xB3, 0x94, 0x00,
  0xF8, 0xBD, 0x00, 0x08, 0x3A, 0x00, 0x28, 0x42, 0x00, 0x30, 0x84, 0x00, 0xEF, 0x7B, 0x00, 0x65,
  0x29, 0x00, 0xCB, 0x5A, 0x00, 0xCF, 0x7B, 0x00, 0x51, 0x84, 0x00, 0xAA, 0x52, 0x00, 0x6D, 0x6B,
  0x00, 0x6D, 0x6B, 0x00, 0x24, 0x21, 0x00, 0x8E, 0x73, 0x00, 0xD3, 0x9C, 0x00, 0x08, 0x42, 0x00,
  0xE7, 0x39, 0x00, 0xB3, 0x94, 0x00, 0x51, 0x8C, 0x00, 0xC7, 0x39, 0x00, 0xEF, 0x7B, 0x00, 0x0C,
  0x63, 0x00, 0xA6, 0x39, 0x00, 0xF0, 0x7B, 0x00, 0x72, 0x8C, 0x00, 0x69, 0x4A, 0x00, 0x8E, 0x73,
  0x00, 0x6E, 0x6B, 0x00, 0xE7, 0x39, 0x00, 0xB2, 0x94, 0x00, 0x72, 0x8C, 0x00, 0xE7, 0x41, 0x00,
  0x51, 0x8C, 0x00, 0xF0, 0x7B, 0x00, 0xAB, 0x52, 0x00, 0x0C, 0x63, 0x00, 0xCB, 0x5A, 0x00, 0x2C,
  0x63, 0x00, 0xEF, 0x7B, 0x00, 0x2C, 0x63, 0x32, 0x45, 0x21, 0x94, 0xE3, 0x18, 0xE6, 0x8A, 0x52,
  0xFF, 0x8E, 0x73, 0xFF, 0xAF, 0x73, 0xFF, 0x31, 0x84, 0xFF, 0xB3, 0x94, 0xFF, 0xF4, 0x9C, 0xFF,
  0x35, 0xA5, 0xFF, 0x35, 0xA5, 0xFF, 0x35, 0xA5, 0xFF, 0x76, 0xAD, 0xFF, 0x76, 0xAD, 0xFF, 0x97,
  0xAD, 0xFF, 0xB7, 0xB5, 0xFF, 0xB7, 0xB5, 0xFF, 0xB7, 0xB5, 0xFF, 0xD7, 0xB5, 0xFF, 0xD7, 0xB5,
  0xFF, 0xB7, 0xB5, 0xFF, 0xB7, 0xB5, 0xFF, 0xB7, 0xB5, 0xFF, 0xB7, 0xB5, 0xFF, 0xB7, 0xB5, 0xFF,
  0xB7, 0xB5, 0xFF, 0xB7, 0xB5, 0xFF, 0xB7, 0xB5, 0xFF, 0xB7, 0xB5, 0xFF, 0xB7, 0xB5, 0xFF, 0xB7,
  0xB5, 0xFF, 0xB7, 0xB5, 0xFF, 0xB7, 0xB5, 0xFF, 0xB7, 0xB5, 0xFF, 0xB7, 0xB5, 0xFF, 0xB7, 0xB5,
  0xFF, 0xB7, 0xB5, 0xFF, 0xB7, 0xB5, 0xFF, 0xB7, 0xB5, 0xFF, 0xB7, 0xB5, 0xFF, 0xB7, 0xB5, 0xFF,
  0xD7, 0xB5, 0xFF, 0xD7, 0xB5, 0xFF, 0xD7, 0xB5, 0xFF, 0xD7, 0xB5, 0xFF, 0xD7, 0xB5, 0xFF, 0xD7,
  0xB5, 0xFF, 0xD7, 0xB5, 0xFF, 0xD7, 0xB5, 0xFF, 0xD7, 0xB5, 0xFF, 0xD7, 0xB5, 0xFF, 0xD7, 0xB5,
  0xFF, 0xB7, 0xB5, 0xFF, 0xD7, 0xB5, 0xFF, 0xD7, 0xB5, 0xFF, 0xD7, 0xB5, 0xFF, 0xD7, 0xB5, 0xFF,
  0xB7, 0xB5, 0xFF, 0xB7, 0xB5, 0xFF, 0xB7, 0xB5, 0xFF, 0xB7, 0xB5, 0xFF, 0xB7, 0xB5, 0xFF, 0xB7,
  0xB5, 0xFF, 0xB7, 0xB5, 0xFF, 0xB7, 0xB5, 0xFF, 0xB7, 0xB5, 0xFF, 0xB7, 0xB5, 0xFF, 0xB7, 0xB5,
  0xFF, 0xB7, 0xB5, 0xFF, 0xB7, 0xB5, 0xFF, 0xB7, 0xB5, 0xFF, 0xB7, 0xAD, 0xFF, 0xB7, 0xAD, 0xFF,
  0xB7, 0xAD, 0xFF, 0xB7, 0xAD, 0xFF, 0xB7, 0xAD, 0xFF, 0xB7, 0xAD, 0xFF, 0x97, 0xAD, 0xFF, 0x97,
  0xAD, 0xFF, 0x97, 0xAD, 0xFF, 0x97, 0xAD, 0xFF, 0x97, 0xAD, 0xFF, 0x97, 0xAD, 0xFF, 0x97, 0xAD,
  0xFF, 0x97, 0xAD, 0xFF, 0x97, 0xAD, 0xFF, 0x97, 0xAD, 0xFF, 0x97, 0xAD, 0xFF, 0x96, 0xAD, 0xFF,
  0x96, 0xAD, 0xFF, 0x96, 0xAD, 0xFF, 0x96, 0xAD, 0xFF, 0x96, 0xAD, 0xFF, 0x96, 0xAD, 0xFF, 0x96,
  0xAD, 0xFF, 0x96, 0xAD, 0xFF, 0x96, 0xAD, 0xFF, 0x96, 0xAD, 0xFF, 0x96, 0xAD, 0xFF, 0x96, 0xAD,
  0xFF, 0x96, 0xAD, 0xFF, 0x96, 0xAD, 0xFF, 0x96, 0xAD, 0xFF, 0x96, 0xAD, 0xFF, 0x97, 0xAD, 0xFF,
  0x96, 0xAD, 0xFF, 0x96, 0xAD, 0xFF, 0x96, 0xAD, 0xFF, 0x96, 0xAD, 0xFF, 0x96, 0xAD, 0xFF, 0x96,
  0xAD, 0xFF, 0x96, 0xAD, 0xFF, 0x96, 0xAD, 0xFF, 0x96, 0xAD, 0xFF, 0x96, 0xAD, 0xFF, 0x96, 0xAD,
  0xFF, 0x97, 0xAD, 0xFF, 0x97, 0xAD, 0xFF, 0x97, 0xAD, 0xFF, 0x97, 0xAD, 0xFF, 0x97, 0xAD, 0xFF,
  0x97, 0xAD, 0xFF, 0x97, 0xAD, 0xFF, 0x97, 0xAD, 0xFF, 0x97, 0xAD, 0xFF, 0x97, 0xAD, 0xFF, 0x97,
  0xAD, 0xFF, 0xB7, 0xAD, 0xFF, 0xB7, 0xB5, 0xFF, 0xB7, 0xB5, 0xFF, 0xB7, 0xAD, 0xFF, 0xB7, 0xB5,
  0xFF, 0xB7, 0xB5, 0xFF, 0xB7, 0xB5, 0xFF, 0xB7, 0xB5, 0xFF, 0xB7, 0xB5, 0xFF, 0xB7, 0xB5, 0xFF,
  0xB7, 0xB5, 0xFF, 0xB7, 0xB5, 0xFF, 0xB7, 0xB5, 0xFF, 0xB7, 0xB5, 0xFF, 0xB7, 0xB5, 0xFF, 0xB7,
  0xB5, 0xFF, 0xD7, 0xB5, 0xFF, 0xD7, 0xB5, 0xFF, 0xD7, 0xB5, 0xFF, 0xD7, 0xB5, 0xFF, 0xD7, 0xB5,
  0xFF, 0xD8, 0xB5, 0xFF, 0xD8, 0xB5, 0xFF, 0xD8, 0xB5, 0xFF, 0xD8, 0xB5, 0xFF, 0xD8, 0xB5, 0xFF,
  0xB7, 0xB5, 0xFF, 0xD8, 0xB5, 0xFF, 0xF8, 0xBD, 0xFF, 0xB7, 0xB5, 0xFF, 0xB7, 0xB5, 0xFF, 0xB7,
  0xB5, 0xFF, 0xB7, 0xB5, 0xFF, 0xB7, 0xB5, 0xFF, 0xB7, 0xB5, 0xFF, 0xB7, 0xB5, 0xFF, 0xD7, 0xB5,
  0xFF, 0xD7, 0xB5, 0xFF, 0xD7, 0xB5, 0xFF, 0xD7, 0xB5, 0xFF, 0xD7, 0xB5, 0xFF, 0xD7, 0xB5, 0xFF,
  0xB7, 0xB5, 0xFF, 0xD7, 0xB5, 0xFF, 0xB7, 0xB5, 0xFF, 0x14, 0x9D, 0xFF, 0x76, 0xAD, 0xFF, 0x72,
  0x8C, 0xFF, 0x2C, 0x63, 0xFF, 0x6E, 0x6B, 0xFF, 0x45, 0x21, 0xFE, 0xE3, 0x18, 0xA3, 0xCF, 0x7B,
  0x18, 0xCB, 0x5A, 0x00, 0x8E, 0x73, 0x00, 0x14, 0xA5, 0x00, 0xD3, 0x94, 0x00, 0xD3, 0x94, 0x00,
  0xD3, 0x94, 0x00, 0xD3, 0x94, 0x00, 0xD3, 0x94, 0x00, 0xD3, 0x94, 0x00, 0xD3, 0x94, 0x00, 0xD3,
  0x94, 0x00, 0xD3, 0x94, 0x00, 0xD3, 0x94, 0x00, 0xD3, 0x94, 0x00, 0xD3, 0x94, 0x00, 0xD3, 0x94,
  0x00, 0xD3, 0x94, 0x00, 0x51, 0x84, 0x00, 0x51, 0x84, 0x00, 0x51, 0x84, 0x00, 0x51, 0x84, 0x00,
  0x51, 0x84, 0x00, 0x51, 0x8C, 0x00, 0x30, 0x84, 0x00, 0x8E, 0x6B, 0x00, 0xB2, 0x94, 0x00, 0xAE,
  0x73, 0x00, 0xAB, 0x52, 0x00, 0xCF, 0x73, 0x00, 0x45, 0x21, 0x00, 0x4D, 0x6B, 0x00, 0x10, 0x7C,
  0x00, 0x8E, 0x6B, 0x00, 0x08, 0x42, 0x00, 0x2D, 0x63, 0x00, 0x08, 0x42, 0x00, 0xCF, 0x73, 0x00,
  0x29, 0x42, 0x00, 0xCB, 0x5A, 0x00, 0xAF, 0x73, 0x00, 0xEC, 0x5A, 0x00, 0x28, 0x42, 0x00, 0x51,
  0x84, 0x00, 0xCB, 0x5A, 0x00, 0x71, 0x8C, 0x00, 0x8E, 0x6B, 0x00, 0xEB, 0x5A, 0x00, 0xA7, 0x31,
  0x00, 0x49, 0x4A, 0x00, 0xC7, 0x39, 0x00, 0x8A, 0x52, 0x00, 0xCB, 0x5A, 0x00, 0x29, 0x42, 0x00,
  0x86, 0x31, 0x00, 0x65, 0x29, 0x00, 0xE3, 0x18, 0x00, 0xB3, 0x94, 0x00, 0xF8, 0xBD, 0x00, 0x08,
  0x3A, 0x00, 0x28, 0x42, 0x00, 0x30, 0x84, 0x00, 0xEF, 0x7B, 0x00, 0x65, 0x29, 0x00, 0xCB, 0x5A,
  0x00, 0xCF, 0x7B, 0x00, 0x51, 0x84, 0x00, 0xAA, 0x52, 0x00, 0x6D, 0x6B, 0x00, 0x6D, 0x6B, 0x00,
  0x24, 0x21, 0x00, 0x8E, 0x73, 0x00, 0xD3, 0x9C, 0x00, 0x08, 0x42, 0x00, 0xE7, 0x39, 0x00, 0xB3,
  0x94, 0x00, 0x51, 0x8C, 0x00, 0xC7, 0x39, 0x00, 0xEF, 0x7B, 0x00, 0x0C, 0x63, 0x00, 0xA6, 0x39,
  0x00, 0xF0, 0x7B, 0x00, 0x72, 0x8C, 0x00, 0x69, 0x4A, 0x00, 0x8E, 0x73, 0x00, 0x6E, 0x6B, 0x00,
  0xE7, 0x39, 0x00, 0xB2, 0x94, 0x00, 0x72, 0x8C, 0x00, 0xE7, 0x41, 0x00, 0x51, 0x8C, 0x00, 0xF0,
  0x7B, 0x00, 0xAB, 0x52, 0x00, 0x2D, 0x63, 0x00, 0x0C, 0x63, 0x03, 0x49, 0x4A, 0x4D, 0x24, 0x21,
  0xB3, 0x45, 0x29, 0xFF, 0xCF, 0x7B, 0xFF, 0x35, 0xA5, 0xFF, 0x97, 0xAD, 0xFF, 0xB7, 0xB5, 0xFF,
  0x96, 0xAD, 0xFF, 0x76, 0xAD, 0xFF, 0x56, 0xA5, 0xFF, 0x76, 0xAD, 0xFF, 0x76, 0xAD, 0xFF, 0x76,
  0xAD, 0xFF, 0x76, 0xAD, 0xFF, 0x76, 0xAD, 0xFF, 0x76, 0xAD, 0xFF, 0x76, 0xA5, 0xFF, 0x56, 0xAD,
  0xFF, 0x56, 0xA5, 0xFF, 0x56, 0xA5, 0xFF, 0x56, 0xA5, 0xFF, 0x56, 0xA5, 0xFF, 0x55, 0xA5, 0xFF,
  0x55, 0xA5, 0xFF, 0x56, 0xA5, 0xFF, 0x55, 0xA5, 0xFF, 0x55, 0xA5, 0xFF, 0x55, 0xA5, 0xFF, 0x55,
  0xA5, 0xFF, 0x55, 0xA5, 0xFF, 0x55, 0xA5, 0xFF, 0x55, 0xA5, 0xFF, 0x55, 0xA5, 0xFF, 0x55, 0xA5,
  0xFF, 0x55, 0xA5, 0xFF, 0x55, 0xA5, 0xFF, 0x55, 0xA5, 0xFF, 0x55, 0xA5, 0xFF, 0x55, 0xA5, 0xFF,
  0x56, 0xA5, 0xFF, 0x55, 0xA5, 0xFF, 0x55, 0xA5, 0xFF, 0x55, 0xA5, 0xFF, 0x55, 0xA5, 0xFF, 0x55,
  0xA5, 0xFF, 0x55, 0xA5, 0xFF, 0x55, 0xA5, 0xFF, 0x55, 0xA5, 0xFF, 0x55, 0xA5, 0xFF, 0x55, 0xA5,
  0xFF, 0x55, 0xA5, 0xFF, 0x55, 0xA5, 0xFF, 0x55, 0xA5, 0xFF, 0x55, 0xA5, 0xFF, 0x55, 0xA5, 0xFF,
  0x55, 0xA5, 0xFF, 0x55, 0xA5, 0xFF, 0x55, 0xA5, 0xFF, 0x55, 0xA5, 0xFF, 0x55, 0xA5, 0xFF, 0x55,
  0xA5, 0xFF, 0x55, 0xA5, 0xFF, 0x55, 0xA5, 0xFF, 0x55, 0xA5, 0xFF, 0x55, 0xA5, 0xFF, 0x55, 0xA5,
  0xFF, 0x55, 0xA5, 0xFF, 0x55, 0xA5, 0xFF, 0x55, 0xA5, 0xFF, 0x55, 0xA5, 0xFF, 0x55, 0xA5, 0xFF,
  0x55, 0xA5, 0xFF, 0x55, 0xA5, 0xFF, 0x55, 0xA5, 0xFF, 0x55, 0xA5, 0xFF, 0x55, 0xA5, 0xFF, 0x55,
  0xA5, 0xFF, 0x55, 0xA5, 0xFF, 0x55, 0xA5, 0xFF, 0x55, 0xA5, 0xFF, 0x55, 0xA5, 0xFF, 0x55, 0xA5,
  0xFF, 0x55, 0xA5, 0xFF, 0x55, 0xA5, 0xFF, 0x55, 0xA5, 0xFF, 0x55, 0xA5, 0xFF, 0x55, 0xA5, 0xFF,
  0x55, 0xA5, 0xFF, 0x55, 0xA5, 0xFF, 0x55, 0xA5, 0xFF, 0x55, 0xA5, 0xFF, 0x55, 0xA5, 0xFF, 0x55,
  0xA5, 0xFF, 0x55, 0xA5, 0xFF, 0x55, 0xA5, 0xFF, 0x55, 0xA5, 0xFF, 0x55, 0xA5, 0xFF, 0x55, 0xA5,
  0xFF, 0x55, 0xA5, 0xFF, 0x55, 0xA5, 0xFF, 0x55, 0xA5, 0xFF, 0x55, 0xA5, 0xFF, 0x55, 0xA5, 0xFF,
  0x55, 0xA5, 0xFF, 0x55, 0xA5, 0xFF, 0x55, 0xA5, 0xFF, 0x55, 0xA5, 0xFF, 0x55, 0xA5, 0xFF, 0x55,
  0xA5, 0xFF, 0x55, 0xA5, 0xFF, 0x55, 0xA5, 0xFF, 0x55, 0xA5, 0xFF, 0x55, 0xA5, 0xFF, 0x55, 0xA5,
  0xFF, 0x55, 0xA5, 0xFF, 0x55, 0xA5, 0xFF, 0x55, 0xA5, 0xFF, 0x55, 0xA5, 0xFF, 0x55, 0xA5, 0xFF,
  0x55, 0xA5, 0xFF, 0x55, 0xA5, 0xFF, 0x55, 0xA5, 0xFF, 0x35, 0xA5, 0xFF, 0x55, 0xA5, 0xFF, 0x55,
  0xA5, 0xFF, 0x55, 0xA5, 0xFF, 0x55, 0xA5, 0xFF, 0x55, 0xA5, 0xFF, 0x55, 0xA5, 0xFF, 0x55, 0xA5,
  0xFF, 0x55, 0xA5, 0xFF, 0x35, 0xA5, 0xFF, 0x35, 0xA5, 0xFF, 0x35, 0xA5, 0xFF, 0x35, 0xA5, 0xFF,
  0x35, 0xA5, 0xFF, 0x35, 0xA5, 0xFF, 0x55, 0xA5, 0xFF, 0x55, 0xA5, 0xFF, 0x55, 0xA5, 0xFF, 0x55,
  0xA5, 0xFF, 0x55, 0xA5, 0xFF, 0x35, 0xA5, 0xFF, 0x35, 0xA5, 0xFF, 0x55, 0xA5, 0xFF, 0x55, 0xA5,
  0xFF, 0x35, 0xA5, 0xFF, 0x35, 0xA5, 0xFF, 0x35, 0xA5, 0xFF, 0x35, 0xA5, 0xFF, 0x35, 0xA5, 0xFF,
  0x35, 0xA5, 0xFF, 0x35, 0xA5, 0xFF, 0x55, 0xA5, 0xFF, 0x55, 0xA5, 0xFF, 0x55, 0xA5, 0xFF, 0x35,
  0xA5, 0xFF, 0x35, 0xA5, 0xFF, 0x35, 0xA5, 0xFF, 0x35, 0xA5, 0xFF, 0x35, 0xA5, 0xFF, 0x35, 0xA5,
  0xFF, 0x35, 0xA5, 0xFF, 0x35, 0xA5, 0xFF, 0x35, 0xA5, 0xFF, 0x55, 0xA5, 0xFF, 0x55, 0xA5, 0xFF,
  0x35, 0xA5, 0xFF, 0x55, 0xA5, 0xFF, 0x55, 0xA5, 0xFF, 0x55, 0xA5, 0xFF, 0x55, 0xA5, 0xFF, 0x55,
  0xA5, 0xFF, 0x56, 0xA5, 0xFF, 0x76, 0xAD, 0xFF, 0x96, 0xAD, 0xFF, 0xB7, 0xB5, 0xFF, 0x51, 0x84,
  0xFF, 0x76, 0xA5, 0xFF, 0xF8, 0xBD, 0xFF, 0x4D, 0x63, 0xFF, 0xE3, 0x18, 0xE9, 0x49, 0x4A, 0x46,
  0xF0, 0x7B, 0x00, 0x14, 0x9D, 0x00, 0xD3, 0x94, 0x00, 0xD3, 0x94, 0x00, 0xD3, 0x94, 0x00, 0xD3,
  0x94, 0x00, 0xD3, 0x94, 0x00, 0xD3, 0x94, 0x00, 0xD3, 0x94, 0x00, 0xD3, 0x94, 0x00, 0xD3, 0x94,
  0x00, 0xD3, 0x94, 0x00, 0xD3, 0x94, 0x00, 0xD3, 0x94, 0x00, 0xD3, 0x94, 0x00, 0xD3, 0x94, 0x00,
  0x51, 0x84, 0x00, 0x51, 0x84, 0x00, 0x51, 0x84, 0x00, 0x51, 0x84, 0x00, 0x51, 0x84, 0x00, 0x51,
  0x8C, 0x00, 0x30, 0x84, 0x00, 0x8E, 0x6B, 0x00, 0xB2, 0x94, 0x00, 0xAE, 0x73, 0x00, 0xAB, 0x52,
  0x00, 0xCF, 0x73, 0x00, 0x45, 0x21, 0x00, 0x4D, 0x6B, 0x00, 0x10, 0x7C, 0x00, 0x8E, 0x6B, 0x00,
  0x08, 0x42, 0x00, 0x2D, 0x63, 0x00, 0x08, 0x42, 0x00, 0xCF, 0x73, 0x00, 0x29, 0x42, 0x00, 0xCB,
  0x5A, 0x00, 0xAF, 0x73, 0x00, 0xEC, 0x5A, 0x00, 0x28, 0x42, 0x00, 0x51, 0x84, 0x00, 0xCB, 0x5A,
  0x00, 0x71, 0x8C, 0x00, 0x8E, 0x6B, 0x00, 0xEB, 0x5A, 0x00, 0xA7, 0x31, 0x00, 0x49, 0x4A, 0x00,
  0xC7, 0x39, 0x00, 0x8A, 0x52, 0x00, 0xCB, 0x5A, 0x00, 0x29, 0x42, 0x00, 0x86, 0x31, 0x00, 0x65,
  0x29, 0x00, 0xE3, 0x18, 0x00, 0xB3, 0x94, 0x00, 0xF8, 0xBD, 0x00, 0x08, 0x3A, 0x00, 0x28, 0x42,
  0x00, 0x30, 0x84, 0x00, 0xEF, 0x7B, 0x00, 0x65, 0x29, 0x00, 0xCB, 0x5A, 0x00, 0xCF, 0x7B, 0x00,
  0x51, 0x84, 0x00, 0xAA, 0x52, 0x00, 0x6D, 0x6B, 0x00, 0x6D, 0x6B, 0x00, 0x24, 0x21, 0x00, 0x8E,
  0x73, 0x00, 0xD3, 0x9C, 0x00, 0x08, 0x42, 0x00, 0xE7, 0x39, 0x00, 0xB3, 0x94, 0x00, 0x51, 0x8C,
  0x00, 0xC7, 0x39, 0x00, 0xEF, 0x7B, 0x00, 0x0C, 0x63, 0x00, 0xA6, 0x39, 0x00, 0xF0, 0x7B, 0x00,
  0x72, 0x8C, 0x00, 0x69, 0x4A, 0x00, 0x8E, 0x73, 0x00, 0x6E, 0x6B, 0x00, 0xE7, 0x39, 0x00, 0xB2,
  0x94, 0x00, 0x72, 0x8C, 0x00, 0xE7, 0x41, 0x00, 0x51, 0x8C, 0x00, 0xF0, 0x7B, 0x00, 0xEC, 0x5A,
  0x00, 0x8A, 0x52, 0x33, 0x24, 0x21, 0xCA, 0x49, 0x42, 0xFF, 0x61, 0x08, 0xFF, 0xE8, 0x39, 0xFF,
  0x72, 0x8C, 0xFF, 0x96, 0xAD, 0xFF, 0x76, 0xA5, 0xFF, 0xD3, 0x94, 0xFF, 0xF4, 0x9C, 0xFF, 0x14,
  0x9D, 0xFF, 0xF4, 0x9C, 0xFF, 0x51, 0x8C, 0xFF, 0x31, 0x84, 0xFF, 0x31, 0x84, 0xFF, 0x30, 0x84,
  0xFF, 0x10, 0x84, 0xFF, 0x30, 0x84, 0xFF, 0x31, 0x84, 0xFF, 0x31, 0x84, 0xFF, 0x31, 0x84, 0xFF,
  0x31, 0x84, 0xFF, 0x31, 0x84, 0xFF, 0x31, 0x84, 0xFF, 0x31, 0x84, 0xFF, 0x31, 0x84, 0xFF, 0x10,
  0x84, 0xFF, 0x30, 0x84, 0xFF, 0x31, 0x84, 0xFF, 0x31, 0x84, 0xFF, 0x31, 0x84, 0xFF, 0x31, 0x84,
  0xFF, 0x31, 0x84, 0xFF, 0x31, 0x84, 0xFF, 0x31, 0x84, 0xFF, 0x10, 0x84, 0xFF, 0x10, 0x7C, 0xFF,
  0x10, 0x7C, 0xFF, 0x10, 0x7C, 0xFF, 0x10, 0x7C, 0xFF, 0x10, 0x7C, 0xFF, 0xF0, 0x7B, 0xFF, 0xF0,
  0x7B, 0xFF, 0x10, 0x7C, 0xFF, 0x10, 0x7C, 0xFF, 0x10, 0x7C, 0xFF, 0xF0, 0x7B, 0xFF, 0x10, 0x84,
  0xFF, 0x31, 0x84, 0xFF, 0x31, 0x84, 0xFF, 0x31, 0x84, 0xFF, 0x31, 0x84, 0xFF, 0x31, 0x84, 0xFF,
  0x10, 0x84, 0xFF, 0x10, 0x84, 0xFF, 0x10, 0x7C, 0xFF, 0x10, 0x7C, 0xFF, 0x10, 0x7C, 0xFF, 0x10,
  0x84, 0xFF, 0x30, 0x84, 0xFF, 0x10, 0x84, 0xFF, 0x10, 0x84, 0xFF, 0x10, 0x7C, 0xFF, 0x10, 0x7C,
  0xFF, 0x10, 0x7C, 0xFF, 0x10, 0x7C, 0xFF, 0x10, 0x7C, 0xFF, 0x10, 0x7C, 0xFF, 0x10, 0x84, 0xFF,
  0x10, 0x7C, 0xFF, 0x10, 0x7C, 0xFF, 0x10, 0x7C, 0xFF, 0x10, 0x7C, 0xFF, 0x10, 0x84, 0xFF, 0x10,
  0x84, 0xFF, 0x10, 0x7C, 0xFF, 0x10, 0x7C, 0xFF, 0x10, 0x7C, 0xFF, 0x10, 0x7C, 0xFF, 0x10, 0x7C,
  0xFF, 0x10, 0x7C, 0xFF, 0x10, 0x7C, 0xFF, 0x10, 0x7C, 0xFF, 0x10, 0x84, 0xFF, 0x10, 0x84, 0xFF,
  0x10, 0x7C, 0xFF, 0x10, 0x7C, 0xFF, 0x10, 0x7C, 0xFF, 0x10, 0x7C, 0xFF, 0x10, 0x7C, 0xFF, 0x10,
  0x7C, 0xFF, 0x10, 0x7C, 0xFF, 0x10, 0x84, 0xFF, 0x10, 0x7C, 0xFF, 0x10, 0x7C, 0xFF, 0x10, 0x7C,
  0xFF, 0xF0, 0x7B, 0xFF, 0xF0, 0x7B, 0xFF, 0xF0, 0x7B, 0xFF, 0xF0, 0x7B, 0xFF, 0xF0, 0x7B, 0xFF,
  0xF0, 0x7B, 0xFF, 0xF0, 0x7B, 0xFF, 0x10, 0x7C, 0xFF, 0x10, 0x7C, 0xFF, 0x10, 0x84, 0xFF, 0x10,
  0x84, 0xFF, 0x30, 0x84, 0xFF, 0x30, 0x84, 0xFF, 0x10, 0x84, 0xFF, 0x10, 0x84, 0xFF, 0x10, 0x7C,
  0xFF, 0x10, 0x7C, 0xFF, 0x10, 0x7C, 0xFF, 0x10, 0x7C, 0xFF, 0xF0, 0x7B, 0xFF, 0xF0, 0x7B, 0xFF,
  0xF0, 0x7B, 0xFF, 0x10, 0x7C, 0xFF, 0x10, 0x7C, 0xFF, 0x10, 0x84, 0xFF, 0x30, 0x84, 0xFF, 0x30,
  0x84, 0xFF, 0x10, 0x84, 0xFF, 0x10, 0x84, 0xFF, 0x30, 0x84, 0xFF, 0x10, 0x84, 0xFF, 0x10, 0x7C,
  0xFF, 0x10, 0x7C, 0xFF, 0x10, 0x7C, 0xFF, 0x10, 0x7C, 0xFF, 0x10, 0x7C, 0xFF, 0x10, 0x7C, 0xFF,
  0x31, 0x84, 0xFF, 0x51, 0x84, 0xFF, 0x51, 0x84, 0xFF, 0x51, 0x84, 0xFF, 0x31, 0x84, 0xFF, 0x31,
  0x84, 0xFF, 0x30, 0x84, 0xFF, 0x30, 0x84, 0xFF, 0x10, 0x84, 0xFF, 0x10, 0x84, 0xFF, 0x30, 0x84,
  0xFF, 0x31, 0x84, 0xFF, 0x31, 0x84, 0xFF, 0x10, 0x84, 0xFF, 0x30, 0x84, 0xFF, 0x31, 0x84, 0xFF,
  0x51, 0x84, 0xFF, 0x51, 0x84, 0xFF, 0x31, 0x84, 0xFF, 0x31, 0x84, 0xFF, 0x51, 0x84, 0xFF, 0x31,
  0x84, 0xFF, 0x31, 0x84, 0xFF, 0x31, 0x84, 0xFF, 0x31, 0x84, 0xFF, 0x51, 0x84, 0xFF, 0x51, 0x84,
  0xFF, 0x51, 0x84, 0xFF, 0x31, 0x84, 0xFF, 0x51, 0x84, 0xFF, 0x51, 0x84, 0xFF, 0x51, 0x84, 0xFF,
  0x51, 0x84, 0xFF, 0x51, 0x84, 0xFF, 0x51, 0x84, 0xFF, 0x71, 0x8C, 0xFF, 0x72, 0x8C, 0xFF, 0x72,
  0x8C, 0xFF, 0x71, 0x8C, 0xFF, 0x51, 0x8C, 0xFF, 0x51, 0x84, 0xFF, 0x51, 0x8C, 0xFF, 0x51, 0x84,
  0xFF, 0x31, 0x84, 0xFF, 0x10, 0x84, 0xFF, 0x72, 0x8C, 0xFF, 0xCF, 0x73, 0xFF, 0x8A, 0x52, 0xFF,
  0x76, 0xAD, 0xFF, 0x7A, 0xCE, 0xFF, 0x51, 0x84, 0xFF, 0x41, 0x08, 0xFB, 0x6E, 0x6B, 0x44, 0x55,
  0xA5, 0x00, 0xB3, 0x94, 0x00, 0xD3, 0x94, 0x00, 0xD3, 0x94, 0x00, 0xD3, 0x94, 0x00, 0xD3, 0x94,
  0x00, 0xD3, 0x94, 0x00, 0xD3, 0x94, 0x00, 0xD3, 0x94, 0x00, 0xD3, 0x94, 0x00, 0xD3, 0x94, 0x00,
  0xD3, 0x94, 0x00, 0xD3, 0x94, 0x00, 0xD3, 0x94, 0x00, 0xD3, 0x94, 0x00, 0x51, 0x84, 0x00, 0x51,
  0x84, 0x00, 0x51, 0x84, 0x00, 0x51, 0x84, 0x00, 0x51, 0x84, 0x00, 0x51, 0x8C, 0x00, 0x30, 0x84,
  0x00, 0x8E, 0x6B, 0x00, 0xB2, 0x94, 0x00, 0xAE, 0x73, 0x00, 0xAB, 0x52, 0x00, 0xCF, 0x73, 0x00,
  0x45, 0x21, 0x00, 0x4D, 0x6B, 0x00, 0x10, 0x7C, 0x00, 0x8E, 0x6B, 0x00, 0x08, 0x42, 0x00, 0x2D,
  0x63, 0x00, 0x08, 0x42, 0x00, 0xCF, 0x73, 0x00, 0x29, 0x42, 0x00, 0xCB, 0x5A, 0x00, 0xAF, 0x73,
  0x00, 0xEC, 0x5A, 0x00, 0x28, 0x42, 0x00, 0x51, 0x84, 0x00, 0xCB, 0x5A, 0x00, 0x71, 0x8C, 0x00,
  0x8E, 0x6B, 0x00, 0xEB, 0x5A, 0x00, 0xA7, 0x31, 0x00, 0x49, 0x4A, 0x00, 0xC7, 0x39, 0x00, 0x8A,
  0x52, 0x00, 0xCB, 0x5A, 0x00, 0x29, 0x42, 0x00, 0x86, 0x31, 0x00, 0x65, 0x29, 0x00, 0xE3, 0x18,
  0x00, 0xB3, 0x94, 0x00, 0xF8, 0xBD, 0x00, 0x08, 0x3A, 0x00, 0x28, 0x42, 0x00, 0x30, 0x84, 0x00,
  0xEF, 0x7B, 0x00, 0x65, 0x29, 0x00, 0xCB, 0x5A, 0x00, 0xCF, 0x7B, 0x00, 0x51, 0x84, 0x00, 0xAA,
  0x52, 0x00, 0x6D, 0x6B, 0x00, 0x6D, 0x6B, 0x00, 0x24, 0x21, 0x00, 0x8E, 0x73, 0x00, 0xD3, 0x9C,
  0x00, 0x08, 0x42, 0x00, 0xE7, 0x39, 0x00, 0xB3, 0x94, 0x00, 0x51, 0x8C, 0x00, 0xC7, 0x39, 0x00,
  0xEF, 0x7B, 0x00, 0x0C, 0x63, 0x00, 0xA6, 0x39, 0x00, 0xF0, 0x7B, 0x00, 0x72, 0x8C, 0x00, 0x69,
  0x4A, 0x00, 0x8E, 0x73, 0x00, 0x6E, 0x6B, 0x00, 0xE7, 0x39, 0x00, 0xB2, 0x94, 0x00, 0x72, 0x8C,
  0x00, 0xE7, 0x39, 0x00, 0x92, 0x94, 0x00, 0x92, 0x94, 0x09, 0xE3, 0x18, 0x8B, 0x61, 0x08, 0xFE,
  0x4D, 0x5B, 0xFF, 0x56, 0x9D, 0xFF, 0xB3, 0x84, 0xFF, 0xAB, 0x4A, 0xFF, 0x86, 0x29, 0xFF, 0xC7,
  0x31, 0xFF, 0xB3, 0x94, 0xFF, 0xB7, 0xB5, 0xFF, 0x55, 0xA5, 0xFF, 0x56, 0xA5, 0xFF, 0x35, 0xA5,
  0xFF, 0x72, 0x8C, 0xFF, 0x51, 0x84, 0xFF, 0x51, 0x84, 0xFF, 0x31, 0x84, 0xFF, 0x51, 0x84, 0xFF,
  0x51, 0x84, 0xFF, 0x51, 0x84, 0xFF, 0x31, 0x84, 0xFF, 0x31, 0x84, 0xFF, 0x31, 0x84, 0xFF, 0x51,
  0x84, 0xFF, 0x51, 0x84, 0xFF, 0x51, 0x8C, 0xFF, 0x51, 0x84, 0xFF, 0x51, 0x84, 0xFF, 0x51, 0x84,
  0xFF, 0x51, 0x84, 0xFF, 0x51, 0x84, 0xFF, 0x51, 0x84, 0xFF, 0x51, 0x8C, 0xFF, 0x71, 0x8C, 0xFF,
  0x51, 0x8C, 0xFF, 0x51, 0x8C, 0xFF, 0x51, 0x84, 0xFF, 0x51, 0x84, 0xFF, 0x51, 0x84, 0xFF, 0x51,
  0x84, 0xFF, 0x51, 0x84, 0xFF, 0x51, 0x84, 0xFF, 0x72, 0x8C, 0xFF, 0x51, 0x8C, 0xFF, 0x51, 0x84,
  0xFF, 0x51, 0x84, 0xFF, 0x72, 0x8C, 0xFF, 0x72, 0x8C, 0xFF, 0x72, 0x8C, 0xFF, 0x92, 0x8C, 0xFF,
  0x92, 0x8C, 0xFF, 0x92, 0x8C, 0xFF, 0x72, 0x8C, 0xFF, 0x92, 0x8C, 0xFF, 0x72, 0x8C, 0xFF, 0x72,
  0x8C, 0xFF, 0x72, 0x8C, 0xFF, 0x72, 0x8C, 0xFF, 0x72, 0x8C, 0xFF, 0x92, 0x8C, 0xFF, 0x92, 0x8C,
  0xFF, 0x92, 0x8C, 0xFF, 0x72, 0x8C, 0xFF, 0x72, 0x8C, 0xFF, 0x72, 0x8C, 0xFF, 0x72, 0x8C, 0xFF,
  0x72, 0x8C, 0xFF, 0x92, 0x8C, 0xFF, 0x92, 0x8C, 0xFF, 0x92, 0x8C, 0xFF, 0x72, 0x8C, 0xFF, 0x72,
  0x8C, 0xFF, 0x72, 0x8C, 0xFF, 0x72, 0x8C, 0xFF, 0x92, 0x8C, 0xFF, 0x92, 0x8C, 0xFF, 0x72, 0x8C,
  0xFF, 0x72, 0x8C, 0xFF, 0x72, 0x8C, 0xFF, 0x72, 0x8C, 0xFF, 0x72, 0x8C, 0xFF, 0x72, 0x8C, 0xFF,
  0x72, 0x8C, 0xFF, 0x72, 0x8C, 0xFF, 0x72, 0x8C, 0xFF, 0x92, 0x8C, 0xFF, 0x72, 0x8C, 0xFF, 0x72,
  0x8C, 0xFF, 0x72, 0x8C, 0xFF, 0x72, 0x8C, 0xFF, 0x72, 0x8C, 0xFF, 0x72, 0x8C, 0xFF, 0x72, 0x8C,
  0xFF, 0x72, 0x8C, 0xFF, 0x72, 0x8C, 0xFF, 0x72, 0x8C, 0xFF, 0x72, 0x8C, 0xFF, 0x72, 0x8C, 0xFF,
  0x72, 0x8C, 0xFF, 0x71, 0x8C, 0xFF, 0x71, 0x8C, 0xFF, 0x71, 0x8C, 0xFF, 0x51, 0x8C, 0xFF, 0x71,
  0x8C, 0xFF, 0x72, 0x8C, 0xFF, 0x72, 0x8C, 0xFF, 0x92, 0x8C, 0xFF, 0x92, 0x8C, 0xFF, 0x92, 0x8C,
  0xFF, 0x92, 0x8C, 0xFF, 0x72, 0x8C, 0xFF, 0x92, 0x8C, 0xFF, 0x92, 0x8C, 0xFF, 0x93, 0x94, 0xFF,
  0x72, 0x8C, 0xFF, 0x72, 0x8C, 0xFF, 0x51, 0x8C, 0xFF, 0x51, 0x8C, 0xFF, 0x71, 0x8C, 0xFF, 0x71,
  0x8C, 0xFF, 0x71, 0x8C, 0xFF, 0x72, 0x8C, 0xFF, 0x72, 0x8C, 0xFF, 0x72, 0x8C, 0xFF, 0x72, 0x8C,
  0xFF, 0x72, 0x8C, 0xFF, 0x72, 0x8C, 0xFF, 0x72, 0x8C, 0xFF, 0x72, 0x8C, 0xFF, 0x71, 0x8C, 0xFF,
  0x51, 0x8C, 0xFF, 0x51, 0x8C, 0xFF, 0x51, 0x8C, 0xFF, 0x72, 0x8C, 0xFF, 0x72, 0x8C, 0xFF, 0x92,
  0x8C, 0xFF, 0x92, 0x8C, 0xFF, 0x92, 0x8C, 0xFF, 0x92, 0x8C, 0xFF, 0x72, 0x8C, 0xFF, 0x51, 0x8C,
  0xFF, 0x51, 0x84, 0xFF, 0x51, 0x84, 0xFF, 0x51, 0x84, 0xFF, 0x51, 0x84, 0xFF, 0x51, 0x84, 0xFF,
  0x51, 0x84, 0xFF, 0x51, 0x84, 0xFF, 0x51, 0x8C, 0xFF, 0x51, 0x8C, 0xFF, 0x72, 0x8C, 0xFF, 0x72,
  0x8C, 0xFF, 0x72, 0x8C, 0xFF, 0x72, 0x8C, 0xFF, 0x72, 0x8C, 0xFF, 0x51, 0x8C, 0xFF, 0x51, 0x84,
  0xFF, 0x51, 0x8C, 0xFF, 0x51, 0x8C, 0xFF, 0x51, 0x8C, 0xFF, 0x51, 0x8C, 0xFF, 0x51, 0x8C, 0xFF,
  0x51, 0x8C, 0xFF, 0x72, 0x8C, 0xFF, 0x52, 0x8C, 0xFF, 0x51, 0x84, 0xFF, 0x51, 0x84, 0xFF, 0x51,
  0x84, 0xFF, 0x72, 0x8C, 0xFF, 0x72, 0x8C, 0xFF, 0x72, 0x8C, 0xFF, 0x72, 0x8C, 0xFF, 0x72, 0x8C,
  0xFF, 0x72, 0x8C, 0xFF, 0x72, 0x8C, 0xFF, 0x51, 0x8C, 0xFF, 0x51, 0x8C, 0xFF, 0x51, 0x8C, 0xFF,
  0x51, 0x84, 0xFF, 0x51, 0x84, 0xFF, 0x72, 0x8C, 0xFF, 0x51, 0x84, 0xFF, 0x35, 0xA5, 0xFF, 0xF4,
  0x9C, 0xFF, 0x59, 0xC6, 0xFF, 0xCB, 0x5A, 0xFF, 0xE4, 0x18, 0xC6, 0x14, 0xA5, 0x02, 0x14, 0x9D,
  0x00, 0xD3, 0x9C, 0x00, 0xD3, 0x9C, 0x00, 0xD3, 0x9C, 0x00, 0xD3, 0x9C, 0x00, 0xD3, 0x9C, 0x00,
  0xD3, 0x9C, 0x00, 0xD3, 0x9C, 0x00, 0xD3, 0x9C, 0x00, 0xD3, 0x9C, 0x00, 0xD3, 0x9C, 0x00, 0xD3,
  0x9C, 0x00, 0xD3, 0x9C, 0x00, 0xD3, 0x9C, 0x00, 0x51, 0x84, 0x00, 0x51, 0x84, 0x00, 0x51, 0x84,
  0x00, 0x51, 0x84, 0x00, 0x51, 0x84, 0x00, 0x51, 0x8C, 0x00, 0x30, 0x84, 0x00, 0x8E, 0x6B, 0x00,
  0xB2, 0x94, 0x00, 0xAE, 0x73, 0x00, 0xAB, 0x52, 0x00, 0xCF, 0x73, 0x00, 0x45, 0x21, 0x00, 0x4D,
  0x6B, 0x00, 0x10, 0x7C, 0x00, 0x8E, 0x6B, 0x00, 0x08, 0x42, 0x00, 0x2D, 0x63, 0x00, 0x08, 0x42,
  0x00, 0xCF, 0x73, 0x00, 0x29, 0x42, 0x00, 0xCB, 0x5A, 0x00, 0xAF, 0x73, 0x00, 0xEC, 0x5A, 0x00,
  0x28, 0x42, 0x00, 0x51, 0x84, 0x00, 0xCB, 0x5A, 0x00, 0x71, 0x8C, 0x00, 0x8E, 0x6B, 0x00, 0xEB,
  0x5A, 0x00, 0xA7, 0x31, 0x00, 0x49, 0x4A, 0x00, 0xC7, 0x39, 0x00, 0x8A, 0x52, 0x00, 0xCB, 0x5A,
  0x00, 0x29, 0x42, 0x00, 0x86, 0x31, 0x00, 0x65, 0x29, 0x00, 0xE3, 0x18, 0x00, 0xB3, 0x94, 0x00,
  0xF8, 0xBD, 0x00, 0x08, 0x3A, 0x00, 0x28, 0x42, 0x00, 0x30, 0x84, 0x00, 0xEF, 0x7B, 0x00, 0x65,
  0x29, 0x00, 0xCB, 0x5A, 0x00, 0xCF, 0x7B, 0x00, 0x51, 0x84, 0x00, 0xAA, 0x52, 0x00, 0x6D, 0x6B,
  0x00, 0x6D, 0x6B, 0x00, 0x24, 0x21, 0x00, 0x8E, 0x73, 0x00, 0xD3, 0x9C, 0x00, 0x08, 0x42, 0x00,
  0xE7, 0x39, 0x00, 0xB3, 0x94, 0x00, 0x51, 0x8C, 0x00, 0xC7, 0x39, 0x00, 0xEF, 0x7B, 0x00, 0x0C,
  0x63, 0x00, 0xA6, 0x39, 0x00, 0xF0, 0x7B, 0x00, 0x72, 0x8C, 0x00, 0x69, 0x4A, 0x00, 0x8E, 0x73,
  0x00, 0x6E, 0x6B, 0x00, 0xE7, 0x39, 0x00, 0xB2, 0x94, 0x00, 0x71, 0x8C, 0x00, 0x69, 0x52, 0x00,
  0x4D, 0x6B, 0x2A, 0xE3, 0x18, 0xCE, 0x86, 0x29, 0xFF, 0x72, 0x7C, 0xFF, 0x15, 0x8D, 0xFF, 0xF0,
  0x6B, 0xFF, 0x72, 0x7C, 0xFF, 0xD3, 0x84, 0xFF, 0xCB, 0x52, 0xFF, 0x41, 0x08, 0xFF, 0x6E, 0x6B,
  0xFF, 0x14, 0x9D, 0xFF, 0x31, 0x84, 0xFF, 0x71, 0x8C, 0xFF, 0x51, 0x8C, 0xFF, 0x72, 0x8C, 0xFF,
  0x92, 0x8C, 0xFF, 0x92, 0x94, 0xFF, 0xB3, 0x94, 0xFF, 0xB3, 0x94, 0xFF, 0xD3, 0x94, 0xFF, 0xD3,
  0x94, 0xFF, 0xF4, 0x9C, 0xFF, 0xF4, 0x9C, 0xFF, 0xD3, 0x94, 0xFF, 0xF4, 0x9C, 0xFF, 0xF4, 0x9C,
  0xFF, 0x14, 0x9D, 0xFF, 0xF4, 0x9C, 0xFF, 0xD3, 0x94, 0xFF, 0xD4, 0x9C, 0xFF, 0xF4, 0x9C, 0xFF,
  0xF4, 0x9C, 0xFF, 0xF4, 0x9C, 0xFF, 0xF4, 0x94, 0xFF, 0xF4, 0x94, 0xFF, 0xF4, 0x9C, 0xFF, 0xD4,
  0x94, 0xFF, 0xD4, 0x9C, 0xFF, 0xD4, 0x94, 0xFF, 0xF4, 0x9C, 0xFF, 0xB3, 0x94, 0xFF, 0x72, 0x8C,
  0xFF, 0x72, 0x8C, 0xFF, 0x51, 0x84, 0xFF, 0x92, 0x94, 0xFF, 0x92, 0x8C, 0xFF, 0x72, 0x8C, 0xFF,
  0x72, 0x8C, 0xFF, 0x72, 0x8C, 0xFF, 0x92, 0x8C, 0xFF, 0x72, 0x8C, 0xFF, 0xF4, 0x9C, 0xFF, 0x35,
  0xA5, 0xFF, 0x35, 0xA5, 0xFF, 0x35, 0xA5, 0xFF, 0x15, 0x9D, 0xFF, 0x14, 0x9D, 0xFF, 0x15, 0x9D,
  0xFF, 0x14, 0x9D, 0xFF, 0x14, 0x9D, 0xFF, 0x15, 0x9D, 0xFF, 0x35, 0xA5, 0xFF, 0x35, 0xA5, 0xFF,
  0x15, 0x9D, 0xFF, 0x15, 0xA5, 0xFF, 0x15, 0xA5, 0xFF, 0x35, 0xA5, 0xFF, 0x35, 0xA5, 0xFF, 0x15,
  0x9D, 0xFF, 0x15, 0x9D, 0xFF, 0x35, 0x9D, 0xFF, 0x35, 0xA5, 0xFF, 0x35, 0xA5, 0xFF, 0x15, 0x9D,
  0xFF, 0x15, 0x9D, 0xFF, 0x15, 0x9D, 0xFF, 0x15, 0x9D, 0xFF, 0x15, 0x9D, 0xFF, 0x15, 0x9D, 0xFF,
  0x15, 0x9D, 0xFF, 0x15, 0x9D, 0xFF, 0x15, 0x9D, 0xFF, 0x15, 0x9D, 0xFF, 0x15, 0x9D, 0xFF, 0x15,
  0x9D, 0xFF, 0x35, 0xA5, 0xFF, 0x35, 0x9D, 0xFF, 0x15, 0x9D, 0xFF, 0x15, 0x9D, 0xFF, 0x15, 0x9D,
  0xFF, 0x15, 0x9D, 0xFF, 0x15, 0x9D, 0xFF, 0x15, 0x9D, 0xFF, 0x15, 0x9D, 0xFF, 0x15, 0x9D, 0xFF,
  0x15, 0x9D, 0xFF, 0x15, 0x9D, 0xFF, 0x15, 0x9D, 0xFF, 0x14, 0x9D, 0xFF, 0x15, 0x9D, 0xFF, 0x15,
  0x9D, 0xFF, 0x35, 0xA5, 0xFF, 0x35, 0xA5, 0xFF, 0x35, 0xA5, 0xFF, 0x35, 0x9D, 0xFF, 0x35, 0xA5,
  0xFF, 0x35, 0xA5, 0xFF, 0x35, 0xA5, 0xFF, 0x35, 0x9D, 0xFF, 0x35, 0xA5, 0xFF, 0x35, 0xA5, 0xFF,
  0xD3, 0x94, 0xFF, 0x52, 0x8C, 0xFF, 0x72, 0x8C, 0xFF, 0x31, 0x84, 0xFF, 0x72, 0x8C, 0xFF, 0x72,
  0x8C, 0xFF, 0xD3, 0x94, 0xFF, 0x35, 0xA5, 0xFF, 0x35, 0x9D, 0xFF, 0x35, 0xA5, 0xFF, 0x35, 0xA5,
  0xFF, 0x35, 0xA5, 0xFF, 0x35, 0xA5, 0xFF, 0x35, 0xA5, 0xFF, 0x35, 0xA5, 0xFF, 0x35, 0xA5, 0xFF,
  0x35, 0xA5, 0xFF, 0x35, 0xA5, 0xFF, 0x35, 0xA5, 0xFF, 0x35, 0xA5, 0xFF, 0x35, 0xA5, 0xFF, 0x35,
  0xA5, 0xFF, 0x35, 0xA5, 0xFF, 0x35, 0xA5, 0xFF, 0x55, 0xA5, 0xFF, 0x55, 0xA5, 0xFF, 0x55, 0xA5,
  0xFF, 0x35, 0xA5, 0xFF, 0x35, 0xA5, 0xFF, 0x35, 0xA5, 0xFF, 0x35, 0xA5, 0xFF, 0x55, 0xA5, 0xFF,
  0x35, 0xA5, 0xFF, 0x35, 0xA5, 0xFF, 0x35, 0xA5, 0xFF, 0x55, 0xA5, 0xFF, 0x55, 0xA5, 0xFF, 0x35,
  0xA5, 0xFF, 0x35, 0xA5, 0xFF, 0x35, 0xA5, 0xFF, 0x55, 0xA5, 0xFF, 0x55, 0xA5, 0xFF, 0x35, 0xA5,
  0xFF, 0x35, 0xA5, 0xFF, 0x55, 0xA5, 0xFF, 0x55, 0xA5, 0xFF, 0x55, 0xA5, 0xFF, 0x35, 0xA5, 0xFF,
  0x14, 0x9D, 0xFF, 0x35, 0xA5, 0xFF, 0x35, 0xA5, 0xFF, 0x35, 0xA5, 0xFF, 0x35, 0x9D, 0xFF, 0x14,
  0x9D, 0xFF, 0x15, 0xA5, 0xFF, 0x35, 0xA5, 0xFF, 0x35, 0xA5, 0xFF, 0x14, 0x9D, 0xFF, 0x14, 0x9D,
  0xFF, 0x14, 0x9D, 0xFF, 0x35, 0xA5, 0xFF, 0x15, 0xA5, 0xFF, 0x14, 0x9D, 0xFF, 0xF4, 0x9C, 0xFF,
  0x14, 0x9D, 0xFF, 0x35, 0xA5, 0xFF, 0xD3, 0x94, 0xFF, 0x72, 0x8C, 0xFF, 0x92, 0x8C, 0xFF, 0x92,
  0x94, 0xFF, 0xD3, 0x94, 0xFF, 0xB3, 0x94, 0xFF, 0x92, 0x8C, 0xFF, 0x35, 0xA5, 0xFF, 0x55, 0xA5,
  0xFF, 0xB7, 0xB5, 0xFF, 0xC3, 0x10, 0xFF, 0x4D, 0x6B, 0x59, 0xB7, 0xB5, 0x00, 0x14, 0xA5, 0x00,
  0x14, 0xA5, 0x00, 0x14, 0xA5, 0x00, 0x14, 0xA5, 0x00, 0x14, 0xA5, 0x00, 0x14, 0xA5, 0x00, 0x14,
  0xA5, 0x00, 0x14, 0xA5, 0x00, 0x14, 0xA5, 0x00, 0x14, 0xA5, 0x00, 0x14, 0xA5, 0x00, 0x14, 0xA5,
  0x00, 0x14, 0xA5, 0x00, 0x51, 0x84, 0x00, 0x51, 0x84, 0x00, 0x51, 0x84, 0x00, 0x51, 0x84, 0x00,
  0x51, 0x84, 0x00, 0x51, 0x8C, 0x00, 0x30, 0x84, 0x00, 0x8E, 0x6B, 0x00, 0xB2, 0x94, 0x00, 0xAE,
  0x73, 0x00, 0xAB, 0x52, 0x00, 0xCF, 0x73, 0x00, 0x45, 0x21, 0x00, 0x4D, 0x6B, 0x00, 0x10, 0x7C,
  0x00, 0x8E, 0x6B, 0x00, 0x08, 0x42, 0x00, 0x2D, 0x63, 0x00, 0x08, 0x42, 0x00, 0xCF, 0x73, 0x00,
  0x29, 0x42, 0x00, 0xCB, 0x5A, 0x00, 0xAF, 0x73, 0x00, 0xEC, 0x5A, 0x00, 0x28, 0x42, 0x00, 0x51,
  0x84, 0x00, 0xCB, 0x5A, 0x00, 0x71, 0x8C, 0x00, 0x8E, 0x6B, 0x00, 0xEB, 0x5A, 0x00, 0xA7, 0x31,
  0x00, 0x49, 0x4A, 0x00, 0xC7, 0x39, 0x00, 0x8A, 0x52, 0x00, 0xCB, 0x5A, 0x00, 0x29, 0x42, 0x00,
  0x86, 0x31, 0x00, 0x65, 0x29, 0x00, 0xE3, 0x18, 0x00, 0xB3, 0x94, 0x00, 0xF8, 0xBD, 0x00, 0x08,
  0x3A, 0x00, 0x28, 0x42, 0x00, 0x30, 0x84, 0x00, 0xEF, 0x7B, 0x00, 0x65, 0x29, 0x00, 0xCB, 0x5A,
  0x00, 0xCF, 0x7B, 0x00, 0x51, 0x84, 0x00, 0xAA, 0x52, 0x00, 0x6D, 0x6B, 0x00, 0x6D, 0x6B, 0x00,
  0x24, 0x21, 0x00, 0x8E, 0x73, 0x00, 0xD3, 0x9C, 0x00, 0x08, 0x42, 0x00, 0xE7, 0x39, 0x00, 0xB3,
  0x94, 0x00, 0x51, 0x8C, 0x00, 0xC7, 0x39, 0x00, 0xEF, 0x7B, 0x00, 0x0C, 0x63, 0x00, 0xA6, 0x39,
  0x00, 0xF0, 0x7B, 0x00, 0x72, 0x8C, 0x00, 0x69, 0x4A, 0x00, 0x8E, 0x73, 0x00, 0x6E, 0x6B, 0x00,
  0xE7, 0x39, 0x00, 0xD3, 0x94, 0x00, 0x34, 0xA5, 0x00, 0x65, 0x31, 0x5D, 0xA2, 0x10, 0xF4, 0xEB,
  0x52, 0xFF, 0x14, 0x8D, 0xFF, 0x93, 0x84, 0xFF, 0xD0, 0x6B, 0xFF, 0xF0, 0x6B, 0xFF, 0x92, 0x84,
  0xFF, 0x69, 0x42, 0xFF, 0x00, 0x00, 0xFF, 0x8E, 0x73, 0xFF, 0x35, 0xA5, 0xFF, 0x31, 0x84, 0xFF,
  0x92, 0x8C, 0xFF, 0x35, 0xA5, 0xFF, 0x14, 0x9D, 0xFF, 0xF4, 0x9C, 0xFF, 0xF4, 0x9C, 0xFF, 0x14,
  0x9D, 0xFF, 0x14, 0x9D, 0xFF, 0xF4, 0x9C, 0xFF, 0x14, 0x9D, 0xFF, 0x14, 0x9D, 0xFF, 0x35, 0xA5,
  0xFF, 0x35, 0xA5, 0xFF, 0x14, 0x9D, 0xFF, 0x14, 0xA5, 0xFF, 0x34, 0xA5, 0xFF, 0x35, 0xA5, 0xFF,
  0x14, 0x9D, 0xFF, 0xF4, 0x9C, 0xFF, 0xF4, 0x9C, 0xFF, 0x14, 0x9D, 0xFF, 0x14, 0x9D, 0xFF, 0x14,
  0x9D, 0xFF, 0xF4, 0x9C, 0xFF, 0xF4, 0x9C, 0xFF, 0xD3, 0x94, 0xFF, 0xB3, 0x94, 0xFF, 0x72, 0x8C,
  0xFF, 0x31, 0x84, 0xFF, 0x71, 0x8C, 0xFF, 0xF4, 0x9C, 0xFF, 0x92, 0x8C, 0xFF, 0x92, 0x8C, 0xFF,
  0xAF, 0x73, 0xFF, 0x8E, 0x6B, 0xFF, 0xB3, 0x94, 0xFF, 0xB3, 0x94, 0xFF, 0x6E, 0x6B, 0xFF, 0xAF,
  0x73, 0xFF, 0x93, 0x94, 0xFF, 0x14, 0x9D, 0xFF, 0x92, 0x94, 0xFF, 0xAA, 0x52, 0xFF, 0x69, 0x4A,
  0xFF, 0x6A, 0x4A, 0xFF, 0x6A, 0x4A, 0xFF, 0x8A, 0x4A, 0xFF, 0x6A, 0x4A, 0xFF, 0x6A, 0x4A, 0xFF,
  0x69, 0x4A, 0xFF, 0x69, 0x4A, 0xFF, 0x69, 0x4A, 0xFF, 0x6A, 0x4A, 0xFF, 0x69, 0x4A, 0xFF, 0x69,
  0x4A, 0xFF, 0x69, 0x4A, 0xFF, 0x69, 0x4A, 0xFF, 0x49, 0x4A, 0xFF, 0x49, 0x4A, 0xFF, 0x49, 0x4A,
  0xFF, 0x69, 0x4A, 0xFF, 0x69, 0x4A, 0xFF, 0x69, 0x4A, 0xFF, 0x69, 0x4A, 0xFF, 0x69, 0x4A, 0xFF,
  0x69, 0x4A, 0xFF, 0x6A, 0x4A, 0xFF, 0x6A, 0x4A, 0xFF, 0x69, 0x4A, 0xFF, 0x69, 0x4A, 0xFF, 0x69,
  0x4A, 0xFF, 0x69, 0x4A, 0xFF, 0x69, 0x4A, 0xFF, 0x49, 0x4A, 0xFF, 0x69, 0x4A, 0xFF, 0x6A, 0x4A,
  0xFF, 0x6A, 0x4A, 0xFF, 0x69, 0x4A, 0xFF, 0x69, 0x4A, 0xFF, 0x69, 0x4A, 0xFF, 0x69, 0x4A, 0xFF,
  0x69, 0x4A, 0xFF, 0x69, 0x4A, 0xFF, 0x69, 0x4A, 0xFF, 0x69, 0x4A, 0xFF, 0x6A, 0x4A, 0xFF, 0x6A,
  0x4A, 0xFF, 0x6A, 0x4A, 0xFF, 0x69, 0x4A, 0xFF, 0x69, 0x4A, 0xFF, 0x69, 0x4A, 0xFF, 0x6A, 0x4A,
  0xFF, 0x6A, 0x4A, 0xFF, 0x6A, 0x4A, 0xFF, 0x6A, 0x4A, 0xFF, 0x8A, 0x52, 0xFF, 0xAA, 0x52, 0xFF,
  0xAA, 0x52, 0xFF, 0xAA, 0x52, 0xFF, 0xAA, 0x52, 0xFF, 0xCB, 0x52, 0xFF, 0x72, 0x8C, 0xFF, 0xF4,
  0x9C, 0xFF, 0x51, 0x84, 0xFF, 0x2C, 0x63, 0xFF, 0x31, 0x84, 0xFF, 0xF4, 0x9C, 0xFF, 0x92, 0x8C,
  0xFF, 0xCB, 0x5A, 0xFF, 0x8A, 0x4A, 0xFF, 0xCB, 0x52, 0xFF, 0xEB, 0x5A, 0xFF, 0xEB, 0x5A, 0xFF,
  0xCB, 0x5A, 0xFF, 0xCB, 0x52, 0xFF, 0xCB, 0x52, 0xFF, 0xAB, 0x52, 0xFF, 0xAB, 0x52, 0xFF, 0xCB,
  0x52, 0xFF, 0xCB, 0x5A, 0xFF, 0xCB, 0x5A, 0xFF, 0xCB, 0x5A, 0xFF, 0xCB, 0x5A, 0xFF, 0xCB, 0x5A,
  0xFF, 0xEB, 0x5A, 0xFF, 0xEC, 0x5A, 0xFF, 0xEC, 0x5A, 0xFF, 0xEC, 0x5A, 0xFF, 0xEB, 0x5A, 0xFF,
  0xEB, 0x5A, 0xFF, 0x0C, 0x5B, 0xFF, 0x0C, 0x63, 0xFF, 0x0C, 0x63, 0xFF, 0x0C, 0x63, 0xFF, 0x0C,
  0x63, 0xFF, 0x2D, 0x63, 0xFF, 0x4D, 0x6B, 0xFF, 0x4D, 0x6B, 0xFF, 0x4D, 0x63, 0xFF, 0x2D, 0x63,
  0xFF, 0x4D, 0x63, 0xFF, 0x4D, 0x6B, 0xFF, 0x6D, 0x6B, 0xFF, 0x6D, 0x6B, 0xFF, 0x6D, 0x6B, 0xFF,
  0x8E, 0x73, 0xFF, 0x8E, 0x73, 0xFF, 0xAE, 0x73, 0xFF, 0xAE, 0x73, 0xFF, 0xAE, 0x73, 0xFF, 0xCF,
  0x73, 0xFF, 0xEF, 0x7B, 0xFF, 0xEF, 0x7B, 0xFF, 0xEF, 0x7B, 0xFF, 0xCF, 0x7B, 0xFF, 0xF0, 0x7B,
  0xFF, 0xF0, 0x7B, 0xFF, 0xF0, 0x7B, 0xFF, 0xEF, 0x7B, 0xFF, 0xCF, 0x7B, 0xFF, 0xEF, 0x7B, 0xFF,
  0x10, 0x7C, 0xFF, 0x10, 0x7C, 0xFF, 0xF0, 0x7B, 0xFF, 0xEF, 0x7B, 0xFF, 0xCF, 0x7B, 0xFF, 0x31,
  0x84, 0xFF, 0x35, 0xA5, 0xFF, 0xB3, 0x94, 0xFF, 0x31, 0x84, 0xFF, 0x51, 0x8C, 0xFF, 0x92, 0x94,
  0xFF, 0x71, 0x8C, 0xFF, 0x8E, 0x73, 0xFF, 0x14, 0x9D, 0xFF, 0x14, 0x9D, 0xFF, 0x19, 0xBE, 0xFF,
  0xAF, 0x73, 0xFF, 0xE4, 0x18, 0xC3, 0x96, 0xAD, 0x01, 0x76, 0xAD, 0x00, 0x55, 0xAD, 0x00, 0x55,
  0xAD, 0x00, 0x55, 0xAD, 0x00, 0x55, 0xAD, 0x00, 0x55, 0xAD, 0x00, 0x55, 0xAD, 0x00, 0x55, 0xAD,
  0x00, 0x55, 0xAD, 0x00, 0x55, 0xAD, 0x00, 0x55, 0xAD, 0x00, 0x55, 0xAD, 0x00, 0x55, 0xAD, 0x00,
  0x51, 0x84, 0x00, 0x51, 0x84, 0x00, 0x51, 0x84, 0x00, 0x51, 0x84, 0x00, 0x51, 0x84, 0x00, 0x51,
  0x8C, 0x00, 0x30, 0x84, 0x00, 0x8E, 0x6B, 0x00, 0xB2, 0x94, 0x00, 0xAE, 0x73, 0x00, 0xAB, 0x52,
  0x00, 0xCF, 0x73, 0x00, 0x45, 0x21, 0x00, 0x4D, 0x6B, 0x00, 0x10, 0x7C, 0x00, 0x8E, 0x6B, 0x00,
  0x08, 0x42, 0x00, 0x2D, 0x63, 0x00, 0x08, 0x42, 0x00, 0xCF, 0x73, 0x00, 0x29, 0x42, 0x00, 0xCB,
  0x5A, 0x00, 0xAF, 0x73, 0x00, 0xEC, 0x5A, 0x00, 0x28, 0x42, 0x00, 0x51, 0x84, 0x00, 0xCB, 0x5A,
  0x00, 0x71, 0x8C, 0x00, 0x8E, 0x6B, 0x00, 0xEB, 0x5A, 0x00, 0xA7, 0x31, 0x00, 0x49, 0x4A, 0x00,
  0xC7, 0x39, 0x00, 0x8A, 0x52, 0x00, 0xCB, 0x5A, 0x00, 0x29, 0x42, 0x00, 0x86, 0x31, 0x00, 0x65,
  0x29, 0x00, 0xE3, 0x18, 0x00, 0xB3, 0x94, 0x00, 0xF8, 0xBD, 0x00, 0x08, 0x3A, 0x00, 0x28, 0x42,
  0x00, 0x30, 0x84, 0x00, 0xEF, 0x7B, 0x00, 0x65, 0x29, 0x00, 0xCB, 0x5A, 0x00, 0xCF, 0x7B, 0x00,
  0x51, 0x84, 0x00, 0xAA, 0x52, 0x00, 0x6D, 0x6B, 0x00, 0x6D, 0x6B, 0x00, 0x24, 0x21, 0x00, 0x8E,
  0x73, 0x00, 0xD3, 0x9C, 0x00, 0x08, 0x42, 0x00, 0xE7, 0x39, 0x00, 0xB3, 0x94, 0x00, 0x51, 0x8C,
  0x00, 0xC7, 0x39, 0x00, 0xEF, 0x7B, 0x00, 0x0C, 0x63, 0x00, 0xA6, 0x39, 0x00, 0xF0, 0x7B, 0x00,
  0x72, 0x8C, 0x00, 0x69, 0x4A, 0x00, 0x8E, 0x73, 0x00, 0x6D, 0x6B, 0x00, 0x28, 0x42, 0x00, 0x92,
  0x8C, 0x09, 0xE8, 0x41, 0x95, 0xC3, 0x10, 0xFF, 0x93, 0x84, 0xFF, 0xF8, 0xAD, 0xFF, 0x10, 0x74,
  0xFF, 0xF0, 0x6B, 0xFF, 0x11, 0x74, 0xFF, 0x72, 0x7C, 0xFF, 0xC7, 0x29, 0xFF, 0x00, 0x00, 0xFF,
  0xF0, 0x7B, 0xFF, 0x76, 0xAD, 0xFF, 0x92, 0x8C, 0xFF, 0x39, 0xC6, 0xFF, 0xB7, 0xAD, 0xFF, 0x2C,
  0x63, 0xFF, 0xAB, 0x52, 0xFF, 0xAB, 0x52, 0xFF, 0x69, 0x4A, 0xFF, 0x29, 0x4A, 0xFF, 0x08, 0x42,
  0xFF, 0xC7, 0x39, 0xFF, 0xA6, 0x31, 0xFF, 0x86, 0x31, 0xFF, 0x65, 0x29, 0xFF, 0x45, 0x29, 0xFF,
  0x45, 0x29, 0xFF, 0x45, 0x29, 0xFF, 0x24, 0x21, 0xFF, 0x24, 0x21, 0xFF, 0x24, 0x21, 0xFF, 0x25,
  0x21, 0xFF, 0x24, 0x21, 0xFF, 0x04, 0x21, 0xFF, 0x04, 0x21, 0xFF, 0x04, 0x21, 0xFF, 0x04, 0x21,
  0xFF, 0x04, 0x21, 0xFF, 0xE3, 0x20, 0xFF, 0xE3, 0x18, 0xFF, 0xC2, 0x18, 0xFF, 0x82, 0x10, 0xFF,
  0x41, 0x08, 0xFF, 0x8A, 0x52, 0xFF, 0xB7, 0xB5, 0xFF, 0x76, 0xAD, 0xFF, 0x35, 0xA5, 0xFF, 0x10,
  0x7C, 0xFF, 0x35, 0xA5, 0xFF, 0x96, 0xAD, 0xFF, 0x31, 0x84, 0xFF, 0x72, 0x8C, 0xFF, 0xD7, 0xB5,
  0xFF, 0xD3, 0x94, 0xFF, 0x04, 0x21, 0xFF, 0x00, 0x00, 0xFF, 0x20, 0x00, 0xFF, 0x20, 0x00, 0xFF,
  0x40, 0x00, 0xFF, 0x41, 0x08, 0xFF, 0x41, 0x08, 0xFF, 0x41, 0x08, 0xFF, 0x21, 0x00, 0xFF, 0x20,
  0x00, 0xFF, 0x20, 0x00, 0xFF, 0x20, 0x00, 0xFF, 0x20, 0x00, 0xFF, 0x20, 0x00, 0xFF, 0x20, 0x00,
  0xFF, 0x20, 0x00, 0xFF, 0x20, 0x00, 0xFF, 0x00, 0x00, 0xFF, 0x20, 0x00, 0xFF, 0x20, 0x00, 0xFF,
  0x20, 0x00, 0xFF, 0x20, 0x00, 0xFF, 0x20, 0x00, 0xFF, 0x20, 0x00, 0xFF, 0x20, 0x00, 0xFF, 0x20,
  0x00, 0xFF, 0x20, 0x00, 0xFF, 0x20, 0x00, 0xFF, 0x20, 0x00, 0xFF, 0x20, 0x00, 0xFF, 0x20, 0x00,
  0xFF, 0x20, 0x00, 0xFF, 0x20, 0x00, 0xFF, 0x20, 0x00, 0xFF, 0x20, 0x00, 0xFF, 0x20, 0x00, 0xFF,
  0x20, 0x00, 0xFF, 0x20, 0x00, 0xFF, 0x20, 0x00, 0xFF, 0x20, 0x00, 0xFF, 0x20, 0x00, 0xFF, 0x20,
  0x00, 0xFF, 0x20, 0x00, 0xFF, 0x20, 0x00, 0xFF, 0x20, 0x00, 0xFF, 0x20, 0x00, 0xFF, 0x20, 0x00,
  0xFF, 0x20, 0x00, 0xFF, 0x20, 0x00, 0xFF, 0x20, 0x00, 0xFF, 0x20, 0x00, 0xFF, 0x20, 0x00, 0xFF,
  0x20, 0x00, 0xFF, 0x20, 0x00, 0xFF, 0x20, 0x00, 0xFF, 0x20, 0x08, 0xFF, 0x40, 0x08, 0xFF, 0x40,
  0x08, 0xFF, 0x20, 0x08, 0xFF, 0x00, 0x00, 0xFF, 0x24, 0x21, 0xFF, 0x35, 0xA5, 0xFF, 0x97, 0xAD,
  0xFF, 0xF0, 0x7B, 0xFF, 0x55, 0xA5, 0xFF, 0x97, 0xAD, 0xFF, 0xA6, 0x31, 0xFF, 0x00, 0x00, 0xFF,
  0x41, 0x08, 0xFF, 0x41, 0x08, 0xFF, 0x61, 0x08, 0xFF, 0x61, 0x08, 0xFF, 0x41, 0x08, 0xFF, 0x41,
  0x08, 0xFF, 0x20, 0x00, 0xFF, 0x20, 0x00, 0xFF, 0x20, 0x00, 0xFF, 0x40, 0x00, 0xFF, 0x41, 0x08,
  0xFF, 0x20, 0x00, 0xFF, 0x20, 0x00, 0xFF, 0x20, 0x00, 0xFF, 0x20, 0x00, 0xFF, 0x20, 0x00, 0xFF,
  0x20, 0x00, 0xFF, 0x20, 0x00, 0xFF, 0x20, 0x00, 0xFF, 0x20, 0x00, 0xFF, 0x20, 0x00, 0xFF, 0x20,
  0x00, 0xFF, 0x20, 0x00, 0xFF, 0x20, 0x00, 0xFF, 0x20, 0x00, 0xFF, 0x40, 0x08, 0xFF, 0x40, 0x08,
  0xFF, 0x40, 0x08, 0xFF, 0x41, 0x08, 0xFF, 0x41, 0x08, 0xFF, 0x41, 0x08, 0xFF, 0x20, 0x00, 0xFF,
  0x20, 0x00, 0xFF, 0x20, 0x00, 0xFF, 0x20, 0x08, 0xFF, 0x41, 0x08, 0xFF, 0x40, 0x08, 0xFF, 0x20,
  0x08, 0xFF, 0x40, 0x08, 0xFF, 0x41, 0x08, 0xFF, 0x61, 0x08, 0xFF, 0x41, 0x08, 0xFF, 0x41, 0x08,
  0xFF, 0x61, 0x08, 0xFF, 0x61, 0x08, 0xFF, 0x61, 0x08, 0xFF, 0x61, 0x08, 0xFF, 0x61, 0x08, 0xFF,
  0x61, 0x08, 0xFF, 0x61, 0x08, 0xFF, 0x61, 0x08, 0xFF, 0x61, 0x08, 0xFF, 0x61, 0x08, 0xFF, 0x61,
  0x08, 0xFF, 0x81, 0x08, 0xFF, 0x81, 0x10, 0xFF, 0x61, 0x08, 0xFF, 0x41, 0x08, 0xFF, 0x08, 0x42,
  0xFF, 0xB7, 0xB5, 0xFF, 0x96, 0xAD, 0xFF, 0x35, 0xA5, 0xFF, 0x35, 0xA5, 0xFF, 0xB7, 0xB5, 0xFF,
  0xF0, 0x7B, 0xFF, 0xF0, 0x7B, 0xFF, 0x76, 0xAD, 0xFF, 0x15, 0x9D, 0xFF, 0xB7, 0xB5, 0xFF, 0x45,
  0x29, 0xFF, 0x8E, 0x73, 0x47, 0x39, 0xC6, 0x00, 0xD7, 0xB5, 0x00, 0xD7, 0xB5, 0x00, 0xD7, 0xB5,
  0x00, 0xD7, 0xB5, 0x00, 0xD7, 0xB5, 0x00, 0xD7, 0xB5, 0x00, 0xD7, 0xB5, 0x00, 0xD7, 0xB5, 0x00,
  0xD7, 0xB5, 0x00, 0xD7, 0xB5, 0x00, 0xD7, 0xB5, 0x00, 0xD7, 0xB5, 0x00, 0x51, 0x84, 0x00, 0x51,
  0x84, 0x00, 0x51, 0x84, 0x00, 0x51, 0x84, 0x00, 0x51, 0x84, 0x00, 0x51, 0x8C, 0x00, 0x30, 0x84,
  0x00, 0x8E, 0x6B, 0x00, 0xB2, 0x94, 0x00, 0xAE, 0x73, 0x00, 0xAB, 0x52, 0x00, 0xCF, 0x73, 0x00,
  0x45, 0x21, 0x00, 0x4D, 0x6B, 0x00, 0x10, 0x7C, 0x00, 0x8E, 0x6B, 0x00, 0x08, 0x42, 0x00, 0x2D,
  0x63, 0x00, 0x08, 0x42, 0x00, 0xCF, 0x73, 0x00, 0x29, 0x42, 0x00, 0xCB, 0x5A, 0x00, 0xAF, 0x73,
  0x00, 0xEC, 0x5A, 0x00, 0x28, 0x42, 0x00, 0x51, 0x84, 0x00, 0xCB, 0x5A, 0x00, 0x71, 0x8C, 0x00,
  0x8E, 0x6B, 0x00, 0xEB, 0x5A, 0x00, 0xA7, 0x31, 0x00, 0x49, 0x4A, 0x00, 0xC7, 0x39, 0x00, 0x8A,
  0x52, 0x00, 0xCB, 0x5A, 0x00, 0x29, 0x42, 0x00, 0x86, 0x31, 0x00, 0x65, 0x29, 0x00, 0xE3, 0x18,
  0x00, 0xB3, 0x94, 0x00, 0xF8, 0xBD, 0x00, 0x08, 0x3A, 0x00, 0x28, 0x42, 0x00, 0x30, 0x84, 0x00,
  0xEF, 0x7B, 0x00, 0x65, 0x29, 0x00, 0xCB, 0x5A, 0x00, 0xCF, 0x7B, 0x00, 0x51, 0x84, 0x00, 0xAA,
  0x52, 0x00, 0x6D, 0x6B, 0x00, 0x6D, 0x6B, 0x00, 0x24, 0x21, 0x00, 0x8E, 0x73, 0x00, 0xD3, 0x9C,
  0x00, 0x08, 0x42, 0x00, 0xE7, 0x39, 0x00, 0xB3, 0x94, 0x00, 0x51, 0x8C, 0x00, 0xC7, 0x39, 0x00,
  0xEF, 0x7B, 0x00, 0x0C, 0x63, 0x00, 0xA6, 0x39, 0x00, 0xF0, 0x7B, 0x00, 0x72, 0x8C, 0x00, 0x69,
  0x4A, 0x00, 0x8E, 0x6B, 0x00, 0xF0, 0x7B, 0x00, 0x08, 0x42, 0x30, 0xC3, 0x18, 0xD6, 0x04, 0x19,
  0xFF, 0xF4, 0x8C, 0xFF, 0x76, 0x9D, 0xFF, 0x93, 0x84, 0xFF, 0x51, 0x7C, 0xFF, 0xF0, 0x6B, 0xFF,
  0x52, 0x7C, 0xFF, 0xC7, 0x31, 0xFF, 0x20, 0x00, 0xFF, 0x72, 0x8C, 0xFF, 0x55, 0xA5, 0xFF, 0x10,
  0x84, 0xFF, 0x18, 0xBE, 0xFF, 0x92, 0x94, 0xFF, 0xC3, 0x18, 0xFF, 0x00, 0x00, 0xFF, 0xA2, 0x10,
  0xFF, 0xA2, 0x10, 0xFF, 0xC3, 0x10, 0xFF, 0xC3, 0x10, 0xFF, 0xC3, 0x18, 0xFF, 0xE3, 0x18, 0xFF,
  0xE3, 0x18, 0xFF, 0xE3, 0x18, 0xFF, 0xE3, 0x18, 0xFF, 0xE4, 0x18, 0xFF, 0x04, 0x19, 0xFF, 0x04,
  0x19, 0xFF, 0x24, 0x19, 0xFF, 0x25, 0x21, 0xFF, 0x25, 0x21, 0xFF, 0x45, 0x21, 0xFF, 0x45, 0x21,
  0xFF, 0x45, 0x21, 0xFF, 0x45, 0x21, 0xFF, 0x45, 0x21, 0xFF, 0x45, 0x21, 0xFF, 0x45, 0x21, 0xFF,
  0x66, 0x21, 0xFF, 0x66, 0x21, 0xFF, 0x86, 0x29, 0xFF, 0x86, 0x29, 0xFF, 0x41, 0x00, 0xFF, 0xA2,
  0x18, 0xFF, 0x35, 0xA5, 0xFF, 0x96, 0xAD, 0xFF, 0xD3, 0x94, 0xFF, 0xEF, 0x7B, 0xFF, 0x14, 0x9D,
  0xFF, 0x55, 0xA5, 0xFF, 0x10, 0x84, 0xFF, 0x31, 0x84, 0xFF, 0x18, 0xBE, 0xFF, 0xEC, 0x5A, 0xFF,
  0x00, 0x00, 0xFF, 0xC3, 0x18, 0xFF, 0x04, 0x21, 0xFF, 0x04, 0x19, 0xFF, 0x04, 0x19, 0xFF, 0x04,
  0x19, 0xFF, 0x04, 0x19, 0xFF, 0x04, 0x19, 0xFF, 0xE4, 0x18, 0xFF, 0xE4, 0x18, 0xFF, 0xE4, 0x18,
  0xFF, 0xE4, 0x18, 0xFF, 0xE4, 0x18, 0xFF, 0xE4, 0x18, 0xFF, 0xE4, 0x18, 0xFF, 0xE4, 0x18, 0xFF,
  0xE4, 0x18, 0xFF, 0xE4, 0x18, 0xFF, 0xE4, 0x18, 0xFF, 0xE4, 0x18, 0xFF, 0xE4, 0x18, 0xFF, 0xE4,
  0x18, 0xFF, 0xE4, 0x18, 0xFF, 0xE4, 0x18, 0xFF, 0xE4, 0x18, 0xFF, 0xE4, 0x18, 0xFF, 0xE4, 0x18,
  0xFF, 0xE4, 0x18, 0xFF, 0xE4, 0x18, 0xFF, 0xE4, 0x18, 0xFF, 0xE4, 0x18, 0xFF, 0xE4, 0x18, 0xFF,
  0xE3, 0x18, 0xFF, 0xE4, 0x18, 0xFF, 0xE4, 0x18, 0xFF, 0xE4, 0x18, 0xFF, 0xE4, 0x18, 0xFF, 0xE4,
  0x18, 0xFF, 0xE4, 0x18, 0xFF, 0xE4, 0x18, 0xFF, 0xE4, 0x18, 0xFF, 0xE4, 0x18, 0xFF, 0xE4, 0x18,
  0xFF, 0xE4, 0x18, 0xFF, 0xE4, 0x18, 0xFF, 0xE4, 0x18, 0xFF, 0xE4, 0x18, 0xFF, 0xE4, 0x18, 0xFF,
  0xE4, 0x18, 0xFF, 0xE4, 0x18, 0xFF, 0xE4, 0x18, 0xFF, 0xE4, 0x18, 0xFF, 0xE4, 0x18, 0xFF, 0xE4,
  0x18, 0xFF, 0xE4, 0x18, 0xFF, 0xE4, 0x18, 0xFF, 0xE4, 0x18, 0xFF, 0x04, 0x19, 0xFF, 0x04, 0x21,
  0xFF, 0xA2, 0x10, 0xFF, 0x00, 0x00, 0xFF, 0xAE, 0x73, 0xFF, 0xD7, 0xB5, 0xFF, 0xCF, 0x73, 0xFF,
  0x76, 0xAD, 0xFF, 0x51, 0x84, 0xFF, 0x20, 0x00, 0xFF, 0xA2, 0x10, 0xFF, 0x04, 0x21, 0xFF, 0x04,
  0x19, 0xFF, 0x04, 0x19, 0xFF, 0xE4, 0x18, 0xFF, 0xE4, 0x18, 0xFF, 0xE4, 0x18, 0xFF, 0xE4, 0x18,
  0xFF, 0xE4, 0x18, 0xFF, 0xE4, 0x18, 0xFF, 0xE4, 0x18, 0xFF, 0xE4, 0x18, 0xFF, 0xE4, 0x18, 0xFF,
  0xE3, 0x18, 0xFF, 0xE3, 0x18, 0xFF, 0xE3, 0x18, 0xFF, 0xE3, 0x18, 0xFF, 0xE3, 0x18, 0xFF, 0xC3,
  0x18, 0xFF, 0xC3, 0x18, 0xFF, 0xC3, 0x18, 0xFF, 0xC3, 0x10, 0xFF, 0xC3, 0x18, 0xFF, 0xC3, 0x18,
  0xFF, 0xC3, 0x18, 0xFF, 0xC3, 0x18, 0xFF, 0xC3, 0x18, 0xFF, 0xC3, 0x18, 0xFF, 0xC3, 0x10, 0xFF,
  0xC3, 0x10, 0xFF, 0xC3, 0x10, 0xFF, 0xA3, 0x10, 0xFF, 0xA3, 0x10, 0xFF, 0xA3, 0x10, 0xFF, 0xA3,
  0x10, 0xFF, 0xA3, 0x10, 0xFF, 0xA3, 0x10, 0xFF, 0xA3, 0x10, 0xFF, 0xA2, 0x10, 0xFF, 0xA2, 0x10,
  0xFF, 0xA2, 0x10, 0xFF, 0x82, 0x10, 0xFF, 0xA2, 0x10, 0xFF, 0xA2, 0x10, 0xFF, 0x82, 0x10, 0xFF,
  0x82, 0x10, 0xFF, 0x82, 0x10, 0xFF, 0x82, 0x10, 0xFF, 0x82, 0x10, 0xFF, 0x82, 0x10, 0xFF, 0x82,
  0x10, 0xFF, 0x82, 0x10, 0xFF, 0x82, 0x10, 0xFF, 0x82, 0x10, 0xFF, 0x82, 0x10, 0xFF, 0x82, 0x10,
  0xFF, 0x82, 0x10, 0xFF, 0x82, 0x10, 0xFF, 0x41, 0x08, 0xFF, 0x00, 0x00, 0xFF, 0x69, 0x4A, 0xFF,
  0xD8, 0xB5, 0xFF, 0x15, 0x9D, 0xFF, 0xF4, 0x9C, 0xFF, 0x55, 0xA5, 0xFF, 0x92, 0x8C, 0xFF, 0x4D,
  0x6B, 0xFF, 0x55, 0xA5, 0xFF, 0xD3, 0x94, 0xFF, 0xF8, 0xBD, 0xFF, 0x8A, 0x52, 0xFF, 0x66, 0x29,
  0xAC, 0x18, 0xC6, 0x00, 0x35, 0xA5, 0x00, 0x55, 0xA5, 0x00, 0x55, 0xA5, 0x00, 0x55, 0xA5, 0x00,
  0x55, 0xA5, 0x00, 0x55, 0xA5, 0x00, 0x55, 0xA5, 0x00, 0x55, 0xA5, 0x00, 0x55, 0xA5, 0x00, 0x55,
  0xA5, 0x00, 0x55, 0xA5, 0x00, 0x55, 0xA5, 0x00, 0x51, 0x84, 0x00, 0x51, 0x84, 0x00, 0x51, 0x84,
  0x00, 0x51, 0x84, 0x00, 0x51, 0x84, 0x00, 0x51, 0x8C, 0x00, 0x30, 0x84, 0x00, 0x8E, 0x6B, 0x00,
  0xB2, 0x94, 0x00, 0xAE, 0x73, 0x00, 0xAB, 0x52, 0x00, 0xCF, 0x73, 0x00, 0x45, 0x21, 0x00, 0x4D,
  0x6B, 0x00, 0x10, 0x7C, 0x00, 0x8E, 0x6B, 0x00, 0x08, 0x42, 0x00, 0x2D, 0x63, 0x00, 0x08, 0x42,
  0x00, 0xCF, 0x73, 0x00, 0x29, 0x42, 0x00, 0xCB, 0x5A, 0x00, 0xAF, 0x73, 0x00, 0xEC, 0x5A, 0x00,
  0x28, 0x42, 0x00, 0x51, 0x84, 0x00, 0xCB, 0x5A, 0x00, 0x71, 0x8C, 0x00, 0x8E, 0x6B, 0x00, 0xEB,
  0x5A, 0x00, 0xA7, 0x31, 0x00, 0x49, 0x4A, 0x00, 0xC7, 0x39, 0x00, 0x8A, 0x52, 0x00, 0xCB, 0x5A,
  0x00, 0x29, 0x42, 0x00, 0x86, 0x31, 0x00, 0x65, 0x29, 0x00, 0xE3, 0x18, 0x00, 0xB3, 0x94, 0x00,
  0xF8, 0xBD, 0x00, 0x08, 0x3A, 0x00, 0x28, 0x42, 0x00, 0x30, 0x84, 0x00, 0xEF, 0x7B, 0x00, 0x65,
  0x29, 0x00, 0xCB, 0x5A, 0x00, 0xCF, 0x7B, 0x00, 0x51, 0x84, 0x00, 0xAA, 0x52, 0x00, 0x6D, 0x6B,
  0x00, 0x6D, 0x6B, 0x00, 0x24, 0x21, 0x00, 0x8E, 0x73, 0x00, 0xD3, 0x9C, 0x00, 0x08, 0x42, 0x00,
  0xE7, 0x39, 0x00, 0xB3, 0x94, 0x00, 0x51, 0x8C, 0x00, 0xC7, 0x39, 0x00, 0xEF, 0x7B, 0x00, 0x0C,
  0x63, 0x00, 0xA6, 0x39, 0x00, 0xF0, 0x7B, 0x00, 0x71, 0x8C, 0x00, 0x69, 0x4A, 0x00, 0xEF, 0x7B,
  0x00, 0x49, 0x4A, 0x70, 0x00, 0x00, 0xFA, 0xCB, 0x4A, 0xFF, 0x55, 0x95, 0xFF, 0xD3, 0x8C, 0xFF,
  0x92, 0x84, 0xFF, 0xB3, 0x8C, 0xFF, 0x11, 0x74, 0xFF, 0xAF, 0x63, 0xFF, 0x04, 0x19, 0xFF, 0xE3,
  0x18, 0xFF, 0x35, 0xA5, 0xFF, 0x92, 0x8C, 0xFF, 0x51, 0x84, 0xFF, 0x7A, 0xC6, 0xFF, 0xAE, 0x73,
  0xFF, 0x00, 0x00, 0xFF, 0x62, 0x08, 0xFF, 0xEC, 0x52, 0xFF, 0x2D, 0x5B, 0xFF, 0x0C, 0x53, 0xFF,
  0x0C, 0x53, 0xFF, 0x0D, 0x53, 0xFF, 0x2D, 0x53, 0xFF, 0x2D, 0x53, 0xFF, 0x0D, 0x53, 0xFF, 0x2D,
  0x53, 0xFF, 0x0C, 0x53, 0xFF, 0x0D, 0x53, 0xFF, 0x0D, 0x53, 0xFF, 0x0C, 0x53, 0xFF, 0x0D, 0x53,
  0xFF, 0x0D, 0x53, 0xFF, 0x0C, 0x53, 0xFF, 0x0C, 0x53, 0xFF, 0x0C, 0x53, 0xFF, 0x0C, 0x53, 0xFF,
  0x0C, 0x53, 0xFF, 0x0C, 0x53, 0xFF, 0xEC, 0x52, 0xFF, 0xEC, 0x52, 0xFF, 0xEC, 0x52, 0xFF, 0xEC,
  0x52, 0xFF, 0xCC, 0x4A, 0xFF, 0x2D, 0x5B, 0xFF, 0x45, 0x21, 0xFF, 0x04, 0x21, 0xFF, 0x96, 0xAD,
  0xFF, 0x76, 0xAD, 0xFF, 0xB3, 0x94, 0xFF, 0xEF, 0x7B, 0xFF, 0x35, 0xA5, 0xFF, 0x55, 0xA5, 0xFF,
  0x10, 0x84, 0xFF, 0x51, 0x84, 0xFF, 0xF8, 0xBD, 0xFF, 0x0C, 0x63, 0xFF, 0x00, 0x00, 0xFF, 0x04,
  0x19, 0xFF, 0x25, 0x21, 0xFF, 0x04, 0x19, 0xFF, 0x04, 0x19, 0xFF, 0x04, 0x19, 0xFF, 0x04, 0x19,
  0xFF, 0x04, 0x19, 0xFF, 0x04, 0x19, 0xFF, 0x04, 0x19, 0xFF, 0x04, 0x19, 0xFF, 0xE4, 0x18, 0xFF,
  0xE4, 0x18, 0xFF, 0xE4, 0x18, 0xFF, 0xE4, 0x18, 0xFF, 0xE4, 0x18, 0xFF, 0xE4, 0x18, 0xFF, 0xE4,
  0x18, 0xFF, 0xE4, 0x18, 0xFF, 0xE4, 0x18, 0xFF, 0xE4, 0x18, 0xFF, 0xE4, 0x18, 0xFF, 0xE4, 0x18,
  0xFF, 0xE4, 0x18, 0xFF, 0xE4, 0x18, 0xFF, 0xE4, 0x18, 0xFF, 0xE4, 0x18, 0xFF, 0xE4, 0x18, 0xFF,
  0xE4, 0x18, 0xFF, 0xE4, 0x18, 0xFF, 0x04, 0x19, 0xFF, 0xE4, 0x18, 0xFF, 0xE4, 0x18, 0xFF, 0xE4,
  0x18, 0xFF, 0xE4, 0x18, 0xFF, 0xE4, 0x18, 0xFF, 0xE4, 0x18, 0xFF, 0xE4, 0x18, 0xFF, 0xE4, 0x18,
  0xFF, 0xE4, 0x18, 0xFF, 0xE4, 0x18, 0xFF, 0xE4, 0x18, 0xFF, 0x04, 0x19, 0xFF, 0xE4, 0x18, 0xFF,
  0xE4, 0x18, 0xFF, 0xE4, 0x18, 0xFF, 0xE4, 0x18, 0xFF, 0xE4, 0x18, 0xFF, 0x04, 0x19, 0xFF, 0x04,
  0x19, 0xFF, 0x04, 0x19, 0xFF, 0x04, 0x19, 0xFF, 0x04, 0x19, 0xFF, 0x04, 0x19, 0xFF, 0x04, 0x19,
  0xFF, 0x04, 0x19, 0xFF, 0x24, 0x21, 0xFF, 0x24, 0x21, 0xFF, 0x25, 0x21, 0xFF, 0x04, 0x19, 0xFF,
  0x00, 0x00, 0xFF, 0x4D, 0x6B, 0xFF, 0xD7, 0xB5, 0xFF, 0xCF, 0x73, 0xFF, 0x76, 0xAD, 0xFF, 0x51,
  0x8C, 0xFF, 0x81, 0x10, 0xFF, 0xE4, 0x18, 0xFF, 0x25, 0x21, 0xFF, 0x04, 0x21, 0xFF, 0x04, 0x21,
  0xFF, 0x04, 0x21, 0xFF, 0x04, 0x21, 0xFF, 0x04, 0x21, 0xFF, 0x04, 0x19, 0xFF, 0x04, 0x19, 0xFF,
  0x04, 0x19, 0xFF, 0x04, 0x19, 0xFF, 0x04, 0x19, 0xFF, 0x04, 0x19, 0xFF, 0x04, 0x19, 0xFF, 0x04,
  0x19, 0xFF, 0x04, 0x19, 0xFF, 0x04, 0x19, 0xFF, 0x04, 0x19, 0xFF, 0x04, 0x19, 0xFF, 0x04, 0x19,
  0xFF, 0x04, 0x19, 0xFF, 0x04, 0x19, 0xFF, 0x04, 0x19, 0xFF, 0x04, 0x19, 0xFF, 0x04, 0x19, 0xFF,
  0x04, 0x19, 0xFF, 0x04, 0x19, 0xFF, 0x04, 0x19, 0xFF, 0x04, 0x19, 0xFF, 0x04, 0x19, 0xFF, 0x04,
  0x19, 0xFF, 0x04, 0x19, 0xFF, 0x04, 0x19, 0xFF, 0x04, 0x19, 0xFF, 0x04, 0x19, 0xFF, 0x04, 0x19,
  0xFF, 0x04, 0x19, 0xFF, 0x04, 0x19, 0xFF, 0x04, 0x19, 0xFF, 0x04, 0x19, 0xFF, 0x04, 0x19, 0xFF,
  0x04, 0x19, 0xFF, 0x04, 0x19, 0xFF, 0x04, 0x19, 0xFF, 0x04, 0x19, 0xFF, 0x04, 0x19, 0xFF, 0x04,
  0x19, 0xFF, 0x04, 0x19, 0xFF, 0x04, 0x19, 0xFF, 0x04, 0x19, 0xFF, 0x04, 0x19, 0xFF, 0x04, 0x21,
  0xFF, 0x04, 0x19, 0xFF, 0x04, 0x19, 0xFF, 0x04, 0x21, 0xFF, 0x04, 0x21, 0xFF, 0x04, 0x21, 0xFF,
  0x24, 0x21, 0xFF, 0x04, 0x21, 0xFF, 0x21, 0x08, 0xFF, 0xC3, 0x18, 0xFF, 0x35, 0xA5, 0xFF, 0x76,
  0xAD, 0xFF, 0x14, 0x9D, 0xFF, 0xF4, 0x9C, 0xFF, 0x56, 0xA5, 0xFF, 0x4D, 0x63, 0xFF, 0x92, 0x8C,
  0xFF, 0x76, 0xA5, 0xFF, 0x56, 0xA5, 0xFF, 0xB3, 0x94, 0xFF, 0xC3, 0x18, 0xEF, 0xAF, 0x73, 0x26,
  0x72, 0x8C, 0x00, 0x31, 0x84, 0x00, 0x31, 0x84, 0x00, 0x31, 0x84, 0x00, 0x31, 0x84, 0x00, 0x31,
  0x84, 0x00, 0x31, 0x84, 0x00, 0x31, 0x84, 0x00, 0x31, 0x84, 0x00, 0x31, 0x84, 0x00, 0x31, 0x84,
  0x00, 0x31, 0x84, 0x00, 0x51, 0x84, 0x00, 0x51, 0x84, 0x00, 0x51, 0x84, 0x00, 0x51, 0x84, 0x00,
  0x51, 0x84, 0x00, 0x51, 0x8C, 0x00, 0x30, 0x84, 0x00, 0x8E, 0x6B, 0x00, 0xB2, 0x94, 0x00, 0xAE,
  0x73, 0x00, 0xAB, 0x52, 0x00, 0xCF, 0x73, 0x00, 0x45, 0x21, 0x00, 0x4D, 0x6B, 0x00, 0x10, 0x7C,
  0x00, 0x8E, 0x6B, 0x00, 0x08, 0x42, 0x00, 0x2D, 0x63, 0x00, 0x08, 0x42, 0x00, 0xCF, 0x73, 0x00,
  0x29, 0x42, 0x00, 0xCB, 0x5A, 0x00, 0xAF, 0x73, 0x00, 0xEC, 0x5A, 0x00, 0x28, 0x42, 0x00, 0x51,
  0x84, 0x00, 0xCB, 0x5A, 0x00, 0x71, 0x8C, 0x00, 0x8E, 0x6B, 0x00, 0xEB, 0x5A, 0x00, 0xA7, 0x31,
  0x00, 0x49, 0x4A, 0x00, 0xC7, 0x39, 0x00, 0x8A, 0x52, 0x00, 0xCB, 0x5A, 0x00, 0x29, 0x42, 0x00,
  0x86, 0x31, 0x00, 0x65, 0x29, 0x00, 0xE3, 0x18, 0x00, 0xB3, 0x94, 0x00, 0xF8, 0xBD, 0x00, 0x08,
  0x3A, 0x00, 0x28, 0x42, 0x00, 0x30, 0x84, 0x00, 0xEF, 0x7B, 0x00, 0x65, 0x29, 0x00, 0xCB, 0x5A,
  0x00, 0xCF, 0x7B, 0x00, 0x51, 0x84, 0x00, 0xAA, 0x52, 0x00, 0x6D, 0x6B, 0x00, 0x6D, 0x6B, 0x00,
  0x24, 0x21, 0x00, 0x8E, 0x73, 0x00, 0xD3, 0x9C, 0x00, 0x08, 0x42, 0x00, 0xE7, 0x39, 0x00, 0xB3,
  0x94, 0x00, 0x51, 0x8C, 0x00, 0xC7, 0x39, 0x00, 0xEF, 0x7B, 0x00, 0x0C, 0x63, 0x00, 0xA6, 0x39,
  0x00, 0xF0, 0x7B, 0x00, 0xD3, 0x9C, 0x00, 0xEB, 0x5A, 0x0A, 0x45, 0x29, 0xA9, 0x82, 0x08, 0xFF,
  0xF0, 0x73, 0xFF, 0x76, 0x9D, 0xFF, 0x52, 0x7C, 0xFF, 0x72, 0x7C, 0xFF, 0x72, 0x7C, 0xFF, 0x10,
  0x74, 0xFF, 0x6E, 0x5B, 0xFF, 0xA2, 0x08, 0xFF, 0xC7, 0x39, 0xFF, 0x76, 0xAD, 0xFF, 0x51, 0x84,
  0xFF, 0x92, 0x8C, 0xFF, 0x7A, 0xCE, 0xFF, 0x8A, 0x52, 0xFF, 0x00, 0x00, 0xFF, 0x45, 0x21, 0xFF,
  0x6E, 0x63, 0xFF, 0x2D, 0x5B, 0xFF, 0xCC, 0x4A, 0xFF, 0xCC, 0x52, 0xFF, 0xCB, 0x52, 0xFF, 0xCB,
  0x4A, 0xFF, 0xCB, 0x52, 0xFF, 0xCB, 0x4A, 0xFF, 0xCB, 0x4A, 0xFF, 0xCB, 0x4A, 0xFF, 0xAB, 0x4A,
  0xFF, 0xAB, 0x4A, 0xFF, 0xAB, 0x4A, 0xFF, 0xAB, 0x4A, 0xFF, 0xAB, 0x4A, 0xFF, 0x8A, 0x4A, 0xFF,
  0x8A, 0x4A, 0xFF, 0x8A, 0x4A, 0xFF, 0x8A, 0x4A, 0xFF, 0x8A, 0x42, 0xFF, 0x8A, 0x42, 0xFF, 0x8A,
  0x42, 0xFF, 0x8A, 0x42, 0xFF, 0x6A, 0x42, 0xFF, 0x6A, 0x42, 0xFF, 0x6A, 0x42, 0xFF, 0x6A, 0x42,
  0xFF, 0xAB, 0x4A, 0xFF, 0x04, 0x19, 0xFF, 0x45, 0x29, 0xFF, 0xB7, 0xB5, 0xFF, 0x76, 0xAD, 0xFF,
  0x92, 0x94, 0xFF, 0xEF, 0x7B, 0xFF, 0x35, 0xA5, 0xFF, 0x55, 0xA5, 0xFF, 0x10, 0x7C, 0xFF, 0x31,
  0x84, 0xFF, 0xF8, 0xBD, 0xFF, 0x0C, 0x63, 0xFF, 0x00, 0x00, 0xFF, 0xE4, 0x18, 0xFF, 0x04, 0x19,
  0xFF, 0x04, 0x19, 0xFF, 0x04, 0x19, 0xFF, 0x04, 0x19, 0xFF, 0xE4, 0x18, 0xFF, 0xE4, 0x18, 0xFF,
  0xE4, 0x18, 0xFF, 0xE4, 0x18, 0xFF, 0xE4, 0x18, 0xFF, 0xE3, 0x18, 0xFF, 0xE3, 0x18, 0xFF, 0xE3,
  0x18, 0xFF, 0xE3, 0x18, 0xFF, 0xE3, 0x18, 0xFF, 0xE3, 0x18, 0xFF, 0xC3, 0x18, 0xFF, 0xE3, 0x18,
  0xFF, 0xE3, 0x18, 0xFF, 0xE3, 0x18, 0xFF, 0xE3, 0x18, 0xFF, 0xC3, 0x18, 0xFF, 0xC3, 0x18, 0xFF,
  0xC3, 0x18, 0xFF, 0xC3, 0x18, 0xFF, 0xC3, 0x18, 0xFF, 0xC3, 0x18, 0xFF, 0xC3, 0x18, 0xFF, 0xC3,
  0x18, 0xFF, 0xC3, 0x18, 0xFF, 0xC3, 0x10, 0xFF, 0xC3, 0x10, 0xFF, 0xC3, 0x10, 0xFF, 0xC3, 0x10,
  0xFF, 0xC3, 0x10, 0xFF, 0xC3, 0x10, 0xFF, 0xC3, 0x10, 0xFF, 0xC3, 0x10, 0xFF, 0xC3, 0x10, 0xFF,
  0xC3, 0x10, 0xFF, 0xC3, 0x10, 0xFF, 0xC3, 0x10, 0xFF, 0xC3, 0x10, 0xFF, 0xC3, 0x10, 0xFF, 0xC3,
  0x10, 0xFF, 0xC3, 0x10, 0xFF, 0xC3, 0x10, 0xFF, 0xC3, 0x10, 0xFF, 0xC3, 0x10, 0xFF, 0xC3, 0x10,
  0xFF, 0xC3, 0x10, 0xFF, 0xC3, 0x10, 0xFF, 0xC3, 0x10, 0xFF, 0xC3, 0x18, 0xFF, 0xC3, 0x18, 0xFF,
  0xE4, 0x18, 0xFF, 0x04, 0x19, 0xFF, 0x04, 0x21, 0xFF, 0x04, 0x19, 0xFF, 0x00, 0x00, 0xFF, 0x0C,
  0x63, 0xFF, 0xD7, 0xB5, 0xFF, 0xAE, 0x73, 0xFF, 0x55, 0xA5, 0xFF, 0x92, 0x8C, 0xFF, 0x82, 0x10,
  0xFF, 0xE3, 0x18, 0xFF, 0x25, 0x21, 0xFF, 0x04, 0x21, 0xFF, 0x04, 0x21, 0xFF, 0x04, 0x19, 0xFF,
  0xE4, 0x18, 0xFF, 0xE4, 0x18, 0xFF, 0xE3, 0x18, 0xFF, 0xC3, 0x18, 0xFF, 0xE3, 0x18, 0xFF, 0xE3,
  0x18, 0xFF, 0xC3, 0x18, 0xFF, 0xC3, 0x18, 0xFF, 0xC3, 0x18, 0xFF, 0xC3, 0x18, 0xFF, 0xC3, 0x18,
  0xFF, 0xC3, 0x18, 0xFF, 0xC3, 0x18, 0xFF, 0xC3, 0x10, 0xFF, 0xC3, 0x10, 0xFF, 0xC3, 0x10, 0xFF,
  0xC3, 0x18, 0xFF, 0xC3, 0x10, 0xFF, 0xC3, 0x18, 0xFF, 0xC3, 0x18, 0xFF, 0xC3, 0x10, 0xFF, 0xC3,
  0x18, 0xFF, 0xC3, 0x10, 0xFF, 0xC3, 0x18, 0xFF, 0xC3, 0x10, 0xFF, 0xC3, 0x10, 0xFF, 0xC3, 0x10,
  0xFF, 0xC3, 0x10, 0xFF, 0xC3, 0x10, 0xFF, 0xC3, 0x10, 0xFF, 0xC3, 0x10, 0xFF, 0xC3, 0x10, 0xFF,
  0xC3, 0x10, 0xFF, 0xC3, 0x10, 0xFF, 0xC3, 0x10, 0xFF, 0xC3, 0x10, 0xFF, 0xC3, 0x10, 0xFF, 0xC3,
  0x10, 0xFF, 0xC3, 0x10, 0xFF, 0xC3, 0x10, 0xFF, 0xC3, 0x10, 0xFF, 0xC3, 0x10, 0xFF, 0xC3, 0x10,
  0xFF, 0xC3, 0x10, 0xFF, 0xC3, 0x10, 0xFF, 0xC3, 0x10, 0xFF, 0xC3, 0x10, 0xFF, 0xC3, 0x18, 0xFF,
  0xC3, 0x10, 0xFF, 0xC3, 0x10, 0xFF, 0xE4, 0x18, 0xFF, 0x04, 0x19, 0xFF, 0x04, 0x19, 0xFF, 0x04,
  0x19, 0xFF, 0xA3, 0x10, 0xFF, 0x00, 0x00, 0xFF, 0x10, 0x7C, 0xFF, 0xB7, 0xB5, 0xFF, 0x14, 0x9D,
  0xFF, 0x14, 0x9D, 0xFF, 0x56, 0xA5, 0xFF, 0xF0, 0x7B, 0xFF, 0x10, 0x7C, 0xFF, 0x76, 0xAD, 0xFF,
  0x14, 0x9D, 0xFF, 0xD7, 0xB5, 0xFF, 0x65, 0x29, 0xFF, 0x8A, 0x4A, 0x6A, 0x14, 0xA5, 0x00, 0x51,
  0x8C, 0x00, 0x51, 0x8C, 0x00, 0x51, 0x8C, 0x00, 0x51, 0x8C, 0x00, 0x51, 0x8C, 0x00, 0x51, 0x8C,
  0x00, 0x51, 0x8C, 0x00, 0x51, 0x8C, 0x00, 0x51, 0x8C, 0x00, 0x51, 0x8C, 0x00, 0x51, 0x8C, 0x00,
  0x51, 0x84, 0x00, 0x51, 0x84, 0x00, 0x51, 0x84, 0x00, 0x51, 0x84, 0x00, 0x51, 0x84, 0x00, 0x51,
  0x8C, 0x00, 0x30, 0x84, 0x00, 0x8E, 0x6B, 0x00, 0xB2, 0x94, 0x00, 0xAE, 0x73, 0x00, 0xAB, 0x52,
  0x00, 0xCF, 0x73, 0x00, 0x45, 0x21, 0x00, 0x4D, 0x6B, 0x00, 0x10, 0x7C, 0x00, 0x8E, 0x6B, 0x00,
  0x08, 0x42, 0x00, 0x2D, 0x63, 0x00, 0x08, 0x42, 0x00, 0xCF, 0x73, 0x00, 0x29, 0x42, 0x00, 0xCB,
  0x5A, 0x00, 0xAF, 0x73, 0x00, 0xEC, 0x5A, 0x00, 0x28, 0x42, 0x00, 0x51, 0x84, 0x00, 0xCB, 0x5A,
  0x00, 0x71, 0x8C, 0x00, 0x8E, 0x6B, 0x00, 0xEB, 0x5A, 0x00, 0xA7, 0x31, 0x00, 0x49, 0x4A, 0x00,
  0xC7, 0x39, 0x00, 0x8A, 0x52, 0x00, 0xCB, 0x5A, 0x00, 0x29, 0x42, 0x00, 0x86, 0x31, 0x00, 0x65,
  0x29, 0x00, 0xE3, 0x18, 0x00, 0xB3, 0x94, 0x00, 0xF8, 0xBD, 0x00, 0x08, 0x3A, 0x00, 0x28, 0x42,
  0x00, 0x30, 0x84, 0x00, 0xEF, 0x7B, 0x00, 0x65, 0x29, 0x00, 0xCB, 0x5A, 0x00, 0xCF, 0x7B, 0x00,
  0x51, 0x84, 0x00, 0xAA, 0x52, 0x00, 0x6D, 0x6B, 0x00, 0x6D, 0x6B, 0x00, 0x24, 0x21, 0x00, 0x8E,
  0x73, 0x00, 0xD3, 0x9C, 0x00, 0x08, 0x42, 0x00, 0xE7, 0x39, 0x00, 0xB3, 0x94, 0x00, 0x51, 0x8C,
  0x00, 0xC7, 0x39, 0x00, 0xEF, 0x7B, 0x00, 0x0C, 0x63, 0x00, 0xA6, 0x31, 0x00, 0x72, 0x8C, 0x00,
  0x10, 0x84, 0x22, 0x82, 0x10, 0xCB, 0x45, 0x21, 0xFF, 0xD3, 0x8C, 0xFF, 0x55, 0x9D, 0xFF, 0x52,
  0x7C, 0xFF, 0x72, 0x84, 0xFF, 0x51, 0x7C, 0xFF, 0xAF, 0x6B, 0xFF, 0x0D, 0x53, 0xFF, 0x82, 0x08,
  0xFF, 0x6A, 0x4A, 0xFF, 0x76, 0xAD, 0xFF, 0xCF, 0x7B, 0xFF, 0x14, 0x9D, 0xFF, 0x7A, 0xC6, 0xFF,
  0x48, 0x42, 0xFF, 0x00, 0x00, 0xFF, 0x28, 0x3A, 0xFF, 0x8E, 0x63, 0xFF, 0x0C, 0x53, 0xFF, 0xCB,
  0x52, 0xFF, 0xEC, 0x52, 0xFF, 0xCC, 0x52, 0xFF, 0xEC, 0x52, 0xFF, 0xCB, 0x4A, 0xFF, 0x6A, 0x42,
  0xFF, 0x49, 0x3A, 0xFF, 0x49, 0x3A, 0xFF, 0x29, 0x3A, 0xFF, 0x29, 0x3A, 0xFF, 0x29, 0x3A, 0xFF,
  0x29, 0x3A, 0xFF, 0x29, 0x3A, 0xFF, 0x29, 0x3A, 0xFF, 0x29, 0x3A, 0xFF, 0x29, 0x3A, 0xFF, 0x29,
  0x3A, 0xFF, 0x29, 0x3A, 0xFF, 0x29, 0x3A, 0xFF, 0x29, 0x3A, 0xFF, 0x29, 0x3A, 0xFF, 0x09, 0x3A,
  0xFF, 0x09, 0x3A, 0xFF, 0x08, 0x3A, 0xFF, 0x08, 0x32, 0xFF, 0xE8, 0x31, 0xFF, 0x29, 0x3A, 0xFF,
  0xA3, 0x10, 0xFF, 0x65, 0x29, 0xFF, 0x97, 0xAD, 0xFF, 0x76, 0xAD, 0xFF, 0x92, 0x8C, 0xFF, 0xF0,
  0x7B, 0xFF, 0x55, 0xA5, 0xFF, 0x55, 0xA5, 0xFF, 0x10, 0x7C, 0xFF, 0x31, 0x84, 0xFF, 0xF8, 0xBD,
  0xFF, 0x0C, 0x63, 0xFF, 0x00, 0x00, 0xFF, 0xE4, 0x18, 0xFF, 0x04, 0x19, 0xFF, 0x04, 0x19, 0xFF,
  0x04, 0x19, 0xFF, 0xE3, 0x18, 0xFF, 0xE3, 0x18, 0xFF, 0xE3, 0x18, 0xFF, 0xE3, 0x18, 0xFF, 0xC3,
  0x18, 0xFF, 0xC3, 0x10, 0xFF, 0xC3, 0x18, 0xFF, 0xC3, 0x10, 0xFF, 0xC3, 0x10, 0xFF, 0xC3, 0x10,
  0xFF, 0xC3, 0x10, 0xFF, 0xC3, 0x10, 0xFF, 0xC3, 0x18, 0xFF, 0xC3, 0x10, 0xFF, 0xC3, 0x10, 0xFF,
  0xC3, 0x10, 0xFF, 0xC3, 0x10, 0xFF, 0xC3, 0x18, 0xFF, 0xC3, 0x18, 0xFF, 0xC3, 0x18, 0xFF, 0xC3,
  0x18, 0xFF, 0xC3, 0x18, 0xFF, 0xC3, 0x18, 0xFF, 0xC3, 0x18, 0xFF, 0xC3, 0x18, 0xFF, 0xC3, 0x18,
  0xFF, 0xE3, 0x18, 0xFF, 0xE3, 0x18, 0xFF, 0xE4, 0x18, 0xFF, 0xE3, 0x18, 0xFF, 0xE4, 0x18, 0xFF,
  0xE4, 0x18, 0xFF, 0xE4, 0x18, 0xFF, 0xE4, 0x18, 0xFF, 0xE4, 0x18, 0xFF, 0xE4, 0x18, 0xFF, 0x04,
  0x19, 0xFF, 0x04, 0x19, 0xFF, 0x04, 0x19, 0xFF, 0x04, 0x19, 0xFF, 0x04, 0x19, 0xFF, 0x04, 0x19,
  0xFF, 0x04, 0x19, 0xFF, 0x04, 0x19, 0xFF, 0x04, 0x21, 0xFF, 0x04, 0x19, 0xFF, 0x24, 0x21, 0xFF,
  0x04, 0x21, 0xFF, 0x24, 0x21, 0xFF, 0x24, 0x21, 0xFF, 0x25, 0x21, 0xFF, 0x04, 0x19, 0xFF, 0xE4,
  0x18, 0xFF, 0x04, 0x19, 0xFF, 0xE4, 0x18, 0xFF, 0x00, 0x00, 0xFF, 0x0C, 0x5B, 0xFF, 0xD7, 0xB5,
  0xFF, 0xCF, 0x7B, 0xFF, 0x55, 0xA5, 0xFF, 0xB3, 0x94, 0xFF, 0xC3, 0x18, 0xFF, 0xC3, 0x18, 0xFF,
  0x25, 0x21, 0xFF, 0x04, 0x21, 0xFF, 0x04, 0x21, 0xFF, 0x04, 0x19, 0xFF, 0x04, 0x21, 0xFF, 0x24,
  0x21, 0xFF, 0x04, 0x19, 0xFF, 0x04, 0x19, 0xFF, 0x04, 0x19, 0xFF, 0x04, 0x19, 0xFF, 0x04, 0x21,
  0xFF, 0x04, 0x21, 0xFF, 0x04, 0x19, 0xFF, 0x04, 0x21, 0xFF, 0x04, 0x21, 0xFF, 0x04, 0x21, 0xFF,
  0x24, 0x21, 0xFF, 0x04, 0x21, 0xFF, 0x24, 0x21, 0xFF, 0x25, 0x21, 0xFF, 0x24, 0x21, 0xFF, 0x25,
  0x21, 0xFF, 0x25, 0x21, 0xFF, 0x25, 0x21, 0xFF, 0x25, 0x21, 0xFF, 0x25, 0x21, 0xFF, 0x25, 0x21,
  0xFF, 0x25, 0x21, 0xFF, 0x25, 0x21, 0xFF, 0x25, 0x21, 0xFF, 0x25, 0x21, 0xFF, 0x25, 0x21, 0xFF,
  0x25, 0x21, 0xFF, 0x25, 0x21, 0xFF, 0x45, 0x21, 0xFF, 0x45, 0x21, 0xFF, 0x45, 0x21, 0xFF, 0x45,
  0x21, 0xFF, 0x45, 0x21, 0xFF, 0x45, 0x21, 0xFF, 0x45, 0x21, 0xFF, 0x45, 0x21, 0xFF, 0x45, 0x29,
  0xFF, 0x45, 0x29, 0xFF, 0x65, 0x29, 0xFF, 0x65, 0x29, 0xFF, 0x66, 0x29, 0xFF, 0x65, 0x29, 0xFF,
  0x65, 0x29, 0xFF, 0x65, 0x29, 0xFF, 0x65, 0x29, 0xFF, 0x65, 0x29, 0xFF, 0x65, 0x29, 0xFF, 0x66,
  0x29, 0xFF, 0xE4, 0x18, 0xFF, 0xE4, 0x18, 0xFF, 0x04, 0x19, 0xFF, 0xE4, 0x18, 0xFF, 0x04, 0x19,
  0xFF, 0x00, 0x00, 0xFF, 0xEC, 0x5A, 0xFF, 0xF8, 0xB5, 0xFF, 0xF4, 0x9C, 0xFF, 0x14, 0x9D, 0xFF,
  0x55, 0xA5, 0xFF, 0xD4, 0x9C, 0xFF, 0x8E, 0x6B, 0xFF, 0x35, 0xA5, 0xFF, 0x35, 0x9D, 0xFF, 0xF8,
  0xB5, 0xFF, 0xAF, 0x73, 0xFF, 0x04, 0x21, 0xB3, 0xCF, 0x7B, 0x00, 0xCF, 0x73, 0x00, 0xAF, 0x73,
  0x00, 0xAF, 0x73, 0x00, 0xAF, 0x73, 0x00, 0xAF, 0x73, 0x00, 0xAF, 0x73, 0x00, 0xAF, 0x73, 0x00,
  0xAF, 0x73, 0x00, 0xAF, 0x73, 0x00, 0xAF, 0x73, 0x00, 0xAF, 0x73, 0x00, 0x51, 0x84, 0x00, 0x51,
  0x84, 0x00, 0x51, 0x84, 0x00, 0x51, 0x84, 0x00, 0x51, 0x84, 0x00, 0x51, 0x8C, 0x00, 0x30, 0x84,
  0x00, 0x8E, 0x6B, 0x00, 0xB2, 0x94, 0x00, 0xAE, 0x73, 0x00, 0xAB, 0x52, 0x00, 0xCF, 0x73, 0x00,
  0x45, 0x21, 0x00, 0x4D, 0x6B, 0x00, 0x10, 0x7C, 0x00, 0x8E, 0x6B, 0x00, 0x08, 0x42, 0x00, 0x2D,
  0x63, 0x00, 0x08, 0x42, 0x00, 0xCF, 0x73, 0x00, 0x29, 0x42, 0x00, 0xCB, 0x5A, 0x00, 0xAF, 0x73,
  0x00, 0xEC, 0x5A, 0x00, 0x28, 0x42, 0x00, 0x51, 0x84, 0x00, 0xCB, 0x5A, 0x00, 0x71, 0x8C, 0x00,
  0x8E, 0x6B, 0x00, 0xEB, 0x5A, 0x00, 0xA7, 0x31, 0x00, 0x49, 0x4A, 0x00, 0xC7, 0x39, 0x00, 0x8A,
  0x52, 0x00, 0xCB, 0x5A, 0x00, 0x29, 0x42, 0x00, 0x86, 0x31, 0x00, 0x65, 0x29, 0x00, 0xE3, 0x18,
  0x00, 0xB3, 0x94, 0x00, 0xF8, 0xBD, 0x00, 0x08, 0x3A, 0x00, 0x28, 0x42, 0x00, 0x30, 0x84, 0x00,
  0xEF, 0x7B, 0x00, 0x65, 0x29, 0x00, 0xCB, 0x5A, 0x00, 0xCF, 0x7B, 0x00, 0x51, 0x84, 0x00, 0xAA,
  0x52, 0x00, 0x6D, 0x6B, 0x00, 0x6D, 0x6B, 0x00, 0x24, 0x21, 0x00, 0x8E, 0x73, 0x00, 0xD3, 0x9C,
  0x00, 0x08, 0x42, 0x00, 0xE7, 0x39, 0x00, 0xB3, 0x94, 0x00, 0x51, 0x8C, 0x00, 0xC7, 0x39, 0x00,
  0xEF, 0x7B, 0x00, 0x0C, 0x63, 0x00, 0x28, 0x42, 0x00, 0x0C, 0x63, 0x56, 0x00, 0x00, 0xF3, 0x6A,
  0x42, 0xFF, 0x76, 0x9D, 0xFF, 0xB3, 0x84, 0xFF, 0x51, 0x7C, 0xFF, 0xB3, 0x84, 0xFF, 0x31, 0x74,
  0xFF, 0xD0, 0x6B, 0xFF, 0xAB, 0x42, 0xFF, 0x61, 0x08, 0xFF, 0x8E, 0x73, 0xFF, 0x76, 0xAD, 0xFF,
  0x6D, 0x6B, 0xFF, 0xB7, 0xAD, 0xFF, 0xD7, 0xB5, 0xFF, 0x24, 0x21, 0xFF, 0x00, 0x00, 0xFF, 0xEC,
  0x52, 0xFF, 0x8E, 0x63, 0xFF, 0xEC, 0x52, 0xFF, 0x2D, 0x5B, 0xFF, 0xEC, 0x52, 0xFF, 0x0C, 0x53,
  0xFF, 0x0C, 0x5B, 0xFF, 0xEC, 0x52, 0xFF, 0x49, 0x3A, 0xFF, 0xCF, 0x6B, 0xFF, 0x14, 0x95, 0xFF,
  0xD3, 0x8C, 0xFF, 0xB3, 0x8C, 0xFF, 0xB3, 0x8C, 0xFF, 0x92, 0x8C, 0xFF, 0xB3, 0x8C, 0xFF, 0xD3,
  0x8C, 0xFF, 0xF4, 0x94, 0xFF, 0xF4, 0x94, 0xFF, 0xF4, 0x94, 0xFF, 0x14, 0x95, 0xFF, 0x15, 0x9D,
  0xFF, 0x14, 0x9D, 0xFF, 0x14, 0x95, 0xFF, 0x35, 0x9D, 0xFF, 0x14, 0x95, 0xFF, 0x14, 0x95, 0xFF,
  0x14, 0x95, 0xFF, 0x14, 0x95, 0xFF, 0xF4, 0x94, 0xFF, 0xB7, 0xA5, 0xFF, 0xE8, 0x31, 0xFF, 0x25,
  0x29, 0xFF, 0x97, 0xAD, 0xFF, 0x76, 0xAD, 0xFF, 0x72, 0x8C, 0xFF, 0x10, 0x84, 0xFF, 0x55, 0xA5,
  0xFF, 0x55, 0xA5, 0xFF, 0x10, 0x84, 0xFF, 0x51, 0x84, 0xFF, 0xF8, 0xBD, 0xFF, 0x0C, 0x63, 0xFF,
  0x00, 0x00, 0xFF, 0xE4, 0x18, 0xFF, 0x04, 0x19, 0xFF, 0xE4, 0x18, 0xFF, 0xE3, 0x18, 0xFF, 0x45,
  0x29, 0xFF, 0x08, 0x3A, 0xFF, 0x08, 0x3A, 0xFF, 0x08, 0x3A, 0xFF, 0xE8, 0x39, 0xFF, 0xE8, 0x39,
  0xFF, 0xE8, 0x39, 0xFF, 0xE8, 0x39, 0xFF, 0xE8, 0x39, 0xFF, 0xE8, 0x39, 0xFF, 0xE8, 0x39, 0xFF,
  0xE8, 0x39, 0xFF, 0x08, 0x3A, 0xFF, 0xE8, 0x39, 0xFF, 0xE8, 0x39, 0xFF, 0xE8, 0x39, 0xFF, 0xE8,
  0x39, 0xFF, 0xE8, 0x39, 0xFF, 0xE8, 0x39, 0xFF, 0xE8, 0x39, 0xFF, 0x08, 0x3A, 0xFF, 0x08, 0x3A,
  0xFF, 0x08, 0x3A, 0xFF, 0x08, 0x3A, 0xFF, 0x08, 0x3A, 0xFF, 0x08, 0x3A, 0xFF, 0x08, 0x42, 0xFF,
  0x08, 0x3A, 0xFF, 0x09, 0x42, 0xFF, 0x08, 0x3A, 0xFF, 0x08, 0x3A, 0xFF, 0x29, 0x42, 0xFF, 0x08,
  0x3A, 0xFF, 0x08, 0x3A, 0xFF, 0x29, 0x42, 0xFF, 0x08, 0x42, 0xFF, 0x29, 0x42, 0xFF, 0x29, 0x42,
  0xFF, 0x29, 0x42, 0xFF, 0x29, 0x42, 0xFF, 0x29, 0x42, 0xFF, 0x29, 0x42, 0xFF, 0x29, 0x42, 0xFF,
  0x29, 0x42, 0xFF, 0x29, 0x42, 0xFF, 0x29, 0x42, 0xFF, 0x29, 0x42, 0xFF, 0x29, 0x42, 0xFF, 0x49,
  0x42, 0xFF, 0x29, 0x42, 0xFF, 0x49, 0x4A, 0xFF, 0x29, 0x42, 0xFF, 0x04, 0x21, 0xFF, 0xE3, 0x18,
  0xFF, 0xE4, 0x18, 0xFF, 0x00, 0x00, 0xFF, 0xEC, 0x5A, 0xFF, 0xB7, 0xB5, 0xFF, 0xEF, 0x7B, 0xFF,
  0x55, 0xA5, 0xFF, 0xF4, 0x9C, 0xFF, 0x04, 0x21, 0xFF, 0xA3, 0x10, 0xFF, 0x25, 0x21, 0xFF, 0x04,
  0x21, 0xFF, 0xE4, 0x18, 0xFF, 0x45, 0x21, 0xFF, 0x49, 0x42, 0xFF, 0x49, 0x42, 0xFF, 0x49, 0x42,
  0xFF, 0x49, 0x42, 0xFF, 0x49, 0x42, 0xFF, 0x49, 0x42, 0xFF, 0x49, 0x42, 0xFF, 0x49, 0x42, 0xFF,
  0x49, 0x42, 0xFF, 0x49, 0x42, 0xFF, 0x49, 0x42, 0xFF, 0x49, 0x42, 0xFF, 0x49, 0x42, 0xFF, 0x49,
  0x42, 0xFF, 0x49, 0x42, 0xFF, 0x49, 0x42, 0xFF, 0x49, 0x42, 0xFF, 0x49, 0x42, 0xFF, 0x49, 0x42,
  0xFF, 0x49, 0x42, 0xFF, 0x49, 0x42, 0xFF, 0x49, 0x42, 0xFF, 0x49, 0x42, 0xFF, 0x49, 0x42, 0xFF,
  0x49, 0x42, 0xFF, 0x49, 0x42, 0xFF, 0x29, 0x42, 0xFF, 0x49, 0x42, 0xFF, 0x49, 0x42, 0xFF, 0x29,
  0x42, 0xFF, 0x49, 0x42, 0xFF, 0x49, 0x42, 0xFF, 0x49, 0x42, 0xFF, 0x49, 0x42, 0xFF, 0x29, 0x42,
  0xFF, 0x49, 0x42, 0xFF, 0x49, 0x42, 0xFF, 0x29, 0x42, 0xFF, 0x49, 0x42, 0xFF, 0x49, 0x42, 0xFF,
  0x49, 0x42, 0xFF, 0x49, 0x42, 0xFF, 0x49, 0x42, 0xFF, 0x49, 0x42, 0xFF, 0x49, 0x42, 0xFF, 0x49,
  0x42, 0xFF, 0x49, 0x42, 0xFF, 0x29, 0x42, 0xFF, 0x29, 0x42, 0xFF, 0x29, 0x42, 0xFF, 0xE8, 0x39,
  0xFF, 0x04, 0x19, 0xFF, 0xE3, 0x18, 0xFF, 0x04, 0x19, 0xFF, 0x04, 0x19, 0xFF, 0x00, 0x00, 0xFF,
  0xC7, 0x39, 0xFF, 0x96, 0xAD, 0xFF, 0x14, 0x9D, 0xFF, 0x14, 0x9D, 0xFF, 0x35, 0xA5, 0xFF, 0x35,
  0xA5, 0xFF, 0xAE, 0x73, 0xFF, 0xD3, 0x94, 0xFF, 0x35, 0xA5, 0xFF, 0x76, 0xAD, 0xFF, 0x76, 0xAD,
  0xFF, 0x04, 0x21, 0xFF, 0x6E, 0x6B, 0x28, 0x51, 0x8C, 0x00, 0x10, 0x84, 0x00, 0x10, 0x84, 0x00,
  0x10, 0x84, 0x00, 0x10, 0x84, 0x00, 0x10, 0x84, 0x00, 0x10, 0x84, 0x00, 0x10, 0x84, 0x00, 0x10,
  0x84, 0x00, 0x10, 0x84, 0x00, 0x10, 0x84, 0x00, 0x51, 0x84, 0x00, 0x51, 0x84, 0x00, 0x51, 0x84,
  0x00, 0x51, 0x84, 0x00, 0x51, 0x84, 0x00, 0x51, 0x8C, 0x00, 0x30, 0x84, 0x00, 0x8E, 0x6B, 0x00,
  0xB2, 0x94, 0x00, 0xAE, 0x73, 0x00, 0xAB, 0x52, 0x00, 0xCF, 0x73, 0x00, 0x45, 0x21, 0x00, 0x4D,
  0x6B, 0x00, 0x10, 0x7C, 0x00, 0x8E, 0x6B, 0x00, 0x08, 0x42, 0x00, 0x2D, 0x63, 0x00, 0x08, 0x42,
  0x00, 0xCF, 0x73, 0x00, 0x29, 0x42, 0x00, 0xCB, 0x5A, 0x00, 0xAF, 0x73, 0x00, 0xEC, 0x5A, 0x00,
  0x28, 0x42, 0x00, 0x51, 0x84, 0x00, 0xCB, 0x5A, 0x00, 0x71, 0x8C, 0x00, 0x8E, 0x6B, 0x00, 0xEB,
  0x5A, 0x00, 0xA7, 0x31, 0x00, 0x49, 0x4A, 0x00, 0xC7, 0x39, 0x00, 0x8A, 0x52, 0x00, 0xCB, 0x5A,
  0x00, 0x29, 0x42, 0x00, 0x86, 0x31, 0x00, 0x65, 0x29, 0x00, 0xE3, 0x18, 0x00, 0xB3, 0x94, 0x00,
  0xF8, 0xBD, 0x00, 0x08, 0x3A, 0x00, 0x28, 0x42, 0x00, 0x30, 0x84, 0x00, 0xEF, 0x7B, 0x00, 0x65,
  0x29, 0x00, 0xCB, 0x5A, 0x00, 0xCF, 0x7B, 0x00, 0x51, 0x84, 0x00, 0xAA, 0x52, 0x00, 0x6D, 0x6B,
  0x00, 0x6D, 0x6B, 0x00, 0x24, 0x21, 0x00, 0x8E, 0x73, 0x00, 0xD3, 0x9C, 0x00, 0x08, 0x42, 0x00,
  0xE7, 0x39, 0x00, 0xB3, 0x94, 0x00, 0x51, 0x8C, 0x00, 0xC7, 0x39, 0x00, 0x10, 0x84, 0x00, 0xAE,
  0x73, 0x00, 0xA2, 0x18, 0x8A, 0x61, 0x08, 0xFF, 0x6D, 0x5B, 0xFF, 0x96, 0x9D, 0xFF, 0x72, 0x84,
  0xFF, 0x31, 0x7C, 0xFF, 0x92, 0x84, 0xFF, 0xF0, 0x73, 0xFF, 0xCF, 0x6B, 0xFF, 0x29, 0x3A, 0xFF,
  0x82, 0x10, 0xFF, 0xCF, 0x73, 0xFF, 0x34, 0xA5, 0xFF, 0xF0, 0x7B, 0xFF, 0xF8, 0xBD, 0xFF, 0x55,
  0xA5, 0xFF, 0x82, 0x10, 0xFF, 0x00, 0x00, 0xFF, 0x0C, 0x5B, 0xFF, 0x6E, 0x5B, 0xFF, 0x4D, 0x5B,
  0xFF, 0x72, 0x7C, 0xFF, 0x8E, 0x63, 0xFF, 0x0D, 0x53, 0xFF, 0x4D, 0x5B, 0xFF, 0x0C, 0x5B, 0xFF,
  0x6A, 0x42, 0xFF, 0x51, 0x7C, 0xFF, 0xFC, 0xD6, 0xFF, 0x3C, 0xDF, 0xFF, 0xFC, 0xD6, 0xFF, 0xFC,
  0xD6, 0xFF, 0xFC, 0xD6, 0xFF, 0xFC, 0xD6, 0xFF, 0xFC, 0xD6, 0xFF, 0xFC, 0xD6, 0xFF, 0x1C, 0xD7,
  0xFF, 0x1C, 0xD7, 0xFF, 0xFC, 0xD6, 0xFF, 0xFC, 0xD6, 0xFF, 0xFC, 0xD6, 0xFF, 0xFC, 0xD6, 0xFF,
  0xFC, 0xD6, 0xFF, 0xFC, 0xD6, 0xFF, 0xFC, 0xD6, 0xFF, 0xFC, 0xD6, 0xFF, 0xFC, 0xD6, 0xFF, 0xFC,
  0xD6, 0xFF, 0xFC, 0xD6, 0xFF, 0xDF, 0xEF, 0xFF, 0x8A, 0x4A, 0xFF, 0x45, 0x29, 0xFF, 0xB7, 0xB5,
  0xFF, 0x76, 0xAD, 0xFF, 0x72, 0x8C, 0xFF, 0x51, 0x84, 0xFF, 0x55, 0xA5, 0xFF, 0x35, 0xA5, 0xFF,
  0x10, 0x84, 0xFF, 0x51, 0x84, 0xFF, 0xF8, 0xBD, 0xFF, 0x0C, 0x63, 0xFF, 0x00, 0x00, 0xFF, 0xE3,
  0x18, 0xFF, 0x04, 0x19, 0xFF, 0xE4, 0x18, 0xFF, 0xC3, 0x18, 0xFF, 0x08, 0x3A, 0xFF, 0x8A, 0x4A,
  0xFF, 0x49, 0x42, 0xFF, 0x49, 0x42, 0xFF, 0x49, 0x4A, 0xFF, 0x49, 0x4A, 0xFF, 0x49, 0x42, 0xFF,
  0x49, 0x42, 0xFF, 0x49, 0x42, 0xFF, 0x49, 0x42, 0xFF, 0x49, 0x42, 0xFF, 0x49, 0x42, 0xFF, 0x49,
  0x42, 0xFF, 0x49, 0x42, 0xFF, 0x49, 0x42, 0xFF, 0x49, 0x42, 0xFF, 0x49, 0x42, 0xFF, 0x29, 0x42,
  0xFF, 0x29, 0x42, 0xFF, 0x49, 0x42, 0xFF, 0x29, 0x42, 0xFF, 0x29, 0x42, 0xFF, 0x49, 0x42, 0xFF,
  0x49, 0x42, 0xFF, 0x49, 0x42, 0xFF, 0x49, 0x42, 0xFF, 0x29, 0x42, 0xFF, 0x29, 0x42, 0xFF, 0x29,
  0x42, 0xFF, 0x29, 0x42, 0xFF, 0x29, 0x42, 0xFF, 0x29, 0x42, 0xFF, 0x29, 0x42, 0xFF, 0x29, 0x42,
  0xFF, 0x29, 0x42, 0xFF, 0x29, 0x42, 0xFF, 0x29, 0x42, 0xFF, 0x29, 0x42, 0xFF, 0x29, 0x42, 0xFF,
  0x29, 0x42, 0xFF, 0x29, 0x42, 0xFF, 0x29, 0x42, 0xFF, 0x29, 0x42, 0xFF, 0x29, 0x42, 0xFF, 0x29,
  0x42, 0xFF, 0x29, 0x42, 0xFF, 0x28, 0x42, 0xFF, 0x29, 0x42, 0xFF, 0x29, 0x42, 0xFF, 0x29, 0x42,
  0xFF, 0x29, 0x42, 0xFF, 0x49, 0x42, 0xFF, 0x45, 0x21, 0xFF, 0xC3, 0x10, 0xFF, 0xE4, 0x18, 0xFF,
  0x00, 0x00, 0xFF, 0xAA, 0x52, 0xFF, 0xD7, 0xB5, 0xFF, 0xCF, 0x73, 0xFF, 0x35, 0xA5, 0xFF, 0x35,
  0xA5, 0xFF, 0x24, 0x21, 0xFF, 0xA2, 0x10, 0xFF, 0x25, 0x21, 0xFF, 0x05, 0x21, 0xFF, 0xE4, 0x18,
  0xFF, 0x66, 0x29, 0xFF, 0x6A, 0x4A, 0xFF, 0x49, 0x42, 0xFF, 0x49, 0x42, 0xFF, 0x49, 0x42, 0xFF,
  0x49, 0x42, 0xFF, 0x49, 0x42, 0xFF, 0x49, 0x42, 0xFF, 0x49, 0x42, 0xFF, 0x49, 0x42, 0xFF, 0x29,
  0x42, 0xFF, 0x29, 0x42, 0xFF, 0x49, 0x42, 0xFF, 0x49, 0x42, 0xFF, 0x49, 0x42, 0xFF, 0x29, 0x42,
  0xFF, 0x29, 0x42, 0xFF, 0x29, 0x42, 0xFF, 0x29, 0x42, 0xFF, 0x29, 0x42, 0xFF, 0x29, 0x42, 0xFF,
  0x29, 0x42, 0xFF, 0x29, 0x42, 0xFF, 0x29, 0x42, 0xFF, 0x29, 0x42, 0xFF, 0x29, 0x42, 0xFF, 0x29,
  0x42, 0xFF, 0x29, 0x42, 0xFF, 0x28, 0x42, 0xFF, 0x28, 0x42, 0xFF, 0x28, 0x42, 0xFF, 0x08, 0x42,
  0xFF, 0x29, 0x42, 0xFF, 0x08, 0x42, 0xFF, 0x28, 0x42, 0xFF, 0x28, 0x3A, 0xFF, 0x08, 0x3A, 0xFF,
  0x08, 0x3A, 0xFF, 0x08, 0x3A, 0xFF, 0x08, 0x3A, 0xFF, 0x08, 0x42, 0xFF, 0x08, 0x42, 0xFF, 0x08,
  0x42, 0xFF, 0x08, 0x42, 0xFF, 0x08, 0x3A, 0xFF, 0x08, 0x3A, 0xFF, 0x08, 0x3A, 0xFF, 0x08, 0x3A,
  0xFF, 0x08, 0x3A, 0xFF, 0x08, 0x3A, 0xFF, 0xE8, 0x39, 0xFF, 0x29, 0x42, 0xFF, 0x86, 0x29, 0xFF,
  0xC3, 0x18, 0xFF, 0xE4, 0x18, 0xFF, 0x04, 0x19, 0xFF, 0x41, 0x08, 0xFF, 0xC3, 0x18, 0xFF, 0x14,
  0x9D, 0xFF, 0x56, 0xA5, 0xFF, 0xF4, 0x9C, 0xFF, 0xF4, 0x9C, 0xFF, 0x76, 0xAD, 0xFF, 0x31, 0x84,
  0xFF, 0xCF, 0x7B, 0xFF, 0x56, 0xA5, 0xFF, 0xF4, 0x9C, 0xFF, 0x18, 0xBE, 0xFF, 0x08, 0x42, 0xFF,
  0x86, 0x31, 0x80, 0xF0, 0x7B, 0x00, 0xAE, 0x73, 0x00, 0xAE, 0x73, 0x00, 0xAE, 0x73, 0x00, 0xAE,
  0x73, 0x00, 0xAE, 0x73, 0x00, 0xAE, 0x73, 0x00, 0xAE, 0x73, 0x00, 0xAE, 0x73, 0x00, 0xAE, 0x73,
  0x00, 0xAE, 0x73, 0x00, 0x51, 0x84, 0x00, 0x51, 0x84, 0x00, 0x51, 0x84, 0x00, 0x51, 0x84, 0x00,
  0x51, 0x84, 0x00, 0x51, 0x8C, 0x00, 0x30, 0x84, 0x00, 0x8E, 0x6B, 0x00, 0xB2, 0x94, 0x00, 0xAE,
  0x73, 0x00, 0xAB, 0x52, 0x00, 0xCF, 0x73, 0x00, 0x45, 0x21, 0x00, 0x4D, 0x6B, 0x00, 0x10, 0x7C,
  0x00, 0x8E, 0x6B, 0x00, 0x08, 0x42, 0x00, 0x2D, 0x63, 0x00, 0x08, 0x42, 0x00, 0xCF, 0x73, 0x00,
  0x29, 0x42, 0x00, 0xCB, 0x5A, 0x00, 0xAF, 0x73, 0x00, 0xEC, 0x5A, 0x00, 0x28, 0x42, 0x00, 0x51,
  0x84, 0x00, 0xCB, 0x5A, 0x00, 0x71, 0x8C, 0x00, 0x8E, 0x6B, 0x00, 0xEB, 0x5A, 0x00, 0xA7, 0x31,
  0x00, 0x49, 0x4A, 0x00, 0xC7, 0x39, 0x00, 0x8A, 0x52, 0x00, 0xCB, 0x5A, 0x00, 0x29, 0x42, 0x00,
  0x86, 0x31, 0x00, 0x65, 0x29, 0x00, 0xE3, 0x18, 0x00, 0xB3, 0x94, 0x00, 0xF8, 0xBD, 0x00, 0x08,
  0x3A, 0x00, 0x28, 0x42, 0x00, 0x30, 0x84, 0x00, 0xEF, 0x7B, 0x00, 0x65, 0x29, 0x00, 0xCB, 0x5A,
  0x00, 0xCF, 0x7B, 0x00, 0x51, 0x84, 0x00, 0xAA, 0x52, 0x00, 0x6D, 0x6B, 0x00, 0x6D, 0x6B, 0x00,
  0x24, 0x21, 0x00, 0x8E, 0x73, 0x00, 0xD3, 0x9C, 0x00, 0x08, 0x42, 0x00, 0xE7, 0x39, 0x00, 0xB3,
  0x94, 0x00, 0x51, 0x8C, 0x00, 0x08, 0x42, 0x00, 0x4D, 0x6B, 0x26, 0xE3, 0x18, 0xCE, 0x45, 0x21,
  0xFF, 0xF4, 0x8C, 0xFF, 0xD7, 0xA5, 0xFF, 0x72, 0x84, 0xFF, 0x51, 0x7C, 0xFF, 0x31, 0x7C, 0xFF,
  0xAF, 0x63, 0xFF, 0xAF, 0x63, 0xFF, 0xA7, 0x29, 0xFF, 0xE3, 0x18, 0xFF, 0xD3, 0x9C, 0xFF, 0xD3,
  0x94, 0xFF, 0x31, 0x84, 0xFF, 0x7A, 0xCE, 0xFF, 0x72, 0x8C, 0xFF, 0x00, 0x00, 0xFF, 0xC3, 0x10,
  0xFF, 0x6E, 0x63, 0xFF, 0x2D, 0x53, 0xFF, 0xAF, 0x6B, 0xFF, 0xB3, 0x8C, 0xFF, 0x8F, 0x63, 0xFF,
  0x0C, 0x53, 0xFF, 0x4E, 0x63, 0xFF, 0xEC, 0x52, 0xFF, 0x8A, 0x42, 0xFF, 0x14, 0x95, 0xFF, 0x3D,
  0xDF, 0xFF, 0x9A, 0xCE, 0xFF, 0x59, 0xBE, 0xFF, 0x59, 0xBE, 0xFF, 0x59, 0xC6, 0xFF, 0x59, 0xC6,
  0xFF, 0x59, 0xBE, 0xFF, 0x59, 0xBE, 0xFF, 0x59, 0xC6, 0xFF, 0x79, 0xC6, 0xFF, 0x7A, 0xC6, 0xFF,
  0x79, 0xC6, 0xFF, 0x59, 0xC6, 0xFF, 0x59, 0xBE, 0xFF, 0x59, 0xBE, 0xFF, 0x59, 0xBE, 0xFF, 0x59,
  0xBE, 0xFF, 0x59, 0xBE, 0xFF, 0x59, 0xBE, 0xFF, 0x59, 0xBE, 0xFF, 0x59, 0xBE, 0xFF, 0x59, 0xBE,
  0xFF, 0x1C, 0xD7, 0xFF, 0x08, 0x3A, 0xFF, 0x65, 0x29, 0xFF, 0xB7, 0xB5, 0xFF, 0x76, 0xAD, 0xFF,
  0x72, 0x8C, 0xFF, 0x72, 0x8C, 0xFF, 0x55, 0xA5, 0xFF, 0x35, 0xA5, 0xFF, 0x10, 0x7C, 0xFF, 0x31,
  0x84, 0xFF, 0xF8, 0xBD, 0xFF, 0x2C, 0x63, 0xFF, 0x00, 0x00, 0xFF, 0xC3, 0x18, 0xFF, 0xE4, 0x18,
  0xFF, 0xE4, 0x18, 0xFF, 0xC3, 0x18, 0xFF, 0xC7, 0x39, 0xFF, 0x29, 0x42, 0xFF, 0x08, 0x3A, 0xFF,
  0x08, 0x42, 0xFF, 0x28, 0x42, 0xFF, 0x28, 0x42, 0xFF, 0x28, 0x42, 0xFF, 0x08, 0x42, 0xFF, 0x08,
  0x3A, 0xFF, 0x08, 0x3A, 0xFF, 0x08, 0x3A, 0xFF, 0x08, 0x3A, 0xFF, 0x08, 0x3A, 0xFF, 0x08, 0x3A,
  0xFF, 0x08, 0x3A, 0xFF, 0x08, 0x3A, 0xFF, 0x08, 0x3A, 0xFF, 0x08, 0x3A, 0xFF, 0x08, 0x3A, 0xFF,
  0x08, 0x3A, 0xFF, 0x08, 0x3A, 0xFF, 0x08, 0x3A, 0xFF, 0x08, 0x3A, 0xFF, 0x08, 0x3A, 0xFF, 0x08,
  0x3A, 0xFF, 0x08, 0x3A, 0xFF, 0x08, 0x3A, 0xFF, 0x08, 0x3A, 0xFF, 0x08, 0x3A, 0xFF, 0x08, 0x3A,
  0xFF, 0x08, 0x3A, 0xFF, 0x08, 0x3A, 0xFF, 0x08, 0x3A, 0xFF, 0x08, 0x3A, 0xFF, 0x08, 0x3A, 0xFF,
  0x08, 0x3A, 0xFF, 0xE8, 0x39, 0xFF, 0xE8, 0x39, 0xFF, 0x08, 0x3A, 0xFF, 0x08, 0x3A, 0xFF, 0x08,
  0x3A, 0xFF, 0x08, 0x3A, 0xFF, 0x08, 0x3A, 0xFF, 0x08, 0x3A, 0xFF, 0x08, 0x3A, 0xFF, 0x08, 0x3A,
  0xFF, 0x08, 0x3A, 0xFF, 0x08, 0x3A, 0xFF, 0x08, 0x3A, 0xFF, 0x08, 0x3A, 0xFF, 0x08, 0x42, 0xFF,
  0x29, 0x42, 0xFF, 0x25, 0x21, 0xFF, 0xC3, 0x10, 0xFF, 0xE4, 0x18, 0xFF, 0x00, 0x00, 0xFF, 0x29,
  0x42, 0xFF, 0xB7, 0xB5, 0xFF, 0xEF, 0x7B, 0xFF, 0x14, 0x9D, 0xFF, 0x96, 0xAD, 0xFF, 0x45, 0x21,
  0xFF, 0x82, 0x08, 0xFF, 0x25, 0x21, 0xFF, 0x25, 0x21, 0xFF, 0x04, 0x19, 0xFF, 0x45, 0x29, 0xFF,
  0x29, 0x42, 0xFF, 0x29, 0x42, 0xFF, 0x29, 0x42, 0xFF, 0x28, 0x42, 0xFF, 0x08, 0x42, 0xFF, 0x08,
  0x42, 0xFF, 0x28, 0x42, 0xFF, 0x28, 0x42, 0xFF, 0x08, 0x42, 0xFF, 0x08, 0x42, 0xFF, 0x28, 0x42,
  0xFF, 0x28, 0x42, 0xFF, 0x28, 0x42, 0xFF, 0x08, 0x42, 0xFF, 0x08, 0x3A, 0xFF, 0x08, 0x3A, 0xFF,
  0x08, 0x3A, 0xFF, 0x08, 0x3A, 0xFF, 0x08, 0x3A, 0xFF, 0x08, 0x3A, 0xFF, 0x08, 0x3A, 0xFF, 0x08,
  0x3A, 0xFF, 0x08, 0x3A, 0xFF, 0x08, 0x3A, 0xFF, 0x08, 0x3A, 0xFF, 0x08, 0x3A, 0xFF, 0x08, 0x3A,
  0xFF, 0x08, 0x3A, 0xFF, 0x08, 0x3A, 0xFF, 0x08, 0x3A, 0xFF, 0x08, 0x3A, 0xFF, 0x08, 0x3A, 0xFF,
  0x08, 0x3A, 0xFF, 0x08, 0x3A, 0xFF, 0x08, 0x3A, 0xFF, 0x08, 0x3A, 0xFF, 0x08, 0x3A, 0xFF, 0x08,
  0x3A, 0xFF, 0x08, 0x3A, 0xFF, 0x08, 0x3A, 0xFF, 0x08, 0x3A, 0xFF, 0x08, 0x3A, 0xFF, 0x08, 0x3A,
  0xFF, 0x08, 0x3A, 0xFF, 0x08, 0x3A, 0xFF, 0x08, 0x3A, 0xFF, 0xE8, 0x39, 0xFF, 0xE8, 0x39, 0xFF,
  0xE8, 0x39, 0xFF, 0xE8, 0x39, 0xFF, 0x08, 0x3A, 0xFF, 0xA7, 0x31, 0xFF, 0xE3, 0x18, 0xFF, 0xE4,
  0x18, 0xFF, 0x04, 0x19, 0xFF, 0xA3, 0x10, 0xFF, 0x20, 0x00, 0xFF, 0x51, 0x8C, 0xFF, 0x97, 0xAD,
  0xFF, 0xF4, 0x9C, 0xFF, 0x14, 0x9D, 0xFF, 0x56, 0xA5, 0xFF, 0x93, 0x8C, 0xFF, 0xAF, 0x73, 0xFF,
  0x55, 0xA5, 0xFF, 0xD3, 0x94, 0xFF, 0xD7, 0xB5, 0xFF, 0x8E, 0x6B, 0xFF, 0x04, 0x21, 0xCD, 0x35,
  0xA5, 0x00, 0xB3, 0x94, 0x00, 0xD3, 0x94, 0x00, 0xD3, 0x94, 0x00, 0xD3, 0x94, 0x00, 0xD3, 0x94,
  0x00, 0xD3, 0x94, 0x00, 0xD3, 0x94, 0x00, 0xD3, 0x94, 0x00, 0xD3, 0x94, 0x00, 0xD3, 0x94, 0x00,
  0x51, 0x84, 0x00, 0x51, 0x84, 0x00, 0x51, 0x84, 0x00, 0x51, 0x84, 0x00, 0x51, 0x84, 0x00, 0x51,
  0x8C, 0x00, 0x30, 0x84, 0x00, 0x8E, 0x6B, 0x00, 0xB2, 0x94, 0x00, 0xAE, 0x73, 0x00, 0xAB, 0x52,
  0x00, 0xCF, 0x73, 0x00, 0x45, 0x21, 0x00, 0x4D, 0x6B, 0x00, 0x10, 0x7C, 0x00, 0x8E, 0x6B, 0x00,
  0x08, 0x42, 0x00, 0x2D, 0x63, 0x00, 0x08, 0x42, 0x00, 0xCF, 0x73, 0x00, 0x29, 0x42, 0x00, 0xCB,
  0x5A, 0x00, 0xAF, 0x73, 0x00, 0xEC, 0x5A, 0x00, 0x28, 0x42, 0x00, 0x51, 0x84, 0x00, 0xCB, 0x5A,
  0x00, 0x71, 0x8C, 0x00, 0x8E, 0x6B, 0x00, 0xEB, 0x5A, 0x00, 0xA7, 0x31, 0x00, 0x49, 0x4A, 0x00,
  0xC7, 0x39, 0x00, 0x8A, 0x52, 0x00, 0xCB, 0x5A, 0x00, 0x29, 0x42, 0x00, 0x86, 0x31, 0x00, 0x65,
  0x29, 0x00, 0xE3, 0x18, 0x00, 0xB3, 0x94, 0x00, 0xF8, 0xBD, 0x00, 0x08, 0x3A, 0x00, 0x28, 0x42,
  0x00, 0x30, 0x84, 0x00, 0xEF, 0x7B, 0x00, 0x65, 0x29, 0x00, 0xCB, 0x5A, 0x00, 0xCF, 0x7B, 0x00,
  0x51, 0x84, 0x00, 0xAA, 0x52, 0x00, 0x6D, 0x6B, 0x00, 0x6D, 0x6B, 0x00, 0x24, 0x21, 0x00, 0x8E,
  0x73, 0x00, 0xD3, 0x9C, 0x00, 0x08, 0x42, 0x00, 0xE7, 0x39, 0x00, 0xB3, 0x94, 0x00, 0xF3, 0x9C,
  0x00, 0xC7, 0x39, 0x45, 0x00, 0x00, 0xEF, 0x49, 0x42, 0xFF, 0x19, 0xAE, 0xFF, 0xB7, 0xA5, 0xFF,
  0x72, 0x84, 0xFF, 0xB3, 0x84, 0xFF, 0x31, 0x7C, 0xFF, 0x4E, 0x5B, 0xFF, 0x8F, 0x63, 0xFF, 0x25,
  0x19, 0xFF, 0x45, 0x29, 0xFF, 0x14, 0x9D, 0xFF, 0x71, 0x8C, 0xFF, 0x92, 0x8C, 0xFF, 0x7B, 0xCE,
  0xFF, 0xCF, 0x7B, 0xFF, 0x00, 0x00, 0xFF, 0x66, 0x29, 0xFF, 0x8E, 0x63, 0xFF, 0xEC, 0x52, 0xFF,
  0xF0, 0x73, 0xFF, 0xB3, 0x8C, 0xFF, 0x4E, 0x5B, 0xFF, 0x0C, 0x53, 0xFF, 0x6E, 0x63, 0xFF, 0xCB,
  0x4A, 0xFF, 0x8A, 0x4A, 0xFF, 0x55, 0x9D, 0xFF, 0x3D, 0xDF, 0xFF, 0x9A, 0xC6, 0xFF, 0x59, 0xBE,
  0xFF, 0x59, 0xBE, 0xFF, 0x59, 0xBE, 0xFF, 0x59, 0xC6, 0xFF, 0x59, 0xBE, 0xFF, 0x59, 0xBE, 0xFF,
  0x59, 0xBE, 0xFF, 0x59, 0xC6, 0xFF, 0x59, 0xC6, 0xFF, 0x79, 0xC6, 0xFF, 0x59, 0xC6, 0xFF, 0x59,
  0xBE, 0xFF, 0x59, 0xBE, 0xFF, 0x59, 0xBE, 0xFF, 0x59, 0xBE, 0xFF, 0x59, 0xBE, 0xFF, 0x59, 0xBE,
  0xFF, 0x59, 0xBE, 0xFF, 0x59, 0xBE, 0xFF, 0x59, 0xBE, 0xFF, 0x79, 0xBE, 0xFF, 0xFC, 0xCE, 0xFF,
  0xA6, 0x29, 0xFF, 0xC7, 0x39, 0xFF, 0xD7, 0xB5, 0xFF, 0x56, 0xA5, 0xFF, 0x72, 0x8C, 0xFF, 0x72,
  0x8C, 0xFF, 0x55, 0xA5, 0xFF, 0x35, 0xA5, 0xFF, 0x10, 0x7C, 0xFF, 0x31, 0x84, 0xFF, 0xF8, 0xBD,
  0xFF, 0x2C, 0x63, 0xFF, 0x00, 0x00, 0xFF, 0xC3, 0x18, 0xFF, 0xE4, 0x18, 0xFF, 0xE4, 0x18, 0xFF,
  0xC3, 0x18, 0xFF, 0xC7, 0x31, 0xFF, 0x29, 0x42, 0xFF, 0x08, 0x3A, 0xFF, 0x08, 0x3A, 0xFF, 0x08,
  0x42, 0xFF, 0x28, 0x42, 0xFF, 0x08, 0x42, 0xFF, 0x08, 0x3A, 0xFF, 0x08, 0x3A, 0xFF, 0x08, 0x3A,
  0xFF, 0x08, 0x3A, 0xFF, 0x08, 0x3A, 0xFF, 0x08, 0x3A, 0xFF, 0x08, 0x3A, 0xFF, 0x08, 0x3A, 0xFF,
  0x08, 0x3A, 0xFF, 0x08, 0x3A, 0xFF, 0x08, 0x3A, 0xFF, 0x08, 0x3A, 0xFF, 0x08, 0x3A, 0xFF, 0x08,
  0x3A, 0xFF, 0x08, 0x3A, 0xFF, 0x08, 0x3A, 0xFF, 0x08, 0x3A, 0xFF, 0x08, 0x3A, 0xFF, 0x08, 0x3A,
  0xFF, 0x08, 0x3A, 0xFF, 0x08, 0x3A, 0xFF, 0x08, 0x3A, 0xFF, 0x08, 0x3A, 0xFF, 0x08, 0x3A, 0xFF,
  0x08, 0x3A, 0xFF, 0x08, 0x3A, 0xFF, 0x08, 0x3A, 0xFF, 0x08, 0x3A, 0xFF, 0x08, 0x3A, 0xFF, 0xE8,
  0x39, 0xFF, 0xE8, 0x39, 0xFF, 0x08, 0x3A, 0xFF, 0x08, 0x3A, 0xFF, 0x08, 0x3A, 0xFF, 0x08, 0x3A,
  0xFF, 0x08, 0x3A, 0xFF, 0x08, 0x3A, 0xFF, 0x08, 0x3A, 0xFF, 0x08, 0x3A, 0xFF, 0x08, 0x3A, 0xFF,
  0x08, 0x3A, 0xFF, 0x08, 0x3A, 0xFF, 0x08, 0x3A, 0xFF, 0x08, 0x3A, 0xFF, 0x29, 0x42, 0xFF, 0x25,
  0x21, 0xFF, 0xC3, 0x10, 0xFF, 0xE4, 0x18, 0xFF, 0x00, 0x00, 0xFF, 0xE7, 0x39, 0xFF, 0xD7, 0xB5,
  0xFF, 0x30, 0x84, 0xFF, 0xF4, 0x9C, 0xFF, 0xB7, 0xB5, 0xFF, 0x45, 0x29, 0xFF, 0x62, 0x08, 0xFF,
  0x25, 0x21, 0xFF, 0x25, 0x21, 0xFF, 0x04, 0x19, 0xFF, 0x45, 0x29, 0xFF, 0x29, 0x42, 0xFF, 0x29,
  0x42, 0xFF, 0x08, 0x42, 0xFF, 0x08, 0x42, 0xFF, 0x08, 0x42, 0xFF, 0x08, 0x42, 0xFF, 0x08, 0x42,
  0xFF, 0x08, 0x42, 0xFF, 0x08, 0x42, 0xFF, 0x08, 0x3A, 0xFF, 0x08, 0x3A, 0xFF, 0x08, 0x3A, 0xFF,
  0x08, 0x42, 0xFF, 0x08, 0x42, 0xFF, 0x08, 0x3A, 0xFF, 0x08, 0x3A, 0xFF, 0x08, 0x3A, 0xFF, 0x08,
  0x3A, 0xFF, 0x08, 0x3A, 0xFF, 0x08, 0x3A, 0xFF, 0x08, 0x3A, 0xFF, 0x08, 0x3A, 0xFF, 0x08, 0x3A,
  0xFF, 0x08, 0x3A, 0xFF, 0x08, 0x3A, 0xFF, 0x08, 0x3A, 0xFF, 0x08, 0x3A, 0xFF, 0x08, 0x3A, 0xFF,
  0x08, 0x3A, 0xFF, 0x08, 0x3A, 0xFF, 0x08, 0x3A, 0xFF, 0x08, 0x3A, 0xFF, 0x08, 0x3A, 0xFF, 0x08,
  0x3A, 0xFF, 0x08, 0x3A, 0xFF, 0x08, 0x3A, 0xFF, 0x08, 0x3A, 0xFF, 0x08, 0x3A, 0xFF, 0x08, 0x3A,
  0xFF, 0x08, 0x3A, 0xFF, 0x08, 0x3A, 0xFF, 0x08, 0x3A, 0xFF, 0x08, 0x3A, 0xFF, 0x08, 0x3A, 0xFF,
  0x08, 0x3A, 0xFF, 0x08, 0x3A, 0xFF, 0xE8, 0x39, 0xFF, 0xE8, 0x39, 0xFF, 0xE8, 0x39, 0xFF, 0xE8,
  0x39, 0xFF, 0x08, 0x3A, 0xFF, 0xE7, 0x39, 0xFF, 0x04, 0x19, 0xFF, 0xE4, 0x18, 0xFF, 0x04, 0x19,
  0xFF, 0xE3, 0x18, 0xFF, 0x00, 0x00, 0xFF, 0x4D, 0x6B, 0xFF, 0xD7, 0xB5, 0xFF, 0xF4, 0x9C, 0xFF,
  0x14, 0x9D, 0xFF, 0x14, 0x9D, 0xFF, 0x35, 0xA5, 0xFF, 0xCF, 0x7B, 0xFF, 0xB3, 0x94, 0xFF, 0x35,
  0xA5, 0xFF, 0x35, 0xA5, 0xFF, 0x35, 0xA5, 0xFF, 0x24, 0x21, 0xF7, 0x8A, 0x52, 0x38, 0x6D, 0x6B,
  0x00, 0x4D, 0x63, 0x00, 0x4D, 0x63, 0x00, 0x4D, 0x63, 0x00, 0x4D, 0x63, 0x00, 0x4D, 0x63, 0x00,
  0x4D, 0x63, 0x00, 0x4D, 0x63, 0x00, 0x4D, 0x63, 0x00, 0x4D, 0x63, 0x00, 0x51, 0x84, 0x00, 0x51,
  0x84, 0x00, 0x51, 0x84, 0x00, 0x51, 0x84, 0x00, 0x51, 0x84, 0x00, 0x51, 0x8C, 0x00, 0x30, 0x84,
  0x00, 0x8E, 0x6B, 0x00, 0xB2, 0x94, 0x00, 0xAE, 0x73, 0x00, 0xAB, 0x52, 0x00, 0xCF, 0x73, 0x00,
  0x45, 0x21, 0x00, 0x4D, 0x6B, 0x00, 0x10, 0x7C, 0x00, 0x8E, 0x6B, 0x00, 0x08, 0x42, 0x00, 0x2D,
  0x63, 0x00, 0x08, 0x42, 0x00, 0xCF, 0x73, 0x00, 0x29, 0x42, 0x00, 0xCB, 0x5A, 0x00, 0xAF, 0x73,
  0x00, 0xEC, 0x5A, 0x00, 0x28, 0x42, 0x00, 0x51, 0x84, 0x00, 0xCB, 0x5A, 0x00, 0x71, 0x8C, 0x00,
  0x8E, 0x6B, 0x00, 0xEB, 0x5A, 0x00, 0xA7, 0x31, 0x00, 0x49, 0x4A, 0x00, 0xC7, 0x39, 0x00, 0x8A,
  0x52, 0x00, 0xCB, 0x5A, 0x00, 0x29, 0x42, 0x00, 0x86, 0x31, 0x00, 0x65, 0x29, 0x00, 0xE3, 0x18,
  0x00, 0xB3, 0x94, 0x00, 0xF8, 0xBD, 0x00, 0x08, 0x3A, 0x00, 0x28, 0x42, 0x00, 0x30, 0x84, 0x00,
  0xEF, 0x7B, 0x00, 0x65, 0x29, 0x00, 0xCB, 0x5A, 0x00, 0xCF, 0x7B, 0x00, 0x51, 0x84, 0x00, 0xAA,
  0x52, 0x00, 0x6D, 0x6B, 0x00, 0x6D, 0x6B, 0x00, 0x24, 0x21, 0x00, 0x8E, 0x73, 0x00, 0xD3, 0x9C,
  0x00, 0x08, 0x42, 0x00, 0xE7, 0x39, 0x00, 0x14, 0x9D, 0x00, 0x6A, 0x52, 0x67, 0x41, 0x08, 0xFD,
  0xCF, 0x6B, 0xFF, 0x59, 0xB6, 0xFF, 0x55, 0x9D, 0xFF, 0xB3, 0x8C, 0xFF, 0xD4, 0x8C, 0xFF, 0x51,
  0x7C, 0xFF, 0x6E, 0x5B, 0xFF, 0x2D, 0x5B, 0xFF, 0xA3, 0x10, 0xFF, 0x08, 0x42, 0xFF, 0x76, 0xAD,
  0xFF, 0x8E, 0x73, 0xFF, 0xF4, 0x94, 0xFF, 0x7A, 0xC6, 0xFF, 0xAA, 0x52, 0xFF, 0x00, 0x00, 0xFF,
  0x28, 0x3A, 0xFF, 0xAF, 0x6B, 0xFF, 0x0C, 0x53, 0xFF, 0x51, 0x7C, 0xFF, 0xB3, 0x84, 0xFF, 0x2D,
  0x5B, 0xFF, 0x0C, 0x53, 0xFF, 0x6E, 0x63, 0xFF, 0xCB, 0x4A, 0xFF, 0xCB, 0x4A, 0xFF, 0xB7, 0xAD,
  0xFF, 0x3D, 0xDF, 0xFF, 0x7A, 0xC6, 0xFF, 0x59, 0xBE, 0xFF, 0x59, 0xBE, 0xFF, 0x59, 0xBE, 0xFF,
  0x59, 0xBE, 0xFF, 0x59, 0xBE, 0xFF, 0x59, 0xBE, 0xFF, 0x59, 0xBE, 0xFF, 0x59, 0xBE, 0xFF, 0x59,
  0xBE, 0xFF, 0x59, 0xBE, 0xFF, 0x59, 0xBE, 0xFF, 0x59, 0xBE, 0xFF, 0x59, 0xBE, 0xFF, 0x59, 0xBE,
  0xFF, 0x59, 0xBE, 0xFF, 0x59, 0xBE, 0xFF, 0x59, 0xBE, 0xFF, 0x59, 0xBE, 0xFF, 0x59, 0xBE, 0xFF,
  0x59, 0xBE, 0xFF, 0x59, 0xBE, 0xFF, 0x7A, 0xBE, 0xFF, 0xDB, 0xCE, 0xFF, 0x65, 0x29, 0xFF, 0xC7,
  0x39, 0xFF, 0xD7, 0xB5, 0xFF, 0x55, 0xA5, 0xFF, 0x92, 0x8C, 0xFF, 0x72, 0x8C, 0xFF, 0x55, 0xA5,
  0xFF, 0x35, 0xA5, 0xFF, 0x10, 0x7C, 0xFF, 0x31, 0x84, 0xFF, 0xF8, 0xBD, 0xFF, 0x0C, 0x5B, 0xFF,
  0x00, 0x00, 0xFF, 0xE3, 0x18, 0xFF, 0xE4, 0x18, 0xFF, 0xE4, 0x18, 0xFF, 0xC3, 0x10, 0xFF, 0xA7,
  0x31, 0xFF, 0x29, 0x42, 0xFF, 0x08, 0x3A, 0xFF, 0x08, 0x3A, 0xFF, 0x08, 0x3A, 0xFF, 0x08, 0x42,
  0xFF, 0x08, 0x3A, 0xFF, 0x08, 0x3A, 0xFF, 0x08, 0x3A, 0xFF, 0x08, 0x3A, 0xFF, 0x08, 0x3A, 0xFF,
  0x08, 0x3A, 0xFF, 0x08, 0x3A, 0xFF, 0x08, 0x3A, 0xFF, 0x08, 0x3A, 0xFF, 0x08, 0x3A, 0xFF, 0x08,
  0x3A, 0xFF, 0x08, 0x3A, 0xFF, 0x08, 0x3A, 0xFF, 0x08, 0x3A, 0xFF, 0x08, 0x3A, 0xFF, 0x08, 0x3A,
  0xFF, 0x08, 0x3A, 0xFF, 0x08, 0x3A, 0xFF, 0x08, 0x3A, 0xFF, 0x08, 0x3A, 0xFF, 0x08, 0x3A, 0xFF,
  0x08, 0x3A, 0xFF, 0x08, 0x3A, 0xFF, 0x08, 0x3A, 0xFF, 0x08, 0x3A, 0xFF, 0x08, 0x3A, 0xFF, 0x08,
  0x3A, 0xFF, 0x08, 0x3A, 0xFF, 0xE8, 0x39, 0xFF, 0xE8, 0x39, 0xFF, 0xE8, 0x39, 0xFF, 0xE8, 0x39,
  0xFF, 0xE8, 0x39, 0xFF, 0x08, 0x3A, 0xFF, 0x08, 0x3A, 0xFF, 0x08, 0x3A, 0xFF, 0x08, 0x3A, 0xFF,
  0x08, 0x3A, 0xFF, 0x08, 0x3A, 0xFF, 0x08, 0x3A, 0xFF, 0x08, 0x3A, 0xFF, 0x08, 0x3A, 0xFF, 0x08,
  0x3A, 0xFF, 0x08, 0x3A, 0xFF, 0x08, 0x3A, 0xFF, 0x29, 0x42, 0xFF, 0x25, 0x21, 0xFF, 0xC3, 0x10,
  0xFF, 0xE3, 0x18, 0xFF, 0x00, 0x00, 0xFF, 0xC7, 0x39, 0xFF, 0xD7, 0xB5, 0xFF, 0x51, 0x84, 0xFF,
  0xF4, 0x9C, 0xFF, 0xB7, 0xB5, 0xFF, 0x65, 0x29, 0xFF, 0x62, 0x08, 0xFF, 0x45, 0x21, 0xFF, 0x25,
  0x21, 0xFF, 0x04, 0x19, 0xFF, 0x65, 0x29, 0xFF, 0x49, 0x4A, 0xFF, 0x29, 0x42, 0xFF, 0x08, 0x3A,
  0xFF, 0x08, 0x3A, 0xFF, 0x08, 0x3A, 0xFF, 0x08, 0x3A, 0xFF, 0x08, 0x3A, 0xFF, 0x08, 0x3A, 0xFF,
  0x08, 0x3A, 0xFF, 0x08, 0x3A, 0xFF, 0x08, 0x3A, 0xFF, 0x08, 0x3A, 0xFF, 0x08, 0x3A, 0xFF, 0x08,
  0x3A, 0xFF, 0x08, 0x3A, 0xFF, 0x08, 0x3A, 0xFF, 0x08, 0x3A, 0xFF, 0x08, 0x3A, 0xFF, 0x08, 0x3A,
  0xFF, 0x08, 0x3A, 0xFF, 0x08, 0x3A, 0xFF, 0x08, 0x3A, 0xFF, 0x08, 0x3A, 0xFF, 0x08, 0x3A, 0xFF,
  0x08, 0x3A, 0xFF, 0x08, 0x3A, 0xFF, 0x08, 0x3A, 0xFF, 0x08, 0x3A, 0xFF, 0x08, 0x3A, 0xFF, 0x08,
  0x3A, 0xFF, 0x08, 0x3A, 0xFF, 0x08, 0x3A, 0xFF, 0x08, 0x3A, 0xFF, 0x08, 0x3A, 0xFF, 0x08, 0x3A,
  0xFF, 0x08, 0x3A, 0xFF, 0x08, 0x3A, 0xFF, 0x08, 0x3A, 0xFF, 0x08, 0x3A, 0xFF, 0x08, 0x3A, 0xFF,
  0x08, 0x3A, 0xFF, 0x08, 0x3A, 0xFF, 0x08, 0x3A, 0xFF, 0x08, 0x3A, 0xFF, 0xE8, 0x39, 0xFF, 0xE8,
  0x39, 0xFF, 0xE8, 0x39, 0xFF, 0xE8, 0x39, 0xFF, 0xE8, 0x39, 0xFF, 0xE8, 0x39, 0xFF, 0xE8, 0x39,
  0xFF, 0xE8, 0x39, 0xFF, 0x24, 0x21, 0xFF, 0xE3, 0x18, 0xFF, 0x04, 0x19, 0xFF, 0x04, 0x19, 0xFF,
  0x00, 0x00, 0xFF, 0x08, 0x42, 0xFF, 0xB7, 0xB5, 0xFF, 0x35, 0xA5, 0xFF, 0x14, 0x9D, 0xFF, 0xF4,
  0x9C, 0xFF, 0x76, 0xAD, 0xFF, 0xCF, 0x7B, 0xFF, 0x51, 0x84, 0xFF, 0x76, 0xAD, 0xFF, 0xF4, 0x9C,
  0xFF, 0xD8, 0xB5, 0xFF, 0x65, 0x29, 0xFF, 0x08, 0x3A, 0x76, 0x55, 0xA5, 0x00, 0x92, 0x8C, 0x00,
  0x92, 0x8C, 0x00, 0x92, 0x8C, 0x00, 0x92, 0x8C, 0x00, 0x92, 0x8C, 0x00, 0x92, 0x8C, 0x00, 0x92,
  0x8C, 0x00, 0x92, 0x8C, 0x00, 0x92, 0x8C, 0x00, 0x51, 0x84, 0x00, 0x51, 0x84, 0x00, 0x51, 0x84,
  0x00, 0x51, 0x84, 0x00, 0x51, 0x84, 0x00, 0x51, 0x8C, 0x00, 0x30, 0x84, 0x00, 0x8E, 0x6B, 0x00,
  0xB2, 0x94, 0x00, 0xAE, 0x73, 0x00, 0xAB, 0x52, 0x00, 0xCF, 0x73, 0x00, 0x45, 0x21, 0x00, 0x4D,
  0x6B, 0x00, 0x10, 0x7C, 0x00, 0x8E, 0x6B, 0x00, 0x08, 0x42, 0x00, 0x2D, 0x63, 0x00, 0x08, 0x42,
  0x00, 0xCF, 0x73, 0x00, 0x29, 0x42, 0x00, 0xCB, 0x5A, 0x00, 0xAF, 0x73, 0x00, 0xEC, 0x5A, 0x00,
  0x28, 0x42, 0x00, 0x51, 0x84, 0x00, 0xCB, 0x5A, 0x00, 0x71, 0x8C, 0x00, 0x8E, 0x6B, 0x00, 0xEB,
  0x5A, 0x00, 0xA7, 0x31, 0x00, 0x49, 0x4A, 0x00, 0xC7, 0x39, 0x00, 0x8A, 0x52, 0x00, 0xCB, 0x5A,
  0x00, 0x29, 0x42, 0x00, 0x86, 0x31, 0x00, 0x65, 0x29, 0x00, 0xE3, 0x18, 0x00, 0xB3, 0x94, 0x00,
  0xF8, 0xBD, 0x00, 0x08, 0x3A, 0x00, 0x28, 0x42, 0x00, 0x30, 0x84, 0x00, 0xEF, 0x7B, 0x00, 0x65,
  0x29, 0x00, 0xCB, 0x5A, 0x00, 0xCF, 0x7B, 0x00, 0x51, 0x84, 0x00, 0xAA, 0x52, 0x00, 0x6D, 0x6B,
  0x00, 0x6D, 0x6B, 0x00, 0x24, 0x21, 0x00, 0x8E, 0x73, 0x00, 0xD3, 0x9C, 0x00, 0x28, 0x42, 0x00,
  0x69, 0x4A, 0x03, 0x24, 0x21, 0x9A, 0x61, 0x08, 0xFF, 0x76, 0x9D, 0xFF, 0xDC, 0xCE, 0xFF, 0xD3,
  0x8C, 0xFF, 0xD3, 0x8C, 0xFF, 0x35, 0x95, 0xFF, 0x31, 0x74, 0xFF, 0x6E, 0x5B, 0xFF, 0x2D, 0x53,
  0xFF, 0x82, 0x08, 0xFF, 0xAB, 0x52, 0xFF, 0x76, 0xAD, 0xFF, 0xAE, 0x73, 0xFF, 0x76, 0xAD, 0xFF,
  0x19, 0xBE, 0xFF, 0x86, 0x31, 0xFF, 0x00, 0x00, 0xFF, 0x69, 0x42, 0xFF, 0xAF, 0x63, 0xFF, 0x2D,
  0x53, 0xFF, 0xB3, 0x84, 0xFF, 0x72, 0x7C, 0xFF, 0x0C, 0x53, 0xFF, 0x4D, 0x5B, 0xFF, 0x6E, 0x63,
  0xFF, 0x8A, 0x42, 0xFF, 0x0C, 0x53, 0xFF, 0x18, 0xBE, 0xFF, 0x1C, 0xD7, 0xFF, 0x59, 0xBE, 0xFF,
  0x59, 0xBE, 0xFF, 0x59, 0xBE, 0xFF, 0x59, 0xBE, 0xFF, 0x59, 0xBE, 0xFF, 0x59, 0xBE, 0xFF, 0x59,
  0xBE, 0xFF, 0x59, 0xBE, 0xFF, 0x59, 0xBE, 0xFF, 0x59, 0xBE, 0xFF, 0x59, 0xBE, 0xFF, 0x59, 0xBE,
  0xFF, 0x59, 0xBE, 0xFF, 0x59, 0xBE, 0xFF, 0x59, 0xBE, 0xFF, 0x59, 0xBE, 0xFF, 0x59, 0xBE, 0xFF,
  0x59, 0xBE, 0xFF, 0x59, 0xBE, 0xFF, 0x59, 0xBE, 0xFF, 0x59, 0xBE, 0xFF, 0x59, 0xBE, 0xFF, 0x59,
  0xBE, 0xFF, 0x7A, 0xC6, 0xFF, 0xDB, 0xCE, 0xFF, 0x25, 0x21, 0xFF, 0xE8, 0x39, 0xFF, 0xD8, 0xB5,
  0xFF, 0x55, 0xA5, 0xFF, 0x92, 0x8C, 0xFF, 0x72, 0x8C, 0xFF, 0x55, 0xA5, 0xFF, 0x35, 0xA5, 0xFF,
  0x10, 0x84, 0xFF, 0x51, 0x84, 0xFF, 0xF8, 0xBD, 0xFF, 0x0C, 0x5B, 0xFF, 0x00, 0x00, 0xFF, 0xE3,
  0x18, 0xFF, 0xE4, 0x18, 0xFF, 0xE4, 0x18, 0xFF, 0xC3, 0x10, 0xFF, 0xA6, 0x31, 0xFF, 0x29, 0x42,
  0xFF, 0x08, 0x3A, 0xFF, 0x08, 0x3A, 0xFF, 0x08, 0x3A, 0xFF, 0x08, 0x3A, 0xFF, 0x08, 0x3A, 0xFF,
  0x08, 0x3A, 0xFF, 0x08, 0x3A, 0xFF, 0x08, 0x3A, 0xFF, 0x08, 0x3A, 0xFF, 0x08, 0x3A, 0xFF, 0x08,
  0x3A, 0xFF, 0x08, 0x3A, 0xFF, 0x08, 0x3A, 0xFF, 0x08, 0x3A, 0xFF, 0x08, 0x3A, 0xFF, 0x08, 0x3A,
  0xFF, 0x08, 0x3A, 0xFF, 0x08, 0x3A, 0xFF, 0x08, 0x3A, 0xFF, 0x08, 0x3A, 0xFF, 0x08, 0x3A, 0xFF,
  0x08, 0x3A, 0xFF, 0x08, 0x3A, 0xFF, 0x08, 0x3A, 0xFF, 0x08, 0x3A, 0xFF, 0x08, 0x3A, 0xFF, 0x08,
  0x3A, 0xFF, 0x08, 0x3A, 0xFF, 0x08, 0x3A, 0xFF, 0xE8, 0x39, 0xFF, 0x08, 0x3A, 0xFF, 0xE8, 0x39,
  0xFF, 0xE8, 0x39, 0xFF, 0xE8, 0x39, 0xFF, 0xE8, 0x39, 0xFF, 0xE8, 0x39, 0xFF, 0xE8, 0x39, 0xFF,
  0xE8, 0x39, 0xFF, 0x08, 0x3A, 0xFF, 0x08, 0x3A, 0xFF, 0x08, 0x3A, 0xFF, 0xE8, 0x39, 0xFF, 0x08,
  0x3A, 0xFF, 0x08, 0x3A, 0xFF, 0x08, 0x3A, 0xFF, 0x08, 0x3A, 0xFF, 0xE8, 0x39, 0xFF, 0x08, 0x3A,
  0xFF, 0x08, 0x3A, 0xFF, 0x28, 0x42, 0xFF, 0x04, 0x21, 0xFF, 0xA3, 0x10, 0xFF, 0xE3, 0x18, 0xFF,
  0x20, 0x00, 0xFF, 0xA7, 0x31, 0xFF, 0xB7, 0xB5, 0xFF, 0x51, 0x84, 0xFF, 0xF4, 0x9C, 0xFF, 0xD7,
  0xB5, 0xFF, 0x65, 0x29, 0xFF, 0x61, 0x08, 0xFF, 0x24, 0x21, 0xFF, 0x04, 0x21, 0xFF, 0xE4, 0x18,
  0xFF, 0x04, 0x21, 0xFF, 0xC7, 0x31, 0xFF, 0x29, 0x42, 0xFF, 0x29, 0x42, 0xFF, 0x08, 0x3A, 0xFF,
  0x08, 0x3A, 0xFF, 0x08, 0x3A, 0xFF, 0x08, 0x3A, 0xFF, 0x08, 0x3A, 0xFF, 0x08, 0x3A, 0xFF, 0x08,
  0x3A, 0xFF, 0x08, 0x3A, 0xFF, 0x08, 0x3A, 0xFF, 0x08, 0x3A, 0xFF, 0x08, 0x3A, 0xFF, 0x08, 0x3A,
  0xFF, 0x08, 0x3A, 0xFF, 0x08, 0x3A, 0xFF, 0x08, 0x3A, 0xFF, 0x08, 0x3A, 0xFF, 0x08, 0x3A, 0xFF,
  0x08, 0x3A, 0xFF, 0x08, 0x3A, 0xFF, 0x08, 0x3A, 0xFF, 0x08, 0x3A, 0xFF, 0x08, 0x3A, 0xFF, 0x08,
  0x3A, 0xFF, 0x08, 0x3A, 0xFF, 0x08, 0x3A, 0xFF, 0x08, 0x3A, 0xFF, 0xE8, 0x39, 0xFF, 0x08, 0x3A,
  0xFF, 0x08, 0x3A, 0xFF, 0x08, 0x3A, 0xFF, 0x08, 0x3A, 0xFF, 0x08, 0x3A, 0xFF, 0x08, 0x3A, 0xFF,
  0xE8, 0x39, 0xFF, 0x08, 0x3A, 0xFF, 0x08, 0x3A, 0xFF, 0x08, 0x3A, 0xFF, 0x08, 0x3A, 0xFF, 0xE8,
  0x39, 0xFF, 0xE8, 0x39, 0xFF, 0xE8, 0x39, 0xFF, 0xE8, 0x39, 0xFF, 0xE8, 0x39, 0xFF, 0xE8, 0x39,
  0xFF, 0xE8, 0x39, 0xFF, 0xE8, 0x39, 0xFF, 0xE8, 0x39, 0xFF, 0xE8, 0x39, 0xFF, 0x08, 0x3A, 0xFF,
  0x45, 0x21, 0xFF, 0xC3, 0x18, 0xFF, 0x04, 0x19, 0xFF, 0x04, 0x21, 0xFF, 0x21, 0x00, 0xFF, 0xE3,
  0x18, 0xFF, 0x76, 0xAD, 0xFF, 0x76, 0xAD, 0xFF, 0x14, 0x9D, 0xFF, 0x14, 0x9D, 0xFF, 0x55, 0xA5,
  0xFF, 0x31, 0x84, 0xFF, 0xF0, 0x7B, 0xFF, 0x76, 0xA5, 0xFF, 0xF4, 0x9C, 0xFF, 0xD7, 0xB5, 0xFF,
  0x2C, 0x63, 0xFF, 0x45, 0x29, 0xB3, 0x31, 0x84, 0x00, 0xCF, 0x7B, 0x00, 0xCF, 0x73, 0x00, 0xCF,
  0x73, 0x00, 0xCF, 0x73, 0x00, 0xCF, 0x73, 0x00, 0xCF, 0x73, 0x00, 0xCF, 0x73, 0x00, 0xCF, 0x73,
  0x00, 0xCF, 0x73, 0x00, 0x51, 0x84, 0x00, 0x51, 0x84, 0x00, 0x51, 0x84, 0x00, 0x51, 0x84, 0x00,
  0x51, 0x84, 0x00, 0x51, 0x8C, 0x00, 0x30, 0x84, 0x00, 0x8E, 0x6B, 0x00, 0xB2, 0x94, 0x00, 0xAE,
  0x73, 0x00, 0xAB, 0x52, 0x00, 0xCF, 0x73, 0x00, 0x45, 0x21, 0x00, 0x4D, 0x6B, 0x00, 0x10, 0x7C,
  0x00, 0x8E, 0x6B, 0x00, 0x08, 0x42, 0x00, 0x2D, 0x63, 0x00, 0x08, 0x42, 0x00, 0xCF, 0x73, 0x00,
  0x29, 0x42, 0x00, 0xCB, 0x5A, 0x00, 0xAF, 0x73, 0x00, 0xEC, 0x5A, 0x00, 0x28, 0x42, 0x00, 0x51,
  0x84, 0x00, 0xCB, 0x5A, 0x00, 0x71, 0x8C, 0x00, 0x8E, 0x6B, 0x00, 0xEB, 0x5A, 0x00, 0xA7, 0x31,
  0x00, 0x49, 0x4A, 0x00, 0xC7, 0x39, 0x00, 0x8A, 0x52, 0x00, 0xCB, 0x5A, 0x00, 0x29, 0x42, 0x00,
  0x86, 0x31, 0x00, 0x65, 0x29, 0x00, 0xE3, 0x18, 0x00, 0xB3, 0x94, 0x00, 0xF8, 0xBD, 0x00, 0x08,
  0x3A, 0x00, 0x28, 0x42, 0x00, 0x30, 0x84, 0x00, 0xEF, 0x7B, 0x00, 0x65, 0x29, 0x00, 0xCB, 0x5A,
  0x00, 0xCF, 0x7B, 0x00, 0x51, 0x84, 0x00, 0xAA, 0x52, 0x00, 0x6D, 0x6B, 0x00, 0x6D, 0x6B, 0x00,
  0x24, 0x21, 0x00, 0x6E, 0x6B, 0x00, 0x34, 0xA5, 0x00, 0x49, 0x4A, 0x24, 0x00, 0x00, 0xC7, 0x86,
  0x29, 0xFF, 0x7A, 0xBE, 0xFF, 0x5D, 0xD7, 0xFF, 0x76, 0x9D, 0xFF, 0x93, 0x84, 0xFF, 0xF4, 0x94,
  0xFF, 0xF0, 0x6B, 0xFF, 0x4E, 0x5B, 0xFF, 0x8B, 0x42, 0xFF, 0x61, 0x08, 0xFF, 0x6E, 0x6B, 0xFF,
  0xB7, 0xB5, 0xFF, 0xAE, 0x73, 0xFF, 0x97, 0xAD, 0xFF, 0xB7, 0xB5, 0xFF, 0x24, 0x21, 0xFF, 0x00,
  0x00, 0xFF, 0x8A, 0x4A, 0xFF, 0xAF, 0x63, 0xFF, 0x6E, 0x63, 0xFF, 0xF4, 0x8C, 0xFF, 0x31, 0x74,
  0xFF, 0xEC, 0x52, 0xFF, 0x2D, 0x5B, 0xFF, 0x4D, 0x5B, 0xFF, 0x8A, 0x42, 0xFF, 0xCF, 0x6B, 0xFF,
  0x9A, 0xC6, 0xFF, 0xFC, 0xD6, 0xFF, 0x59, 0xBE, 0xFF, 0x59, 0xBE, 0xFF, 0x59, 0xBE, 0xFF, 0x59,
  0xBE, 0xFF, 0x59, 0xBE, 0xFF, 0x59, 0xBE, 0xFF, 0x59, 0xBE, 0xFF, 0x59, 0xBE, 0xFF, 0x59, 0xBE,
  0xFF, 0x59, 0xBE, 0xFF, 0x59, 0xBE, 0xFF, 0x59, 0xBE, 0xFF, 0x59, 0xBE, 0xFF, 0x59, 0xBE, 0xFF,
  0x59, 0xBE, 0xFF, 0x59, 0xBE, 0xFF, 0x59, 0xBE, 0xFF, 0x59, 0xBE, 0xFF, 0x59, 0xBE, 0xFF, 0x59,
  0xBE, 0xFF, 0x59, 0xBE, 0xFF, 0x59, 0xBE, 0xFF, 0x59, 0xBE, 0xFF, 0x59, 0xBE, 0xFF, 0x9A, 0xC6,
  0xFF, 0x9B, 0xC6, 0xFF, 0xC3, 0x10, 0xFF, 0x08, 0x42, 0xFF, 0xD8, 0xB5, 0xFF, 0x55, 0xA5, 0xFF,
  0x71, 0x8C, 0xFF, 0x51, 0x8C, 0xFF, 0x56, 0xA5, 0xFF, 0x35, 0xA5, 0xFF, 0x31, 0x84, 0xFF, 0x51,
  0x84, 0xFF, 0xF8, 0xBD, 0xFF, 0x0C, 0x5B, 0xFF, 0x00, 0x00, 0xFF, 0xE3, 0x18, 0xFF, 0xE4, 0x18,
  0xFF, 0xE4, 0x18, 0xFF, 0xC3, 0x18, 0xFF, 0xA6, 0x31, 0xFF, 0x29, 0x42, 0xFF, 0xE8, 0x39, 0xFF,
  0x08, 0x3A, 0xFF, 0x08, 0x3A, 0xFF, 0x08, 0x3A, 0xFF, 0x08, 0x3A, 0xFF, 0x08, 0x3A, 0xFF, 0x08,
  0x3A, 0xFF, 0x08, 0x3A, 0xFF, 0x08, 0x3A, 0xFF, 0x08, 0x3A, 0xFF, 0x08, 0x3A, 0xFF, 0x08, 0x3A,
  0xFF, 0x08, 0x3A, 0xFF, 0x08, 0x3A, 0xFF, 0x08, 0x3A, 0xFF, 0x08, 0x3A, 0xFF, 0x08, 0x3A, 0xFF,
  0x08, 0x3A, 0xFF, 0x08, 0x3A, 0xFF, 0x08, 0x3A, 0xFF, 0xE8, 0x39, 0xFF, 0xE8, 0x39, 0xFF, 0x08,
  0x3A, 0xFF, 0x08, 0x3A, 0xFF, 0x08, 0x3A, 0xFF, 0x08, 0x3A, 0xFF, 0x08, 0x3A, 0xFF, 0xE8, 0x39,
  0xFF, 0xE8, 0x39, 0xFF, 0xE8, 0x39, 0xFF, 0xE8, 0x39, 0xFF, 0xE8, 0x39, 0xFF, 0xE8, 0x39, 0xFF,
  0xE8, 0x39, 0xFF, 0xE8, 0x39, 0xFF, 0xE8, 0x39, 0xFF, 0xE8, 0x39, 0xFF, 0xE8, 0x39, 0xFF, 0xE8,
  0x39, 0xFF, 0xE8, 0x39, 0xFF, 0xE8, 0x39, 0xFF, 0xE8, 0x39, 0xFF, 0xE8, 0x39, 0xFF, 0x08, 0x3A,
  0xFF, 0x08, 0x3A, 0xFF, 0xE8, 0x39, 0xFF, 0xE8, 0x39, 0xFF, 0xE8, 0x39, 0xFF, 0x08, 0x3A, 0xFF,
  0x08, 0x42, 0xFF, 0x04, 0x19, 0xFF, 0xC3, 0x10, 0xFF, 0xE4, 0x18, 0xFF, 0x20, 0x00, 0xFF, 0x86,
  0x31, 0xFF, 0xD7, 0xB5, 0xFF, 0x31, 0x84, 0xFF, 0xD4, 0x94, 0xFF, 0xD8, 0xB5, 0xFF, 0x86, 0x31,
  0xFF, 0x20, 0x00, 0xFF, 0xC3, 0x10, 0xFF, 0xC3, 0x10, 0xFF, 0xC3, 0x10, 0xFF, 0xC3, 0x10, 0xFF,
  0x82, 0x10, 0xFF, 0xE4, 0x18, 0xFF, 0x08, 0x3A, 0xFF, 0x29, 0x42, 0xFF, 0x08, 0x3A, 0xFF, 0x08,
  0x3A, 0xFF, 0x08, 0x3A, 0xFF, 0x08, 0x3A, 0xFF, 0x08, 0x3A, 0xFF, 0x08, 0x3A, 0xFF, 0x08, 0x3A,
  0xFF, 0x08, 0x3A, 0xFF, 0x08, 0x3A, 0xFF, 0x08, 0x3A, 0xFF, 0x08, 0x3A, 0xFF, 0x08, 0x3A, 0xFF,
  0x08, 0x3A, 0xFF, 0x08, 0x3A, 0xFF, 0x08, 0x3A, 0xFF, 0x08, 0x3A, 0xFF, 0x08, 0x3A, 0xFF, 0x08,
  0x3A, 0xFF, 0x08, 0x3A, 0xFF, 0x08, 0x3A, 0xFF, 0x08, 0x3A, 0xFF, 0x08, 0x3A, 0xFF, 0x08, 0x3A,
  0xFF, 0x08, 0x3A, 0xFF, 0xE8, 0x39, 0xFF, 0xE8, 0x39, 0xFF, 0xE8, 0x39, 0xFF, 0xE8, 0x39, 0xFF,
  0x08, 0x3A, 0xFF, 0xE8, 0x39, 0xFF, 0xE8, 0x39, 0xFF, 0xE8, 0x39, 0xFF, 0xE8, 0x39, 0xFF, 0xE8,
  0x39, 0xFF, 0xE8, 0x39, 0xFF, 0xE8, 0x39, 0xFF, 0xE8, 0x39, 0xFF, 0xE8, 0x39, 0xFF, 0xE8, 0x39,
  0xFF, 0xE8, 0x39, 0xFF, 0xE8, 0x39, 0xFF, 0xE8, 0x39, 0xFF, 0xE8, 0x39, 0xFF, 0xE8, 0x39, 0xFF,
  0xE8, 0x39, 0xFF, 0xE8, 0x39, 0xFF, 0xE7, 0x39, 0xFF, 0x08, 0x3A, 0xFF, 0x66, 0x29, 0xFF, 0xC3,
  0x18, 0xFF, 0x04, 0x19, 0xFF, 0x04, 0x21, 0xFF, 0x82, 0x08, 0xFF, 0x40, 0x00, 0xFF, 0x92, 0x8C,
  0xFF, 0x97, 0xAD, 0xFF, 0x14, 0x9D, 0xFF, 0x14, 0x9D, 0xFF, 0x35, 0xA5, 0xFF, 0xF4, 0x9C, 0xFF,
  0x8E, 0x73, 0xFF, 0x15, 0x9D, 0xFF, 0x35, 0xA5, 0xFF, 0x96, 0xAD, 0xFF, 0xB3, 0x94, 0xFF, 0x61,
  0x08, 0xF4, 0xEF, 0x7B, 0x23, 0x14, 0x9D, 0x00, 0xB2, 0x94, 0x00, 0xB2, 0x94, 0x00, 0xB2, 0x94,
  0x00, 0xB2, 0x94, 0x00, 0xB2, 0x94, 0x00, 0xB2, 0x94, 0x00, 0xB2, 0x94, 0x00, 0xB2, 0x94, 0x00,
  0x51, 0x84, 0x00, 0x51, 0x84, 0x00, 0x51, 0x84, 0x00, 0x51, 0x84, 0x00, 0x51, 0x84, 0x00, 0x51,
  0x8C, 0x00, 0x30, 0x84, 0x00, 0x8E, 0x6B, 0x00, 0xB2, 0x94, 0x00, 0xAE, 0x73, 0x00, 0xAB, 0x52,
  0x00, 0xCF, 0x73, 0x00, 0x45, 0x21, 0x00, 0x4D, 0x6B, 0x00, 0x10, 0x7C, 0x00, 0x8E, 0x6B, 0x00,
  0x08, 0x42, 0x00, 0x2D, 0x63, 0x00, 0x08, 0x42, 0x00, 0xCF, 0x73, 0x00, 0x29, 0x42, 0x00, 0xCB,
  0x5A, 0x00, 0xAF, 0x73, 0x00, 0xEC, 0x5A, 0x00, 0x28, 0x42, 0x00, 0x51, 0x84, 0x00, 0xCB, 0x5A,
  0x00, 0x71, 0x8C, 0x00, 0x8E, 0x6B, 0x00, 0xEB, 0x5A, 0x00, 0xA7, 0x31, 0x00, 0x49, 0x4A, 0x00,
  0xC7, 0x39, 0x00, 0x8A, 0x52, 0x00, 0xCB, 0x5A, 0x00, 0x29, 0x42, 0x00, 0x86, 0x31, 0x00, 0x65,
  0x29, 0x00, 0xE3, 0x18, 0x00, 0xB3, 0x94, 0x00, 0xF8, 0xBD, 0x00, 0x08, 0x3A, 0x00, 0x28, 0x42,
  0x00, 0x30, 0x84, 0x00, 0xEF, 0x7B, 0x00, 0x65, 0x29, 0x00, 0xCB, 0x5A, 0x00, 0xCF, 0x7B, 0x00,
  0x51, 0x84, 0x00, 0xAA, 0x52, 0x00, 0x6D, 0x6B, 0x00, 0x6D, 0x6B, 0x00, 0x24, 0x21, 0x00, 0x30,
  0x84, 0x00, 0x0B, 0x63, 0x53, 0x00, 0x00, 0xF2, 0xCC, 0x52, 0xFF, 0x5E, 0xDF, 0xFF, 0xBB, 0xC6,
  0xFF, 0x96, 0xA5, 0xFF, 0xB7, 0xA5, 0xFF, 0xD3, 0x8C, 0xFF, 0x6E, 0x5B, 0xFF, 0x4E, 0x5B, 0xFF,
  0xE8, 0x31, 0xFF, 0x61, 0x08, 0xFF, 0x31, 0x84, 0xFF, 0x14, 0xA5, 0xFF, 0xF0, 0x7B, 0xFF, 0x5A,
  0xC6, 0xFF, 0xF4, 0x9C, 0xFF, 0x41, 0x08, 0xFF, 0x41, 0x08, 0xFF, 0x2C, 0x5B, 0xFF, 0x6E, 0x63,
  0xFF, 0xCF, 0x6B, 0xFF, 0x35, 0x95, 0xFF, 0xF0, 0x73, 0xFF, 0xEC, 0x52, 0xFF, 0x6E, 0x63, 0xFF,
  0x2D, 0x5B, 0xFF, 0x6A, 0x42, 0xFF, 0x51, 0x7C, 0xFF, 0x1C, 0xD7, 0xFF, 0xDB, 0xCE, 0xFF, 0x59,
  0xBE, 0xFF, 0x59, 0xBE, 0xFF, 0x59, 0xBE, 0xFF, 0x59, 0xBE, 0xFF, 0x59, 0xBE, 0xFF, 0x59, 0xBE,
  0xFF, 0x59, 0xBE, 0xFF, 0x59, 0xBE, 0xFF, 0x59, 0xBE, 0xFF, 0x59, 0xBE, 0xFF, 0x59, 0xBE, 0xFF,
  0x59, 0xBE, 0xFF, 0x59, 0xBE, 0xFF, 0x59, 0xBE, 0xFF, 0x59, 0xBE, 0xFF, 0x59, 0xBE, 0xFF, 0x59,
  0xBE, 0xFF, 0x59, 0xBE, 0xFF, 0x59, 0xBE, 0xFF, 0x59, 0xBE, 0xFF, 0x59, 0xBE, 0xFF, 0x59, 0xBE,
  0xFF, 0x59, 0xBE, 0xFF, 0x59, 0xBE, 0xFF, 0x59, 0xBE, 0xFF, 0x9A, 0xC6, 0xFF, 0x7A, 0xBE, 0xFF,
  0x82, 0x08, 0xFF, 0x08, 0x42, 0xFF, 0xD8, 0xB5, 0xFF, 0x56, 0xA5, 0xFF, 0x51, 0x84, 0xFF, 0x51,
  0x84, 0xFF, 0x56, 0xA5, 0xFF, 0x35, 0xA5, 0xFF, 0x31, 0x84, 0xFF, 0x51, 0x84, 0xFF, 0xF8, 0xBD,
  0xFF, 0x0C, 0x5B, 0xFF, 0x00, 0x00, 0xFF, 0xE3, 0x18, 0xFF, 0xE4, 0x18, 0xFF, 0xE4, 0x18, 0xFF,
  0xC3, 0x10, 0xFF, 0x86, 0x31, 0xFF, 0x08, 0x3A, 0xFF, 0xE8, 0x39, 0xFF, 0xE8, 0x39, 0xFF, 0xE8,
  0x39, 0xFF, 0x08, 0x3A, 0xFF, 0x08, 0x3A, 0xFF, 0x08, 0x3A, 0xFF, 0x08, 0x3A, 0xFF, 0x08, 0x3A,
  0xFF, 0x08, 0x3A, 0xFF, 0x08, 0x3A, 0xFF, 0x08, 0x3A, 0xFF, 0x08, 0x3A, 0xFF, 0xE8, 0x39, 0xFF,
  0xE8, 0x39, 0xFF, 0xE8, 0x39, 0xFF, 0xE8, 0x39, 0xFF, 0xE8, 0x39, 0xFF, 0xE8, 0x39, 0xFF, 0xE8,
  0x39, 0xFF, 0xE8, 0x39, 0xFF, 0xE8, 0x39, 0xFF, 0xE8, 0x39, 0xFF, 0xE8, 0x39, 0xFF, 0xE8, 0x39,
  0xFF, 0xE8, 0x39, 0xFF, 0xE8, 0x39, 0xFF, 0xE8, 0x39, 0xFF, 0xE8, 0x39, 0xFF, 0xE8, 0x39, 0xFF,
  0xE8, 0x39, 0xFF, 0xE8, 0x39, 0xFF, 0xE8, 0x39, 0xFF, 0xE8, 0x39, 0xFF, 0xE8, 0x39, 0xFF, 0xE8,
  0x39, 0xFF, 0xE8, 0x39, 0xFF, 0xE8, 0x39, 0xFF, 0xE8, 0x39, 0xFF, 0xE8, 0x39, 0xFF, 0xE8, 0x39,
  0xFF, 0xE8, 0x39, 0xFF, 0xE8, 0x39, 0xFF, 0xE8, 0x39, 0xFF, 0xE8, 0x39, 0xFF, 0xE8, 0x39, 0xFF,
  0xE8, 0x39, 0xFF, 0xE8, 0x39, 0xFF, 0xE8, 0x39, 0xFF, 0x08, 0x3A, 0xFF, 0x08, 0x3A, 0xFF, 0x04,
  0x19, 0xFF, 0xC3, 0x10, 0xFF, 0xE4, 0x18, 0xFF, 0x20, 0x00, 0xFF, 0x86, 0x29, 0xFF, 0xB7, 0xB5,
  0xFF, 0x10, 0x7C, 0xFF, 0xD3, 0x94, 0xFF, 0xD8, 0xB5, 0xFF, 0x86, 0x31, 0xFF, 0x21, 0x00, 0xFF,
  0xC3, 0x18, 0xFF, 0xC3, 0x18, 0xFF, 0xC3, 0x18, 0xFF, 0xC3, 0x18, 0xFF, 0xC3, 0x10, 0xFF, 0x82,
  0x08, 0xFF, 0x66, 0x29, 0xFF, 0x29, 0x42, 0xFF, 0xE8, 0x39, 0xFF, 0xE8, 0x39, 0xFF, 0xE8, 0x39,
  0xFF, 0xE8, 0x39, 0xFF, 0xE8, 0x39, 0xFF, 0xE8, 0x39, 0xFF, 0xE8, 0x39, 0xFF, 0xE8, 0x39, 0xFF,
  0xE8, 0x39, 0xFF, 0xE8, 0x39, 0xFF, 0xE8, 0x39, 0xFF, 0xE8, 0x39, 0xFF, 0xE8, 0x39, 0xFF, 0xE8,
  0x39, 0xFF, 0xE8, 0x39, 0xFF, 0xE8, 0x39, 0xFF, 0xE8, 0x39, 0xFF, 0xE8, 0x39, 0xFF, 0xE8, 0x39,
  0xFF, 0xE8, 0x39, 0xFF, 0xE8, 0x39, 0xFF, 0xE8, 0x39, 0xFF, 0xE8, 0x39, 0xFF, 0xE8, 0x39, 0xFF,
  0xE8, 0x39, 0xFF, 0xE8, 0x39, 0xFF, 0xE8, 0x39, 0xFF, 0xE8, 0x39, 0xFF, 0xE8, 0x39, 0xFF, 0xE8,
  0x39, 0xFF, 0xE8, 0x39, 0xFF, 0xE8, 0x39, 0xFF, 0xE8, 0x39, 0xFF, 0xE8, 0x39, 0xFF, 0xE8, 0x39,
  0xFF, 0xE8, 0x39, 0xFF, 0xE8, 0x39, 0xFF, 0xE8, 0x39, 0xFF, 0xE8, 0x39, 0xFF, 0xE8, 0x39, 0xFF,
  0xE8, 0x39, 0xFF, 0xE8, 0x39, 0xFF, 0xE8, 0x39, 0xFF, 0xC7, 0x39, 0xFF, 0xC7, 0x31, 0xFF, 0xC7,
  0x31, 0xFF, 0xC7, 0x31, 0xFF, 0x08, 0x3A, 0xFF, 0x86, 0x31, 0xFF, 0xC3, 0x18, 0xFF, 0xE4, 0x18,
  0xFF, 0x04, 0x19, 0xFF, 0xC3, 0x18, 0xFF, 0x00, 0x00, 0xFF, 0x6D, 0x6B, 0xFF, 0xD8, 0xB5, 0xFF,
  0x14, 0x9D, 0xFF, 0x14, 0x9D, 0xFF, 0x35, 0xA5, 0xFF, 0x35, 0xA5, 0xFF, 0x8E, 0x73, 0xFF, 0xD3,
  0x94, 0xFF, 0x55, 0xA5, 0xFF, 0x35, 0xA5, 0xFF, 0xB7, 0xB5, 0xFF, 0x66, 0x29, 0xFF, 0x0C, 0x63,
  0x4C, 0xB2, 0x94, 0x00, 0x31, 0x84, 0x00, 0x31, 0x84, 0x00, 0x31, 0x84, 0x00, 0x31, 0x84, 0x00,
  0x31, 0x84, 0x00, 0x31, 0x84, 0x00, 0x31, 0x84, 0x00, 0x31, 0x84, 0x00, 0x51, 0x84, 0x00, 0x51,
  0x84, 0x00, 0x51, 0x84, 0x00, 0x51, 0x84, 0x00, 0x51, 0x84, 0x00, 0x51, 0x8C, 0x00, 0x30, 0x84,
  0x00, 0x8E, 0x6B, 0x00, 0xB2, 0x94, 0x00, 0xAE, 0x73, 0x00, 0xAB, 0x52, 0x00, 0xCF, 0x73, 0x00,
  0x45, 0x21, 0x00, 0x4D, 0x6B, 0x00, 0x10, 0x7C, 0x00, 0x8E, 0x6B, 0x00, 0x08, 0x42, 0x00, 0x2D,
  0x63, 0x00, 0x08, 0x42, 0x00, 0xCF, 0x73, 0x00, 0x29, 0x42, 0x00, 0xCB, 0x5A, 0x00, 0xAF, 0x73,
  0x00, 0xEC, 0x5A, 0x00, 0x28, 0x42, 0x00, 0x51, 0x84, 0x00, 0xCB, 0x5A, 0x00, 0x71, 0x8C, 0x00,
  0x8E, 0x6B, 0x00, 0xEB, 0x5A, 0x00, 0xA7, 0x31, 0x00, 0x49, 0x4A, 0x00, 0xC7, 0x39, 0x00, 0x8A,
  0x52, 0x00, 0xCB, 0x5A, 0x00, 0x29, 0x42, 0x00, 0x86, 0x31, 0x00, 0x65, 0x29, 0x00, 0xE3, 0x18,
  0x00, 0xB3, 0x94, 0x00, 0xF8, 0xBD, 0x00, 0x08, 0x3A, 0x00, 0x28, 0x42, 0x00, 0x30, 0x84, 0x00,
  0xEF, 0x7B, 0x00, 0x65, 0x29, 0x00, 0xCB, 0x5A, 0x00, 0xCF, 0x7B, 0x00, 0x51, 0x84, 0x00, 0xAA,
  0x52, 0x00, 0x6D, 0x6B, 0x00, 0x6E, 0x6B, 0x00, 0x86, 0x31, 0x00, 0xE7, 0x39, 0x82, 0x00, 0x00,
  0xFF, 0x31, 0x7C, 0xFF, 0x9F, 0xE7, 0xFF, 0x7A, 0xBE, 0xFF, 0x76, 0xA5, 0xFF, 0x18, 0xB6, 0xFF,
  0x76, 0x9D, 0xFF, 0x4E, 0x5B, 0xFF, 0x4E, 0x5B, 0xFF, 0xC7, 0x31, 0xFF, 0x82, 0x08, 0xFF, 0xB3,
  0x94, 0xFF, 0xF4, 0x9C, 0xFF, 0xCF, 0x73, 0xFF, 0x5A, 0xC6, 0xFF, 0xB3, 0x94, 0xFF, 0x00, 0x00,
  0xFF, 0xA2, 0x10, 0xFF, 0xCF, 0x6B, 0xFF, 0xF0, 0x73, 0xFF, 0x51, 0x7C, 0xFF, 0x14, 0x95, 0xFF,
  0xCF, 0x6B, 0xFF, 0x0C, 0x53, 0xFF, 0x6E, 0x63, 0xFF, 0x2D, 0x5B, 0xFF, 0x6A, 0x42, 0xFF, 0xB3,
  0x8C, 0xFF, 0x1C, 0xDF, 0xFF, 0xBB, 0xCE, 0xFF, 0x59, 0xBE, 0xFF, 0x59, 0xC6, 0xFF, 0x59, 0xBE,
  0xFF, 0x59, 0xBE, 0xFF, 0x59, 0xBE, 0xFF, 0x59, 0xBE, 0xFF, 0x59, 0xBE, 0xFF, 0x59, 0xBE, 0xFF,
  0x59, 0xBE, 0xFF, 0x59, 0xBE, 0xFF, 0x59, 0xBE, 0xFF, 0x59, 0xBE, 0xFF, 0x59, 0xBE, 0xFF, 0x59,
  0xBE, 0xFF, 0x59, 0xBE, 0xFF, 0x59, 0xBE, 0xFF, 0x59, 0xBE, 0xFF, 0x59, 0xBE, 0xFF, 0x59, 0xBE,
  0xFF, 0x59, 0xBE, 0xFF, 0x59, 0xBE, 0xFF, 0x59, 0xBE, 0xFF, 0x59, 0xBE, 0xFF, 0x59, 0xBE, 0xFF,
  0x59, 0xBE, 0xFF, 0x59, 0xBE, 0xFF, 0x9B, 0xC6, 0xFF, 0x59, 0xBE, 0xFF, 0x41, 0x08, 0xFF, 0x69,
  0x4A, 0xFF, 0xD8, 0xB5, 0xFF, 0x56, 0xA5, 0xFF, 0x31, 0x84, 0xFF, 0x51, 0x8C, 0xFF, 0x55, 0xA5,
  0xFF, 0x35, 0xA5, 0xFF, 0x31, 0x84, 0xFF, 0x51, 0x84, 0xFF, 0xF8, 0xBD, 0xFF, 0x0C, 0x5B, 0xFF,
  0x00, 0x00, 0xFF, 0xE3, 0x18, 0xFF, 0xE4, 0x18, 0xFF, 0xE3, 0x18, 0xFF, 0xC3, 0x10, 0xFF, 0x86,
  0x29, 0xFF, 0x08, 0x3A, 0xFF, 0xE8, 0x39, 0xFF, 0xE8, 0x39, 0xFF, 0xE8, 0x39, 0xFF, 0xE8, 0x39,
  0xFF, 0xE8, 0x39, 0xFF, 0xE8, 0x39, 0xFF, 0xE8, 0x39, 0xFF, 0xE8, 0x39, 0xFF, 0xE8, 0x39, 0xFF,
  0xE8, 0x39, 0xFF, 0xE8, 0x39, 0xFF, 0xE8, 0x39, 0xFF, 0xE8, 0x39, 0xFF, 0xE8, 0x39, 0xFF, 0xE8,
  0x39, 0xFF, 0xE8, 0x39, 0xFF, 0xE8, 0x39, 0xFF, 0xE8, 0x39, 0xFF, 0xE8, 0x39, 0xFF, 0xE8, 0x39,
  0xFF, 0xE8, 0x39, 0xFF, 0xE8, 0x39, 0xFF, 0xE8, 0x39, 0xFF, 0xE8, 0x39, 0xFF, 0xE8, 0x39, 0xFF,
  0xE8, 0x39, 0xFF, 0xE8, 0x39, 0xFF, 0xE8, 0x39, 0xFF, 0xE8, 0x39, 0xFF, 0xE8, 0x39, 0xFF, 0xE8,
  0x39, 0xFF, 0xE8, 0x39, 0xFF, 0xE8, 0x39, 0xFF, 0xE8, 0x39, 0xFF, 0xE8, 0x39, 0xFF, 0xE8, 0x39,
  0xFF, 0xE8, 0x39, 0xFF, 0xE8, 0x39, 0xFF, 0xE8, 0x39, 0xFF, 0xE8, 0x39, 0xFF, 0xE8, 0x39, 0xFF,
  0xE8, 0x39, 0xFF, 0xE8, 0x39, 0xFF, 0xE8, 0x39, 0xFF, 0xE8, 0x39, 0xFF, 0xE8, 0x39, 0xFF, 0xE8,
  0x39, 0xFF, 0xE8, 0x39, 0xFF, 0xE8, 0x39, 0xFF, 0x08, 0x3A, 0xFF, 0xE4, 0x18, 0xFF, 0xA3, 0x10,
  0xFF, 0xE4, 0x18, 0xFF, 0x20, 0x00, 0xFF, 0x65, 0x29, 0xFF, 0xB7, 0xB5, 0xFF, 0x51, 0x84, 0xFF,
  0xF4, 0x9C, 0xFF, 0xD8, 0xB5, 0xFF, 0xC7, 0x39, 0xFF, 0x21, 0x00, 0xFF, 0xC3, 0x18, 0xFF, 0xC3,
  0x18, 0xFF, 0xC3, 0x18, 0xFF, 0xC3, 0x18, 0xFF, 0xE3, 0x18, 0xFF, 0xA3, 0x10, 0xFF, 0x45, 0x21,
  0xFF, 0x29, 0x42, 0xFF, 0xE8, 0x39, 0xFF, 0xE8, 0x39, 0xFF, 0xE8, 0x39, 0xFF, 0xE8, 0x39, 0xFF,
  0xE8, 0x39, 0xFF, 0xE8, 0x39, 0xFF, 0xE8, 0x39, 0xFF, 0xE8, 0x39, 0xFF, 0xE8, 0x39, 0xFF, 0xE8,
  0x39, 0xFF, 0xE8, 0x39, 0xFF, 0xE8, 0x39, 0xFF, 0xE8, 0x39, 0xFF, 0xE8, 0x39, 0xFF, 0xE8, 0x39,
  0xFF, 0xE8, 0x39, 0xFF, 0xE8, 0x39, 0xFF, 0xE8, 0x39, 0xFF, 0xE8, 0x39, 0xFF, 0xE8, 0x39, 0xFF,
  0xE8, 0x39, 0xFF, 0xE8, 0x39, 0xFF, 0xE8, 0x39, 0xFF, 0xE8, 0x39, 0xFF, 0xE8, 0x39, 0xFF, 0xE8,
  0x39, 0xFF, 0xE8, 0x39, 0xFF, 0xE8, 0x39, 0xFF, 0xE8, 0x39, 0xFF, 0xE8, 0x39, 0xFF, 0xE8, 0x39,
  0xFF, 0xE8, 0x39, 0xFF, 0xE8, 0x39, 0xFF, 0xE8, 0x39, 0xFF, 0xE8, 0x39, 0xFF, 0xE8, 0x39, 0xFF,
  0xE8, 0x39, 0xFF, 0xE8, 0x39, 0xFF, 0xE8, 0x39, 0xFF, 0xE8, 0x39, 0xFF, 0xE8, 0x39, 0xFF, 0xE7,
  0x39, 0xFF, 0xC7, 0x39, 0xFF, 0xC7, 0x31, 0xFF, 0xC7, 0x31, 0xFF, 0xC7, 0x31, 0xFF, 0xC7, 0x31,
  0xFF, 0xE8, 0x39, 0xFF, 0xA7, 0x31, 0xFF, 0xE3, 0x18, 0xFF, 0xE3, 0x18, 0xFF, 0xE4, 0x18, 0xFF,
  0xE4, 0x18, 0xFF, 0x00, 0x00, 0xFF, 0x29, 0x42, 0xFF, 0xD7, 0xB5, 0xFF, 0x14, 0x9D, 0xFF, 0x14,
  0x9D, 0xFF, 0x14, 0x9D, 0xFF, 0x55, 0xA5, 0xFF, 0x10, 0x84, 0xFF, 0x51, 0x8C, 0xFF, 0x55, 0xA5,
  0xFF, 0xF4, 0x9C, 0xFF, 0xF8, 0xBD, 0xFF, 0xCB, 0x52, 0xFF, 0xA6, 0x31, 0x8C, 0xEF, 0x7B, 0x00,
  0xAE, 0x73, 0x00, 0xAE, 0x73, 0x00, 0xAE, 0x73, 0x00, 0xAE, 0x73, 0x00, 0xAE, 0x73, 0x00, 0xAE,
  0x73, 0x00, 0xAE, 0x73, 0x00, 0xAE, 0x73, 0x00, 0x51, 0x84, 0x00, 0x51, 0x84, 0x00, 0x51, 0x84,
  0x00, 0x51, 0x84, 0x00, 0x51, 0x84, 0x00, 0x51, 0x8C, 0x00, 0x30, 0x84, 0x00, 0x8E, 0x6B, 0x00,
  0xB2, 0x94, 0x00, 0xAE, 0x73, 0x00, 0xAB, 0x52, 0x00, 0xCF, 0x73, 0x00, 0x45, 0x21, 0x00, 0x4D,
  0x6B, 0x00, 0x10, 0x7C, 0x00, 0x8E, 0x6B, 0x00, 0x08, 0x42, 0x00, 0x2D, 0x63, 0x00, 0x08, 0x42,
  0x00, 0xCF, 0x73, 0x00, 0x29, 0x42, 0x00, 0xCB, 0x5A, 0x00, 0xAF, 0x73, 0x00, 0xEC, 0x5A, 0x00,
  0x28, 0x42, 0x00, 0x51, 0x84, 0x00, 0xCB, 0x5A, 0x00, 0x71, 0x8C, 0x00, 0x8E, 0x6B, 0x00, 0xEB,
  0x5A, 0x00, 0xA7, 0x31, 0x00, 0x49, 0x4A, 0x00, 0xC7, 0x39, 0x00, 0x8A, 0x52, 0x00, 0xCB, 0x5A,
  0x00, 0x29, 0x42, 0x00, 0x86, 0x31, 0x00, 0x65, 0x29, 0x00, 0xE3, 0x18, 0x00, 0xB3, 0x94, 0x00,
  0xF8, 0xBD, 0x00, 0x08, 0x3A, 0x00, 0x28, 0x42, 0x00, 0x30, 0x84, 0x00, 0xEF, 0x7B, 0x00, 0x65,
  0x29, 0x00, 0xCB, 0x5A, 0x00, 0xCF, 0x7B, 0x00, 0x51, 0x84, 0x00, 0xAA, 0x52, 0x00, 0xAE, 0x73,
  0x00, 0x8E, 0x73, 0x08, 0x00, 0x00, 0xA4, 0x65, 0x21, 0xFF, 0x59, 0xBE, 0xFF, 0xDF, 0xEF, 0xFF,
  0x18, 0xB6, 0xFF, 0xB7, 0xAD, 0xFF, 0x59, 0xBE, 0xFF, 0x96, 0xA5, 0xFF, 0x6E, 0x5B, 0xFF, 0x6E,
  0x5B, 0xFF, 0x45, 0x19, 0xFF, 0xE4, 0x18, 0xFF, 0x35, 0xA5, 0xFF, 0x92, 0x94, 0xFF, 0x31, 0x84,
  0xFF, 0x9B, 0xCE, 0xFF, 0x10, 0x84, 0xFF, 0x00, 0x00, 0xFF, 0x04, 0x19, 0xFF, 0x31, 0x7C, 0xFF,
  0x51, 0x7C, 0xFF, 0x72, 0x84, 0xFF, 0xB3, 0x8C, 0xFF, 0x6E, 0x63, 0xFF, 0x2D, 0x5B, 0xFF, 0x8E,
  0x63, 0xFF, 0xEC, 0x52, 0xFF, 0xAB, 0x4A, 0xFF, 0x55, 0x9D, 0xFF, 0x3D, 0xDF, 0xFF, 0x9A, 0xC6,
  0xFF, 0x59, 0xBE, 0xFF, 0x7A, 0xC6, 0xFF, 0x7A, 0xC6, 0xFF, 0x7A, 0xBE, 0xFF, 0x79, 0xBE, 0xFF,
  0x59, 0xBE, 0xFF, 0x59, 0xBE, 0xFF, 0x59, 0xBE, 0xFF, 0x59, 0xBE, 0xFF, 0x59, 0xBE, 0xFF, 0x59,
  0xBE, 0xFF, 0x59, 0xBE, 0xFF, 0x59, 0xBE, 0xFF, 0x59, 0xBE, 0xFF, 0x59, 0xBE, 0xFF, 0x59, 0xBE,
  0xFF, 0x59, 0xBE, 0xFF, 0x59, 0xBE, 0xFF, 0x59, 0xBE, 0xFF, 0x59, 0xBE, 0xFF, 0x59, 0xBE, 0xFF,
  0x59, 0xBE, 0xFF, 0x59, 0xBE, 0xFF, 0x59, 0xBE, 0xFF, 0x59, 0xBE, 0xFF, 0x59, 0xBE, 0xFF, 0x59,
  0xBE, 0xFF, 0xBB, 0xC6, 0xFF, 0x39, 0xB6, 0xFF, 0x41, 0x08, 0xFF, 0xCB, 0x5A, 0xFF, 0xD7, 0xB5,
  0xFF, 0x55, 0xA5, 0xFF, 0x51, 0x8C, 0xFF, 0x72, 0x8C, 0xFF, 0x35, 0xA5, 0xFF, 0x35, 0xA5, 0xFF,
  0x31, 0x84, 0xFF, 0x51, 0x84, 0xFF, 0xF8, 0xBD, 0xFF, 0x0C, 0x5B, 0xFF, 0x00, 0x00, 0xFF, 0xE3,
  0x18, 0xFF, 0xE4, 0x18, 0xFF, 0xE3, 0x18, 0xFF, 0xC3, 0x10, 0xFF, 0x86, 0x29, 0xFF, 0x08, 0x3A,
  0xFF, 0xE8, 0x39, 0xFF, 0xE8, 0x39, 0xFF, 0xE8, 0x39, 0xFF, 0xE8, 0x39, 0xFF, 0xE8, 0x39, 0xFF,
  0xE8, 0x39, 0xFF, 0xE8, 0x39, 0xFF, 0xE8, 0x39, 0xFF, 0xE8, 0x39, 0xFF, 0xE8, 0x39, 0xFF, 0xE8,
  0x39, 0xFF, 0xE8, 0x39, 0xFF, 0xE8, 0x39, 0xFF, 0xE8, 0x39, 0xFF, 0xE8, 0x39, 0xFF, 0xE8, 0x39,
  0xFF, 0xE8, 0x39, 0xFF, 0xE8, 0x39, 0xFF, 0xE7, 0x39, 0xFF, 0xC7, 0x39, 0xFF, 0xC7, 0x39, 0xFF,
  0xC7, 0x39, 0xFF, 0xE8, 0x39, 0xFF, 0xE8, 0x39, 0xFF, 0xE8, 0x39, 0xFF, 0xE8, 0x39, 0xFF, 0xE8,
  0x39, 0xFF, 0xE7, 0x39, 0xFF, 0xE7, 0x39, 0xFF, 0xC7, 0x39, 0xFF, 0xC7, 0x31, 0xFF, 0xC7, 0x31,
  0xFF, 0xC7, 0x31, 0xFF, 0xC7, 0x31, 0xFF, 0xC7, 0x31, 0xFF, 0xC7, 0x31, 0xFF, 0xC7, 0x31, 0xFF,
  0xC7, 0x31, 0xFF, 0xC7, 0x39, 0xFF, 0xC7, 0x31, 0xFF, 0xC7, 0x31, 0xFF, 0xC7, 0x31, 0xFF, 0xC8,
  0x39, 0xFF, 0xE7, 0x39, 0xFF, 0xE7, 0x39, 0xFF, 0xE7, 0x39, 0xFF, 0xE7, 0x39, 0xFF, 0xC7, 0x31,
  0xFF, 0xE8, 0x39, 0xFF, 0xE8, 0x39, 0xFF, 0xE4, 0x18, 0xFF, 0xA3, 0x10, 0xFF, 0xE4, 0x18, 0xFF,
  0x41, 0x08, 0xFF, 0x65, 0x29, 0xFF, 0x97, 0xAD, 0xFF, 0xD3, 0x94, 0xFF, 0xD3, 0x94, 0xFF, 0xD7,
  0xB5, 0xFF, 0x08, 0x42, 0xFF, 0x41, 0x00, 0xFF, 0xC3, 0x18, 0xFF, 0xC3, 0x18, 0xFF, 0xC3, 0x18,
  0xFF, 0xC3, 0x18, 0xFF, 0xE3, 0x18, 0xFF, 0xA3, 0x10, 0xFF, 0x25, 0x21, 0xFF, 0x08, 0x3A, 0xFF,
  0xE8, 0x39, 0xFF, 0xE8, 0x39, 0xFF, 0xE8, 0x39, 0xFF, 0xE8, 0x39, 0xFF, 0xE8, 0x39, 0xFF, 0xE8,
  0x39, 0xFF, 0xE8, 0x39, 0xFF, 0xE8, 0x39, 0xFF, 0xE7, 0x39, 0xFF, 0xE7, 0x39, 0xFF, 0xC7, 0x39,
  0xFF, 0xE7, 0x39, 0xFF, 0xE7, 0x39, 0xFF, 0xE7, 0x39, 0xFF, 0xE7, 0x39, 0xFF, 0xC7, 0x39, 0xFF,
  0xC7, 0x39, 0xFF, 0xC7, 0x39, 0xFF, 0xE7, 0x39, 0xFF, 0xE7, 0x39, 0xFF, 0xE8, 0x39, 0xFF, 0xE8,
  0x39, 0xFF, 0xE7, 0x39, 0xFF, 0xE7, 0x39, 0xFF, 0xE7, 0x39, 0xFF, 0xE7, 0x39, 0xFF, 0xC8, 0x39,
  0xFF, 0xC7, 0x39, 0xFF, 0xE7, 0x39, 0xFF, 0xE7, 0x39, 0xFF, 0xE7, 0x39, 0xFF, 0xE7, 0x39, 0xFF,
  0xE7, 0x39, 0xFF, 0xE7, 0x39, 0xFF, 0xE7, 0x39, 0xFF, 0xE7, 0x39, 0xFF, 0xE7, 0x39, 0xFF, 0xC7,
  0x39, 0xFF, 0xE8, 0x39, 0xFF, 0xC7, 0x39, 0xFF, 0xC7, 0x31, 0xFF, 0xC7, 0x31, 0xFF, 0xC7, 0x31,
  0xFF, 0xC7, 0x31, 0xFF, 0xC7, 0x31, 0xFF, 0xC7, 0x31, 0xFF, 0xC7, 0x31, 0xFF, 0xC7, 0x39, 0xFF,
  0xC7, 0x31, 0xFF, 0xE4, 0x18, 0xFF, 0xC3, 0x10, 0xFF, 0xE4, 0x18, 0xFF, 0x04, 0x19, 0xFF, 0x20,
  0x00, 0xFF, 0x04, 0x21, 0xFF, 0x35, 0xA5, 0xFF, 0x55, 0xA5, 0xFF, 0x14, 0x9D, 0xFF, 0x14, 0x9D,
  0xFF, 0x56, 0xA5, 0xFF, 0xB3, 0x94, 0xFF, 0xF0, 0x7B, 0xFF, 0x35, 0xA5, 0xFF, 0xF4, 0x9C, 0xFF,
  0xB7, 0xB5, 0xFF, 0x10, 0x7C, 0xFF, 0x04, 0x21, 0xCF, 0x35, 0xA5, 0x00, 0x75, 0xAD, 0x00, 0x55,
  0xAD, 0x00, 0x55, 0xAD, 0x00, 0x55, 0xAD, 0x00, 0x55, 0xAD, 0x00, 0x55, 0xAD, 0x00, 0x55, 0xAD,
  0x00, 0x55, 0xAD, 0x00, 0x51, 0x84, 0x00, 0x51, 0x84, 0x00, 0x51, 0x84, 0x00, 0x51, 0x84, 0x00,
  0x51, 0x84, 0x00, 0x51, 0x8C, 0x00, 0x30, 0x84, 0x00, 0x8E, 0x6B, 0x00, 0xB2, 0x94, 0x00, 0xAE,
  0x73, 0x00, 0xAB, 0x52, 0x00, 0xCF, 0x73, 0x00, 0x45, 0x21, 0x00, 0x4D, 0x6B, 0x00, 0x10, 0x7C,
  0x00, 0x8E, 0x6B, 0x00, 0x08, 0x42, 0x00, 0x2D, 0x63, 0x00, 0x08, 0x42, 0x00, 0xCF, 0x73, 0x00,
  0x29, 0x42, 0x00, 0xCB, 0x5A, 0x00, 0xAF, 0x73, 0x00, 0xEC, 0x5A, 0x00, 0x28, 0x42, 0x00, 0x51,
  0x84, 0x00, 0xCB, 0x5A, 0x00, 0x71, 0x8C, 0x00, 0x8E, 0x6B, 0x00, 0xEB, 0x5A, 0x00, 0xA7, 0x31,
  0x00, 0x49, 0x4A, 0x00, 0xC7, 0x39, 0x00, 0x8A, 0x52, 0x00, 0xCB, 0x5A, 0x00, 0x29, 0x42, 0x00,
  0x86, 0x31, 0x00, 0x65, 0x29, 0x00, 0xE3, 0x18, 0x00, 0xB3, 0x94, 0x00, 0xF8, 0xBD, 0x00, 0x08,
  0x3A, 0x00, 0x28, 0x42, 0x00, 0x30, 0x84, 0x00, 0xEF, 0x7B, 0x00, 0x65, 0x29, 0x00, 0xCB, 0x5A,
  0x00, 0xCF, 0x7B, 0x00, 0x31, 0x84, 0x00, 0x0C, 0x63, 0x00, 0xAA, 0x52, 0x31, 0x00, 0x00, 0xD7,
  0x08, 0x3A, 0xFF, 0x7E, 0xDF, 0xFF, 0xDF, 0xEF, 0xFF, 0xD7, 0xAD, 0xFF, 0xF8, 0xAD, 0xFF, 0x9A,
  0xC6, 0xFF, 0x35, 0x95, 0xFF, 0x4D, 0x53, 0xFF, 0x6E, 0x5B, 0xFF, 0x24, 0x19, 0xFF, 0xA6, 0x31,
  0xFF, 0x96, 0xB5, 0xFF, 0x30, 0x84, 0xFF, 0x72, 0x8C, 0xFF, 0x9B, 0xCE, 0xFF, 0x4D, 0x63, 0xFF,
  0x00, 0x00, 0xFF, 0x86, 0x29, 0xFF, 0x92, 0x84, 0xFF, 0x31, 0x74, 0xFF, 0x51, 0x7C, 0xFF, 0x72,
  0x7C, 0xFF, 0x4D, 0x5B, 0xFF, 0x2D, 0x5B, 0xFF, 0x8E, 0x63, 0xFF, 0xEC, 0x52, 0xFF, 0xCB, 0x52,
  0xFF, 0xD7, 0xAD, 0xFF, 0x3D, 0xDF, 0xFF, 0x7A, 0xC6, 0xFF, 0x59, 0xBE, 0xFF, 0x7A, 0xC6, 0xFF,
  0x7A, 0xC6, 0xFF, 0x7A, 0xC6, 0xFF, 0x7A, 0xBE, 0xFF, 0x79, 0xBE, 0xFF, 0x59, 0xBE, 0xFF, 0x59,
  0xBE, 0xFF, 0x59, 0xBE, 0xFF, 0x59, 0xBE, 0xFF, 0x59, 0xBE, 0xFF, 0x59, 0xBE, 0xFF, 0x59, 0xBE,
  0xFF, 0x59, 0xBE, 0xFF, 0x59, 0xBE, 0xFF, 0x59, 0xBE, 0xFF, 0x59, 0xBE, 0xFF, 0x59, 0xBE, 0xFF,
  0x59, 0xBE, 0xFF, 0x59, 0xBE, 0xFF, 0x59, 0xBE, 0xFF, 0x59, 0xBE, 0xFF, 0x59, 0xBE, 0xFF, 0x59,
  0xBE, 0xFF, 0x59, 0xBE, 0xFF, 0x59, 0xBE, 0xFF, 0x59, 0xBE, 0xFF, 0x59, 0xBE, 0xFF, 0xBB, 0xCE,
  0xFF, 0x18, 0xB6, 0xFF, 0x40, 0x00, 0xFF, 0x0C, 0x63, 0xFF, 0xD7, 0xB5, 0xFF, 0x55, 0xA5, 0xFF,
  0x51, 0x84, 0xFF, 0x92, 0x8C, 0xFF, 0x35, 0xA5, 0xFF, 0x35, 0xA5, 0xFF, 0x31, 0x84, 0xFF, 0x51,
  0x84, 0xFF, 0xF8, 0xBD, 0xFF, 0x0C, 0x5B, 0xFF, 0x00, 0x00, 0xFF, 0xC3, 0x18, 0xFF, 0xE4, 0x18,
  0xFF, 0xE3, 0x18, 0xFF, 0xC3, 0x10, 0xFF, 0x66, 0x29, 0xFF, 0xE8, 0x39, 0xFF, 0xC7, 0x31, 0xFF,
  0xC7, 0x31, 0xFF, 0xE8, 0x39, 0xFF, 0xE8, 0x31, 0xFF, 0xC8, 0x39, 0xFF, 0xC7, 0x39, 0xFF, 0xC8,
  0x39, 0xFF, 0xC8, 0x39, 0xFF, 0xE7, 0x31, 0xFF, 0xE7, 0x39, 0xFF, 0xC7, 0x39, 0xFF, 0xE7, 0x39,
  0xFF, 0xE7, 0x39, 0xFF, 0xC7, 0x39, 0xFF, 0xC7, 0x39, 0xFF, 0xC7, 0x31, 0xFF, 0xC7, 0x31, 0xFF,
  0xC7, 0x31, 0xFF, 0xC7, 0x31, 0xFF, 0xC7, 0x31, 0xFF, 0xC7, 0x31, 0xFF, 0xC7, 0x31, 0xFF, 0xC7,
  0x31, 0xFF, 0xC7, 0x31, 0xFF, 0xC7, 0x31, 0xFF, 0xC7, 0x31, 0xFF, 0xC7, 0x31, 0xFF, 0xC7, 0x31,
  0xFF, 0xC7, 0x31, 0xFF, 0xC7, 0x31, 0xFF, 0xC7, 0x31, 0xFF, 0xC7, 0x31, 0xFF, 0xC7, 0x31, 0xFF,
  0xC7, 0x31, 0xFF, 0xC7, 0x31, 0xFF, 0xC7, 0x31, 0xFF, 0xC7, 0x31, 0xFF, 0xC7, 0x31, 0xFF, 0xC7,
  0x31, 0xFF, 0xC7, 0x31, 0xFF, 0xC7, 0x31, 0xFF, 0xC7, 0x31, 0xFF, 0xC7, 0x31, 0xFF, 0xC7, 0x31,
  0xFF, 0xC7, 0x31, 0xFF, 0xC7, 0x31, 0xFF, 0xC7, 0x31, 0xFF, 0xC7, 0x31, 0xFF, 0xE7, 0x39, 0xFF,
  0xC7, 0x31, 0xFF, 0xE4, 0x18, 0xFF, 0xA3, 0x10, 0xFF, 0xE4, 0x18, 0xFF, 0x41, 0x08, 0xFF, 0x24,
  0x21, 0xFF, 0x76, 0xA5, 0xFF, 0x35, 0xA5, 0xFF, 0xD3, 0x94, 0xFF, 0xB7, 0xB5, 0xFF, 0x49, 0x4A,
  0xFF, 0x21, 0x08, 0xFF, 0xC3, 0x18, 0xFF, 0xC3, 0x18, 0xFF, 0xC3, 0x18, 0xFF, 0xC3, 0x18, 0xFF,
  0xE3, 0x18, 0xFF, 0xA3, 0x10, 0xFF, 0x04, 0x21, 0xFF, 0xE8, 0x39, 0xFF, 0xC8, 0x39, 0xFF, 0xC7,
  0x39, 0xFF, 0xC7, 0x31, 0xFF, 0xC7, 0x39, 0xFF, 0xE7, 0x31, 0xFF, 0xC7, 0x31, 0xFF, 0xC7, 0x39,
  0xFF, 0xC7, 0x31, 0xFF, 0xC7, 0x31, 0xFF, 0xC7, 0x31, 0xFF, 0xC7, 0x31, 0xFF, 0xC7, 0x31, 0xFF,
  0xC7, 0x31, 0xFF, 0xC7, 0x31, 0xFF, 0xC7, 0x31, 0xFF, 0xC7, 0x31, 0xFF, 0xC7, 0x31, 0xFF, 0xC7,
  0x31, 0xFF, 0xC7, 0x31, 0xFF, 0xC7, 0x31, 0xFF, 0xC7, 0x31, 0xFF, 0xC7, 0x31, 0xFF, 0xC7, 0x31,
  0xFF, 0xC7, 0x31, 0xFF, 0xC7, 0x31, 0xFF, 0xC7, 0x31, 0xFF, 0xC7, 0x31, 0xFF, 0xC7, 0x31, 0xFF,
  0xC7, 0x31, 0xFF, 0xC7, 0x31, 0xFF, 0xC7, 0x31, 0xFF, 0xC7, 0x31, 0xFF, 0xC7, 0x31, 0xFF, 0xC7,
  0x31, 0xFF, 0xC7, 0x31, 0xFF, 0xC7, 0x31, 0xFF, 0xC7, 0x31, 0xFF, 0xC7, 0x31, 0xFF, 0xC7, 0x31,
  0xFF, 0xC7, 0x31, 0xFF, 0xC7, 0x31, 0xFF, 0xC7, 0x31, 0xFF, 0xC7, 0x31, 0xFF, 0xC7, 0x31, 0xFF,
  0xC7, 0x31, 0xFF, 0xA7, 0x31, 0xFF, 0xA7, 0x31, 0xFF, 0xC7, 0x31, 0xFF, 0xC7, 0x31, 0xFF, 0x04,
  0x19, 0xFF, 0xC3, 0x10, 0xFF, 0xE3, 0x18, 0xFF, 0xE4, 0x18, 0xFF, 0x61, 0x08, 0xFF, 0x40, 0x08,
  0xFF, 0x72, 0x8C, 0xFF, 0x97, 0xAD, 0xFF, 0xF4, 0x9C, 0xFF, 0x14, 0x9D, 0xFF, 0x55, 0xA5, 0xFF,
  0xF4, 0x9C, 0xFF, 0xF0, 0x7B, 0xFF, 0x35, 0xA5, 0xFF, 0x14, 0x9D, 0xFF, 0x35, 0xA5, 0xFF, 0x35,
  0xA5, 0xFF, 0x86, 0x29, 0xF0, 0x2C, 0x63, 0x27, 0x4D, 0x63, 0x00, 0x4D, 0x63, 0x00, 0x4D, 0x63,
  0x00, 0x4D, 0x63, 0x00, 0x4D, 0x63, 0x00, 0x4D, 0x63, 0x00, 0x4D, 0x63, 0x00, 0x4D, 0x63, 0x00,
  0x51, 0x84, 0x00, 0x51, 0x84, 0x00, 0x51, 0x84, 0x00, 0x51, 0x84, 0x00, 0x51, 0x84, 0x00, 0x51,
  0x8C, 0x00, 0x30, 0x84, 0x00, 0x8E, 0x6B, 0x00, 0xB2, 0x94, 0x00, 0xAE, 0x73, 0x00, 0xAB, 0x52,
  0x00, 0xCF, 0x73, 0x00, 0x45, 0x21, 0x00, 0x4D, 0x6B, 0x00, 0x10, 0x7C, 0x00, 0x8E, 0x6B, 0x00,
  0x08, 0x42, 0x00, 0x2D, 0x63, 0x00, 0x08, 0x42, 0x00, 0xCF, 0x73, 0x00, 0x29, 0x42, 0x00, 0xCB,
  0x5A, 0x00, 0xAF, 0x73, 0x00, 0xEC, 0x5A, 0x00, 0x28, 0x42, 0x00, 0x51, 0x84, 0x00, 0xCB, 0x5A,
  0x00, 0x71, 0x8C, 0x00, 0x8E, 0x6B, 0x00, 0xEB, 0x5A, 0x00, 0xA7, 0x31, 0x00, 0x49, 0x4A, 0x00,
  0xC7, 0x39, 0x00, 0x8A, 0x52, 0x00, 0xCB, 0x5A, 0x00, 0x29, 0x42, 0x00, 0x86, 0x31, 0x00, 0x65,
  0x29, 0x00, 0xE3, 0x18, 0x00, 0xB3, 0x94, 0x00, 0xF8, 0xBD, 0x00, 0x08, 0x3A, 0x00, 0x28, 0x42,
  0x00, 0x30, 0x84, 0x00, 0xEF, 0x7B, 0x00, 0x65, 0x29, 0x00, 0xCB, 0x5A, 0x00, 0xEF, 0x7B, 0x00,
  0xD3, 0x94, 0x00, 0x49, 0x4A, 0x5E, 0x00, 0x00, 0xF4, 0x4D, 0x5B, 0xFF, 0xBF, 0xE7, 0xFF, 0x3D,
  0xDF, 0xFF, 0xD7, 0xAD, 0xFF, 0x39, 0xB6, 0xFF, 0x9A, 0xC6, 0xFF, 0xD3, 0x8C, 0xFF, 0x0C, 0x53,
  0xFF, 0x0C, 0x53, 0xFF, 0xC3, 0x10, 0xFF, 0x49, 0x4A, 0xFF, 0x96, 0xAD, 0xFF, 0xAF, 0x73, 0xFF,
  0xD3, 0x94, 0xFF, 0x59, 0xC6, 0xFF, 0x6A, 0x4A, 0xFF, 0x00, 0x00, 0xFF, 0x29, 0x3A, 0xFF, 0x93,
  0x84, 0xFF, 0x10, 0x74, 0xFF, 0x51, 0x7C, 0xFF, 0x51, 0x7C, 0xFF, 0x6E, 0x63, 0xFF, 0x6E, 0x63,
  0xFF, 0x8E, 0x63, 0xFF, 0xEC, 0x52, 0xFF, 0x2D, 0x5B, 0xFF, 0x59, 0xBE, 0xFF, 0x1C, 0xD7, 0xFF,
  0x7A, 0xC6, 0xFF, 0x59, 0xBE, 0xFF, 0x7A, 0xC6, 0xFF, 0x7A, 0xC6, 0xFF, 0x7A, 0xC6, 0xFF, 0x7A,
  0xC6, 0xFF, 0x7A, 0xBE, 0xFF, 0x59, 0xBE, 0xFF, 0x59, 0xBE, 0xFF, 0x59, 0xBE, 0xFF, 0x59, 0xBE,
  0xFF, 0x59, 0xBE, 0xFF, 0x59, 0xBE, 0xFF, 0x59, 0xBE, 0xFF, 0x59, 0xBE, 0xFF, 0x59, 0xBE, 0xFF,
  0x59, 0xBE, 0xFF, 0x59, 0xBE, 0xFF, 0x59, 0xBE, 0xFF, 0x59, 0xBE, 0xFF, 0x59, 0xBE, 0xFF, 0x59,
  0xBE, 0xFF, 0x59, 0xBE, 0xFF, 0x59, 0xBE, 0xFF, 0x59, 0xBE, 0xFF, 0x59, 0xBE, 0xFF, 0x59, 0xBE,
  0xFF, 0x59, 0xBE, 0xFF, 0x59, 0xBE, 0xFF, 0x59, 0xBE, 0xFF, 0xDB, 0xCE, 0xFF, 0xD7, 0xAD, 0xFF,
  0x20, 0x00, 0xFF, 0x6E, 0x6B, 0xFF, 0xB7, 0xB5, 0xFF, 0x35, 0xA5, 0xFF, 0x31, 0x84, 0xFF, 0x72,
  0x8C, 0xFF, 0x35, 0xA5, 0xFF, 0x35, 0xA5, 0xFF, 0x31, 0x84, 0xFF, 0x51, 0x8C, 0xFF, 0xF8, 0xBD,
  0xFF, 0x0C, 0x63, 0xFF, 0x00, 0x00, 0xFF, 0xE3, 0x18, 0xFF, 0xE4, 0x18, 0xFF, 0xE3, 0x18, 0xFF,
  0xC3, 0x10, 0xFF, 0x66, 0x29, 0xFF, 0xE8, 0x39, 0xFF, 0xC7, 0x31, 0xFF, 0xC7, 0x31, 0xFF, 0xC7,
  0x31, 0xFF, 0xC7, 0x31, 0xFF, 0xC7, 0x31, 0xFF, 0xC7, 0x31, 0xFF, 0xC7, 0x31, 0xFF, 0xC7, 0x31,
  0xFF, 0xC7, 0x31, 0xFF, 0xC7, 0x31, 0xFF, 0xC7, 0x31, 0xFF, 0xC7, 0x31, 0xFF, 0xC7, 0x31, 0xFF,
  0xC7, 0x31, 0xFF, 0xC7, 0x31, 0xFF, 0xC7, 0x31, 0xFF, 0xC7, 0x31, 0xFF, 0xC7, 0x31, 0xFF, 0xC7,
  0x31, 0xFF, 0xC7, 0x31, 0xFF, 0xC7, 0x31, 0xFF, 0xC7, 0x31, 0xFF, 0xC7, 0x31, 0xFF, 0xC7, 0x31,
  0xFF, 0xC7, 0x31, 0xFF, 0xC7, 0x31, 0xFF, 0xC7, 0x31, 0xFF, 0xC7, 0x31, 0xFF, 0xC7, 0x31, 0xFF,
  0xC7, 0x31, 0xFF, 0xC7, 0x31, 0xFF, 0xC7, 0x31, 0xFF, 0xC7, 0x31, 0xFF, 0xC7, 0x31, 0xFF, 0xC7,
  0x31, 0xFF, 0xC7, 0x31, 0xFF, 0xC7, 0x31, 0xFF, 0xC7, 0x31, 0xFF, 0xC7, 0x31, 0xFF, 0xC7, 0x31,
  0xFF, 0xA7, 0x31, 0xFF, 0xC7, 0x31, 0xFF, 0xC7, 0x31, 0xFF, 0xC7, 0x31, 0xFF, 0xC7, 0x31, 0xFF,
  0xC7, 0x31, 0xFF, 0xC7, 0x31, 0xFF, 0xC7, 0x31, 0xFF, 0xC7, 0x31, 0xFF, 0xC7, 0x31, 0xFF, 0xE4,
  0x18, 0xFF, 0xC3, 0x10, 0xFF, 0xE4, 0x18, 0xFF, 0x41, 0x08, 0xFF, 0xE3, 0x18, 0xFF, 0x55, 0xA5,
  0xFF, 0x35, 0xA5, 0xFF, 0x92, 0x8C, 0xFF, 0xD7, 0xB5, 0xFF, 0xAA, 0x52, 0xFF, 0x21, 0x08, 0xFF,
  0xC3, 0x10, 0xFF, 0xC3, 0x18, 0xFF, 0xC3, 0x18, 0xFF, 0xC3, 0x18, 0xFF, 0xC3, 0x18, 0xFF, 0xA3,
  0x10, 0xFF, 0xE4, 0x18, 0xFF, 0xC7, 0x31, 0xFF, 0xC7, 0x31, 0xFF, 0xC7, 0x31, 0xFF, 0xC7, 0x31,
  0xFF, 0xC7, 0x31, 0xFF, 0xC7, 0x31, 0xFF, 0xC7, 0x31, 0xFF, 0xC7, 0x31, 0xFF, 0xC7, 0x31, 0xFF,
  0xC7, 0x31, 0xFF, 0xC7, 0x31, 0xFF, 0xC7, 0x31, 0xFF, 0xC7, 0x31, 0xFF, 0xC7, 0x31, 0xFF, 0xA7,
  0x31, 0xFF, 0xC7, 0x31, 0xFF, 0xC7, 0x31, 0xFF, 0xC7, 0x31, 0xFF, 0xC7, 0x31, 0xFF, 0xC7, 0x31,
  0xFF, 0xC7, 0x31, 0xFF, 0xC7, 0x31, 0xFF, 0xC7, 0x31, 0xFF, 0xC7, 0x31, 0xFF, 0xC7, 0x31, 0xFF,
  0xC7, 0x31, 0xFF, 0xC7, 0x31, 0xFF, 0xC7, 0x31, 0xFF, 0xC7, 0x31, 0xFF, 0xC7, 0x31, 0xFF, 0xC7,
  0x31, 0xFF, 0xC7, 0x31, 0xFF, 0xC7, 0x31, 0xFF, 0xC7, 0x31, 0xFF, 0xC7, 0x31, 0xFF, 0xC7, 0x31,
  0xFF, 0xC7, 0x31, 0xFF, 0xC7, 0x31, 0xFF, 0xC7, 0x31, 0xFF, 0xC7, 0x31, 0xFF, 0xC7, 0x31, 0xFF,
  0xC7, 0x31, 0xFF, 0xC7, 0x31, 0xFF, 0xC7, 0x31, 0xFF, 0xC7, 0x31, 0xFF, 0xA7, 0x31, 0xFF, 0xA7,
  0x31, 0xFF, 0xA7, 0x31, 0xFF, 0xA7, 0x31, 0xFF, 0xC7, 0x31, 0xFF, 0x25, 0x21, 0xFF, 0xA3, 0x10,
  0xFF, 0xC3, 0x18, 0xFF, 0xE3, 0x18, 0xFF, 0xA2, 0x10, 0xFF, 0x00, 0x00, 0xFF, 0xAF, 0x73, 0xFF,
  0xD8, 0xB5, 0xFF, 0xF4, 0x9C, 0xFF, 0x14, 0x9D, 0xFF, 0x14, 0x9D, 0xFF, 0x35, 0xA5, 0xFF, 0x10,
  0x7C, 0xFF, 0xB3, 0x94, 0xFF, 0x35, 0xA5, 0xFF, 0xF4, 0x9C, 0xFF, 0xD7, 0xB5, 0xFF, 0x08, 0x42,
  0xFF, 0xE7, 0x39, 0x69, 0xEF, 0x7B, 0x00, 0xAE, 0x73, 0x00, 0xAE, 0x73, 0x00, 0xAE, 0x73, 0x00,
  0xAE, 0x73, 0x00, 0xAE, 0x73, 0x00, 0xAE, 0x73, 0x00, 0xAE, 0x73, 0x00, 0x51, 0x84, 0x00, 0x51,
  0x84, 0x00, 0x51, 0x84, 0x00, 0x51, 0x84, 0x00, 0x51, 0x84, 0x00, 0x51, 0x8C, 0x00, 0x30, 0x84,
  0x00, 0x8E, 0x6B, 0x00, 0xB2, 0x94, 0x00, 0xAE, 0x73, 0x00, 0xAB, 0x52, 0x00, 0xCF, 0x73, 0x00,
  0x45, 0x21, 0x00, 0x4D, 0x6B, 0x00, 0x10, 0x7C, 0x00, 0x8E, 0x6B, 0x00, 0x08, 0x42, 0x00, 0x2D,
  0x63, 0x00, 0x08, 0x42, 0x00, 0xCF, 0x73, 0x00, 0x29, 0x42, 0x00, 0xCB, 0x5A, 0x00, 0xAF, 0x73,
  0x00, 0xEC, 0x5A, 0x00, 0x28, 0x42, 0x00, 0x51, 0x84, 0x00, 0xCB, 0x5A, 0x00, 0x71, 0x8C, 0x00,
  0x8E, 0x6B, 0x00, 0xEB, 0x5A, 0x00, 0xA7, 0x31, 0x00, 0x49, 0x4A, 0x00, 0xC7, 0x39, 0x00, 0x8A,
  0x52, 0x00, 0xCB, 0x5A, 0x00, 0x29, 0x42, 0x00, 0x86, 0x31, 0x00, 0x65, 0x29, 0x00, 0xE3, 0x18,
  0x00, 0xB3, 0x94, 0x00, 0xF8, 0xBD, 0x00, 0x08, 0x3A, 0x00, 0x28, 0x42, 0x00, 0x30, 0x84, 0x00,
  0xEF, 0x7B, 0x00, 0x65, 0x29, 0x00, 0x0C, 0x63, 0x00, 0x72, 0x8C, 0x02, 0x04, 0x21, 0x99, 0x41,
  0x00, 0xFF, 0xD4, 0x8C, 0xFF, 0xDF, 0xEF, 0xFF, 0xBA, 0xC6, 0xFF, 0xB7, 0xAD, 0xFF, 0x59, 0xBE,
  0xFF, 0x59, 0xBE, 0xFF, 0x51, 0x7C, 0xFF, 0x4E, 0x5B, 0xFF, 0xCB, 0x4A, 0xFF, 0x41, 0x08, 0xFF,
  0x4D, 0x63, 0xFF, 0x76, 0xAD, 0xFF, 0x2C, 0x63, 0xFF, 0x55, 0xA5, 0xFF, 0x19, 0xBE, 0xFF, 0xE7,
  0x39, 0xFF, 0xC3, 0x10, 0xFF, 0xAF, 0x6B, 0xFF, 0x15, 0x8D, 0xFF, 0x52, 0x7C, 0xFF, 0x92, 0x84,
  0xFF, 0x31, 0x74, 0xFF, 0x4E, 0x5B, 0xFF, 0x6E, 0x63, 0xFF, 0x6E, 0x63, 0xFF, 0xCB, 0x52, 0xFF,
  0x8E, 0x6B, 0xFF, 0xDB, 0xCE, 0xFF, 0x1C, 0xD7, 0xFF, 0x39, 0xBE, 0xFF, 0x59, 0xC6, 0xFF, 0x7A,
  0xC6, 0xFF, 0x7A, 0xC6, 0xFF, 0x7A, 0xBE, 0xFF, 0x7A, 0xBE, 0xFF, 0x7A, 0xBE, 0xFF, 0x7A, 0xBE,
  0xFF, 0x59, 0xBE, 0xFF, 0x59, 0xBE, 0xFF, 0x59, 0xBE, 0xFF, 0x59, 0xBE, 0xFF, 0x59, 0xBE, 0xFF,
  0x59, 0xBE, 0xFF, 0x59, 0xBE, 0xFF, 0x59, 0xBE, 0xFF, 0x59, 0xBE, 0xFF, 0x59, 0xBE, 0xFF, 0x59,
  0xBE, 0xFF, 0x59, 0xBE, 0xFF, 0x59, 0xBE, 0xFF, 0x59, 0xBE, 0xFF, 0x59, 0xBE, 0xFF, 0x59, 0xBE,
  0xFF, 0x59, 0xBE, 0xFF, 0x59, 0xBE, 0xFF, 0x59, 0xBE, 0xFF, 0x59, 0xBE, 0xFF, 0x59, 0xBE, 0xFF,
  0x59, 0xBE, 0xFF, 0x39, 0xBE, 0xFF, 0xFC, 0xCE, 0xFF, 0x76, 0xA5, 0xFF, 0x20, 0x00, 0xFF, 0xCF,
  0x7B, 0xFF, 0xB7, 0xB5, 0xFF, 0x35, 0xA5, 0xFF, 0x31, 0x84, 0xFF, 0x92, 0x8C, 0xFF, 0x35, 0xA5,
  0xFF, 0x35, 0xA5, 0xFF, 0x30, 0x84, 0xFF, 0x51, 0x8C, 0xFF, 0xF8, 0xBD, 0xFF, 0x0C, 0x63, 0xFF,
  0x00, 0x00, 0xFF, 0xE3, 0x18, 0xFF, 0xE4, 0x18, 0xFF, 0xC3, 0x18, 0xFF, 0xC3, 0x10, 0xFF, 0x65,
  0x29, 0xFF, 0xE8, 0x39, 0xFF, 0xC7, 0x31, 0xFF, 0xC7, 0x31, 0xFF, 0xC7, 0x31, 0xFF, 0xC7, 0x31,
  0xFF, 0xC7, 0x31, 0xFF, 0xC7, 0x31, 0xFF, 0xC7, 0x31, 0xFF, 0xC7, 0x31, 0xFF, 0xC7, 0x31, 0xFF,
  0xC7, 0x31, 0xFF, 0xC7, 0x31, 0xFF, 0xC7, 0x31, 0xFF, 0xC7, 0x31, 0xFF, 0xC7, 0x31, 0xFF, 0xC7,
  0x31, 0xFF, 0xC7, 0x31, 0xFF, 0xC7, 0x31, 0xFF, 0xA7, 0x31, 0xFF, 0xA7, 0x31, 0xFF, 0xC7, 0x31,
  0xFF, 0xA7, 0x31, 0xFF, 0xA7, 0x31, 0xFF, 0xC7, 0x31, 0xFF, 0xC7, 0x31, 0xFF, 0xC7, 0x31, 0xFF,
  0xA7, 0x31, 0xFF, 0xA7, 0x31, 0xFF, 0xA7, 0x31, 0xFF, 0xA7, 0x31, 0xFF, 0xC7, 0x31, 0xFF, 0xA7,
  0x31, 0xFF, 0xA7, 0x31, 0xFF, 0xA7, 0x31, 0xFF, 0xA7, 0x31, 0xFF, 0xA7, 0x31, 0xFF, 0xA7, 0x31,
  0xFF, 0xA7, 0x31, 0xFF, 0xA7, 0x31, 0xFF, 0xA7, 0x31, 0xFF, 0xA7, 0x31, 0xFF, 0xA7, 0x31, 0xFF,
  0xA7, 0x31, 0xFF, 0xA7, 0x31, 0xFF, 0xA7, 0x31, 0xFF, 0xA7, 0x31, 0xFF, 0xA7, 0x31, 0xFF, 0xA7,
  0x31, 0xFF, 0xA7, 0x31, 0xFF, 0xC7, 0x31, 0xFF, 0xA7, 0x31, 0xFF, 0xE3, 0x18, 0xFF, 0xA3, 0x10,
  0xFF, 0xE3, 0x18, 0xFF, 0x41, 0x08, 0xFF, 0xC3, 0x18, 0xFF, 0x35, 0xA5, 0xFF, 0x14, 0x9D, 0xFF,
  0x31, 0x84, 0xFF, 0xD8, 0xB5, 0xFF, 0xEC, 0x5A, 0xFF, 0x20, 0x00, 0xFF, 0xC3, 0x10, 0xFF, 0xC3,
  0x18, 0xFF, 0xC3, 0x18, 0xFF, 0xC3, 0x18, 0xFF, 0xC3, 0x18, 0xFF, 0xC3, 0x10, 0xFF, 0xE4, 0x18,
  0xFF, 0xA7, 0x31, 0xFF, 0xC7, 0x31, 0xFF, 0xC7, 0x31, 0xFF, 0xC7, 0x31, 0xFF, 0xC7, 0x31, 0xFF,
  0xC7, 0x31, 0xFF, 0xC7, 0x31, 0xFF, 0xC7, 0x31, 0xFF, 0xC7, 0x31, 0xFF, 0xC7, 0x31, 0xFF, 0xC7,
  0x31, 0xFF, 0xC7, 0x31, 0xFF, 0xA7, 0x31, 0xFF, 0xA7, 0x31, 0xFF, 0xA7, 0x31, 0xFF, 0xA7, 0x31,
  0xFF, 0xA7, 0x31, 0xFF, 0xC7, 0x31, 0xFF, 0xA7, 0x31, 0xFF, 0xC7, 0x31, 0xFF, 0xC7, 0x31, 0xFF,
  0xC7, 0x31, 0xFF, 0xC7, 0x31, 0xFF, 0xC7, 0x31, 0xFF, 0xC7, 0x31, 0xFF, 0xC7, 0x31, 0xFF, 0xC7,
  0x31, 0xFF, 0xC7, 0x31, 0xFF, 0xC7, 0x31, 0xFF, 0xC7, 0x31, 0xFF, 0xC7, 0x31, 0xFF, 0xC7, 0x31,
  0xFF, 0xC7, 0x31, 0xFF, 0xC7, 0x31, 0xFF, 0xC7, 0x31, 0xFF, 0xC7, 0x31, 0xFF, 0xC7, 0x31, 0xFF,
  0xC7, 0x31, 0xFF, 0xC7, 0x31, 0xFF, 0xC7, 0x31, 0xFF, 0xC7, 0x31, 0xFF, 0xC7, 0x31, 0xFF, 0xC7,
  0x31, 0xFF, 0xA7, 0x31, 0xFF, 0xA7, 0x31, 0xFF, 0xA7, 0x31, 0xFF, 0xA7, 0x31, 0xFF, 0xA7, 0x31,
  0xFF, 0xA7, 0x31, 0xFF, 0xC7, 0x31, 0xFF, 0x45, 0x29, 0xFF, 0xA3, 0x10, 0xFF, 0xC3, 0x18, 0xFF,
  0xC3, 0x18, 0xFF, 0xC3, 0x10, 0xFF, 0x00, 0x00, 0xFF, 0xCB, 0x5A, 0xFF, 0xD7, 0xB5, 0xFF, 0xF4,
  0x9C, 0xFF, 0x14, 0x9D, 0xFF, 0xF4, 0x9C, 0xFF, 0x76, 0xAD, 0xFF, 0xF0, 0x7B, 0xFF, 0x31, 0x84,
  0xFF, 0x56, 0xA5, 0xFF, 0xF4, 0x9C, 0xFF, 0xD8, 0xB5, 0xFF, 0xAB, 0x52, 0xFF, 0xE7, 0x39, 0xA2,
  0x39, 0xC6, 0x00, 0x76, 0xAD, 0x00, 0x76, 0xAD, 0x00, 0x76, 0xAD, 0x00, 0x76, 0xAD, 0x00, 0x76,
  0xAD, 0x00, 0x76, 0xAD, 0x00, 0x76, 0xAD, 0x00, 0x51, 0x84, 0x00, 0x51, 0x84, 0x00, 0x51, 0x84,
  0x00, 0x51, 0x84, 0x00, 0x51, 0x84, 0x00, 0x51, 0x8C, 0x00, 0x30, 0x84, 0x00, 0x8E, 0x6B, 0x00,
  0xB2, 0x94, 0x00, 0xAE, 0x73, 0x00, 0xAB, 0x52, 0x00, 0xCF, 0x73, 0x00, 0x45, 0x21, 0x00, 0x4D,
  0x6B, 0x00, 0x10, 0x7C, 0x00, 0x8E, 0x6B, 0x00, 0x08, 0x42, 0x00, 0x2D, 0x63, 0x00, 0x08, 0x42,
  0x00, 0xCF, 0x73, 0x00, 0x29, 0x42, 0x00, 0xCB, 0x5A, 0x00, 0xAF, 0x73, 0x00, 0xEC, 0x5A, 0x00,
  0x28, 0x42, 0x00, 0x51, 0x84, 0x00, 0xCB, 0x5A, 0x00, 0x71, 0x8C, 0x00, 0x8E, 0x6B, 0x00, 0xEB,
  0x5A, 0x00, 0xA7, 0x31, 0x00, 0x49, 0x4A, 0x00, 0xC7, 0x39, 0x00, 0x8A, 0x52, 0x00, 0xCB, 0x5A,
  0x00, 0x29, 0x42, 0x00, 0x86, 0x31, 0x00, 0x65, 0x29, 0x00, 0xE3, 0x18, 0x00, 0xB3, 0x94, 0x00,
  0xF8, 0xBD, 0x00, 0x08, 0x3A, 0x00, 0x28, 0x42, 0x00, 0x30, 0x84, 0x00, 0xEF, 0x7B, 0x00, 0x86,
  0x31, 0x00, 0xEB, 0x5A, 0x10, 0x45, 0x29, 0xB7, 0x21, 0x00, 0xFF, 0x35, 0x9D, 0xFF, 0x9F, 0xE7,
  0xFF, 0x59, 0xBE, 0xFF, 0xD7, 0xAD, 0xFF, 0x7A, 0xC6, 0xFF, 0x39, 0xBE, 0xFF, 0xAF, 0x6B, 0xFF,
  0x4E, 0x5B, 0xFF, 0xAB, 0x42, 0xFF, 0x41, 0x00, 0xFF, 0x8E, 0x73, 0xFF, 0x55, 0xA5, 0xFF, 0x2D,
  0x63, 0xFF, 0x97, 0xAD, 0xFF, 0x18, 0xBE, 0xFF, 0x24, 0x21, 0xFF, 0xC3, 0x18, 0xFF, 0x2D, 0x5B,
  0xFF, 0x4E, 0x63, 0xFF, 0x8A, 0x4A, 0xFF, 0xAB, 0x4A, 0xFF, 0xEC, 0x52, 0xFF, 0x49, 0x3A, 0xFF,
  0x29, 0x3A, 0xFF, 0x29, 0x3A, 0xFF, 0xE7, 0x31, 0xFF, 0x6A, 0x42, 0xFF, 0x8E, 0x63, 0xFF, 0x18,
  0xB6, 0xFF, 0x1C, 0xD7, 0xFF, 0x59, 0xBE, 0xFF, 0x59, 0xBE, 0xFF, 0x7A, 0xC6, 0xFF, 0x7A, 0xC6,
  0xFF, 0x79, 0xBE, 0xFF, 0x79, 0xBE, 0xFF, 0x7A, 0xBE, 0xFF, 0x59, 0xBE, 0xFF, 0x59, 0xBE, 0xFF,
  0x59, 0xBE, 0xFF, 0x59, 0xBE, 0xFF, 0x59, 0xBE, 0xFF, 0x59, 0xBE, 0xFF, 0x59, 0xBE, 0xFF, 0x59,
  0xBE, 0xFF, 0x59, 0xBE, 0xFF, 0x59, 0xBE, 0xFF, 0x59, 0xBE, 0xFF, 0x59, 0xBE, 0xFF, 0x59, 0xBE,
  0xFF, 0x59, 0xBE, 0xFF, 0x59, 0xBE, 0xFF, 0x59, 0xBE, 0xFF, 0x59, 0xBE, 0xFF, 0x59, 0xBE, 0xFF,
  0x59, 0xBE, 0xFF, 0x59, 0xBE, 0xFF, 0x59, 0xBE, 0xFF, 0x59, 0xBE, 0xFF, 0x59, 0xBE, 0xFF, 0x39,
  0xBE, 0xFF, 0xFC, 0xCE, 0xFF, 0x35, 0x9D, 0xFF, 0x41, 0x00, 0xFF, 0x31, 0x84, 0xFF, 0xB7, 0xB5,
  0xFF, 0x35, 0xA5, 0xFF, 0x31, 0x84, 0xFF, 0x72, 0x8C, 0xFF, 0x35, 0xA5, 0xFF, 0x35, 0xA5, 0xFF,
  0x30, 0x84, 0xFF, 0x52, 0x8C, 0xFF, 0xF8, 0xBD, 0xFF, 0x0C, 0x5B, 0xFF, 0x00, 0x00, 0xFF, 0xE3,
  0x18, 0xFF, 0xE4, 0x18, 0xFF, 0xE3, 0x18, 0xFF, 0xC3, 0x10, 0xFF, 0x45, 0x21, 0xFF, 0xC7, 0x31,
  0xFF, 0xA7, 0x31, 0xFF, 0xA7, 0x31, 0xFF, 0xA7, 0x31, 0xFF, 0xA7, 0x31, 0xFF, 0xC7, 0x31, 0xFF,
  0xC7, 0x31, 0xFF, 0xA7, 0x31, 0xFF, 0xA7, 0x31, 0xFF, 0xA7, 0x31, 0xFF, 0xA7, 0x31, 0xFF, 0xA7,
  0x31, 0xFF, 0xA7, 0x31, 0xFF, 0xA7, 0x31, 0xFF, 0xA7, 0x31, 0xFF, 0xA7, 0x31, 0xFF, 0xA7, 0x31,
  0xFF, 0xA7, 0x31, 0xFF, 0xA7, 0x31, 0xFF, 0xA7, 0x31, 0xFF, 0xA7, 0x31, 0xFF, 0xA7, 0x31, 0xFF,
  0xA7, 0x31, 0xFF, 0xA7, 0x31, 0xFF, 0xA7, 0x31, 0xFF, 0xA7, 0x31, 0xFF, 0xA7, 0x31, 0xFF, 0xA7,
  0x31, 0xFF, 0xA7, 0x31, 0xFF, 0xA7, 0x31, 0xFF, 0xA7, 0x31, 0xFF, 0xA7, 0x31, 0xFF, 0xA7, 0x31,
  0xFF, 0xA7, 0x31, 0xFF, 0xA7, 0x31, 0xFF, 0xA7, 0x31, 0xFF, 0xA7, 0x31, 0xFF, 0xA7, 0x31, 0xFF,
  0xA7, 0x31, 0xFF, 0xA7, 0x31, 0xFF, 0xA7, 0x31, 0xFF, 0xA7, 0x31, 0xFF, 0xA7, 0x31, 0xFF, 0xA7,
  0x31, 0xFF, 0xA7, 0x31, 0xFF, 0xA7, 0x31, 0xFF, 0xA7, 0x31, 0xFF, 0xA7, 0x31, 0xFF, 0xA7, 0x31,
  0xFF, 0xA7, 0x31, 0xFF, 0xA7, 0x31, 0xFF, 0xE3, 0x18, 0xFF, 0xA3, 0x10, 0xFF, 0xE3, 0x18, 0xFF,
  0x41, 0x08, 0xFF, 0xA2, 0x10, 0xFF, 0x35, 0xA5, 0xFF, 0x14, 0x9D, 0xFF, 0x31, 0x84, 0xFF, 0xF8,
  0xB5, 0xFF, 0xCB, 0x5A, 0xFF, 0x20, 0x00, 0xFF, 0xC3, 0x10, 0xFF, 0xC3, 0x18, 0xFF, 0xC3, 0x18,
  0xFF, 0xC3, 0x18, 0xFF, 0xC3, 0x18, 0xFF, 0xC3, 0x10, 0xFF, 0xC3, 0x18, 0xFF, 0x86, 0x31, 0xFF,
  0xC7, 0x31, 0xFF, 0xA7, 0x31, 0xFF, 0xA7, 0x31, 0xFF, 0xA7, 0x31, 0xFF, 0xA7, 0x31, 0xFF, 0xA7,
  0x31, 0xFF, 0xA7, 0x31, 0xFF, 0xA7, 0x31, 0xFF, 0xA7, 0x31, 0xFF, 0xA7, 0x31, 0xFF, 0xA7, 0x31,
  0xFF, 0xA7, 0x31, 0xFF, 0xA7, 0x31, 0xFF, 0xA7, 0x31, 0xFF, 0xA7, 0x31, 0xFF, 0xA7, 0x31, 0xFF,
  0xA7, 0x31, 0xFF, 0xA7, 0x31, 0xFF, 0xA7, 0x31, 0xFF, 0xA7, 0x31, 0xFF, 0xA7, 0x31, 0xFF, 0xA7,
  0x31, 0xFF, 0xA7, 0x31, 0xFF, 0xA7, 0x31, 0xFF, 0xA7, 0x31, 0xFF, 0xA7, 0x31, 0xFF, 0xA7, 0x31,
  0xFF, 0xA7, 0x31, 0xFF, 0xA7, 0x31, 0xFF, 0xA7, 0x31, 0xFF, 0xA7, 0x31, 0xFF, 0xA7, 0x31, 0xFF,
  0xA7, 0x31, 0xFF, 0xA7, 0x31, 0xFF, 0xA7, 0x31, 0xFF, 0xA7, 0x31, 0xFF, 0xA7, 0x31, 0xFF, 0xA7,
  0x31, 0xFF, 0xA7, 0x31, 0xFF, 0xA7, 0x31, 0xFF, 0xA7, 0x31, 0xFF, 0xA7, 0x31, 0xFF, 0xA7, 0x31,
  0xFF, 0xA7, 0x31, 0xFF, 0xA7, 0x31, 0xFF, 0xA7, 0x31, 0xFF, 0xA7, 0x31, 0xFF, 0xA6, 0x31, 0xFF,
  0xA7, 0x31, 0xFF, 0x66, 0x29, 0xFF, 0xC3, 0x10, 0xFF, 0xC3, 0x10, 0xFF, 0xC3, 0x18, 0xFF, 0xC3,
  0x10, 0xFF, 0x00, 0x00, 0xFF, 0xE8, 0x39, 0xFF, 0xB7, 0xB5, 0xFF, 0x35, 0xA5, 0xFF, 0x14, 0x9D,
  0xFF, 0xF4, 0x9C, 0xFF, 0x76, 0xA5, 0xFF, 0x31, 0x84, 0xFF, 0x30, 0x84, 0xFF, 0x76, 0xAD, 0xFF,
  0xF4, 0x9C, 0xFF, 0x96, 0xAD, 0xFF, 0xF0, 0x7B, 0xFF, 0x65, 0x29, 0xCB, 0xEF, 0x7B, 0x05, 0x6D,
  0x6B, 0x00, 0x6D, 0x6B, 0x00, 0x6D, 0x6B, 0x00, 0x6D, 0x6B, 0x00, 0x6D, 0x6B, 0x00, 0x6D, 0x6B,
  0x00, 0x6D, 0x6B, 0x00, 0x51, 0x84, 0x00, 0x51, 0x84, 0x00, 0x51, 0x84, 0x00, 0x51, 0x84, 0x00,
  0x51, 0x84, 0x00, 0x51, 0x8C, 0x00, 0x30, 0x84, 0x00, 0x8E, 0x6B, 0x00, 0xB2, 0x94, 0x00, 0xAE,
  0x73, 0x00, 0xAB, 0x52, 0x00, 0xCF, 0x73, 0x00, 0x45, 0x21, 0x00, 0x4D, 0x6B, 0x00, 0x10, 0x7C,
  0x00, 0x8E, 0x6B, 0x00, 0x08, 0x42, 0x00, 0x2D, 0x63, 0x00, 0x08, 0x42, 0x00, 0xCF, 0x73, 0x00,
  0x29, 0x42, 0x00, 0xCB, 0x5A, 0x00, 0xAF, 0x73, 0x00, 0xEC, 0x5A, 0x00, 0x28, 0x42, 0x00, 0x51,
  0x84, 0x00, 0xCB, 0x5A, 0x00, 0x71, 0x8C, 0x00, 0x8E, 0x6B, 0x00, 0xEB, 0x5A, 0x00, 0xA7, 0x31,
  0x00, 0x49, 0x4A, 0x00, 0xC7, 0x39, 0x00, 0x8A, 0x52, 0x00, 0xCB, 0x5A, 0x00, 0x29, 0x42, 0x00,
  0x86, 0x31, 0x00, 0x65, 0x29, 0x00, 0xE3, 0x18, 0x00, 0xB3, 0x94, 0x00, 0xF8, 0xBD, 0x00, 0x08,
  0x3A, 0x00, 0x28, 0x42, 0x00, 0x50, 0x84, 0x00, 0x71, 0x8C, 0x00, 0x86, 0x31, 0x23, 0x00, 0x00,
  0xD8, 0xA7, 0x29, 0xFF, 0xBB, 0xC6, 0xFF, 0x5D, 0xDF, 0xFF, 0xF8, 0xB5, 0xFF, 0xD8, 0xAD, 0xFF,
  0x9A, 0xC6, 0xFF, 0x76, 0xA5, 0xFF, 0x2D, 0x53, 0xFF, 0x6E, 0x63, 0xFF, 0x29, 0x3A, 0xFF, 0x61,
  0x08, 0xFF, 0x93, 0x94, 0xFF, 0x14, 0x9D, 0xFF, 0x4D, 0x6B, 0xFF, 0xD8, 0xB5, 0xFF, 0x76, 0xAD,
  0xFF, 0xA7, 0x31, 0xFF, 0x45, 0x29, 0xFF, 0x45, 0x29, 0xFF, 0x49, 0x4A, 0xFF, 0xAF, 0x73, 0xFF,
  0x4D, 0x6B, 0xFF, 0x6D, 0x6B, 0xFF, 0xE4, 0x18, 0xFF, 0x87, 0x29, 0xFF, 0x08, 0x3A, 0xFF, 0xC7,
  0x29, 0xFF, 0x8A, 0x42, 0xFF, 0x8E, 0x63, 0xFF, 0x2D, 0x5B, 0xFF, 0xCB, 0x4A, 0xFF, 0xF8, 0xB5,
  0xFF, 0xFC, 0xD6, 0xFF, 0x59, 0xBE, 0xFF, 0x59, 0xBE, 0xFF, 0x59, 0xBE, 0xFF, 0x59, 0xBE, 0xFF,
  0x59, 0xBE, 0xFF, 0x59, 0xBE, 0xFF, 0x59, 0xBE, 0xFF, 0x59, 0xBE, 0xFF, 0x59, 0xBE, 0xFF, 0x59,
  0xBE, 0xFF, 0x59, 0xBE, 0xFF, 0x59, 0xBE, 0xFF, 0x59, 0xBE, 0xFF, 0x59, 0xBE, 0xFF, 0x59, 0xBE,
  0xFF, 0x59, 0xBE, 0xFF, 0x59, 0xBE, 0xFF, 0x59, 0xBE, 0xFF, 0x59, 0xBE, 0xFF, 0x59, 0xBE, 0xFF,
  0x59, 0xBE, 0xFF, 0x59, 0xBE, 0xFF, 0x59, 0xBE, 0xFF, 0x59, 0xBE, 0xFF, 0x59, 0xBE, 0xFF, 0x59,
  0xBE, 0xFF, 0x59, 0xBE, 0xFF, 0x59, 0xBE, 0xFF, 0x59, 0xBE, 0xFF, 0x39, 0xBE, 0xFF, 0xFC, 0xCE,
  0xFF, 0x14, 0x95, 0xFF, 0x41, 0x08, 0xFF, 0x31, 0x84, 0xFF, 0x97, 0xAD, 0xFF, 0x35, 0xA5, 0xFF,
  0x31, 0x84, 0xFF, 0x92, 0x8C, 0xFF, 0x35, 0xA5, 0xFF, 0x35, 0xA5, 0xFF, 0x31, 0x84, 0xFF, 0x72,
  0x8C, 0xFF, 0xF8, 0xBD, 0xFF, 0xEB, 0x5A, 0xFF, 0x00, 0x00, 0xFF, 0xC3, 0x18, 0xFF, 0xE4, 0x18,
  0xFF, 0xE3, 0x18, 0xFF, 0xC3, 0x10, 0xFF, 0x45, 0x21, 0xFF, 0xA7, 0x31, 0xFF, 0xA7, 0x31, 0xFF,
  0xA7, 0x31, 0xFF, 0xA7, 0x31, 0xFF, 0xA7, 0x31, 0xFF, 0xA7, 0x31, 0xFF, 0xA7, 0x31, 0xFF, 0xA7,
  0x31, 0xFF, 0xA7, 0x31, 0xFF, 0xA7, 0x31, 0xFF, 0xA7, 0x31, 0xFF, 0xA7, 0x31, 0xFF, 0xA7, 0x31,
  0xFF, 0xA7, 0x31, 0xFF, 0xA6, 0x31, 0xFF, 0xA6, 0x31, 0xFF, 0xA6, 0x31, 0xFF, 0xA6, 0x31, 0xFF,
  0xA6, 0x31, 0xFF, 0xA6, 0x31, 0xFF, 0xA6, 0x31, 0xFF, 0x86, 0x31, 0xFF, 0x86, 0x31, 0xFF, 0xA7,
  0x31, 0xFF, 0xA7, 0x31, 0xFF, 0xA6, 0x31, 0xFF, 0xA6, 0x31, 0xFF, 0xA6, 0x31, 0xFF, 0x86, 0x31,
  0xFF, 0x86, 0x29, 0xFF, 0x86, 0x29, 0xFF, 0x86, 0x29, 0xFF, 0x86, 0x29, 0xFF, 0x86, 0x29, 0xFF,
  0x86, 0x29, 0xFF, 0x86, 0x29, 0xFF, 0x86, 0x29, 0xFF, 0x86, 0x29, 0xFF, 0x86, 0x29, 0xFF, 0x86,
  0x29, 0xFF, 0x86, 0x29, 0xFF, 0x86, 0x31, 0xFF, 0x86, 0x29, 0xFF, 0x86, 0x29, 0xFF, 0x86, 0x29,
  0xFF, 0x86, 0x29, 0xFF, 0x86, 0x31, 0xFF, 0x86, 0x31, 0xFF, 0x86, 0x29, 0xFF, 0xA7, 0x31, 0xFF,
  0xA7, 0x31, 0xFF, 0xC3, 0x18, 0xFF, 0xA3, 0x10, 0xFF, 0xE3, 0x18, 0xFF, 0x61, 0x08, 0xFF, 0xA2,
  0x10, 0xFF, 0x14, 0x9D, 0xFF, 0x15, 0x9D, 0xFF, 0x72, 0x8C, 0xFF, 0xD8, 0xB5, 0xFF, 0xEB, 0x5A,
  0xFF, 0x20, 0x00, 0xFF, 0xC3, 0x10, 0xFF, 0xC3, 0x18, 0xFF, 0xC3, 0x18, 0xFF, 0xC3, 0x18, 0xFF,
  0xC3, 0x18, 0xFF, 0xC3, 0x10, 0xFF, 0xA3, 0x10, 0xFF, 0x66, 0x29, 0xFF, 0xC7, 0x31, 0xFF, 0x86,
  0x31, 0xFF, 0xA7, 0x31, 0xFF, 0xA7, 0x31, 0xFF, 0xA7, 0x31, 0xFF, 0xA7, 0x31, 0xFF, 0xA7, 0x31,
  0xFF, 0xA7, 0x31, 0xFF, 0xA7, 0x31, 0xFF, 0xA7, 0x31, 0xFF, 0xA7, 0x31, 0xFF, 0xA6, 0x31, 0xFF,
  0xA6, 0x31, 0xFF, 0xA6, 0x31, 0xFF, 0x86, 0x31, 0xFF, 0x86, 0x31, 0xFF, 0x86, 0x31, 0xFF, 0xA6,
  0x31, 0xFF, 0xA7, 0x31, 0xFF, 0xA7, 0x31, 0xFF, 0xA7, 0x31, 0xFF, 0xA7, 0x31, 0xFF, 0xA7, 0x31,
  0xFF, 0xA6, 0x31, 0xFF, 0xA6, 0x31, 0xFF, 0xA6, 0x31, 0xFF, 0xA7, 0x31, 0xFF, 0xA7, 0x31, 0xFF,
  0xA7, 0x31, 0xFF, 0xA7, 0x31, 0xFF, 0xA7, 0x31, 0xFF, 0xA7, 0x31, 0xFF, 0xA7, 0x31, 0xFF, 0xA7,
  0x31, 0xFF, 0xA7, 0x31, 0xFF, 0xA7, 0x31, 0xFF, 0xA6, 0x31, 0xFF, 0xA6, 0x31, 0xFF, 0xA6, 0x31,
  0xFF, 0xA6, 0x31, 0xFF, 0x86, 0x31, 0xFF, 0x86, 0x31, 0xFF, 0x86, 0x29, 0xFF, 0x86, 0x29, 0xFF,
  0x86, 0x29, 0xFF, 0x86, 0x29, 0xFF, 0x86, 0x29, 0xFF, 0x86, 0x29, 0xFF, 0xA6, 0x31, 0xFF, 0x86,
  0x29, 0xFF, 0xC3, 0x18, 0xFF, 0xC3, 0x10, 0xFF, 0xC3, 0x18, 0xFF, 0xC3, 0x18, 0xFF, 0x00, 0x00,
  0xFF, 0x45, 0x29, 0xFF, 0x96, 0xAD, 0xFF, 0x55, 0xA5, 0xFF, 0x14, 0x9D, 0xFF, 0x14, 0x9D, 0xFF,
  0x35, 0xA5, 0xFF, 0x72, 0x8C, 0xFF, 0x10, 0x84, 0xFF, 0x35, 0xA5, 0xFF, 0x14, 0x9D, 0xFF, 0x56,
  0xA5, 0xFF, 0x14, 0x9D, 0xFF, 0x65, 0x29, 0xF0, 0x86, 0x31, 0x24, 0xA6, 0x31, 0x00, 0xA6, 0x31,
  0x00, 0xA6, 0x31, 0x00, 0xA6, 0x31, 0x00, 0xA6, 0x31, 0x00, 0xA6, 0x31, 0x00, 0xA6, 0x31, 0x00,
  0x51, 0x84, 0x00, 0x51, 0x84, 0x00, 0x51, 0x84, 0x00, 0x51, 0x84, 0x00, 0x51, 0x84, 0x00, 0x51,
  0x8C, 0x00, 0x30, 0x84, 0x00, 0x8E, 0x6B, 0x00, 0xB2, 0x94, 0x00, 0xAE, 0x73, 0x00, 0xAB, 0x52,
  0x00, 0xCF, 0x73, 0x00, 0x45, 0x21, 0x00, 0x4D, 0x6B, 0x00, 0x10, 0x7C, 0x00, 0x8E, 0x6B, 0x00,
  0x08, 0x42, 0x00, 0x2D, 0x63, 0x00, 0x08, 0x42, 0x00, 0xCF, 0x73, 0x00, 0x29, 0x42, 0x00, 0xCB,
  0x5A, 0x00, 0xAF, 0x73, 0x00, 0xEC, 0x5A, 0x00, 0x28, 0x42, 0x00, 0x51, 0x84, 0x00, 0xCB, 0x5A,
  0x00, 0x71, 0x8C, 0x00, 0x8E, 0x6B, 0x00, 0xEB, 0x5A, 0x00, 0xA7, 0x31, 0x00, 0x49, 0x4A, 0x00,
  0xC7, 0x39, 0x00, 0x8A, 0x52, 0x00, 0xCB, 0x5A, 0x00, 0x29, 0x42, 0x00, 0x86, 0x31, 0x00, 0x65,
  0x29, 0x00, 0xE3, 0x18, 0x00, 0xB3, 0x94, 0x00, 0xF8, 0xBD, 0x00, 0x08, 0x3A, 0x00, 0x08, 0x42,
  0x00, 0xB2, 0x94, 0x00, 0x0B, 0x63, 0x39, 0x00, 0x00, 0xE4, 0x2D, 0x5B, 0xFF, 0x3D, 0xD7, 0xFF,
  0x1C, 0xD7, 0xFF, 0xD8, 0xAD, 0xFF, 0xF8, 0xB5, 0xFF, 0xBB, 0xC6, 0xFF, 0x55, 0x9D, 0xFF, 0xCC,
  0x4A, 0xFF, 0x4E, 0x5B, 0xFF, 0xC7, 0x31, 0xFF, 0x61, 0x10, 0xFF, 0xD3, 0x9C, 0xFF, 0xF4, 0x9C,
  0xFF, 0x6D, 0x6B, 0xFF, 0xB7, 0xB5, 0xFF, 0x76, 0xAD, 0xFF, 0x04, 0x19, 0xFF, 0xA2, 0x10, 0xFF,
  0x69, 0x4A, 0xFF, 0xE4, 0x18, 0xFF, 0x6A, 0x4A, 0xFF, 0x4E, 0x6B, 0xFF, 0xCC, 0x5A, 0xFF, 0x0C,
  0x63, 0xFF, 0x45, 0x21, 0xFF, 0x86, 0x29, 0xFF, 0x69, 0x42, 0xFF, 0x2D, 0x5B, 0xFF, 0x0D, 0x53,
  0xFF, 0x0D, 0x53, 0xFF, 0x8E, 0x63, 0xFF, 0x0C, 0x53, 0xFF, 0x2D, 0x5B, 0xFF, 0x59, 0xBE, 0xFF,
  0xDB, 0xCE, 0xFF, 0x39, 0xBE, 0xFF, 0x59, 0xBE, 0xFF, 0x59, 0xBE, 0xFF, 0x59, 0xBE, 0xFF, 0x59,
  0xBE, 0xFF, 0x59, 0xBE, 0xFF, 0x59, 0xBE, 0xFF, 0x59, 0xBE, 0xFF, 0x59, 0xBE, 0xFF, 0x59, 0xBE,
  0xFF, 0x59, 0xBE, 0xFF, 0x59, 0xBE, 0xFF, 0x59, 0xBE, 0xFF, 0x59, 0xBE, 0xFF, 0x59, 0xBE, 0xFF,
  0x59, 0xBE, 0xFF, 0x59, 0xBE, 0xFF, 0x59, 0xBE, 0xFF, 0x59, 0xBE, 0xFF, 0x59, 0xBE, 0xFF, 0x59,
  0xBE, 0xFF, 0x59, 0xBE, 0xFF, 0x59, 0xBE, 0xFF, 0x59, 0xBE, 0xFF, 0x59, 0xBE, 0xFF, 0x59, 0xBE,
  0xFF, 0x59, 0xBE, 0xFF, 0x59, 0xBE, 0xFF, 0x39, 0xB6, 0xFF, 0xFC, 0xCE, 0xFF, 0xD3, 0x8C, 0xFF,
  0x41, 0x08, 0xFF, 0x51, 0x8C, 0xFF, 0x97, 0xAD, 0xFF, 0x35, 0xA5, 0xFF, 0x31, 0x84, 0xFF, 0x92,
  0x8C, 0xFF, 0x35, 0xA5, 0xFF, 0x35, 0xA5, 0xFF, 0x30, 0x84, 0xFF, 0x92, 0x8C, 0xFF, 0xF8, 0xB5,
  0xFF, 0xEB, 0x5A, 0xFF, 0x00, 0x00, 0xFF, 0xC3, 0x18, 0xFF, 0xE4, 0x18, 0xFF, 0xE3, 0x18, 0xFF,
  0xC3, 0x10, 0xFF, 0x25, 0x21, 0xFF, 0xA7, 0x31, 0xFF, 0xA6, 0x31, 0xFF, 0xA7, 0x31, 0xFF, 0xA7,
  0x31, 0xFF, 0xA7, 0x31, 0xFF, 0xA7, 0x31, 0xFF, 0xA7, 0x31, 0xFF, 0xA7, 0x31, 0xFF, 0xA7, 0x31,
  0xFF, 0xA7, 0x31, 0xFF, 0xA7, 0x31, 0xFF, 0x86, 0x31, 0xFF, 0x86, 0x31, 0xFF, 0x86, 0x29, 0xFF,
  0x86, 0x29, 0xFF, 0x86, 0x29, 0xFF, 0x86, 0x29, 0xFF, 0x86, 0x29, 0xFF, 0x86, 0x29, 0xFF, 0x86,
  0x29, 0xFF, 0x86, 0x29, 0xFF, 0x86, 0x29, 0xFF, 0x86, 0x29, 0xFF, 0x86, 0x29, 0xFF, 0x86, 0x29,
  0xFF, 0x86, 0x29, 0xFF, 0x86, 0x29, 0xFF, 0x86, 0x29, 0xFF, 0x86, 0x29, 0xFF, 0x86, 0x29, 0xFF,
  0x86, 0x29, 0xFF, 0x86, 0x29, 0xFF, 0x86, 0x29, 0xFF, 0x86, 0x29, 0xFF, 0x86, 0x29, 0xFF, 0x86,
  0x29, 0xFF, 0x86, 0x29, 0xFF, 0x86, 0x29, 0xFF, 0x86, 0x29, 0xFF, 0x86, 0x29, 0xFF, 0x86, 0x29,
  0xFF, 0x86, 0x29, 0xFF, 0x86, 0x29, 0xFF, 0x86, 0x29, 0xFF, 0x86, 0x29, 0xFF, 0x86, 0x29, 0xFF,
  0x86, 0x29, 0xFF, 0x86, 0x29, 0xFF, 0x86, 0x29, 0xFF, 0xA7, 0x31, 0xFF, 0x86, 0x31, 0xFF, 0xC3,
  0x18, 0xFF, 0xA3, 0x10, 0xFF, 0xE3, 0x18, 0xFF, 0x61, 0x08, 0xFF, 0xA2, 0x10, 0xFF, 0xF4, 0x9C,
  0xFF, 0x56, 0xAD, 0xFF, 0xD3, 0x94, 0xFF, 0xD7, 0xB5, 0xFF, 0xEB, 0x5A, 0xFF, 0x20, 0x00, 0xFF,
  0xC3, 0x10, 0xFF, 0xC3, 0x18, 0xFF, 0xC3, 0x18, 0xFF, 0xC3, 0x18, 0xFF, 0xC3, 0x18, 0xFF, 0xC3,
  0x18, 0xFF, 0xA3, 0x10, 0xFF, 0x45, 0x21, 0xFF, 0xA7, 0x31, 0xFF, 0x86, 0x31, 0xFF, 0xA6, 0x31,
  0xFF, 0xA6, 0x31, 0xFF, 0xA6, 0x31, 0xFF, 0xA6, 0x31, 0xFF, 0xA6, 0x31, 0xFF, 0xA6, 0x31, 0xFF,
  0xA6, 0x31, 0xFF, 0xA6, 0x31, 0xFF, 0x86, 0x31, 0xFF, 0x86, 0x31, 0xFF, 0x86, 0x29, 0xFF, 0x86,
  0x29, 0xFF, 0x86, 0x29, 0xFF, 0x86, 0x29, 0xFF, 0x86, 0x29, 0xFF, 0x86, 0x29, 0xFF, 0x86, 0x29,
  0xFF, 0xA6, 0x31, 0xFF, 0xA6, 0x31, 0xFF, 0xA6, 0x31, 0xFF, 0xA6, 0x31, 0xFF, 0x86, 0x29, 0xFF,
  0x86, 0x29, 0xFF, 0x86, 0x29, 0xFF, 0x86, 0x31, 0xFF, 0x86, 0x31, 0xFF, 0x86, 0x31, 0xFF, 0x86,
  0x31, 0xFF, 0x86, 0x29, 0xFF, 0x86, 0x29, 0xFF, 0x86, 0x29, 0xFF, 0x86, 0x29, 0xFF, 0x86, 0x29,
  0xFF, 0x86, 0x29, 0xFF, 0x86, 0x29, 0xFF, 0x86, 0x29, 0xFF, 0x86, 0x29, 0xFF, 0x86, 0x29, 0xFF,
  0x86, 0x29, 0xFF, 0x86, 0x29, 0xFF, 0x86, 0x29, 0xFF, 0x86, 0x29, 0xFF, 0x86, 0x29, 0xFF, 0x86,
  0x29, 0xFF, 0x86, 0x29, 0xFF, 0x86, 0x29, 0xFF, 0x86, 0x29, 0xFF, 0x86, 0x29, 0xFF, 0xE4, 0x18,
  0xFF, 0xA3, 0x10, 0xFF, 0xC3, 0x18, 0xFF, 0xC3, 0x18, 0xFF, 0x20, 0x00, 0xFF, 0xC3, 0x18, 0xFF,
  0x55, 0xA5, 0xFF, 0x76, 0xAD, 0xFF, 0x14, 0x9D, 0xFF, 0x14, 0x9D, 0xFF, 0x15, 0x9D, 0xFF, 0xD3,
  0x94, 0xFF, 0xAF, 0x73, 0xFF, 0x14, 0x9D, 0xFF, 0x35, 0xA5, 0xFF, 0x35, 0xA5, 0xFF, 0x96, 0xAD,
  0xFF, 0x86, 0x29, 0xFF, 0xEC, 0x5A, 0x42, 0xF4, 0x9C, 0x00, 0x72, 0x8C, 0x00, 0x72, 0x8C, 0x00,
  0x72, 0x8C, 0x00, 0x72, 0x8C, 0x00, 0x72, 0x8C, 0x00, 0x72, 0x8C, 0x00, 0x51, 0x84, 0x00, 0x51,
  0x84, 0x00, 0x51, 0x84, 0x00, 0x51, 0x84, 0x00, 0x51, 0x84, 0x00, 0x51, 0x8C, 0x00, 0x30, 0x84,
  0x00, 0x8E, 0x6B, 0x00, 0xB2, 0x94, 0x00, 0xAE, 0x73, 0x00, 0xAB, 0x52, 0x00, 0xCF, 0x73, 0x00,
  0x45, 0x21, 0x00, 0x4D, 0x6B, 0x00, 0x10, 0x7C, 0x00, 0x8E, 0x6B, 0x00, 0x08, 0x42, 0x00, 0x2D,
  0x63, 0x00, 0x08, 0x42, 0x00, 0xCF, 0x73, 0x00, 0x29, 0x42, 0x00, 0xCB, 0x5A, 0x00, 0xAF, 0x73,
  0x00, 0xEC, 0x5A, 0x00, 0x28, 0x42, 0x00, 0x51, 0x84, 0x00, 0xCB, 0x5A, 0x00, 0x71, 0x8C, 0x00,
  0x8E, 0x6B, 0x00, 0xEB, 0x5A, 0x00, 0xA7, 0x31, 0x00, 0x49, 0x4A, 0x00, 0xC7, 0x39, 0x00, 0x8A,
  0x52, 0x00, 0xCB, 0x5A, 0x00, 0x29, 0x42, 0x00, 0x86, 0x31, 0x00, 0x65, 0x29, 0x00, 0xE3, 0x18,
  0x00, 0xB3, 0x94, 0x00, 0xF7, 0xBD, 0x00, 0x28, 0x42, 0x00, 0xAA, 0x52, 0x00, 0xE7, 0x39, 0x6F,
  0x00, 0x00, 0xFF, 0x31, 0x74, 0xFF, 0xBF, 0xE7, 0xFF, 0xDB, 0xCE, 0xFF, 0xF8, 0xB5, 0xFF, 0x39,
  0xBE, 0xFF, 0x9A, 0xC6, 0xFF, 0xD3, 0x8C, 0xFF, 0x0D, 0x53, 0xFF, 0x6E, 0x63, 0xFF, 0x45, 0x19,
  0xFF, 0x04, 0x21, 0xFF, 0x97, 0xB5, 0xFF, 0x35, 0xA5, 0xFF, 0x2C, 0x63, 0xFF, 0x76, 0xAD, 0xFF,
  0xF8, 0xBD, 0xFF, 0xEB, 0x5A, 0xFF, 0x00, 0x00, 0xFF, 0x62, 0x08, 0xFF, 0x21, 0x00, 0xFF, 0x61,
  0x08, 0xFF, 0x86, 0x29, 0xFF, 0xA7, 0x31, 0xFF, 0x86, 0x31, 0xFF, 0xC8, 0x39, 0xFF, 0x04, 0x21,
  0xFF, 0x45, 0x21, 0xFF, 0xE8, 0x31, 0xFF, 0x6A, 0x42, 0xFF, 0xEC, 0x52, 0xFF, 0xCB, 0x4A, 0xFF,
  0x4D, 0x5B, 0xFF, 0x8E, 0x63, 0xFF, 0xCB, 0x4A, 0xFF, 0xCF, 0x6B, 0xFF, 0xDB, 0xCE, 0xFF, 0x9A,
  0xC6, 0xFF, 0x39, 0xBE, 0xFF, 0x59, 0xBE, 0xFF, 0x59, 0xBE, 0xFF, 0x59, 0xBE, 0xFF, 0x59, 0xBE,
  0xFF, 0x59, 0xBE, 0xFF, 0x59, 0xBE, 0xFF, 0x59, 0xBE, 0xFF, 0x59, 0xBE, 0xFF, 0x59, 0xBE, 0xFF,
  0x59, 0xBE, 0xFF, 0x59, 0xBE, 0xFF, 0x59, 0xBE, 0xFF, 0x59, 0xBE, 0xFF, 0x59, 0xBE, 0xFF, 0x59,
  0xBE, 0xFF, 0x59, 0xBE, 0xFF, 0x59, 0xBE, 0xFF, 0x59, 0xBE, 0xFF, 0x59, 0xBE, 0xFF, 0x59, 0xBE,
  0xFF, 0x59, 0xBE, 0xFF, 0x59, 0xBE, 0xFF, 0x59, 0xBE, 0xFF, 0x59, 0xBE, 0xFF, 0x59, 0xBE, 0xFF,
  0x59, 0xBE, 0xFF, 0x39, 0xBE, 0xFF, 0x1C, 0xD7, 0xFF, 0xB3, 0x8C, 0xFF, 0x41, 0x08, 0xFF, 0x72,
  0x8C, 0xFF, 0x96, 0xAD, 0xFF, 0x35, 0xA5, 0xFF, 0x51, 0x84, 0xFF, 0x92, 0x8C, 0xFF, 0x35, 0xA5,
  0xFF, 0x35, 0xA5, 0xFF, 0x30, 0x84, 0xFF, 0xB3, 0x94, 0xFF, 0xF8, 0xB5, 0xFF, 0xEB, 0x5A, 0xFF,
  0x00, 0x00, 0xFF, 0xC3, 0x18, 0xFF, 0xE4, 0x18, 0xFF, 0xE3, 0x18, 0xFF, 0xC3, 0x10, 0xFF, 0x25,
  0x21, 0xFF, 0xA7, 0x31, 0xFF, 0x86, 0x31, 0xFF, 0x86, 0x29, 0xFF, 0x86, 0x29, 0xFF, 0x86, 0x31,
  0xFF, 0xA6, 0x29, 0xFF, 0xA6, 0x29, 0xFF, 0x86, 0x29, 0xFF, 0x86, 0x29, 0xFF, 0x86, 0x29, 0xFF,
  0x86, 0x29, 0xFF, 0x86, 0x29, 0xFF, 0x86, 0x29, 0xFF, 0x86, 0x29, 0xFF, 0x86, 0x29, 0xFF, 0x86,
  0x29, 0xFF, 0x86, 0x29, 0xFF, 0x86, 0x29, 0xFF, 0x86, 0x29, 0xFF, 0x86, 0x29, 0xFF, 0x86, 0x29,
  0xFF, 0x86, 0x29, 0xFF, 0x86, 0x29, 0xFF, 0x86, 0x29, 0xFF, 0x86, 0x29, 0xFF, 0x86, 0x29, 0xFF,
  0x86, 0x29, 0xFF, 0x86, 0x29, 0xFF, 0x86, 0x29, 0xFF, 0x86, 0x29, 0xFF, 0x86, 0x29, 0xFF, 0x86,
  0x29, 0xFF, 0x86, 0x29, 0xFF, 0x86, 0x29, 0xFF, 0x86, 0x29, 0xFF, 0x86, 0x29, 0xFF, 0x66, 0x29,
  0xFF, 0x66, 0x29, 0xFF, 0x86, 0x29, 0xFF, 0x86, 0x29, 0xFF, 0x86, 0x29, 0xFF, 0x86, 0x29, 0xFF,
  0x86, 0x29, 0xFF, 0x86, 0x29, 0xFF, 0x86, 0x29, 0xFF, 0x86, 0x29, 0xFF, 0x86, 0x29, 0xFF, 0x86,
  0x29, 0xFF, 0x86, 0x29, 0xFF, 0x86, 0x29, 0xFF, 0x86, 0x29, 0xFF, 0xC3, 0x18, 0xFF, 0xA3, 0x10,
  0xFF, 0xC3, 0x18, 0xFF, 0x41, 0x08, 0xFF, 0x82, 0x10, 0xFF, 0xF4, 0x9C, 0xFF, 0x76, 0xAD, 0xFF,
  0xB2, 0x94, 0xFF, 0xD7, 0xB5, 0xFF, 0x2D, 0x63, 0xFF, 0x00, 0x00, 0xFF, 0xA3, 0x10, 0xFF, 0xC3,
  0x18, 0xFF, 0xC3, 0x18, 0xFF, 0xC3, 0x18, 0xFF, 0xC3, 0x18, 0xFF, 0xC3, 0x18, 0xFF, 0xA3, 0x10,
  0xFF, 0x25, 0x21, 0xFF, 0xA7, 0x31, 0xFF, 0x86, 0x29, 0xFF, 0x86, 0x29, 0xFF, 0x86, 0x31, 0xFF,
  0x86, 0x29, 0xFF, 0x86, 0x29, 0xFF, 0x86, 0x29, 0xFF, 0x86, 0x29, 0xFF, 0x86, 0x29, 0xFF, 0x86,
  0x29, 0xFF, 0x86, 0x29, 0xFF, 0x86, 0x29, 0xFF, 0x86, 0x29, 0xFF, 0x86, 0x29, 0xFF, 0x86, 0x29,
  0xFF, 0x86, 0x29, 0xFF, 0x86, 0x29, 0xFF, 0x86, 0x29, 0xFF, 0x86, 0x29, 0xFF, 0x86, 0x29, 0xFF,
  0x86, 0x29, 0xFF, 0x86, 0x29, 0xFF, 0x86, 0x29, 0xFF, 0x86, 0x29, 0xFF, 0x86, 0x29, 0xFF, 0x86,
  0x29, 0xFF, 0x86, 0x29, 0xFF, 0x86, 0x29, 0xFF, 0x86, 0x29, 0xFF, 0x86, 0x29, 0xFF, 0x86, 0x29,
  0xFF, 0x86, 0x29, 0xFF, 0x86, 0x29, 0xFF, 0x86, 0x29, 0xFF, 0x86, 0x29, 0xFF, 0x86, 0x29, 0xFF,
  0x86, 0x29, 0xFF, 0x86, 0x29, 0xFF, 0x86, 0x29, 0xFF, 0x86, 0x29, 0xFF, 0x86, 0x29, 0xFF, 0x86,
  0x29, 0xFF, 0x86, 0x29, 0xFF, 0x86, 0x29, 0xFF, 0x86, 0x29, 0xFF, 0x86, 0x29, 0xFF, 0x86, 0x29,
  0xFF, 0x86, 0x29, 0xFF, 0x66, 0x29, 0xFF, 0x86, 0x29, 0xFF, 0x04, 0x19, 0xFF, 0xA3, 0x10, 0xFF,
  0xC3, 0x18, 0xFF, 0xC3, 0x18, 0xFF, 0x41, 0x08, 0xFF, 0x61, 0x08, 0xFF, 0xD3, 0x94, 0xFF, 0x96,
  0xAD, 0xFF, 0x14, 0x9D, 0xFF, 0x14, 0x9D, 0xFF, 0x15, 0x9D, 0xFF, 0x35, 0xA5, 0xFF, 0x6E, 0x6B,
  0xFF, 0xF4, 0x9C, 0xFF, 0x55, 0xA5, 0xFF, 0x14, 0x9D, 0xFF, 0xD8, 0xB5, 0xFF, 0x8A, 0x4A, 0xFF,
  0x49, 0x4A, 0x78, 0x51, 0x84, 0x00, 0xCF, 0x73, 0x00, 0xCF, 0x73, 0x00, 0xCF, 0x73, 0x00, 0xCF,
  0x73, 0x00, 0xCF, 0x73, 0x00, 0xCF, 0x73, 0x00, 0x51, 0x84, 0x00, 0x51, 0x84, 0x00, 0x51, 0x84,
  0x00, 0x51, 0x84, 0x00, 0x51, 0x84, 0x00, 0x51, 0x8C, 0x00, 0x30, 0x84, 0x00, 0x8E, 0x6B, 0x00,
  0xB2, 0x94, 0x00, 0xAE, 0x73, 0x00, 0xAB, 0x52, 0x00, 0xCF, 0x73, 0x00, 0x45, 0x21, 0x00, 0x4D,
  0x6B, 0x00, 0x10, 0x7C, 0x00, 0x8E, 0x6B, 0x00, 0x08, 0x42, 0x00, 0x2D, 0x63, 0x00, 0x08, 0x42,
  0x00, 0xCF, 0x73, 0x00, 0x29, 0x42, 0x00, 0xCB, 0x5A, 0x00, 0xAF, 0x73, 0x00, 0xEC, 0x5A, 0x00,
  0x28, 0x42, 0x00, 0x51, 0x84, 0x00, 0xCB, 0x5A, 0x00, 0x71, 0x8C, 0x00, 0x8E, 0x6B, 0x00, 0xEB,
  0x5A, 0x00, 0xA7, 0x31, 0x00, 0x49, 0x4A, 0x00, 0xC7, 0x39, 0x00, 0x8A, 0x52, 0x00, 0xCB, 0x5A,
  0x00, 0x29, 0x42, 0x00, 0x86, 0x31, 0x00, 0x65, 0x29, 0x00, 0xE3, 0x18, 0x00, 0x92, 0x94, 0x00,
  0x39, 0xC6, 0x00, 0x6A, 0x4A, 0x0D, 0xE3, 0x18, 0xA5, 0x45, 0x21, 0xFF, 0x97, 0x9D, 0xFF, 0xDF,
  0xE7, 0xFF, 0xDB, 0xD6, 0xFF, 0x7A, 0xC6, 0xFF, 0x9A, 0xC6, 0xFF, 0x9A, 0xC6, 0xFF, 0x51, 0x7C,
  0xFF, 0xCC, 0x4A, 0xFF, 0x6F, 0x63, 0xFF, 0xC3, 0x10, 0xFF, 0x45, 0x29, 0xFF, 0xB7, 0xB5, 0xFF,
  0x19, 0xBE, 0xFF, 0x31, 0x84, 0xFF, 0x51, 0x8C, 0xFF, 0x76, 0xAD, 0xFF, 0xB7, 0xB5, 0xFF, 0x6A,
  0x4A, 0xFF, 0x00, 0x00, 0xFF, 0x82, 0x10, 0xFF, 0x61, 0x08, 0xFF, 0x61, 0x08, 0xFF, 0x86, 0x31,
  0xFF, 0xC7, 0x39, 0xFF, 0xA7, 0x31, 0xFF, 0xE8, 0x39, 0xFF, 0x04, 0x19, 0xFF, 0x65, 0x21, 0xFF,
  0xC7, 0x31, 0xFF, 0x45, 0x21, 0xFF, 0x08, 0x3A, 0xFF, 0xCB, 0x4A, 0xFF, 0xEC, 0x52, 0xFF, 0x6E,
  0x63, 0xFF, 0x6E, 0x63, 0xFF, 0xAB, 0x4A, 0xFF, 0xB3, 0x8C, 0xFF, 0xFC, 0xD6, 0xFF, 0x59, 0xBE,
  0xFF, 0x59, 0xBE, 0xFF, 0x59, 0xBE, 0xFF, 0x59, 0xBE, 0xFF, 0x59, 0xBE, 0xFF, 0x59, 0xBE, 0xFF,
  0x59, 0xBE, 0xFF, 0x59, 0xBE, 0xFF, 0x59, 0xBE, 0xFF, 0x59, 0xBE, 0xFF, 0x59, 0xBE, 0xFF, 0x59,
  0xBE, 0xFF, 0x59, 0xBE, 0xFF, 0x59, 0xBE, 0xFF, 0x59, 0xBE, 0xFF, 0x59, 0xBE, 0xFF, 0x59, 0xBE,
  0xFF, 0x59, 0xBE, 0xFF, 0x59, 0xBE, 0xFF, 0x59, 0xBE, 0xFF, 0x59, 0xBE, 0xFF, 0x59, 0xBE, 0xFF,
  0x59, 0xBE, 0xFF, 0x59, 0xBE, 0xFF, 0x59, 0xBE, 0xFF, 0x59, 0xBE, 0xFF, 0x59, 0xBE, 0xFF, 0x39,
  0xBE, 0xFF, 0x1C, 0xD7, 0xFF, 0x72, 0x84, 0xFF, 0x41, 0x08, 0xFF, 0xB3, 0x94, 0xFF, 0x76, 0xAD,
  0xFF, 0x35, 0xA5, 0xFF, 0x51, 0x84, 0xFF, 0x92, 0x8C, 0xFF, 0x35, 0xA5, 0xFF, 0x35, 0xA5, 0xFF,
  0x10, 0x84, 0xFF, 0x93, 0x94, 0xFF, 0xF8, 0xB5, 0xFF, 0xCB, 0x5A, 0xFF, 0x00, 0x00, 0xFF, 0xC3,
  0x18, 0xFF, 0xE4, 0x18, 0xFF, 0xE3, 0x18, 0xFF, 0xC3, 0x10, 0xFF, 0x24, 0x21, 0xFF, 0xA7, 0x31,
  0xFF, 0x86, 0x29, 0xFF, 0x86, 0x29, 0xFF, 0x86, 0x29, 0xFF, 0x86, 0x29, 0xFF, 0x86, 0x29, 0xFF,
  0x86, 0x29, 0xFF, 0x86, 0x29, 0xFF, 0x86, 0x29, 0xFF, 0x86, 0x29, 0xFF, 0x86, 0x29, 0xFF, 0x86,
  0x29, 0xFF, 0x86, 0x29, 0xFF, 0x86, 0x29, 0xFF, 0x86, 0x29, 0xFF, 0x86, 0x29, 0xFF, 0x86, 0x29,
  0xFF, 0x86, 0x29, 0xFF, 0x86, 0x29, 0xFF, 0x86, 0x29, 0xFF, 0x86, 0x29, 0xFF, 0x86, 0x29, 0xFF,
  0x86, 0x29, 0xFF, 0x86, 0x29, 0xFF, 0x86, 0x29, 0xFF, 0x86, 0x29, 0xFF, 0x86, 0x29, 0xFF, 0x86,
  0x29, 0xFF, 0x86, 0x29, 0xFF, 0x86, 0x29, 0xFF, 0x86, 0x29, 0xFF, 0x66, 0x29, 0xFF, 0x86, 0x29,
  0xFF, 0x86, 0x29, 0xFF, 0x66, 0x29, 0xFF, 0x66, 0x29, 0xFF, 0x66, 0x29, 0xFF, 0x66, 0x29, 0xFF,
  0x66, 0x29, 0xFF, 0x66, 0x29, 0xFF, 0x66, 0x29, 0xFF, 0x66, 0x29, 0xFF, 0x86, 0x29, 0xFF, 0x86,
  0x29, 0xFF, 0x86, 0x29, 0xFF, 0x86, 0x29, 0xFF, 0x66, 0x29, 0xFF, 0x86, 0x29, 0xFF, 0x66, 0x29,
  0xFF, 0x86, 0x29, 0xFF, 0x86, 0x29, 0xFF, 0xC3, 0x18, 0xFF, 0xA3, 0x10, 0xFF, 0xC3, 0x18, 0xFF,
  0x41, 0x08, 0xFF, 0x82, 0x10, 0xFF, 0xF4, 0x9C, 0xFF, 0x96, 0xAD, 0xFF, 0xB3, 0x94, 0xFF, 0xB7,
  0xB5, 0xFF, 0xAE, 0x73, 0xFF, 0x20, 0x00, 0xFF, 0x82, 0x10, 0xFF, 0xC3, 0x18, 0xFF, 0xC3, 0x18,
  0xFF, 0xC3, 0x18, 0xFF, 0xC3, 0x18, 0xFF, 0xC3, 0x18, 0xFF, 0xA3, 0x10, 0xFF, 0x25, 0x21, 0xFF,
  0xA7, 0x31, 0xFF, 0x86, 0x29, 0xFF, 0x86, 0x29, 0xFF, 0x86, 0x29, 0xFF, 0x86, 0x29, 0xFF, 0x86,
  0x29, 0xFF, 0x86, 0x29, 0xFF, 0x86, 0x29, 0xFF, 0x86, 0x29, 0xFF, 0x86, 0x29, 0xFF, 0x86, 0x29,
  0xFF, 0x86, 0x29, 0xFF, 0x86, 0x29, 0xFF, 0x86, 0x29, 0xFF, 0x86, 0x29, 0xFF, 0x86, 0x29, 0xFF,
  0x66, 0x29, 0xFF, 0x86, 0x29, 0xFF, 0x86, 0x29, 0xFF, 0x86, 0x29, 0xFF, 0x86, 0x29, 0xFF, 0x86,
  0x29, 0xFF, 0x86, 0x29, 0xFF, 0x86, 0x29, 0xFF, 0x86, 0x29, 0xFF, 0x86, 0x29, 0xFF, 0x86, 0x29,
  0xFF, 0x86, 0x29, 0xFF, 0x86, 0x29, 0xFF, 0x86, 0x29, 0xFF, 0x86, 0x29, 0xFF, 0x86, 0x29, 0xFF,
  0x86, 0x29, 0xFF, 0x86, 0x29, 0xFF, 0x86, 0x29, 0xFF, 0x86, 0x29, 0xFF, 0x86, 0x29, 0xFF, 0x86,
  0x29, 0xFF, 0x86, 0x29, 0xFF, 0x86, 0x29, 0xFF, 0x66, 0x29, 0xFF, 0x66, 0x29, 0xFF, 0x86, 0x29,
  0xFF, 0x86, 0x29, 0xFF, 0x86, 0x29, 0xFF, 0x86, 0x29, 0xFF, 0x66, 0x29, 0xFF, 0x66, 0x29, 0xFF,
  0x66, 0x29, 0xFF, 0x86, 0x29, 0xFF, 0x24, 0x21, 0xFF, 0xA3, 0x10, 0xFF, 0xC3, 0x10, 0xFF, 0xC3,
  0x10, 0xFF, 0x61, 0x08, 0xFF, 0x20, 0x00, 0xFF, 0x72, 0x8C, 0xFF, 0x97, 0xAD, 0xFF, 0x14, 0x9D,
  0xFF, 0x14, 0x9D, 0xFF, 0x14, 0x9D, 0xFF, 0x56, 0xA5, 0xFF, 0x6E, 0x6B, 0xFF, 0x92, 0x8C, 0xFF,
  0x76, 0xAD, 0xFF, 0xF4, 0x9C, 0xFF, 0xD7, 0xB5, 0xFF, 0xCF, 0x73, 0xFF, 0x24, 0x21, 0xAA, 0xAB,
  0x52, 0x00, 0xAA, 0x52, 0x00, 0x8A, 0x52, 0x00, 0x8A, 0x52, 0x00, 0x8A, 0x52, 0x00, 0x8A, 0x52,
  0x00, 0x8A, 0x52, 0x00, 0x51, 0x84, 0x00, 0x51, 0x84, 0x00, 0x51, 0x84, 0x00, 0x51, 0x84, 0x00,
  0x51, 0x84, 0x00, 0x51, 0x8C, 0x00, 0x30, 0x84, 0x00, 0x8E, 0x6B, 0x00, 0xB2, 0x94, 0x00, 0xAE,
  0x73, 0x00, 0xAB, 0x52, 0x00, 0xCF, 0x73, 0x00, 0x45, 0x21, 0x00, 0x4D, 0x6B, 0x00, 0x10, 0x7C,
  0x00, 0x8E, 0x6B, 0x00, 0x08, 0x42, 0x00, 0x2D, 0x63, 0x00, 0x08, 0x42, 0x00, 0xCF, 0x73, 0x00,
  0x29, 0x42, 0x00, 0xCB, 0x5A, 0x00, 0xAF, 0x73, 0x00, 0xEC, 0x5A, 0x00, 0x28, 0x42, 0x00, 0x51,
  0x84, 0x00, 0xCB, 0x5A, 0x00, 0x71, 0x8C, 0x00, 0x8E, 0x6B, 0x00, 0xEB, 0x5A, 0x00, 0xA7, 0x31,
  0x00, 0x49, 0x4A, 0x00, 0xC7, 0x39, 0x00, 0x8A, 0x52, 0x00, 0xCB, 0x5A, 0x00, 0x29, 0x42, 0x00,
  0x86, 0x31, 0x00, 0x65, 0x29, 0x00, 0xE3, 0x18, 0x00, 0x35, 0xA5, 0x00, 0x96, 0xAD, 0x1D, 0x82,
  0x10, 0xD7, 0x24, 0x19, 0xFF, 0xB3, 0x84, 0xFF, 0x15, 0x95, 0xFF, 0x31, 0x7C, 0xFF, 0xCF, 0x6B,
  0xFF, 0xF0, 0x73, 0xFF, 0xF0, 0x73, 0xFF, 0x4E, 0x5B, 0xFF, 0x8B, 0x42, 0xFF, 0xAB, 0x4A, 0xFF,
  0x82, 0x08, 0xFF, 0x28, 0x42, 0xFF, 0xD8, 0xBD, 0xFF, 0x76, 0xAD, 0xFF, 0x35, 0xA5, 0xFF, 0x72,
  0x8C, 0xFF, 0x51, 0x84, 0xFF, 0x55, 0xA5, 0xFF, 0xD7, 0xB5, 0xFF, 0x49, 0x4A, 0xFF, 0x00, 0x00,
  0xFF, 0x82, 0x10, 0xFF, 0x61, 0x08, 0xFF, 0x62, 0x08, 0xFF, 0x66, 0x29, 0xFF, 0xA7, 0x31, 0xFF,
  0x86, 0x31, 0xFF, 0xC7, 0x39, 0xFF, 0x04, 0x21, 0xFF, 0x65, 0x21, 0xFF, 0xC7, 0x31, 0xFF, 0x86,
  0x29, 0xFF, 0x45, 0x21, 0xFF, 0x29, 0x3A, 0xFF, 0xCB, 0x52, 0xFF, 0x4D, 0x5B, 0xFF, 0x8E, 0x63,
  0xFF, 0x4D, 0x5B, 0xFF, 0xCB, 0x4A, 0xFF, 0x76, 0xA5, 0xFF, 0xFC, 0xCE, 0xFF, 0x39, 0xBE, 0xFF,
  0x59, 0xBE, 0xFF, 0x59, 0xBE, 0xFF, 0x59, 0xBE, 0xFF, 0x59, 0xBE, 0xFF, 0x59, 0xBE, 0xFF, 0x59,
  0xBE, 0xFF, 0x59, 0xBE, 0xFF, 0x59, 0xBE, 0xFF, 0x59, 0xBE, 0xFF, 0x59, 0xBE, 0xFF, 0x59, 0xBE,
  0xFF, 0x59, 0xBE, 0xFF, 0x59, 0xBE, 0xFF, 0x59, 0xBE, 0xFF, 0x59, 0xBE, 0xFF, 0x59, 0xBE, 0xFF,
  0x59, 0xBE, 0xFF, 0x59, 0xBE, 0xFF, 0x59, 0xBE, 0xFF, 0x59, 0xBE, 0xFF, 0x59, 0xBE, 0xFF, 0x59,
  0xBE, 0xFF, 0x59, 0xBE, 0xFF, 0x59, 0xBE, 0xFF, 0x59, 0xBE, 0xFF, 0x39, 0xBE, 0xFF, 0x1D, 0xD7,
  0xFF, 0x31, 0x7C, 0xFF, 0x61, 0x08, 0xFF, 0xD3, 0x94, 0xFF, 0x76, 0xAD, 0xFF, 0x35, 0xA5, 0xFF,
  0x10, 0x84, 0xFF, 0x92, 0x94, 0xFF, 0x55, 0xA5, 0xFF, 0x35, 0xA5, 0xFF, 0x10, 0x84, 0xFF, 0xB3,
  0x94, 0xFF, 0xF8, 0xBD, 0xFF, 0xCB, 0x5A, 0xFF, 0x00, 0x00, 0xFF, 0xC3, 0x18, 0xFF, 0xE4, 0x18,
  0xFF, 0xE3, 0x18, 0xFF, 0xC3, 0x10, 0xFF, 0x25, 0x21, 0xFF, 0xA6, 0x31, 0xFF, 0x86, 0x29, 0xFF,
  0x86, 0x29, 0xFF, 0x86, 0x29, 0xFF, 0x86, 0x29, 0xFF, 0x86, 0x29, 0xFF, 0x86, 0x29, 0xFF, 0x86,
  0x29, 0xFF, 0x86, 0x29, 0xFF, 0x86, 0x29, 0xFF, 0x86, 0x29, 0xFF, 0x86, 0x29, 0xFF, 0x86, 0x29,
  0xFF, 0x86, 0x29, 0xFF, 0x86, 0x29, 0xFF, 0x66, 0x29, 0xFF, 0x66, 0x29, 0xFF, 0x86, 0x29, 0xFF,
  0x86, 0x29, 0xFF, 0x86, 0x29, 0xFF, 0x66, 0x29, 0xFF, 0x66, 0x29, 0xFF, 0x66, 0x29, 0xFF, 0x66,
  0x29, 0xFF, 0x66, 0x29, 0xFF, 0x66, 0x29, 0xFF, 0x66, 0x29, 0xFF, 0x66, 0x29, 0xFF, 0x66, 0x29,
  0xFF, 0x66, 0x29, 0xFF, 0x66, 0x29, 0xFF, 0x66, 0x29, 0xFF, 0x66, 0x29, 0xFF, 0x66, 0x29, 0xFF,
  0x66, 0x29, 0xFF, 0x66, 0x29, 0xFF, 0x66, 0x29, 0xFF, 0x66, 0x29, 0xFF, 0x66, 0x29, 0xFF, 0x66,
  0x29, 0xFF, 0x66, 0x29, 0xFF, 0x66, 0x29, 0xFF, 0x66, 0x29, 0xFF, 0x66, 0x29, 0xFF, 0x66, 0x29,
  0xFF, 0x66, 0x29, 0xFF, 0x66, 0x29, 0xFF, 0x66, 0x29, 0xFF, 0x66, 0x29, 0xFF, 0x86, 0x29, 0xFF,
  0x86, 0x29, 0xFF, 0xC3, 0x18, 0xFF, 0xA3, 0x10, 0xFF, 0xC3, 0x18, 0xFF, 0x61, 0x08, 0xFF, 0x61,
  0x08, 0xFF, 0xD3, 0x94, 0xFF, 0x96, 0xAD, 0xFF, 0xB3, 0x94, 0xFF, 0xB7, 0xB5, 0xFF, 0xAF, 0x73,
  0xFF, 0x20, 0x00, 0xFF, 0xA2, 0x10, 0xFF, 0xC3, 0x18, 0xFF, 0xC3, 0x18, 0xFF, 0xC3, 0x18, 0xFF,
  0xC3, 0x18, 0xFF, 0xC3, 0x18, 0xFF, 0xA3, 0x10, 0xFF, 0x04, 0x19, 0xFF, 0x86, 0x29, 0xFF, 0x66,
  0x29, 0xFF, 0x66, 0x29, 0xFF, 0x66, 0x29, 0xFF, 0x66, 0x29, 0xFF, 0x66, 0x29, 0xFF, 0x66, 0x29,
  0xFF, 0x66, 0x29, 0xFF, 0x66, 0x29, 0xFF, 0x66, 0x29, 0xFF, 0x66, 0x29, 0xFF, 0x66, 0x29, 0xFF,
  0x66, 0x29, 0xFF, 0x66, 0x29, 0xFF, 0x66, 0x29, 0xFF, 0x66, 0x29, 0xFF, 0x66, 0x29, 0xFF, 0x66,
  0x29, 0xFF, 0x66, 0x29, 0xFF, 0x66, 0x29, 0xFF, 0x66, 0x29, 0xFF, 0x66, 0x29, 0xFF, 0x66, 0x29,
  0xFF, 0x66, 0x29, 0xFF, 0x66, 0x29, 0xFF, 0x66, 0x29, 0xFF, 0x66, 0x29, 0xFF, 0x66, 0x29, 0xFF,
  0x66, 0x29, 0xFF, 0x66, 0x29, 0xFF, 0x66, 0x29, 0xFF, 0x66, 0x29, 0xFF, 0x66, 0x29, 0xFF, 0x66,
  0x29, 0xFF, 0x66, 0x29, 0xFF, 0x66, 0x29, 0xFF, 0x66, 0x29, 0xFF, 0x66, 0x29, 0xFF, 0x66, 0x29,
  0xFF, 0x66, 0x29, 0xFF, 0x66, 0x29, 0xFF, 0x66, 0x29, 0xFF, 0x66, 0x29, 0xFF, 0x66, 0x29, 0xFF,
  0x66, 0x29, 0xFF, 0x66, 0x29, 0xFF, 0x66, 0x29, 0xFF, 0x66, 0x29, 0xFF, 0x66, 0x29, 0xFF, 0x66,
  0x29, 0xFF, 0x45, 0x21, 0xFF, 0xC3, 0x10, 0xFF, 0xC3, 0x10, 0xFF, 0xC3, 0x18, 0xFF, 0x61, 0x08,
  0xFF, 0x00, 0x00, 0xFF, 0x51, 0x84, 0xFF, 0xB7, 0xAD, 0xFF, 0x14, 0x9D, 0xFF, 0x14, 0x9D, 0xFF,
  0x14, 0x9D, 0xFF, 0x55, 0xA5, 0xFF, 0xCF, 0x73, 0xFF, 0x72, 0x8C, 0xFF, 0x76, 0xA5, 0xFF, 0xF4,
  0x9C, 0xFF, 0x97, 0xAD, 0xFF, 0x72, 0x8C, 0xFF, 0x24, 0x21, 0xD5, 0x92, 0x94, 0x07, 0x34, 0xA5,
  0x00, 0xF4, 0x9C, 0x00, 0xF4, 0x9C, 0x00, 0xF4, 0x9C, 0x00, 0xF4, 0x9C, 0x00, 0xF4, 0x9C, 0x00,
  0x51, 0x84, 0x00, 0x51, 0x84, 0x00, 0x51, 0x84, 0x00, 0x51, 0x84, 0x00, 0x51, 0x84, 0x00, 0x51,
  0x8C, 0x00, 0x30, 0x84, 0x00, 0x8E, 0x6B, 0x00, 0xB2, 0x94, 0x00, 0xAE, 0x73, 0x00, 0xAB, 0x52,
  0x00, 0xCF, 0x73, 0x00, 0x45, 0x21, 0x00, 0x4D, 0x6B, 0x00, 0x10, 0x7C, 0x00, 0x8E, 0x6B, 0x00,
  0x08, 0x42, 0x00, 0x2D, 0x63, 0x00, 0x08, 0x42, 0x00, 0xCF, 0x73, 0x00, 0x29, 0x42, 0x00, 0xCB,
  0x5A, 0x00, 0xAF, 0x73, 0x00, 0xEC, 0x5A, 0x00, 0x28, 0x42, 0x00, 0x51, 0x84, 0x00, 0xCB, 0x5A,
  0x00, 0x71, 0x8C, 0x00, 0x8E, 0x6B, 0x00, 0xEB, 0x5A, 0x00, 0xA7, 0x31, 0x00, 0x49, 0x42, 0x00,
  0xC7, 0x39, 0x00, 0xEB, 0x5A, 0x00, 0x2C, 0x63, 0x00, 0x69, 0x4A, 0x02, 0x86, 0x31, 0x0A, 0x45,
  0x21, 0x0E, 0x24, 0x21, 0x05, 0x86, 0x31, 0x1B, 0xE3, 0x18, 0xD1, 0x61, 0x08, 0xFF, 0xA7, 0x29,
  0xFF, 0xE4, 0x10, 0xFF, 0x82, 0x08, 0xFF, 0x82, 0x08, 0xFF, 0x82, 0x08, 0xFF, 0x82, 0x08, 0xFF,
  0x41, 0x00, 0xFF, 0x20, 0x00, 0xFF, 0x20, 0x00, 0xFF, 0x00, 0x00, 0xFF, 0x0C, 0x63, 0xFF, 0x39,
  0xBE, 0xFF, 0x56, 0xA5, 0xFF, 0xF4, 0x9C, 0xFF, 0x55, 0xA5, 0xFF, 0x72, 0x8C, 0xFF, 0x72, 0x8C,
  0xFF, 0x55, 0xA5, 0xFF, 0xD7, 0xB5, 0xFF, 0x28, 0x42, 0xFF, 0x00, 0x00, 0xFF, 0x82, 0x10, 0xFF,
  0x61, 0x08, 0xFF, 0x82, 0x08, 0xFF, 0xA7, 0x31, 0xFF, 0xC7, 0x39, 0xFF, 0xC7, 0x39, 0xFF, 0xE8,
  0x39, 0xFF, 0xE4, 0x18, 0xFF, 0x65, 0x21, 0xFF, 0xC7, 0x31, 0xFF, 0x86, 0x29, 0xFF, 0x66, 0x21,
  0xFF, 0x86, 0x29, 0xFF, 0x8A, 0x42, 0xFF, 0x2D, 0x5B, 0xFF, 0x8E, 0x63, 0xFF, 0x6E, 0x63, 0xFF,
  0x0D, 0x53, 0xFF, 0x0D, 0x5B, 0xFF, 0x18, 0xB6, 0xFF, 0xBB, 0xCE, 0xFF, 0x39, 0xB6, 0xFF, 0x39,
  0xBE, 0xFF, 0x39, 0xBE, 0xFF, 0x59, 0xBE, 0xFF, 0x59, 0xBE, 0xFF, 0x59, 0xBE, 0xFF, 0x39, 0xBE,
  0xFF, 0x39, 0xBE, 0xFF, 0x39, 0xBE, 0xFF, 0x39, 0xBE, 0xFF, 0x39, 0xBE, 0xFF, 0x39, 0xBE, 0xFF,
  0x39, 0xBE, 0xFF, 0x39, 0xBE, 0xFF, 0x39, 0xBE, 0xFF, 0x39, 0xBE, 0xFF, 0x39, 0xBE, 0xFF, 0x39,
  0xBE, 0xFF, 0x39, 0xBE, 0xFF, 0x39, 0xBE, 0xFF, 0x59, 0xBE, 0xFF, 0x39, 0xBE, 0xFF, 0x59, 0xB6,
  0xFF, 0x59, 0xBE, 0xFF, 0x39, 0xBE, 0xFF, 0x39, 0xB6, 0xFF, 0x1C, 0xD7, 0xFF, 0x10, 0x74, 0xFF,
  0x61, 0x08, 0xFF, 0xF4, 0x9C, 0xFF, 0x76, 0xAD, 0xFF, 0x35, 0x9D, 0xFF, 0x10, 0x7C, 0xFF, 0xB3,
  0x94, 0xFF, 0x55, 0xA5, 0xFF, 0x15, 0x9D, 0xFF, 0x30, 0x84, 0xFF, 0xD3, 0x94, 0xFF, 0xF8, 0xB5,
  0xFF, 0xCB, 0x5A, 0xFF, 0x00, 0x00, 0xFF, 0xC3, 0x18, 0xFF, 0xE4, 0x18, 0xFF, 0xE3, 0x18, 0xFF,
  0xC3, 0x10, 0xFF, 0x25, 0x21, 0xFF, 0xA7, 0x31, 0xFF, 0x86, 0x29, 0xFF, 0x86, 0x29, 0xFF, 0x86,
  0x29, 0xFF, 0x86, 0x29, 0xFF, 0x86, 0x29, 0xFF, 0x86, 0x29, 0xFF, 0x86, 0x29, 0xFF, 0x86, 0x29,
  0xFF, 0x86, 0x29, 0xFF, 0x86, 0x29, 0xFF, 0x86, 0x29, 0xFF, 0x86, 0x29, 0xFF, 0x86, 0x29, 0xFF,
  0x86, 0x29, 0xFF, 0x86, 0x29, 0xFF, 0x86, 0x29, 0xFF, 0x86, 0x29, 0xFF, 0x86, 0x29, 0xFF, 0x86,
  0x29, 0xFF, 0x86, 0x29, 0xFF, 0x86, 0x29, 0xFF, 0x86, 0x29, 0xFF, 0x86, 0x29, 0xFF, 0x86, 0x29,
  0xFF, 0x86, 0x29, 0xFF, 0x86, 0x29, 0xFF, 0x86, 0x29, 0xFF, 0x86, 0x29, 0xFF, 0x86, 0x29, 0xFF,
  0x86, 0x29, 0xFF, 0x86, 0x29, 0xFF, 0x66, 0x29, 0xFF, 0x66, 0x29, 0xFF, 0x66, 0x29, 0xFF, 0x66,
  0x29, 0xFF, 0x66, 0x29, 0xFF, 0x66, 0x29, 0xFF, 0x66, 0x29, 0xFF, 0x66, 0x29, 0xFF, 0x66, 0x29,
  0xFF, 0x66, 0x29, 0xFF, 0x66, 0x29, 0xFF, 0x66, 0x29, 0xFF, 0x66, 0x29, 0xFF, 0x66, 0x29, 0xFF,
  0x86, 0x29, 0xFF, 0x66, 0x29, 0xFF, 0x86, 0x29, 0xFF, 0x86, 0x29, 0xFF, 0x86, 0x29, 0xFF, 0xC3,
  0x18, 0xFF, 0xA3, 0x10, 0xFF, 0xC3, 0x18, 0xFF, 0x61, 0x08, 0xFF, 0x61, 0x08, 0xFF, 0xF4, 0x9C,
  0xFF, 0x76, 0xAD, 0xFF, 0x10, 0x7C, 0xFF, 0xB7, 0xB5, 0xFF, 0xF0, 0x7B, 0xFF, 0x20, 0x00, 0xFF,
  0x82, 0x08, 0xFF, 0xC3, 0x18, 0xFF, 0xC3, 0x10, 0xFF, 0xC3, 0x18, 0xFF, 0xC3, 0x18, 0xFF, 0xC3,
  0x18, 0xFF, 0xA3, 0x10, 0xFF, 0xE4, 0x18, 0xFF, 0xA6, 0x31, 0xFF, 0x86, 0x29, 0xFF, 0x86, 0x29,
  0xFF, 0x86, 0x29, 0xFF, 0x86, 0x29, 0xFF, 0x86, 0x29, 0xFF, 0x86, 0x29, 0xFF, 0x86, 0x29, 0xFF,
  0x86, 0x29, 0xFF, 0x66, 0x29, 0xFF, 0x86, 0x29, 0xFF, 0x86, 0x29, 0xFF, 0x86, 0x29, 0xFF, 0x86,
  0x29, 0xFF, 0x66, 0x29, 0xFF, 0x66, 0x29, 0xFF, 0x86, 0x29, 0xFF, 0x86, 0x29, 0xFF, 0x66, 0x29,
  0xFF, 0x66, 0x29, 0xFF, 0x66, 0x29, 0xFF, 0x86, 0x29, 0xFF, 0x86, 0x29, 0xFF, 0x86, 0x29, 0xFF,
  0x86, 0x29, 0xFF, 0x86, 0x29, 0xFF, 0x66, 0x29, 0xFF, 0x66, 0x29, 0xFF, 0x66, 0x29, 0xFF, 0x66,
  0x29, 0xFF, 0x66, 0x29, 0xFF, 0x66, 0x29, 0xFF, 0x86, 0x29, 0xFF, 0x66, 0x29, 0xFF, 0x66, 0x29,
  0xFF, 0x66, 0x29, 0xFF, 0x66, 0x29, 0xFF, 0x66, 0x29, 0xFF, 0x66, 0x29, 0xFF, 0x66, 0x29, 0xFF,
  0x66, 0x29, 0xFF, 0x66, 0x29, 0xFF, 0x66, 0x29, 0xFF, 0x66, 0x29, 0xFF, 0x66, 0x29, 0xFF, 0x66,
  0x29, 0xFF, 0x66, 0x29, 0xFF, 0x66, 0x29, 0xFF, 0x66, 0x29, 0xFF, 0x86, 0x29, 0xFF, 0x66, 0x29,
  0xFF, 0xC3, 0x18, 0xFF, 0xC3, 0x10, 0xFF, 0xC3, 0x18, 0xFF, 0x82, 0x08, 0xFF, 0x00, 0x00, 0xFF,
  0xCF, 0x7B, 0xFF, 0xB7, 0xB5, 0xFF, 0x14, 0x9D, 0xFF, 0x14, 0x9D, 0xFF, 0x14, 0x9D, 0xFF, 0x55,
  0xA5, 0xFF, 0x31, 0x84, 0xFF, 0x31, 0x84, 0xFF, 0x55, 0xA5, 0xFF, 0x14, 0x9D, 0xFF, 0x55, 0xA5,
  0xFF, 0x35, 0xA5, 0xFF, 0xA6, 0x31, 0xF5, 0x10, 0x84, 0x23, 0xF4, 0x9C, 0x00, 0xD3, 0x94, 0x00,
  0xD3, 0x94, 0x00, 0xD3, 0x94, 0x00, 0xD3, 0x94, 0x00, 0xD3, 0x94, 0x00, 0x51, 0x84, 0x00, 0x51,
  0x84, 0x00, 0x51, 0x84, 0x00, 0x51, 0x84, 0x00, 0x51, 0x84, 0x00, 0x51, 0x8C, 0x00, 0x30, 0x84,
  0x00, 0x8E, 0x6B, 0x00, 0xB2, 0x94, 0x00, 0xAE, 0x73, 0x00, 0xAB, 0x52, 0x00, 0xCF, 0x73, 0x00,
  0x45, 0x21, 0x00, 0x4D, 0x6B, 0x00, 0x10, 0x7C, 0x00, 0x8E, 0x6B, 0x00, 0x08, 0x42, 0x00, 0x2D,
  0x63, 0x00, 0x08, 0x42, 0x00, 0xCF, 0x73, 0x00, 0x29, 0x42, 0x00, 0xCB, 0x5A, 0x00, 0xAF, 0x73,
  0x00, 0xEC, 0x5A, 0x00, 0x28, 0x42, 0x00, 0x51, 0x84, 0x00, 0xCB, 0x5A, 0x00, 0x71, 0x8C, 0x00,
  0x8E, 0x6B, 0x00, 0xEB, 0x5A, 0x00, 0xC7, 0x39, 0x00, 0x6A, 0x4A, 0x00, 0x65, 0x29, 0x46, 0xE3,
  0x18, 0x9E, 0x45, 0x29, 0xAB, 0x45, 0x21, 0xBB, 0x45, 0x29, 0xCC, 0x65, 0x29, 0xD6, 0xA6, 0x31,
  0xD8, 0x04, 0x19, 0xE2, 0xA2, 0x10, 0xFF, 0x66, 0x29, 0xFF, 0x45, 0x29, 0xFF, 0x45, 0x29, 0xFF,
  0xA6, 0x31, 0xFF, 0xE7, 0x39, 0xFF, 0xE8, 0x39, 0xFF, 0xE7, 0x39, 0xFF, 0x08, 0x42, 0xFF, 0x69,
  0x4A, 0xFF, 0xAA, 0x52, 0xFF, 0x30, 0x84, 0xFF, 0xF8, 0xBD, 0xFF, 0x55, 0xA5, 0xFF, 0xF4, 0x9C,
  0xFF, 0x35, 0xA5, 0xFF, 0x56, 0xA5, 0xFF, 0x51, 0x84, 0xFF, 0x72, 0x8C, 0xFF, 0x56, 0xA5, 0xFF,
  0xD7, 0xB5, 0xFF, 0xE8, 0x39, 0xFF, 0x00, 0x00, 0xFF, 0x82, 0x10, 0xFF, 0x62, 0x08, 0xFF, 0x61,
  0x08, 0xFF, 0x25, 0x21, 0xFF, 0x66, 0x29, 0xFF, 0x65, 0x29, 0xFF, 0x04, 0x21, 0xFF, 0xC3, 0x18,
  0xFF, 0xA7, 0x29, 0xFF, 0xA7, 0x29, 0xFF, 0xA6, 0x29, 0xFF, 0x86, 0x29, 0xFF, 0x66, 0x21, 0xFF,
  0x08, 0x3A, 0xFF, 0xEC, 0x52, 0xFF, 0xAF, 0x6B, 0xFF, 0x8F, 0x63, 0xFF, 0xAF, 0x63, 0xFF, 0xEC,
  0x52, 0xFF, 0xD0, 0x6B, 0xFF, 0xFC, 0xD6, 0xFF, 0xDB, 0xCE, 0xFF, 0x9A, 0xC6, 0xFF, 0x9A, 0xC6,
  0xFF, 0x9A, 0xC6, 0xFF, 0x9A, 0xC6, 0xFF, 0x9A, 0xC6, 0xFF, 0x9B, 0xC6, 0xFF, 0x9A, 0xC6, 0xFF,
  0x9A, 0xC6, 0xFF, 0x9A, 0xC6, 0xFF, 0x9A, 0xC6, 0xFF, 0x9A, 0xC6, 0xFF, 0x9A, 0xC6, 0xFF, 0x9B,
  0xC6, 0xFF, 0x9B, 0xC6, 0xFF, 0x9B, 0xC6, 0xFF, 0x9A, 0xC6, 0xFF, 0x9A, 0xC6, 0xFF, 0xBB, 0xC6,
  0xFF, 0xBB, 0xC6, 0xFF, 0xBB, 0xC6, 0xFF, 0xBB, 0xC6, 0xFF, 0xBB, 0xC6, 0xFF, 0xBB, 0xC6, 0xFF,
  0xBB, 0xC6, 0xFF, 0x9A, 0xC6, 0xFF, 0x9E, 0xE7, 0xFF, 0x72, 0x7C, 0xFF, 0x61, 0x08, 0xFF, 0xF4,
  0x9C, 0xFF, 0x76, 0xAD, 0xFF, 0x14, 0x9D, 0xFF, 0xF0, 0x7B, 0xFF, 0xB3, 0x94, 0xFF, 0x35, 0xA5,
  0xFF, 0x14, 0x9D, 0xFF, 0x31, 0x84, 0xFF, 0xF3, 0x9C, 0xFF, 0xD8, 0xB5, 0xFF, 0xCB, 0x52, 0xFF,
  0x00, 0x00, 0xFF, 0xE4, 0x18, 0xFF, 0xE4, 0x18, 0xFF, 0xE4, 0x18, 0xFF, 0xC3, 0x18, 0xFF, 0xE4,
  0x18, 0xFF, 0x66, 0x29, 0xFF, 0x66, 0x29, 0xFF, 0x45, 0x21, 0xFF, 0x45, 0x21, 0xFF, 0x45, 0x21,
  0xFF, 0x45, 0x21, 0xFF, 0x45, 0x21, 0xFF, 0x45, 0x21, 0xFF, 0x45, 0x21, 0xFF, 0x45, 0x21, 0xFF,
  0x45, 0x21, 0xFF, 0x66, 0x29, 0xFF, 0x45, 0x29, 0xFF, 0x45, 0x21, 0xFF, 0x45, 0x21, 0xFF, 0x45,
  0x21, 0xFF, 0x45, 0x21, 0xFF, 0x45, 0x21, 0xFF, 0x45, 0x21, 0xFF, 0x45, 0x21, 0xFF, 0x45, 0x21,
  0xFF, 0x45, 0x21, 0xFF, 0x45, 0x21, 0xFF, 0x45, 0x21, 0xFF, 0x45, 0x21, 0xFF, 0x45, 0x21, 0xFF,
  0x45, 0x21, 0xFF, 0x45, 0x21, 0xFF, 0x45, 0x21, 0xFF, 0x45, 0x21, 0xFF, 0x45, 0x21, 0xFF, 0x45,
  0x21, 0xFF, 0x45, 0x21, 0xFF, 0x25, 0x21, 0xFF, 0x25, 0x21, 0xFF, 0x25, 0x21, 0xFF, 0x25, 0x21,
  0xFF, 0x25, 0x21, 0xFF, 0x25, 0x21, 0xFF, 0x25, 0x21, 0xFF, 0x25, 0x21, 0xFF, 0x25, 0x21, 0xFF,
  0x45, 0x21, 0xFF, 0x45, 0x21, 0xFF, 0x45, 0x21, 0xFF, 0x45, 0x21, 0xFF, 0x45, 0x21, 0xFF, 0x45,
  0x29, 0xFF, 0x66, 0x29, 0xFF, 0x86, 0x29, 0xFF, 0x45, 0x21, 0xFF, 0xC3, 0x10, 0xFF, 0xC3, 0x10,
  0xFF, 0xC3, 0x18, 0xFF, 0x61, 0x08, 0xFF, 0x61, 0x08, 0xFF, 0xF4, 0x9C, 0xFF, 0x96, 0xAD, 0xFF,
  0xCF, 0x73, 0xFF, 0xB7, 0xB5, 0xFF, 0x51, 0x84, 0xFF, 0x20, 0x00, 0xFF, 0x82, 0x08, 0xFF, 0xC3,
  0x18, 0xFF, 0xC3, 0x10, 0xFF, 0xC3, 0x10, 0xFF, 0xC3, 0x10, 0xFF, 0xC3, 0x18, 0xFF, 0xC3, 0x10,
  0xFF, 0xC3, 0x10, 0xFF, 0x66, 0x29, 0xFF, 0x66, 0x29, 0xFF, 0x45, 0x29, 0xFF, 0x45, 0x29, 0xFF,
  0x45, 0x29, 0xFF, 0x45, 0x29, 0xFF, 0x45, 0x21, 0xFF, 0x45, 0x21, 0xFF, 0x45, 0x21, 0xFF, 0x45,
  0x21, 0xFF, 0x45, 0x21, 0xFF, 0x45, 0x21, 0xFF, 0x45, 0x21, 0xFF, 0x45, 0x21, 0xFF, 0x45, 0x21,
  0xFF, 0x45, 0x21, 0xFF, 0x45, 0x21, 0xFF, 0x45, 0x21, 0xFF, 0x45, 0x21, 0xFF, 0x45, 0x21, 0xFF,
  0x45, 0x21, 0xFF, 0x45, 0x21, 0xFF, 0x45, 0x21, 0xFF, 0x45, 0x21, 0xFF, 0x45, 0x29, 0xFF, 0x45,
  0x21, 0xFF, 0x45, 0x21, 0xFF, 0x45, 0x21, 0xFF, 0x45, 0x21, 0xFF, 0x45, 0x21, 0xFF, 0x45, 0x21,
  0xFF, 0x45, 0x21, 0xFF, 0x45, 0x21, 0xFF, 0x45, 0x21, 0xFF, 0x45, 0x21, 0xFF, 0x45, 0x21, 0xFF,
  0x45, 0x21, 0xFF, 0x45, 0x21, 0xFF, 0x45, 0x21, 0xFF, 0x45, 0x21, 0xFF, 0x45, 0x21, 0xFF, 0x45,
  0x21, 0xFF, 0x45, 0x21, 0xFF, 0x45, 0x21, 0xFF, 0x45, 0x21, 0xFF, 0x45, 0x21, 0xFF, 0x45, 0x21,
  0xFF, 0x45, 0x21, 0xFF, 0x45, 0x21, 0xFF, 0x66, 0x29, 0xFF, 0x25, 0x21, 0xFF, 0xC3, 0x10, 0xFF,
  0xC3, 0x18, 0xFF, 0xE3, 0x18, 0xFF, 0x62, 0x08, 0xFF, 0x00, 0x00, 0xFF, 0x10, 0x7C, 0xFF, 0xB7,
  0xB5, 0xFF, 0x14, 0x9D, 0xFF, 0x14, 0x9D, 0xFF, 0x14, 0x9D, 0xFF, 0x35, 0xA5, 0xFF, 0xB3, 0x94,
  0xFF, 0x30, 0x84, 0xFF, 0x35, 0xA5, 0xFF, 0x14, 0x9D, 0xFF, 0x14, 0x9D, 0xFF, 0xB7, 0xB5, 0xFF,
  0x69, 0x4A, 0xFF, 0x08, 0x42, 0x4F, 0x69, 0x4A, 0x00, 0x69, 0x4A, 0x00, 0x69, 0x4A, 0x00, 0x69,
  0x4A, 0x00, 0x69, 0x4A, 0x00, 0x69, 0x4A, 0x00, 0x51, 0x84, 0x00, 0x51, 0x84, 0x00, 0x51, 0x84,
  0x00, 0x51, 0x84, 0x00, 0x51, 0x84, 0x00, 0x51, 0x8C, 0x00, 0x30, 0x84, 0x00, 0x8E, 0x6B, 0x00,
  0xB2, 0x94, 0x00, 0xAE, 0x73, 0x00, 0xAB, 0x52, 0x00, 0xCF, 0x73, 0x00, 0x45, 0x21, 0x00, 0x4D,
  0x6B, 0x00, 0x10, 0x7C, 0x00, 0x8E, 0x6B, 0x00, 0x08, 0x42, 0x00, 0x2D, 0x63, 0x00, 0x08, 0x42,
  0x00, 0xCF, 0x73, 0x00, 0x29, 0x42, 0x00, 0xCB, 0x5A, 0x00, 0xAF, 0x73, 0x00, 0xEC, 0x5A, 0x00,
  0x28, 0x42, 0x00, 0x51, 0x84, 0x00, 0xCB, 0x5A, 0x00, 0x51, 0x84, 0x00, 0xCF, 0x73, 0x00, 0x4D,
  0x63, 0x00, 0x45, 0x29, 0x3D, 0xA2, 0x10, 0xBB, 0xA6, 0x31, 0xFF, 0x2D, 0x63, 0xFF, 0xAF, 0x73,
  0xFF, 0x10, 0x7C, 0xFF, 0xB3, 0x94, 0xFF, 0xF4, 0x9C, 0xFF, 0xF4, 0x9C, 0xFF, 0x35, 0xA5, 0xFF,
  0xB7, 0xB5, 0xFF, 0x97, 0xAD, 0xFF, 0x96, 0xAD, 0xFF, 0x76, 0xAD, 0xFF, 0x76, 0xAD, 0xFF, 0x76,
  0xAD, 0xFF, 0x76, 0xAD, 0xFF, 0x76, 0xAD, 0xFF, 0x76, 0xAD, 0xFF, 0x76, 0xAD, 0xFF, 0x96, 0xAD,
  0xFF, 0x56, 0xA5, 0xFF, 0xB3, 0x94, 0xFF, 0xD3, 0x94, 0xFF, 0xD3, 0x94, 0xFF, 0xD3, 0x94, 0xFF,
  0xF4, 0x9C, 0xFF, 0x8E, 0x73, 0xFF, 0x72, 0x8C, 0xFF, 0x35, 0xA5, 0xFF, 0xD7, 0xB5, 0xFF, 0x08,
  0x3A, 0xFF, 0x00, 0x00, 0xFF, 0x20, 0x00, 0xFF, 0x41, 0x08, 0xFF, 0x82, 0x10, 0xFF, 0x61, 0x08,
  0xFF, 0x41, 0x08, 0xFF, 0x20, 0x00, 0xFF, 0xC3, 0x10, 0xFF, 0xA6, 0x29, 0xFF, 0xC7, 0x29, 0xFF,
  0x86, 0x29, 0xFF, 0x86, 0x29, 0xFF, 0x86, 0x29, 0xFF, 0x65, 0x21, 0xFF, 0xC7, 0x31, 0xFF, 0xAB,
  0x4A, 0xFF, 0x4E, 0x5B, 0xFF, 0x8E, 0x63, 0xFF, 0x6E, 0x63, 0xFF, 0x6E, 0x63, 0xFF, 0xAB, 0x4A,
  0xFF, 0x72, 0x84, 0xFF, 0xBB, 0xC6, 0xFF, 0x59, 0xBE, 0xFF, 0x39, 0xBE, 0xFF, 0x59, 0xBE, 0xFF,
  0x59, 0xBE, 0xFF, 0x59, 0xBE, 0xFF, 0x59, 0xBE, 0xFF, 0x39, 0xBE, 0xFF, 0x59, 0xBE, 0xFF, 0x59,
  0xBE, 0xFF, 0x39, 0xB6, 0xFF, 0x39, 0xB6, 0xFF, 0x18, 0xB6, 0xFF, 0x39, 0xB6, 0xFF, 0x39, 0xB6,
  0xFF, 0x39, 0xB6, 0xFF, 0x39, 0xB6, 0xFF, 0x18, 0xB6, 0xFF, 0x19, 0xB6, 0xFF, 0x39, 0xB6, 0xFF,
  0x39, 0xB6, 0xFF, 0x18, 0xB6, 0xFF, 0xF8, 0xAD, 0xFF, 0x18, 0xB6, 0xFF, 0x19, 0xB6, 0xFF, 0x59,
  0xBE, 0xFF, 0x7A, 0xBE, 0xFF, 0xA7, 0x29, 0xFF, 0x61, 0x08, 0xFF, 0x55, 0xA5, 0xFF, 0x97, 0xAD,
  0xFF, 0x35, 0xA5, 0xFF, 0x10, 0x7C, 0xFF, 0x14, 0x9D, 0xFF, 0x76, 0xAD, 0xFF, 0x55, 0xA5, 0xFF,
  0x51, 0x84, 0xFF, 0xD3, 0x94, 0xFF, 0xF8, 0xBD, 0xFF, 0xEC, 0x5A, 0xFF, 0x00, 0x00, 0xFF, 0xA2,
  0x10, 0xFF, 0xC3, 0x18, 0xFF, 0xC3, 0x10, 0xFF, 0xC3, 0x10, 0xFF, 0xA3, 0x10, 0xFF, 0xA3, 0x10,
  0xFF, 0xA2, 0x10, 0xFF, 0xA2, 0x10, 0xFF, 0xA2, 0x10, 0xFF, 0x82, 0x10, 0xFF, 0x82, 0x10, 0xFF,
  0x82, 0x10, 0xFF, 0xA2, 0x10, 0xFF, 0xA2, 0x10, 0xFF, 0xA2, 0x10, 0xFF, 0xA2, 0x10, 0xFF, 0xA2,
  0x10, 0xFF, 0xA2, 0x10, 0xFF, 0xA2, 0x10, 0xFF, 0xA2, 0x10, 0xFF, 0xA2, 0x10, 0xFF, 0xA2, 0x10,
  0xFF, 0xA2, 0x10, 0xFF, 0xA2, 0x10, 0xFF, 0xA2, 0x10, 0xFF, 0xA2, 0x10, 0xFF, 0xA2, 0x10, 0xFF,
  0xA2, 0x10, 0xFF, 0xA2, 0x10, 0xFF, 0xA2, 0x10, 0xFF, 0xA2, 0x10, 0xFF, 0xA2, 0x10, 0xFF, 0xA2,
  0x10, 0xFF, 0xA2, 0x10, 0xFF, 0xA2, 0x10, 0xFF, 0xA3, 0x10, 0xFF, 0xA2, 0x10, 0xFF, 0xA2, 0x10,
  0xFF, 0xA2, 0x10, 0xFF, 0xA2, 0x10, 0xFF, 0xA2, 0x10, 0xFF, 0xA2, 0x10, 0xFF, 0xA3, 0x10, 0xFF,
  0xA2, 0x10, 0xFF, 0xA2, 0x10, 0xFF, 0xA2, 0x10, 0xFF, 0xA2, 0x10, 0xFF, 0xA2, 0x10, 0xFF, 0xA3,
  0x10, 0xFF, 0xA2, 0x10, 0xFF, 0xA3, 0x10, 0xFF, 0xA3, 0x10, 0xFF, 0xC3, 0x10, 0xFF, 0xC3, 0x10,
  0xFF, 0xC3, 0x10, 0xFF, 0xA3, 0x10, 0xFF, 0xC3, 0x10, 0xFF, 0xC3, 0x10, 0xFF, 0xC3, 0x10, 0xFF,
  0x41, 0x00, 0xFF, 0x20, 0x00, 0xFF, 0xF4, 0x9C, 0xFF, 0xB7, 0xB5, 0xFF, 0xCF, 0x73, 0xFF, 0xD7,
  0xB5, 0xFF, 0x51, 0x84, 0xFF, 0x00, 0x00, 0xFF, 0x62, 0x08, 0xFF, 0xC3, 0x18, 0xFF, 0xC3, 0x10,
  0xFF, 0xC3, 0x10, 0xFF, 0xC3, 0x10, 0xFF, 0xC3, 0x10, 0xFF, 0xC3, 0x18, 0xFF, 0xC3, 0x10, 0xFF,
  0xA3, 0x10, 0xFF, 0xA3, 0x10, 0xFF, 0xC3, 0x10, 0xFF, 0xC3, 0x10, 0xFF, 0xC3, 0x10, 0xFF, 0xC3,
  0x10, 0xFF, 0xC3, 0x10, 0xFF, 0xC3, 0x10, 0xFF, 0xC3, 0x10, 0xFF, 0xC3, 0x10, 0xFF, 0xC3, 0x10,
  0xFF, 0xC3, 0x10, 0xFF, 0xC3, 0x10, 0xFF, 0xC3, 0x10, 0xFF, 0xC3, 0x10, 0xFF, 0xC3, 0x10, 0xFF,
  0xC3, 0x10, 0xFF, 0xC3, 0x10, 0xFF, 0xC3, 0x10, 0xFF, 0xA3, 0x10, 0xFF, 0xC3, 0x10, 0xFF, 0xC3,
  0x10, 0xFF, 0xC3, 0x10, 0xFF, 0xC3, 0x10, 0xFF, 0xC3, 0x10, 0xFF, 0xC3, 0x10, 0xFF, 0xC3, 0x10,
  0xFF, 0xC3, 0x10, 0xFF, 0xC3, 0x10, 0xFF, 0xC3, 0x10, 0xFF, 0xC3, 0x10, 0xFF, 0xC3, 0x10, 0xFF,
  0xC3, 0x10, 0xFF, 0xC3, 0x10, 0xFF, 0xC3, 0x10, 0xFF, 0xC3, 0x10, 0xFF, 0xC3, 0x10, 0xFF, 0xC3,
  0x10, 0xFF, 0xC3, 0x10, 0xFF, 0xC3, 0x10, 0xFF, 0xC3, 0x10, 0xFF, 0xC3, 0x10, 0xFF, 0xC3, 0x10,
  0xFF, 0xC3, 0x10, 0xFF, 0xA3, 0x10, 0xFF, 0xA3, 0x10, 0xFF, 0xA3, 0x10, 0xFF, 0xC3, 0x10, 0xFF,
  0xC3, 0x10, 0xFF, 0xC3, 0x18, 0xFF, 0xC3, 0x10, 0xFF, 0xC3, 0x18, 0xFF, 0xE3, 0x18, 0xFF, 0xC3,
  0x18, 0xFF, 0x00, 0x00, 0xFF, 0xA2, 0x10, 0xFF, 0x35, 0xA5, 0xFF, 0x76, 0xAD, 0xFF, 0x14, 0x9D,
  0xFF, 0x14, 0x9D, 0xFF, 0x14, 0x9D, 0xFF, 0x55, 0xA5, 0xFF, 0xF4, 0x9C, 0xFF, 0x10, 0x7C, 0xFF,
  0x35, 0xA5, 0xFF, 0x15, 0x9D, 0xFF, 0xF4, 0x9C, 0xFF, 0xD7, 0xB5, 0xFF, 0x8A, 0x52, 0xFF, 0xA6,
  0x31, 0x7A, 0xAF, 0x73, 0x00, 0x6E, 0x6B, 0x00, 0x6E, 0x6B, 0x00, 0x6E, 0x6B, 0x00, 0x6E, 0x6B,
  0x00, 0x6E, 0x6B, 0x00, 0x51, 0x84, 0x00, 0x51, 0x84, 0x00, 0x51, 0x84, 0x00, 0x51, 0x84, 0x00,
  0x51, 0x84, 0x00, 0x51, 0x8C, 0x00, 0x30, 0x84, 0x00, 0x8E, 0x6B, 0x00, 0xB2, 0x94, 0x00, 0xAE,
  0x73, 0x00, 0xAB, 0x52, 0x00, 0xCF, 0x73, 0x00, 0x45, 0x21, 0x00, 0x4D, 0x6B, 0x00, 0x10, 0x7C,
  0x00, 0x8E, 0x6B, 0x00, 0x08, 0x42, 0x00, 0x2D, 0x63, 0x00, 0x08, 0x42, 0x00, 0xCF, 0x73, 0x00,
  0x29, 0x42, 0x00, 0xCB, 0x5A, 0x00, 0xAF, 0x73, 0x00, 0xEC, 0x5A, 0x00, 0x28, 0x42, 0x00, 0x51,
  0x84, 0x00, 0xCB, 0x5A, 0x00, 0xF4, 0x9C, 0x00, 0x2C, 0x63, 0x1F, 0x24, 0x21, 0x9E, 0x82, 0x10,
  0xFF, 0x4D, 0x6B, 0xFF, 0x96, 0xAD, 0xFF, 0xF8, 0xBD, 0xFF, 0xD7, 0xB5, 0xFF, 0xB7, 0xB5, 0xFF,
  0x97, 0xAD, 0xFF, 0x76, 0xAD, 0xFF, 0x96, 0xAD, 0xFF, 0xD8, 0xB5, 0xFF, 0x14, 0x9D, 0xFF, 0x31,
  0x84, 0xFF, 0x71, 0x8C, 0xFF, 0x72, 0x8C, 0xFF, 0x92, 0x8C, 0xFF, 0x71, 0x84, 0xFF, 0x51, 0x84,
  0xFF, 0x51, 0x84, 0xFF, 0x51, 0x84, 0xFF, 0x31, 0x84, 0xFF, 0x10, 0x7C, 0xFF, 0x10, 0x7C, 0xFF,
  0x30, 0x84, 0xFF, 0x51, 0x84, 0xFF, 0x51, 0x84, 0xFF, 0x51, 0x84, 0xFF, 0x31, 0x84, 0xFF, 0x2D,
  0x63, 0xFF, 0x14, 0x9D, 0xFF, 0x71, 0x8C, 0xFF, 0xCF, 0x7B, 0xFF, 0x8E, 0x73, 0xFF, 0xA2, 0x10,
  0xFF, 0x41, 0x08, 0xFF, 0x00, 0x00, 0xFF, 0x00, 0x00, 0xFF, 0x00, 0x00, 0xFF, 0x00, 0x00, 0xFF,
  0x00, 0x00, 0xFF, 0x20, 0x00, 0xFF, 0x20, 0x00, 0xFF, 0x00, 0x00, 0xFF, 0x00, 0x00, 0xFF, 0x00,
  0x00, 0xFF, 0x00, 0x00, 0xFF, 0x00, 0x00, 0xFF, 0x00, 0x00, 0xFF, 0x21, 0x00, 0xFF, 0x41, 0x00,
  0xFF, 0x61, 0x08, 0xFF, 0x41, 0x08, 0xFF, 0x41, 0x08, 0xFF, 0x20, 0x00, 0xFF, 0x00, 0x00, 0xFF,
  0xA2, 0x10, 0xFF, 0xA3, 0x10, 0xFF, 0x82, 0x10, 0xFF, 0xA2, 0x10, 0xFF, 0xA2, 0x10, 0xFF, 0xA2,
  0x10, 0xFF, 0x82, 0x08, 0xFF, 0x82, 0x08, 0xFF, 0x82, 0x08, 0xFF, 0x82, 0x08, 0xFF, 0x82, 0x08,
  0xFF, 0x61, 0x08, 0xFF, 0x61, 0x08, 0xFF, 0x61, 0x08, 0xFF, 0x61, 0x08, 0xFF, 0x61, 0x08, 0xFF,
  0x61, 0x08, 0xFF, 0x61, 0x08, 0xFF, 0x61, 0x08, 0xFF, 0x61, 0x08, 0xFF, 0x41, 0x08, 0xFF, 0x41,
  0x00, 0xFF, 0x41, 0x00, 0xFF, 0x41, 0x08, 0xFF, 0x61, 0x08, 0xFF, 0x82, 0x08, 0xFF, 0x41, 0x00,
  0xFF, 0x00, 0x00, 0xFF, 0x65, 0x29, 0xFF, 0x76, 0xAD, 0xFF, 0x35, 0xA5, 0xFF, 0xF4, 0x9C, 0xFF,
  0x6D, 0x6B, 0xFF, 0x92, 0x8C, 0xFF, 0x14, 0x9D, 0xFF, 0xF4, 0x9C, 0xFF, 0xEF, 0x7B, 0xFF, 0xF4,
  0x9C, 0xFF, 0x96, 0xAD, 0xFF, 0xF4, 0x9C, 0xFF, 0x24, 0x21, 0xFF, 0x00, 0x00, 0xFF, 0x20, 0x00,
  0xFF, 0x20, 0x00, 0xFF, 0x20, 0x00, 0xFF, 0x20, 0x00, 0xFF, 0x00, 0x00, 0xFF, 0x00, 0x00, 0xFF,
  0x00, 0x00, 0xFF, 0x00, 0x00, 0xFF, 0x00, 0x00, 0xFF, 0x00, 0x00, 0xFF, 0x00, 0x00, 0xFF, 0x00,
  0x00, 0xFF, 0x00, 0x00, 0xFF, 0x00, 0x00, 0xFF, 0x00, 0x00, 0xFF, 0x00, 0x00, 0xFF, 0x00, 0x00,
  0xFF, 0x00, 0x00, 0xFF, 0x00, 0x00, 0xFF, 0x00, 0x00, 0xFF, 0x00, 0x00, 0xFF, 0x00, 0x00, 0xFF,
  0x00, 0x00, 0xFF, 0x00, 0x00, 0xFF, 0x00, 0x00, 0xFF, 0x00, 0x00, 0xFF, 0x00, 0x00, 0xFF, 0x00,
  0x00, 0xFF, 0x00, 0x00, 0xFF, 0x00, 0x00, 0xFF, 0x00, 0x00, 0xFF, 0x00, 0x00, 0xFF, 0x00, 0x00,
  0xFF, 0x00, 0x00, 0xFF, 0x00, 0x00, 0xFF, 0x00, 0x00, 0xFF, 0x00, 0x00, 0xFF, 0x00, 0x00, 0xFF,
  0x00, 0x00, 0xFF, 0x00, 0x00, 0xFF, 0x00, 0x00, 0xFF, 0x00, 0x00, 0xFF, 0x00, 0x00, 0xFF, 0x00,
  0x00, 0xFF, 0x00, 0x00, 0xFF, 0x00, 0x00, 0xFF, 0x00, 0x00, 0xFF, 0x00, 0x00, 0xFF, 0x00, 0x00,
  0xFF, 0x00, 0x00, 0xFF, 0x00, 0x00, 0xFF, 0x00, 0x00, 0xFF, 0x00, 0x00, 0xFF, 0x00, 0x00, 0xFF,
  0x00, 0x00, 0xFF, 0x00, 0x00, 0xFF, 0x00, 0x00, 0xFF, 0x00, 0x00, 0xFF, 0x00, 0x00, 0xFF, 0xA7,
  0x31, 0xFF, 0x76, 0xAD, 0xFF, 0x92, 0x8C, 0xFF, 0xAF, 0x73, 0xFF, 0x97, 0xAD, 0xFF, 0x35, 0xA5,
  0xFF, 0xE3, 0x18, 0xFF, 0x00, 0x00, 0xFF, 0x00, 0x00, 0xFF, 0x00, 0x00, 0xFF, 0x00, 0x00, 0xFF,
  0x00, 0x00, 0xFF, 0x00, 0x00, 0xFF, 0x20, 0x00, 0xFF, 0x20, 0x00, 0xFF, 0x00, 0x00, 0xFF, 0x00,
  0x00, 0xFF, 0x00, 0x00, 0xFF, 0x00, 0x00, 0xFF, 0x00, 0x00, 0xFF, 0x00, 0x00, 0xFF, 0x00, 0x00,
  0xFF, 0x00, 0x00, 0xFF, 0x00, 0x00, 0xFF, 0x00, 0x00, 0xFF, 0x00, 0x00, 0xFF, 0x00, 0x00, 0xFF,
  0x00, 0x00, 0xFF, 0x00, 0x00, 0xFF, 0x00, 0x00, 0xFF, 0x00, 0x00, 0xFF, 0x00, 0x00, 0xFF, 0x00,
  0x00, 0xFF, 0x00, 0x00, 0xFF, 0x00, 0x00, 0xFF, 0x00, 0x00, 0xFF, 0x00, 0x00, 0xFF, 0x00, 0x00,
  0xFF, 0x00, 0x00, 0xFF, 0x00, 0x00, 0xFF, 0x00, 0x00, 0xFF, 0x00, 0x00, 0xFF, 0x00, 0x00, 0xFF,
  0x00, 0x00, 0xFF, 0x00, 0x00, 0xFF, 0x00, 0x00, 0xFF, 0x00, 0x00, 0xFF, 0x00, 0x00, 0xFF, 0x00,
  0x00, 0xFF, 0x00, 0x00, 0xFF, 0x00, 0x00, 0xFF, 0x00, 0x00, 0xFF, 0x00, 0x00, 0xFF, 0x00, 0x00,
  0xFF, 0x00, 0x00, 0xFF, 0x00, 0x00, 0xFF, 0x00, 0x00, 0xFF, 0x00, 0x00, 0xFF, 0x00, 0x00, 0xFF,
  0x00, 0x00, 0xFF, 0x00, 0x00, 0xFF, 0x00, 0x00, 0xFF, 0x00, 0x00, 0xFF, 0x00, 0x00, 0xFF, 0x00,
  0x00, 0xFF, 0x00, 0x00, 0xFF, 0x00, 0x00, 0xFF, 0x00, 0x00, 0xFF, 0x00, 0x00, 0xFF, 0x40, 0x08,
  0xFF, 0xF0, 0x7B, 0xFF, 0xB7, 0xB5, 0xFF, 0xF4, 0x9C, 0xFF, 0x14, 0x9D, 0xFF, 0x14, 0x9D, 0xFF,
  0x14, 0x9D, 0xFF, 0x55, 0xA5, 0xFF, 0xF4, 0x9C, 0xFF, 0xEF, 0x7B, 0xFF, 0x35, 0xA5, 0xFF, 0x15,
  0x9D, 0xFF, 0xF4, 0x9C, 0xFF, 0xD7, 0xB5, 0xFF, 0x0C, 0x5B, 0xFF, 0xA7, 0x31, 0xA6, 0xF8, 0xBD,
  0x00, 0x76, 0xAD, 0x00, 0x76, 0xAD, 0x00, 0x76, 0xAD, 0x00, 0x76, 0xAD, 0x00, 0x76, 0xAD, 0x00,
  0x51, 0x84, 0x00, 0x51, 0x84, 0x00, 0x51, 0x84, 0x00, 0x51, 0x84, 0x00, 0x51, 0x84, 0x00, 0x51,
  0x8C, 0x00, 0x30, 0x84, 0x00, 0x8E, 0x6B, 0x00, 0xB2, 0x94, 0x00, 0xAE, 0x73, 0x00, 0xAB, 0x52,
  0x00, 0xCF, 0x73, 0x00, 0x45, 0x21, 0x00, 0x4D, 0x6B, 0x00, 0x10, 0x7C, 0x00, 0x8E, 0x6B, 0x00,
  0x08, 0x42, 0x00, 0x2D, 0x63, 0x00, 0x08, 0x42, 0x00, 0xCF, 0x73, 0x00, 0x29, 0x42, 0x00, 0xCB,
  0x5A, 0x00, 0xAF, 0x73, 0x00, 0xEC, 0x5A, 0x00, 0x28, 0x42, 0x00, 0xB3, 0x94, 0x00, 0x0C, 0x63,
  0x00, 0x8A, 0x52, 0x6D, 0x82, 0x10, 0xF0, 0x8A, 0x4A, 0xFF, 0x76, 0xAD, 0xFF, 0xF8, 0xBD, 0xFF,
  0x35, 0xA5, 0xFF, 0xF4, 0x9C, 0xFF, 0x14, 0x9D, 0xFF, 0xF4, 0x9C, 0xFF, 0x14, 0x9D, 0xFF, 0x55,
  0xA5, 0xFF, 0x35, 0xA5, 0xFF, 0xF0, 0x7B, 0xFF, 0x6E, 0x6B, 0xFF, 0x92, 0x8C, 0xFF, 0xF4, 0x9C,
  0xFF, 0x14, 0x9D, 0xFF, 0x14, 0x9D, 0xFF, 0x14, 0x9D, 0xFF, 0x14, 0x9D, 0xFF, 0x14, 0x9D, 0xFF,
  0x14, 0x9D, 0xFF, 0x14, 0x9D, 0xFF, 0x14, 0x9D, 0xFF, 0x14, 0x9D, 0xFF, 0x14, 0x9D, 0xFF, 0x15,
  0x9D, 0xFF, 0x15, 0x9D, 0xFF, 0x35, 0xA5, 0xFF, 0x35, 0xA5, 0xFF, 0x10, 0x7C, 0xFF, 0xF4, 0x9C,
  0xFF, 0x55, 0xA5, 0xFF, 0x10, 0x7C, 0xFF, 0x51, 0x8C, 0xFF, 0xD3, 0x9C, 0xFF, 0xB3, 0x94, 0xFF,
  0x8E, 0x6B, 0xFF, 0x86, 0x29, 0xFF, 0x66, 0x29, 0xFF, 0x86, 0x31, 0xFF, 0xA7, 0x31, 0xFF, 0xA7,
  0x31, 0xFF, 0xA7, 0x31, 0xFF, 0xC7, 0x39, 0xFF, 0x28, 0x42, 0xFF, 0x49, 0x4A, 0xFF, 0x49, 0x4A,
  0xFF, 0x29, 0x42, 0xFF, 0x28, 0x42, 0xFF, 0x28, 0x42, 0xFF, 0x49, 0x4A, 0xFF, 0x49, 0x4A, 0xFF,
  0x49, 0x4A, 0xFF, 0x49, 0x4A, 0xFF, 0x49, 0x4A, 0xFF, 0x49, 0x4A, 0xFF, 0x08, 0x42, 0xFF, 0x08,
  0x42, 0xFF, 0x08, 0x42, 0xFF, 0x08, 0x42, 0xFF, 0x28, 0x42, 0xFF, 0x49, 0x42, 0xFF, 0x49, 0x4A,
  0xFF, 0x49, 0x4A, 0xFF, 0x49, 0x4A, 0xFF, 0x49, 0x4A, 0xFF, 0x49, 0x4A, 0xFF, 0x69, 0x4A, 0xFF,
  0x69, 0x4A, 0xFF, 0x49, 0x4A, 0xFF, 0x49, 0x4A, 0xFF, 0x69, 0x4A, 0xFF, 0x69, 0x4A, 0xFF, 0x6A,
  0x4A, 0xFF, 0x69, 0x4A, 0xFF, 0x69, 0x4A, 0xFF, 0x69, 0x4A, 0xFF, 0x6A, 0x4A, 0xFF, 0x6A, 0x52,
  0xFF, 0x8A, 0x4A, 0xFF, 0x6A, 0x4A, 0xFF, 0x6A, 0x4A, 0xFF, 0x8A, 0x52, 0xFF, 0xEC, 0x5A, 0xFF,
  0x51, 0x84, 0xFF, 0x72, 0x8C, 0xFF, 0x10, 0x7C, 0xFF, 0x31, 0x84, 0xFF, 0xAF, 0x73, 0xFF, 0xAF,
  0x73, 0xFF, 0x10, 0x7C, 0xFF, 0x10, 0x7C, 0xFF, 0xAF, 0x73, 0xFF, 0x14, 0x9D, 0xFF, 0x14, 0x9D,
  0xFF, 0x96, 0xAD, 0xFF, 0x76, 0xAD, 0xFF, 0x8E, 0x6B, 0xFF, 0xEC, 0x5A, 0xFF, 0x0C, 0x63, 0xFF,
  0x2C, 0x63, 0xFF, 0x2C, 0x63, 0xFF, 0x0C, 0x63, 0xFF, 0x0C, 0x5B, 0xFF, 0x0C, 0x5B, 0xFF, 0x0C,
  0x5B, 0xFF, 0x0C, 0x5B, 0xFF, 0x0C, 0x5B, 0xFF, 0x0C, 0x5B, 0xFF, 0x0C, 0x5B, 0xFF, 0x0C, 0x5B,
  0xFF, 0x0C, 0x5B, 0xFF, 0x0C, 0x5B, 0xFF, 0x0C, 0x5B, 0xFF, 0x0C, 0x5B, 0xFF, 0x0C, 0x5B, 0xFF,
  0x0C, 0x5B, 0xFF, 0x0C, 0x5B, 0xFF, 0x0C, 0x5B, 0xFF, 0xEC, 0x5A, 0xFF, 0xEC, 0x5A, 0xFF, 0xEC,
  0x5A, 0xFF, 0xEC, 0x5A, 0xFF, 0xEC, 0x5A, 0xFF, 0xEB, 0x5A, 0xFF, 0xCB, 0x5A, 0xFF, 0xCB, 0x5A,
  0xFF, 0xCB, 0x5A, 0xFF, 0xCB, 0x5A, 0xFF, 0xCB, 0x5A, 0xFF, 0xCB, 0x52, 0xFF, 0xAB, 0x52, 0xFF,
  0xAA, 0x52, 0xFF, 0x8A, 0x52, 0xFF, 0x8A, 0x52, 0xFF, 0xAA, 0x52, 0xFF, 0xAA, 0x52, 0xFF, 0x8A,
  0x52, 0xFF, 0x8A, 0x52, 0xFF, 0x8A, 0x52, 0xFF, 0x8A, 0x52, 0xFF, 0x8A, 0x52, 0xFF, 0x8A, 0x52,
  0xFF, 0x6A, 0x4A, 0xFF, 0x6A, 0x4A, 0xFF, 0x8A, 0x52, 0xFF, 0xAA, 0x52, 0xFF, 0xAA, 0x52, 0xFF,
  0xAA, 0x52, 0xFF, 0xAA, 0x52, 0xFF, 0xCB, 0x52, 0xFF, 0xCB, 0x5A, 0xFF, 0xAB, 0x52, 0xFF, 0x8A,
  0x52, 0xFF, 0x69, 0x4A, 0xFF, 0x8A, 0x4A, 0xFF, 0xCF, 0x73, 0xFF, 0x96, 0xAD, 0xFF, 0x15, 0xA5,
  0xFF, 0x51, 0x8C, 0xFF, 0x72, 0x8C, 0xFF, 0x14, 0x9D, 0xFF, 0x76, 0xAD, 0xFF, 0x14, 0x9D, 0xFF,
  0xCB, 0x5A, 0xFF, 0x49, 0x4A, 0xFF, 0xAA, 0x52, 0xFF, 0x8A, 0x52, 0xFF, 0x69, 0x4A, 0xFF, 0x49,
  0x4A, 0xFF, 0x69, 0x4A, 0xFF, 0x69, 0x4A, 0xFF, 0x49, 0x4A, 0xFF, 0x49, 0x4A, 0xFF, 0x49, 0x4A,
  0xFF, 0x49, 0x42, 0xFF, 0x49, 0x42, 0xFF, 0x28, 0x42, 0xFF, 0x28, 0x42, 0xFF, 0x28, 0x42, 0xFF,
  0x28, 0x42, 0xFF, 0x29, 0x42, 0xFF, 0x28, 0x42, 0xFF, 0x08, 0x42, 0xFF, 0x08, 0x42, 0xFF, 0x08,
  0x42, 0xFF, 0x08, 0x42, 0xFF, 0x08, 0x3A, 0xFF, 0x08, 0x3A, 0xFF, 0x08, 0x3A, 0xFF, 0x08, 0x3A,
  0xFF, 0x08, 0x42, 0xFF, 0x08, 0x42, 0xFF, 0x08, 0x3A, 0xFF, 0x08, 0x3A, 0xFF, 0x08, 0x42, 0xFF,
  0x08, 0x42, 0xFF, 0x08, 0x42, 0xFF, 0x08, 0x42, 0xFF, 0x08, 0x3A, 0xFF, 0x08, 0x3A, 0xFF, 0xE8,
  0x39, 0xFF, 0xE7, 0x39, 0xFF, 0xE7, 0x39, 0xFF, 0xE7, 0x39, 0xFF, 0xE7, 0x39, 0xFF, 0xE7, 0x39,
  0xFF, 0xE7, 0x39, 0xFF, 0xE7, 0x39, 0xFF, 0xE7, 0x39, 0xFF, 0xE7, 0x39, 0xFF, 0xE7, 0x39, 0xFF,
  0xE7, 0x39, 0xFF, 0xE7, 0x39, 0xFF, 0xE7, 0x39, 0xFF, 0xE7, 0x39, 0xFF, 0x08, 0x3A, 0xFF, 0x08,
  0x42, 0xFF, 0x08, 0x42, 0xFF, 0x08, 0x42, 0xFF, 0x08, 0x42, 0xFF, 0x08, 0x42, 0xFF, 0x28, 0x42,
  0xFF, 0x29, 0x42, 0xFF, 0xE7, 0x39, 0xFF, 0xAA, 0x52, 0xFF, 0xF4, 0x9C, 0xFF, 0xD7, 0xB5, 0xFF,
  0x14, 0x9D, 0xFF, 0x14, 0x9D, 0xFF, 0x14, 0x9D, 0xFF, 0x14, 0x9D, 0xFF, 0x14, 0x9D, 0xFF, 0x35,
  0xA5, 0xFF, 0x14, 0x9D, 0xFF, 0x31, 0x84, 0xFF, 0xF4, 0x9C, 0xFF, 0x15, 0x9D, 0xFF, 0xF4, 0x9C,
  0xFF, 0x97, 0xAD, 0xFF, 0xCF, 0x73, 0xFF, 0x45, 0x29, 0xCB, 0x72, 0x8C, 0x00, 0x10, 0x84, 0x00,
  0x10, 0x84, 0x00, 0x10, 0x84, 0x00, 0x10, 0x84, 0x00, 0x10, 0x84, 0x00, 0x51, 0x84, 0x00, 0x51,
  0x84, 0x00, 0x51, 0x84, 0x00, 0x51, 0x84, 0x00, 0x51, 0x84, 0x00, 0x51, 0x8C, 0x00, 0x30, 0x84,
  0x00, 0x8E, 0x6B, 0x00, 0xB2, 0x94, 0x00, 0xAE, 0x73, 0x00, 0xAB, 0x52, 0x00, 0xCF, 0x73, 0x00,
  0x45, 0x21, 0x00, 0x4D, 0x6B, 0x00, 0x10, 0x7C, 0x00, 0x8E, 0x6B, 0x00, 0x08, 0x42, 0x00, 0x2D,
  0x63, 0x00, 0x08, 0x42, 0x00, 0xCF, 0x73, 0x00, 0x29, 0x42, 0x00, 0xCB, 0x5A, 0x00, 0xAF, 0x73,
  0x00, 0xEB, 0x5A, 0x00, 0x6A, 0x4A, 0x00, 0xAE, 0x73, 0x36, 0xE3, 0x18, 0xC6, 0xA7, 0x31, 0xFF,
  0xB3, 0x94, 0xFF, 0x39, 0xBE, 0xFF, 0x76, 0xAD, 0xFF, 0xF4, 0x9C, 0xFF, 0x14, 0x9D, 0xFF, 0x14,
  0x9D, 0xFF, 0xF4, 0x9C, 0xFF, 0x15, 0x9D, 0xFF, 0x76, 0xAD, 0xFF, 0xB2, 0x94, 0xFF, 0xAE, 0x73,
  0xFF, 0x31, 0x84, 0xFF, 0x35, 0xA5, 0xFF, 0x76, 0xA5, 0xFF, 0x35, 0xA5, 0xFF, 0x15, 0x9D, 0xFF,
  0x14, 0x9D, 0xFF, 0x14, 0x9D, 0xFF, 0x14, 0x9D, 0xFF, 0x14, 0x9D, 0xFF, 0x14, 0x9D, 0xFF, 0x14,
  0x9D, 0xFF, 0x14, 0x9D, 0xFF, 0x14, 0x9D, 0xFF, 0x14, 0x9D, 0xFF, 0x14, 0x9D, 0xFF, 0x14, 0x9D,
  0xFF, 0x35, 0xA5, 0xFF, 0x35, 0xA5, 0xFF, 0xEF, 0x7B, 0xFF, 0xD3, 0x94, 0xFF, 0x55, 0xA5, 0xFF,
  0x76, 0xA5, 0xFF, 0x15, 0x9D, 0xFF, 0x55, 0xA5, 0xFF, 0x96, 0xAD, 0xFF, 0xB7, 0xB5, 0xFF, 0xB7,
  0xB5, 0xFF, 0x97, 0xAD, 0xFF, 0x97, 0xAD, 0xFF, 0x97, 0xAD, 0xFF, 0xB7, 0xB5, 0xFF, 0xB7, 0xB5,
  0xFF, 0xB7, 0xB5, 0xFF, 0xB7, 0xB5, 0xFF, 0xB7, 0xB5, 0xFF, 0xB7, 0xB5, 0xFF, 0xB7, 0xB5, 0xFF,
  0xB7, 0xB5, 0xFF, 0xB7, 0xB5, 0xFF, 0xD7, 0xB5, 0xFF, 0xD7, 0xB5, 0xFF, 0xD7, 0xB5, 0xFF, 0xD7,
  0xB5, 0xFF, 0xD7, 0xB5, 0xFF, 0xD7, 0xB5, 0xFF, 0xD7, 0xB5, 0xFF, 0xD7, 0xB5, 0xFF, 0xD7, 0xB5,
  0xFF, 0xD7, 0xB5, 0xFF, 0xD8, 0xB5, 0xFF, 0xD8, 0xB5, 0xFF, 0xD8, 0xB5, 0xFF, 0xD8, 0xB5, 0xFF,
  0xD8, 0xB5, 0xFF, 0xD8, 0xB5, 0xFF, 0xD8, 0xB5, 0xFF, 0xD8, 0xB5, 0xFF, 0xD8, 0xB5, 0xFF, 0xD8,
  0xB5, 0xFF, 0xD8, 0xB5, 0xFF, 0xD8, 0xB5, 0xFF, 0xF8, 0xB5, 0xFF, 0xF8, 0xB5, 0xFF, 0xF8, 0xB5,
  0xFF, 0xF8, 0xB5, 0xFF, 0xD8, 0xB5, 0xFF, 0xF8, 0xB5, 0xFF, 0xD8, 0xB5, 0xFF, 0xD8, 0xB5, 0xFF,
  0xD8, 0xB5, 0xFF, 0xD8, 0xB5, 0xFF, 0xD8, 0xB5, 0xFF, 0xD8, 0xB5, 0xFF, 0x76, 0xAD, 0xFF, 0x76,
  0xAD, 0xFF, 0xD7, 0xB5, 0xFF, 0xD7, 0xB5, 0xFF, 0x18, 0xBE, 0xFF, 0x76, 0xAD, 0xFF, 0x15, 0x9D,
  0xFF, 0x55, 0xA5, 0xFF, 0x92, 0x8C, 0xFF, 0xD3, 0x94, 0xFF, 0x35, 0x9D, 0xFF, 0xF4, 0x9C, 0xFF,
  0x56, 0xA5, 0xFF, 0xD7, 0xB5, 0xFF, 0xB7, 0xB5, 0xFF, 0xD7, 0xB5, 0xFF, 0xD7, 0xB5, 0xFF, 0xD7,
  0xB5, 0xFF, 0xB7, 0xB5, 0xFF, 0xB7, 0xB5, 0xFF, 0xD7, 0xB5, 0xFF, 0xD7, 0xB5, 0xFF, 0xD7, 0xB5,
  0xFF, 0xD7, 0xB5, 0xFF, 0xD7, 0xB5, 0xFF, 0xD7, 0xB5, 0xFF, 0xD7, 0xB5, 0xFF, 0xD7, 0xB5, 0xFF,
  0xD7, 0xB5, 0xFF, 0xD7, 0xB5, 0xFF, 0xD7, 0xB5, 0xFF, 0xD7, 0xB5, 0xFF, 0xD7, 0xB5, 0xFF, 0xD7,
  0xB5, 0xFF, 0xD7, 0xB5, 0xFF, 0xD7, 0xB5, 0xFF, 0xD7, 0xB5, 0xFF, 0xD7, 0xB5, 0xFF, 0xD7, 0xB5,
  0xFF, 0xD7, 0xB5, 0xFF, 0xD7, 0xB5, 0xFF, 0xD7, 0xB5, 0xFF, 0xD7, 0xB5, 0xFF, 0xD7, 0xB5, 0xFF,
  0xB7, 0xB5, 0xFF, 0xB7, 0xB5, 0xFF, 0xD7, 0xB5, 0xFF, 0xD7, 0xB5, 0xFF, 0xB7, 0xB5, 0xFF, 0xB7,
  0xB5, 0xFF, 0xB7, 0xB5, 0xFF, 0xB7, 0xB5, 0xFF, 0xB7, 0xB5, 0xFF, 0xB7, 0xB5, 0xFF, 0xB7, 0xB5,
  0xFF, 0xB7, 0xB5, 0xFF, 0xB7, 0xB5, 0xFF, 0xB7, 0xB5, 0xFF, 0xB7, 0xB5, 0xFF, 0xB7, 0xB5, 0xFF,
  0xB7, 0xB5, 0xFF, 0xB7, 0xB5, 0xFF, 0xB7, 0xB5, 0xFF, 0xB7, 0xB5, 0xFF, 0xB7, 0xB5, 0xFF, 0xB7,
  0xB5, 0xFF, 0xB7, 0xB5, 0xFF, 0xB7, 0xB5, 0xFF, 0xB7, 0xB5, 0xFF, 0xB7, 0xB5, 0xFF, 0xB7, 0xB5,
  0xFF, 0xD7, 0xB5, 0xFF, 0xD7, 0xB5, 0xFF, 0x55, 0xA5, 0xFF, 0x14, 0x9D, 0xFF, 0x56, 0xA5, 0xFF,
  0x92, 0x8C, 0xFF, 0xB3, 0x94, 0xFF, 0x14, 0x9D, 0xFF, 0x76, 0xAD, 0xFF, 0xD8, 0xB5, 0xFF, 0xB7,
  0xB5, 0xFF, 0xB7, 0xB5, 0xFF, 0xB7, 0xB5, 0xFF, 0xB7, 0xB5, 0xFF, 0xB7, 0xB5, 0xFF, 0xB7, 0xB5,
  0xFF, 0xB7, 0xB5, 0xFF, 0xB7, 0xB5, 0xFF, 0xB7, 0xB5, 0xFF, 0xB7, 0xB5, 0xFF, 0xB7, 0xB5, 0xFF,
  0xB7, 0xB5, 0xFF, 0xB7, 0xB5, 0xFF, 0xB7, 0xB5, 0xFF, 0xB7, 0xB5, 0xFF, 0xB7, 0xB5, 0xFF, 0xB7,
  0xB5, 0xFF, 0xB7, 0xB5, 0xFF, 0xB7, 0xB5, 0xFF, 0xB7, 0xB5, 0xFF, 0xB7, 0xB5, 0xFF, 0xB7, 0xB5,
  0xFF, 0xB7, 0xB5, 0xFF, 0xB7, 0xB5, 0xFF, 0xB7, 0xB5, 0xFF, 0xB7, 0xB5, 0xFF, 0xB7, 0xB5, 0xFF,
  0xB7, 0xB5, 0xFF, 0xB7, 0xB5, 0xFF, 0xB7, 0xB5, 0xFF, 0xB7, 0xB5, 0xFF, 0xB7, 0xB5, 0xFF, 0xB7,
  0xB5, 0xFF, 0xB7, 0xB5, 0xFF, 0xB7, 0xB5, 0xFF, 0xB7, 0xB5, 0xFF, 0xB7, 0xB5, 0xFF, 0xB7, 0xB5,
  0xFF, 0xB7, 0xB5, 0xFF, 0xB7, 0xB5, 0xFF, 0xB7, 0xB5, 0xFF, 0xB7, 0xB5, 0xFF, 0xB7, 0xB5, 0xFF,
  0xB7, 0xB5, 0xFF, 0xB7, 0xB5, 0xFF, 0xB7, 0xB5, 0xFF, 0xB7, 0xB5, 0xFF, 0xB7, 0xB5, 0xFF, 0xB7,
  0xB5, 0xFF, 0xB7, 0xB5, 0xFF, 0xB7, 0xB5, 0xFF, 0xB7, 0xB5, 0xFF, 0xB7, 0xB5, 0xFF, 0xB7, 0xB5,
  0xFF, 0xB7, 0xB5, 0xFF, 0xB7, 0xB5, 0xFF, 0xB7, 0xB5, 0xFF, 0xB7, 0xB5, 0xFF, 0xB7, 0xB5, 0xFF,
  0xB7, 0xB5, 0xFF, 0xD7, 0xB5, 0xFF, 0x96, 0xAD, 0xFF, 0x14, 0x9D, 0xFF, 0xF4, 0x9C, 0xFF, 0x14,
  0x9D, 0xFF, 0x14, 0x9D, 0xFF, 0x14, 0x9D, 0xFF, 0x14, 0x9D, 0xFF, 0x35, 0xA5, 0xFF, 0x14, 0x9D,
  0xFF, 0xF0, 0x7B, 0xFF, 0xF4, 0x9C, 0xFF, 0x35, 0xA5, 0xFF, 0x14, 0x9D, 0xFF, 0x56, 0xA5, 0xFF,
  0x92, 0x8C, 0xFF, 0x24, 0x21, 0xE5, 0x8A, 0x52, 0x1B, 0x6A, 0x4A, 0x00, 0x6A, 0x4A, 0x00, 0x6A,
  0x4A, 0x00, 0x6A, 0x4A, 0x00, 0x6A, 0x4A, 0x00, 0x51, 0x84, 0x00, 0x51, 0x84, 0x00, 0x51, 0x84,
  0x00, 0x51, 0x84, 0x00, 0x51, 0x84, 0x00, 0x51, 0x8C, 0x00, 0x30, 0x84, 0x00, 0x8E, 0x6B, 0x00,
  0xB2, 0x94, 0x00, 0xAE, 0x73, 0x00, 0xAB, 0x52, 0x00, 0xCF, 0x73, 0x00, 0x45, 0x21, 0x00, 0x4D,
  0x6B, 0x00, 0x10, 0x7C, 0x00, 0x8E, 0x6B, 0x00, 0x08, 0x42, 0x00, 0x2D, 0x63, 0x00, 0x08, 0x42,
  0x00, 0xCF, 0x73, 0x00, 0x28, 0x42, 0x00, 0xEC, 0x5A, 0x00, 0x10, 0x7C, 0x00, 0x2D, 0x63, 0x0D,
  0xC3, 0x18, 0x8E, 0xE4, 0x18, 0xFF, 0x8E, 0x73, 0xFF, 0xF8, 0xBD, 0xFF, 0xB7, 0xB5, 0xFF, 0x14,
  0x9D, 0xFF, 0xF4, 0x9C, 0xFF, 0x14, 0x9D, 0xFF, 0x14, 0x9D, 0xFF, 0x14, 0x9D, 0xFF, 0x56, 0xA5,
  0xFF, 0x35, 0xA5, 0xFF, 0x10, 0x7C, 0xFF, 0xCF, 0x7B, 0xFF, 0xF4, 0x9C, 0xFF, 0x76, 0xAD, 0xFF,
  0x35, 0xA5, 0xFF, 0x14, 0x9D, 0xFF, 0x14, 0x9D, 0xFF, 0x14, 0x9D, 0xFF, 0x14, 0x9D, 0xFF, 0x14,
  0x9D, 0xFF, 0x14, 0x9D, 0xFF, 0x14, 0x9D, 0xFF, 0x14, 0x9D, 0xFF, 0x14, 0x9D, 0xFF, 0x14, 0x9D,
  0xFF, 0x14, 0x9D, 0xFF, 0x14, 0x9D, 0xFF, 0x14, 0x9D, 0xFF, 0x14, 0x9D, 0xFF, 0x35, 0xA5, 0xFF,
  0x15, 0x9D, 0xFF, 0xCF, 0x73, 0xFF, 0xD3, 0x94, 0xFF, 0x35, 0xA5, 0xFF, 0x14, 0x9D, 0xFF, 0x15,
  0x9D, 0xFF, 0x14, 0x9D, 0xFF, 0x14, 0x9D, 0xFF, 0x14, 0x9D, 0xFF, 0x35, 0xA5, 0xFF, 0x35, 0xA5,
  0xFF, 0x35, 0xA5, 0xFF, 0x35, 0xA5, 0xFF, 0x35, 0xA5, 0xFF, 0x35, 0xA5, 0xFF, 0x35, 0xA5, 0xFF,
  0x35, 0xA5, 0xFF, 0x35, 0xA5, 0xFF, 0x35, 0xA5, 0xFF, 0x35, 0xA5, 0xFF, 0x35, 0xA5, 0xFF, 0x35,
  0xA5, 0xFF, 0x15, 0x9D, 0xFF, 0x15, 0x9D, 0xFF, 0x15, 0x9D, 0xFF, 0x15, 0x9D, 0xFF, 0x15, 0x9D,
  0xFF, 0x15, 0x9D, 0xFF, 0x15, 0x9D, 0xFF, 0x15, 0x9D, 0xFF, 0x15, 0x9D, 0xFF, 0x15, 0x9D, 0xFF,
  0x15, 0x9D, 0xFF, 0x15, 0x9D, 0xFF, 0x15, 0x9D, 0xFF, 0x15, 0x9D, 0xFF, 0x15, 0x9D, 0xFF, 0x14,
  0x9D, 0xFF, 0x14, 0x9D, 0xFF, 0x14, 0x9D, 0xFF, 0x14, 0x9D, 0xFF, 0x14, 0x9D, 0xFF, 0x14, 0x9D,
  0xFF, 0x14, 0x9D, 0xFF, 0x14, 0x9D, 0xFF, 0x14, 0x9D, 0xFF, 0x14, 0x9D, 0xFF, 0x14, 0x9D, 0xFF,
  0x14, 0x9D, 0xFF, 0x14, 0x9D, 0xFF, 0x14, 0x9D, 0xFF, 0x14, 0x9D, 0xFF, 0x14, 0x9D, 0xFF, 0x14,
  0x9D, 0xFF, 0x14, 0x9D, 0xFF, 0x14, 0x9D, 0xFF, 0x55, 0xA5, 0xFF, 0xB3, 0x94, 0xFF, 0x8E, 0x6B,
  0xFF, 0x2C, 0x63, 0xFF, 0x6E, 0x6B, 0xFF, 0xF4, 0x9C, 0xFF, 0x56, 0xA5, 0xFF, 0x35, 0xA5, 0xFF,
  0x51, 0x8C, 0xFF, 0xD3, 0x94, 0xFF, 0x35, 0xA5, 0xFF, 0x14, 0x9D, 0xFF, 0x14, 0x9D, 0xFF, 0x14,
  0x9D, 0xFF, 0x14, 0x9D, 0xFF, 0x14, 0x9D, 0xFF, 0x14, 0x9D, 0xFF, 0x14, 0x9D, 0xFF, 0x14, 0x9D,
  0xFF, 0x14, 0x9D, 0xFF, 0x14, 0x9D, 0xFF, 0x14, 0x9D, 0xFF, 0x14, 0x9D, 0xFF, 0x14, 0x9D, 0xFF,
  0x14, 0x9D, 0xFF, 0x14, 0x9D, 0xFF, 0x14, 0x9D, 0xFF, 0x14, 0x9D, 0xFF, 0x14, 0x9D, 0xFF, 0x14,
  0x9D, 0xFF, 0x14, 0x9D, 0xFF, 0x14, 0x9D, 0xFF, 0x14, 0x9D, 0xFF, 0x14, 0x9D, 0xFF, 0x14, 0x9D,
  0xFF, 0x14, 0x9D, 0xFF, 0x15, 0x9D, 0xFF, 0x15, 0x9D, 0xFF, 0x15, 0x9D, 0xFF, 0x15, 0x9D, 0xFF,
  0x15, 0x9D, 0xFF, 0x15, 0x9D, 0xFF, 0x15, 0x9D, 0xFF, 0x15, 0x9D, 0xFF, 0x15, 0x9D, 0xFF, 0x15,
  0x9D, 0xFF, 0x15, 0x9D, 0xFF, 0x15, 0x9D, 0xFF, 0x15, 0x9D, 0xFF, 0x15, 0x9D, 0xFF, 0x35, 0x9D,
  0xFF, 0x15, 0x9D, 0xFF, 0x15, 0x9D, 0xFF, 0x35, 0x9D, 0xFF, 0x35, 0x9D, 0xFF, 0x35, 0x9D, 0xFF,
  0x35, 0x9D, 0xFF, 0x35, 0x9D, 0xFF, 0x35, 0xA5, 0xFF, 0x35, 0xA5, 0xFF, 0x35, 0xA5, 0xFF, 0x35,
  0x9D, 0xFF, 0x15, 0x9D, 0xFF, 0x15, 0x9D, 0xFF, 0x15, 0x9D, 0xFF, 0x15, 0x9D, 0xFF, 0x15, 0x9D,
  0xFF, 0x15, 0x9D, 0xFF, 0x15, 0x9D, 0xFF, 0x35, 0x9D, 0xFF, 0x35, 0xA5, 0xFF, 0x15, 0x9D, 0xFF,
  0x14, 0x9D, 0xFF, 0xF4, 0x9C, 0xFF, 0x14, 0x9D, 0xFF, 0x35, 0xA5, 0xFF, 0x10, 0x84, 0xFF, 0x92,
  0x94, 0xFF, 0x35, 0xA5, 0xFF, 0x14, 0x9D, 0xFF, 0x15, 0x9D, 0xFF, 0x35, 0xA5, 0xFF, 0x15, 0x9D,
  0xFF, 0x35, 0xA5, 0xFF, 0x35, 0xA5, 0xFF, 0x35, 0xA5, 0xFF, 0x35, 0xA5, 0xFF, 0x35, 0xA5, 0xFF,
  0x35, 0xA5, 0xFF, 0x35, 0xA5, 0xFF, 0x35, 0xA5, 0xFF, 0x35, 0xA5, 0xFF, 0x35, 0xA5, 0xFF, 0x35,
  0xA5, 0xFF, 0x35, 0xA5, 0xFF, 0x35, 0xA5, 0xFF, 0x35, 0xA5, 0xFF, 0x35, 0xA5, 0xFF, 0x35, 0xA5,
  0xFF, 0x35, 0xA5, 0xFF, 0x35, 0xA5, 0xFF, 0x35, 0xA5, 0xFF, 0x35, 0xA5, 0xFF, 0x35, 0xA5, 0xFF,
  0x35, 0xA5, 0xFF, 0x35, 0xA5, 0xFF, 0x35, 0xA5, 0xFF, 0x35, 0xA5, 0xFF, 0x35, 0xA5, 0xFF, 0x35,
  0xA5, 0xFF, 0x35, 0xA5, 0xFF, 0x35, 0xA5, 0xFF, 0x35, 0xA5, 0xFF, 0x35, 0xA5, 0xFF, 0x35, 0xA5,
  0xFF, 0x35, 0xA5, 0xFF, 0x35, 0xA5, 0xFF, 0x35, 0xA5, 0xFF, 0x35, 0xA5, 0xFF, 0x35, 0xA5, 0xFF,
  0x35, 0xA5, 0xFF, 0x35, 0xA5, 0xFF, 0x35, 0xA5, 0xFF, 0x35, 0xA5, 0xFF, 0x35, 0xA5, 0xFF, 0x35,
  0xA5, 0xFF, 0x35, 0xA5, 0xFF, 0x35, 0xA5, 0xFF, 0x35, 0xA5, 0xFF, 0x35, 0xA5, 0xFF, 0x35, 0xA5,
  0xFF, 0x35, 0xA5, 0xFF, 0x35, 0xA5, 0xFF, 0x35, 0xA5, 0xFF, 0x35, 0xA5, 0xFF, 0x35, 0xA5, 0xFF,
  0x35, 0xA5, 0xFF, 0x35, 0xA5, 0xFF, 0x35, 0xA5, 0xFF, 0x35, 0xA5, 0xFF, 0x35, 0xA5, 0xFF, 0x15,
  0x9D, 0xFF, 0xF4, 0x9C, 0xFF, 0x14, 0x9D, 0xFF, 0x14, 0x9D, 0xFF, 0x14, 0x9D, 0xFF, 0x14, 0x9D,
  0xFF, 0x14, 0x9D, 0xFF, 0x14, 0x9D, 0xFF, 0x35, 0xA5, 0xFF, 0x14, 0x9D, 0xFF, 0xF0, 0x7B, 0xFF,
  0x14, 0x9D, 0xFF, 0x35, 0xA5, 0xFF, 0x14, 0x9D, 0xFF, 0x55, 0xA5, 0xFF, 0xD3, 0x94, 0xFF, 0x45,
  0x21, 0xF6, 0x08, 0x3A, 0x2F, 0xC7, 0x31, 0x00, 0xC7, 0x39, 0x00, 0xC7, 0x39, 0x00, 0xC7, 0x39,
  0x00, 0xC7, 0x39, 0x00, 0x51, 0x84, 0x00, 0x51, 0x84, 0x00, 0x51, 0x84, 0x00, 0x51, 0x84, 0x00,
  0x51, 0x84, 0x00, 0x51, 0x8C, 0x00, 0x30, 0x84, 0x00, 0x8E, 0x6B, 0x00, 0xB2, 0x94, 0x00, 0xAE,
  0x73, 0x00, 0xAB, 0x52, 0x00, 0xCF, 0x73, 0x00, 0x45, 0x21, 0x00, 0x4D, 0x6B, 0x00, 0x10, 0x7C,
  0x00, 0x8E, 0x6B, 0x00, 0x08, 0x42, 0x00, 0x2D, 0x63, 0x00, 0x08, 0x42, 0x00, 0xAF, 0x73, 0x00,
  0x69, 0x4A, 0x00, 0xEB, 0x5A, 0x00, 0x69, 0x4A, 0x59, 0xC3, 0x18, 0xE5, 0x6A, 0x4A, 0xFF, 0x55,
  0xA5, 0xFF, 0x18, 0xBE, 0xFF, 0xF4, 0x9C, 0xFF, 0xF4, 0x9C, 0xFF, 0x14, 0x9D, 0xFF, 0x14, 0x9D,
  0xFF, 0xF4, 0x9C, 0xFF, 0x15, 0x9D, 0xFF, 0x97, 0xAD, 0xFF, 0xB3, 0x94, 0xFF, 0xAF, 0x73, 0xFF,
  0x51, 0x84, 0xFF, 0x56, 0xA5, 0xFF, 0x55, 0xA5, 0xFF, 0xF4, 0x9C, 0xFF, 0x14, 0x9D, 0xFF, 0x14,
  0x9D, 0xFF, 0x14, 0x9D, 0xFF, 0x14, 0x9D, 0xFF, 0x14, 0x9D, 0xFF, 0x14, 0x9D, 0xFF, 0x14, 0x9D,
  0xFF, 0x14, 0x9D, 0xFF, 0x14, 0x9D, 0xFF, 0x14, 0x9D, 0xFF, 0x14, 0x9D, 0xFF, 0x14, 0x9D, 0xFF,
  0x14, 0x9D, 0xFF, 0x14, 0x9D, 0xFF, 0x14, 0x9D, 0xFF, 0x35, 0xA5, 0xFF, 0x15, 0x9D, 0xFF, 0xCF,
  0x73, 0xFF, 0xD3, 0x94, 0xFF, 0x35, 0xA5, 0xFF, 0x14, 0x9D, 0xFF, 0x14, 0x9D, 0xFF, 0x14, 0x9D,
  0xFF, 0x14, 0x9D, 0xFF, 0x14, 0x9D, 0xFF, 0x14, 0x9D, 0xFF, 0x14, 0x9D, 0xFF, 0x14, 0x9D, 0xFF,
  0x14, 0x9D, 0xFF, 0x14, 0x9D, 0xFF, 0x14, 0x9D, 0xFF, 0x14, 0x9D, 0xFF, 0x14, 0x9D, 0xFF, 0x14,
  0x9D, 0xFF, 0x14, 0x9D, 0xFF, 0x14, 0x9D, 0xFF, 0x14, 0x9D, 0xFF, 0x14, 0x9D, 0xFF, 0x14, 0x9D,
  0xFF, 0x14, 0x9D, 0xFF, 0x14, 0x9D, 0xFF, 0x14, 0x9D, 0xFF, 0x14, 0x9D, 0xFF, 0x14, 0x9D, 0xFF,
  0x14, 0x9D, 0xFF, 0x14, 0x9D, 0xFF, 0x14, 0x9D, 0xFF, 0x14, 0x9D, 0xFF, 0x14, 0x9D, 0xFF, 0x14,
  0x9D, 0xFF, 0x14, 0x9D, 0xFF, 0x14, 0x9D, 0xFF, 0x14, 0x9D, 0xFF, 0x14, 0x9D, 0xFF, 0x14, 0x9D,
  0xFF, 0x14, 0x9D, 0xFF, 0x14, 0x9D, 0xFF, 0x14, 0x9D, 0xFF, 0x14, 0x9D, 0xFF, 0x14, 0x9D, 0xFF,
  0x14, 0x9D, 0xFF, 0x14, 0x9D, 0xFF, 0x14, 0x9D, 0xFF, 0x14, 0x9D, 0xFF, 0x14, 0x9D, 0xFF, 0x14,
  0x9D, 0xFF, 0x14, 0x9D, 0xFF, 0x14, 0x9D, 0xFF, 0x14, 0x9D, 0xFF, 0x14, 0x9D, 0xFF, 0x14, 0x9D,
  0xFF, 0x76, 0xAD, 0xFF, 0x15, 0x9D, 0xFF, 0x25, 0x21, 0xFF, 0x00, 0x00, 0xFF, 0x62, 0x08, 0xFF,
  0x00, 0x00, 0xFF, 0xAB, 0x52, 0xFF, 0xD7, 0xB5, 0xFF, 0x35, 0x9D, 0xFF, 0x51, 0x8C, 0xFF, 0xD3,
  0x94, 0xFF, 0x35, 0xA5, 0xFF, 0x14, 0x9D, 0xFF, 0x14, 0x9D, 0xFF, 0x14, 0x9D, 0xFF, 0x14, 0x9D,
  0xFF, 0x14, 0x9D, 0xFF, 0x14, 0x9D, 0xFF, 0x14, 0x9D, 0xFF, 0x14, 0x9D, 0xFF, 0x14, 0x9D, 0xFF,
  0x14, 0x9D, 0xFF, 0x14, 0x9D, 0xFF, 0x14, 0x9D, 0xFF, 0x14, 0x9D, 0xFF, 0x14, 0x9D, 0xFF, 0x14,
  0x9D, 0xFF, 0x14, 0x9D, 0xFF, 0x14, 0x9D, 0xFF, 0x14, 0x9D, 0xFF, 0x14, 0x9D, 0xFF, 0x14, 0x9D,
  0xFF, 0x14, 0x9D, 0xFF, 0x14, 0x9D, 0xFF, 0x14, 0x9D, 0xFF, 0x14, 0x9D, 0xFF, 0x14, 0x9D, 0xFF,
  0x14, 0x9D, 0xFF, 0x14, 0x9D, 0xFF, 0x14, 0x9D, 0xFF, 0x14, 0x9D, 0xFF, 0x14, 0x9D, 0xFF, 0x14,
  0x9D, 0xFF, 0x14, 0x9D, 0xFF, 0x14, 0x9D, 0xFF, 0x14, 0x9D, 0xFF, 0x14, 0x9D, 0xFF, 0x14, 0x9D,
  0xFF, 0x14, 0x9D, 0xFF, 0x14, 0x9D, 0xFF, 0x14, 0x9D, 0xFF, 0x14, 0x9D, 0xFF, 0x14, 0x9D, 0xFF,
  0x14, 0x9D, 0xFF, 0x14, 0x9D, 0xFF, 0x14, 0x9D, 0xFF, 0x14, 0x9D, 0xFF, 0x14, 0x9D, 0xFF, 0x14,
  0x9D, 0xFF, 0x14, 0x9D, 0xFF, 0x14, 0x9D, 0xFF, 0x14, 0x9D, 0xFF, 0x14, 0x9D, 0xFF, 0x14, 0x9D,
  0xFF, 0x14, 0x9D, 0xFF, 0x14, 0x9D, 0xFF, 0x14, 0x9D, 0xFF, 0x14, 0x9D, 0xFF, 0x14, 0x9D, 0xFF,
  0x14, 0x9D, 0xFF, 0x14, 0x9D, 0xFF, 0x14, 0x9D, 0xFF, 0x14, 0x9D, 0xFF, 0x14, 0x9D, 0xFF, 0x14,
  0x9D, 0xFF, 0x14, 0x9D, 0xFF, 0x35, 0xA5, 0xFF, 0x10, 0x7C, 0xFF, 0x92, 0x8C, 0xFF, 0x35, 0xA5,
  0xFF, 0x14, 0x9D, 0xFF, 0x14, 0x9D, 0xFF, 0x14, 0x9D, 0xFF, 0x14, 0x9D, 0xFF, 0x14, 0x9D, 0xFF,
  0x14, 0x9D, 0xFF, 0x14, 0x9D, 0xFF, 0x14, 0x9D, 0xFF, 0x14, 0x9D, 0xFF, 0x14, 0x9D, 0xFF, 0x14,
  0x9D, 0xFF, 0x14, 0x9D, 0xFF, 0x14, 0x9D, 0xFF, 0x14, 0x9D, 0xFF, 0x14, 0x9D, 0xFF, 0x14, 0x9D,
  0xFF, 0x14, 0x9D, 0xFF, 0x14, 0x9D, 0xFF, 0x14, 0x9D, 0xFF, 0x14, 0x9D, 0xFF, 0x14, 0x9D, 0xFF,
  0x14, 0x9D, 0xFF, 0x14, 0x9D, 0xFF, 0x14, 0x9D, 0xFF, 0x14, 0x9D, 0xFF, 0x14, 0x9D, 0xFF, 0x14,
  0x9D, 0xFF, 0x14, 0x9D, 0xFF, 0x14, 0x9D, 0xFF, 0x14, 0x9D, 0xFF, 0x14, 0x9D, 0xFF, 0x14, 0x9D,
  0xFF, 0x14, 0x9D, 0xFF, 0x14, 0x9D, 0xFF, 0x14, 0x9D, 0xFF, 0x14, 0x9D, 0xFF, 0x14, 0x9D, 0xFF,
  0x14, 0x9D, 0xFF, 0x14, 0x9D, 0xFF, 0x14, 0x9D, 0xFF, 0x14, 0x9D, 0xFF, 0x14, 0x9D, 0xFF, 0x14,
  0x9D, 0xFF, 0x14, 0x9D, 0xFF, 0x14, 0x9D, 0xFF, 0x14, 0x9D, 0xFF, 0x14, 0x9D, 0xFF, 0x14, 0x9D,
  0xFF, 0x14, 0x9D, 0xFF, 0x14, 0x9D, 0xFF, 0x14, 0x9D, 0xFF, 0x14, 0x9D, 0xFF, 0x14, 0x9D, 0xFF,
  0x14, 0x9D, 0xFF, 0x14, 0x9D, 0xFF, 0x14, 0x9D, 0xFF, 0x14, 0x9D, 0xFF, 0x14, 0x9D, 0xFF, 0x14,
  0x9D, 0xFF, 0x14, 0x9D, 0xFF, 0x14, 0x9D, 0xFF, 0x14, 0x9D, 0xFF, 0x14, 0x9D, 0xFF, 0x14, 0x9D,
  0xFF, 0x14, 0x9D, 0xFF, 0x14, 0x9D, 0xFF, 0x14, 0x9D, 0xFF, 0x14, 0x9D, 0xFF, 0x14, 0x9D, 0xFF,
  0x14, 0x9D, 0xFF, 0x15, 0x9D, 0xFF, 0x14, 0x9D, 0xFF, 0x51, 0x84, 0xFF, 0xF4, 0x9C, 0xFF, 0x15,
  0x9D, 0xFF, 0x14, 0x9D, 0xFF, 0x35, 0xA5, 0xFF, 0x76, 0xAD, 0xFF, 0x86, 0x31, 0xFF, 0x82, 0x10,
  0x50, 0x25, 0x21, 0x00, 0x24, 0x21, 0x00, 0x24, 0x21, 0x00, 0x24, 0x21, 0x00, 0x24, 0x21, 0x00,
  0x51, 0x84, 0x00, 0x51, 0x84, 0x00, 0x51, 0x84, 0x00, 0x51, 0x84, 0x00, 0x51, 0x84, 0x00, 0x51,
  0x8C, 0x00, 0x30, 0x84, 0x00, 0x8E, 0x6B, 0x00, 0xB2, 0x94, 0x00, 0xAE, 0x73, 0x00, 0xAB, 0x52,
  0x00, 0xCF, 0x73, 0x00, 0x45, 0x21, 0x00, 0x4D, 0x6B, 0x00, 0x10, 0x7C, 0x00, 0x8E, 0x6B, 0x00,
  0x08, 0x42, 0x00, 0x2D, 0x63, 0x00, 0x08, 0x42, 0x00, 0x30, 0x84, 0x00, 0x69, 0x4A, 0x23, 0x20,
  0x00, 0xB1, 0x45, 0x29, 0xFF, 0x51, 0x84, 0xFF, 0xF8, 0xBD, 0xFF, 0x76, 0xAD, 0xFF, 0xF4, 0x9C,
  0xFF, 0x14, 0x9D, 0xFF, 0x14, 0x9D, 0xFF, 0x14, 0x9D, 0xFF, 0x14, 0x9D, 0xFF, 0x35, 0xA5, 0xFF,
  0x76, 0xAD, 0xFF, 0xF0, 0x7B, 0xFF, 0x4D, 0x6B, 0xFF, 0xD4, 0x9C, 0xFF, 0x76, 0xAD, 0xFF, 0x14,
  0x9D, 0xFF, 0x14, 0x9D, 0xFF, 0x14, 0x9D, 0xFF, 0x14, 0x9D, 0xFF, 0x14, 0x9D, 0xFF, 0x14, 0x9D,
  0xFF, 0x14, 0x9D, 0xFF, 0x14, 0x9D, 0xFF, 0x14, 0x9D, 0xFF, 0x14, 0x9D, 0xFF, 0x14, 0x9D, 0xFF,
  0x14, 0x9D, 0xFF, 0x14, 0x9D, 0xFF, 0x14, 0x9D, 0xFF, 0x14, 0x9D, 0xFF, 0x14, 0x9D, 0xFF, 0x14,
  0x9D, 0xFF, 0x14, 0x9D, 0xFF, 0x35, 0xA5, 0xFF, 0x15, 0x9D, 0xFF, 0xCF, 0x73, 0xFF, 0xD3, 0x94,
  0xFF, 0x35, 0xA5, 0xFF, 0x14, 0x9D, 0xFF, 0x14, 0x9D, 0xFF, 0x14, 0x9D, 0xFF, 0x14, 0x9D, 0xFF,
  0x14, 0x9D, 0xFF, 0x14, 0x9D, 0xFF, 0x14, 0x9D, 0xFF, 0x14, 0x9D, 0xFF, 0x14, 0x9D, 0xFF, 0x14,
  0x9D, 0xFF, 0x14, 0x9D, 0xFF, 0x14, 0x9D, 0xFF, 0x14, 0x9D, 0xFF, 0x14, 0x9D, 0xFF, 0x14, 0x9D,
  0xFF, 0x14, 0x9D, 0xFF, 0x14, 0x9D, 0xFF, 0x14, 0x9D, 0xFF, 0x14, 0x9D, 0xFF, 0x14, 0x9D, 0xFF,
  0x14, 0x9D, 0xFF, 0x14, 0x9D, 0xFF, 0x14, 0x9D, 0xFF, 0x14, 0x9D, 0xFF, 0x14, 0x9D, 0xFF, 0x14,
  0x9D, 0xFF, 0x14, 0x9D, 0xFF, 0x14, 0x9D, 0xFF, 0x14, 0x9D, 0xFF, 0x14, 0x9D, 0xFF, 0x14, 0x9D,
  0xFF, 0x14, 0x9D, 0xFF, 0x14, 0x9D, 0xFF, 0x14, 0x9D, 0xFF, 0x14, 0x9D, 0xFF, 0x14, 0x9D, 0xFF,
  0x14, 0x9D, 0xFF, 0x14, 0x9D, 0xFF, 0x14, 0x9D, 0xFF, 0x14, 0x9D, 0xFF, 0x14, 0x9D, 0xFF, 0x14,
  0x9D, 0xFF, 0x14, 0x9D, 0xFF, 0x14, 0x9D, 0xFF, 0x14, 0x9D, 0xFF, 0x14, 0x9D, 0xFF, 0x14, 0x9D,
  0xFF, 0x14, 0x9D, 0xFF, 0x14, 0x9D, 0xFF, 0x14, 0x9D, 0xFF, 0x14, 0x9D, 0xFF, 0x96, 0xAD, 0xFF,
  0xB3, 0x8C, 0xFF, 0x20, 0x00, 0xFF, 0xE8, 0x39, 0xFF, 0x51, 0x84, 0xFF, 0x00, 0x00, 0xFF, 0x69,
  0x4A, 0xFF, 0xD7, 0xB5, 0xFF, 0x35, 0x9D, 0xFF, 0x51, 0x8C, 0xFF, 0xF3, 0x9C, 0xFF, 0x35, 0x9D,
  0xFF, 0x14, 0x9D, 0xFF, 0x14, 0x9D, 0xFF, 0x14, 0x9D, 0xFF, 0x14, 0x9D, 0xFF, 0x14, 0x9D, 0xFF,
  0x14, 0x9D, 0xFF, 0x14, 0x9D, 0xFF, 0x14, 0x9D, 0xFF, 0x14, 0x9D, 0xFF, 0x14, 0x9D, 0xFF, 0x14,
  0x9D, 0xFF, 0x14, 0x9D, 0xFF, 0x14, 0x9D, 0xFF, 0x14, 0x9D, 0xFF, 0x14, 0x9D, 0xFF, 0x14, 0x9D,
  0xFF, 0x14, 0x9D, 0xFF, 0x14, 0x9D, 0xFF, 0x14, 0x9D, 0xFF, 0x14, 0x9D, 0xFF, 0x14, 0x9D, 0xFF,
  0x14, 0x9D, 0xFF, 0x14, 0x9D, 0xFF, 0x14, 0x9D, 0xFF, 0x14, 0x9D, 0xFF, 0x14, 0x9D, 0xFF, 0x14,
  0x9D, 0xFF, 0x14, 0x9D, 0xFF, 0x14, 0x9D, 0xFF, 0x14, 0x9D, 0xFF, 0x14, 0x9D, 0xFF, 0x14, 0x9D,
  0xFF, 0x14, 0x9D, 0xFF, 0x14, 0x9D, 0xFF, 0x14, 0x9D, 0xFF, 0x14, 0x9D, 0xFF, 0x14, 0x9D, 0xFF,
  0x14, 0x9D, 0xFF, 0x14, 0x9D, 0xFF, 0x14, 0x9D, 0xFF, 0x14, 0x9D, 0xFF, 0x14, 0x9D, 0xFF, 0x14,
  0x9D, 0xFF, 0x14, 0x9D, 0xFF, 0x14, 0x9D, 0xFF, 0x14, 0x9D, 0xFF, 0x14, 0x9D, 0xFF, 0x14, 0x9D,
  0xFF, 0x14, 0x9D, 0xFF, 0x14, 0x9D, 0xFF, 0x14, 0x9D, 0xFF, 0x14, 0x9D, 0xFF, 0x14, 0x9D, 0xFF,
  0x14, 0x9D, 0xFF, 0x14, 0x9D, 0xFF, 0x14, 0x9D, 0xFF, 0x14, 0x9D, 0xFF, 0x14, 0x9D, 0xFF, 0x14,
  0x9D, 0xFF, 0x14, 0x9D, 0xFF, 0x14, 0x9D, 0xFF, 0x14, 0x9D, 0xFF, 0x14, 0x9D, 0xFF, 0x14, 0x9D,
  0xFF, 0x35, 0xA5, 0xFF, 0xF0, 0x7B, 0xFF, 0x92, 0x8C, 0xFF, 0x35, 0xA5, 0xFF, 0x14, 0x9D, 0xFF,
  0x14, 0x9D, 0xFF, 0x14, 0x9D, 0xFF, 0x14, 0x9D, 0xFF, 0x14, 0x9D, 0xFF, 0x14, 0x9D, 0xFF, 0x14,
  0x9D, 0xFF, 0x14, 0x9D, 0xFF, 0x14, 0x9D, 0xFF, 0x14, 0x9D, 0xFF, 0x14, 0x9D, 0xFF, 0x14, 0x9D,
  0xFF, 0x14, 0x9D, 0xFF, 0x14, 0x9D, 0xFF, 0x14, 0x9D, 0xFF, 0x14, 0x9D, 0xFF, 0x14, 0x9D, 0xFF,
  0x14, 0x9D, 0xFF, 0x14, 0x9D, 0xFF, 0x14, 0x9D, 0xFF, 0x14, 0x9D, 0xFF, 0x14, 0x9D, 0xFF, 0x14,
  0x9D, 0xFF, 0x14, 0x9D, 0xFF, 0x14, 0x9D, 0xFF, 0x14, 0x9D, 0xFF, 0x14, 0x9D, 0xFF, 0x14, 0x9D,
  0xFF, 0x14, 0x9D, 0xFF, 0x14, 0x9D, 0xFF, 0x14, 0x9D, 0xFF, 0x14, 0x9D, 0xFF, 0x14, 0x9D, 0xFF,
  0x14, 0x9D, 0xFF, 0x14, 0x9D, 0xFF, 0x14, 0x9D, 0xFF, 0x14, 0x9D, 0xFF, 0x14, 0x9D, 0xFF, 0x14,
  0x9D, 0xFF, 0x14, 0x9D, 0xFF, 0x14, 0x9D, 0xFF, 0x14, 0x9D, 0xFF, 0x14, 0x9D, 0xFF, 0x14, 0x9D,
  0xFF, 0x14, 0x9D, 0xFF, 0x14, 0x9D, 0xFF, 0x14, 0x9D, 0xFF, 0x14, 0x9D, 0xFF, 0x14, 0x9D, 0xFF,
  0x14, 0x9D, 0xFF, 0x14, 0x9D, 0xFF, 0x14, 0x9D, 0xFF, 0x14, 0x9D, 0xFF, 0x14, 0x9D, 0xFF, 0x14,
  0x9D, 0xFF, 0x14, 0x9D, 0xFF, 0x14, 0x9D, 0xFF, 0x14, 0x9D, 0xFF, 0x14, 0x9D, 0xFF, 0x14, 0x9D,
  0xFF, 0x14, 0x9D, 0xFF, 0x14, 0x9D, 0xFF, 0x14, 0x9D, 0xFF, 0x14, 0x9D, 0xFF, 0x14, 0x9D, 0xFF,
  0x14, 0x9D, 0xFF, 0x14, 0x9D, 0xFF, 0x14, 0x9D, 0xFF, 0x14, 0x9D, 0xFF, 0x14, 0x9D, 0xFF, 0x14,
  0x9D, 0xFF, 0x35, 0xA5, 0xFF, 0x31, 0x84, 0xFF, 0xB3, 0x94, 0xFF, 0x35, 0xA5, 0xFF, 0x14, 0x9D,
  0xFF, 0x14, 0x9D, 0xFF, 0xD7, 0xB5, 0xFF, 0x45, 0x29, 0xFF, 0x0C, 0x5B, 0x59, 0x7A, 0xCE, 0x00,
  0xB6, 0xB5, 0x00, 0xB6, 0xB5, 0x00, 0xB6, 0xB5, 0x00, 0xB6, 0xB5, 0x00, 0x51, 0x84, 0x00, 0x51,
  0x84, 0x00, 0x51, 0x84, 0x00, 0x51, 0x84, 0x00, 0x51, 0x84, 0x00, 0x51, 0x8C, 0x00, 0x30, 0x84,
  0x00, 0x8E, 0x6B, 0x00, 0xB2, 0x94, 0x00, 0xAE, 0x73, 0x00, 0xAB, 0x52, 0x00, 0xCF, 0x73, 0x00,
  0x45, 0x21, 0x00, 0x4D, 0x6B, 0x00, 0x10, 0x7C, 0x00, 0x8E, 0x6B, 0x00, 0x08, 0x3A, 0x00, 0x8E,
  0x6B, 0x00, 0x8A, 0x52, 0x00, 0x86, 0x31, 0x72, 0x25, 0x21, 0xF8, 0x4D, 0x6B, 0xFF, 0xF8, 0xBD,
  0xFF, 0xB7, 0xB5, 0xFF, 0xF4, 0x9C, 0xFF, 0x14, 0x9D, 0xFF, 0x14, 0x9D, 0xFF, 0x14, 0x9D, 0xFF,
  0x14, 0x9D, 0xFF, 0x14, 0x9D, 0xFF, 0x55, 0xA5, 0xFF, 0x15, 0x9D, 0xFF, 0xAE, 0x73, 0xFF, 0x8E,
  0x73, 0xFF, 0x56, 0xA5, 0xFF, 0x56, 0xA5, 0xFF, 0xF4, 0x9C, 0xFF, 0x14, 0x9D, 0xFF, 0x14, 0x9D,
  0xFF, 0x14, 0x9D, 0xFF, 0x14, 0x9D, 0xFF, 0x14, 0x9D, 0xFF, 0x14, 0x9D, 0xFF, 0x14, 0x9D, 0xFF,
  0x14, 0x9D, 0xFF, 0x14, 0x9D, 0xFF, 0x14, 0x9D, 0xFF, 0x14, 0x9D, 0xFF, 0x14, 0x9D, 0xFF, 0x14,
  0x9D, 0xFF, 0x14, 0x9D, 0xFF, 0x14, 0x9D, 0xFF, 0x14, 0x9D, 0xFF, 0x14, 0x9D, 0xFF, 0x14, 0x9D,
  0xFF, 0x35, 0xA5, 0xFF, 0x15, 0x9D, 0xFF, 0xCF, 0x73, 0xFF, 0xD3, 0x94, 0xFF, 0x35, 0xA5, 0xFF,
  0x14, 0x9D, 0xFF, 0x14, 0x9D, 0xFF, 0x14, 0x9D, 0xFF, 0x14, 0x9D, 0xFF, 0x14, 0x9D, 0xFF, 0x14,
  0x9D, 0xFF, 0x14, 0x9D, 0xFF, 0x14, 0x9D, 0xFF, 0x14, 0x9D, 0xFF, 0x14, 0x9D, 0xFF, 0x14, 0x9D,
  0xFF, 0x14, 0x9D, 0xFF, 0x14, 0x9D, 0xFF, 0x14, 0x9D, 0xFF, 0x14, 0x9D, 0xFF, 0x14, 0x9D, 0xFF,
  0x14, 0x9D, 0xFF, 0x14, 0x9D, 0xFF, 0x14, 0x9D, 0xFF, 0x14, 0x9D, 0xFF, 0x14, 0x9D, 0xFF, 0x14,
  0x9D, 0xFF, 0x14, 0x9D, 0xFF, 0x14, 0x9D, 0xFF, 0x14, 0x9D, 0xFF, 0x14, 0x9D, 0xFF, 0x14, 0x9D,
  0xFF, 0x14, 0x9D, 0xFF, 0x14, 0x9D, 0xFF, 0x14, 0x9D, 0xFF, 0x14, 0x9D, 0xFF, 0x14, 0x9D, 0xFF,
  0x14, 0x9D, 0xFF, 0x14, 0x9D, 0xFF, 0x14, 0x9D, 0xFF, 0x14, 0x9D, 0xFF, 0x14, 0x9D, 0xFF, 0x14,
  0x9D, 0xFF, 0x14, 0x9D, 0xFF, 0x14, 0x9D, 0xFF, 0x14, 0x9D, 0xFF, 0x14, 0x9D, 0xFF, 0x14, 0x9D,
  0xFF, 0x14, 0x9D, 0xFF, 0x14, 0x9D, 0xFF, 0x14, 0x9D, 0xFF, 0x14, 0x9D, 0xFF, 0x14, 0x9D, 0xFF,
  0x14, 0x9D, 0xFF, 0x14, 0x9D, 0xFF, 0x14, 0x9D, 0xFF, 0x96, 0xAD, 0xFF, 0xB3, 0x94, 0xFF, 0x21,
  0x00, 0xFF, 0x49, 0x4A, 0xFF, 0xF4, 0x9C, 0xFF, 0x00, 0x00, 0xFF, 0xCB, 0x5A, 0xFF, 0xD7, 0xB5,
  0xFF, 0x15, 0x9D, 0xFF, 0x51, 0x8C, 0xFF, 0xD3, 0x9C, 0xFF, 0x35, 0xA5, 0xFF, 0x14, 0x9D, 0xFF,
  0x14, 0x9D, 0xFF, 0x14, 0x9D, 0xFF, 0x14, 0x9D, 0xFF, 0x14, 0x9D, 0xFF, 0x14, 0x9D, 0xFF, 0x14,
  0x9D, 0xFF, 0x14, 0x9D, 0xFF, 0x14, 0x9D, 0xFF, 0x14, 0x9D, 0xFF, 0x14, 0x9D, 0xFF, 0x14, 0x9D,
  0xFF, 0x14, 0x9D, 0xFF, 0x14, 0x9D, 0xFF, 0x14, 0x9D, 0xFF, 0x14, 0x9D, 0xFF, 0x14, 0x9D, 0xFF,
  0x14, 0x9D, 0xFF, 0x14, 0x9D, 0xFF, 0x14, 0x9D, 0xFF, 0x14, 0x9D, 0xFF, 0x14, 0x9D, 0xFF, 0x14,
  0x9D, 0xFF, 0x14, 0x9D, 0xFF, 0x14, 0x9D, 0xFF, 0x14, 0x9D, 0xFF, 0x14, 0x9D, 0xFF, 0x14, 0x9D,
  0xFF, 0x14, 0x9D, 0xFF, 0x14, 0x9D, 0xFF, 0x14, 0x9D, 0xFF, 0x14, 0x9D, 0xFF, 0x14, 0x9D, 0xFF,
  0x14, 0x9D, 0xFF, 0x14, 0x9D, 0xFF, 0x14, 0x9D, 0xFF, 0x14, 0x9D, 0xFF, 0x14, 0x9D, 0xFF, 0x14,
  0x9D, 0xFF, 0x14, 0x9D, 0xFF, 0x14, 0x9D, 0xFF, 0x14, 0x9D, 0xFF, 0x14, 0x9D, 0xFF, 0x14, 0x9D,
  0xFF, 0x14, 0x9D, 0xFF, 0x14, 0x9D, 0xFF, 0x14, 0x9D, 0xFF, 0x14, 0x9D, 0xFF, 0x14, 0x9D, 0xFF,
  0x14, 0x9D, 0xFF, 0x14, 0x9D, 0xFF, 0x14, 0x9D, 0xFF, 0x14, 0x9D, 0xFF, 0x14, 0x9D, 0xFF, 0x14,
  0x9D, 0xFF, 0x14, 0x9D, 0xFF, 0x14, 0x9D, 0xFF, 0x14, 0x9D, 0xFF, 0x14, 0x9D, 0xFF, 0x14, 0x9D,
  0xFF, 0x14, 0x9D, 0xFF, 0x14, 0x9D, 0xFF, 0x14, 0x9D, 0xFF, 0x14, 0x9D, 0xFF, 0x35, 0xA5, 0xFF,
  0xF0, 0x7B, 0xFF, 0x92, 0x8C, 0xFF, 0x35, 0xA5, 0xFF, 0x14, 0x9D, 0xFF, 0x14, 0x9D, 0xFF, 0x14,
  0x9D, 0xFF, 0x14, 0x9D, 0xFF, 0x14, 0x9D, 0xFF, 0x14, 0x9D, 0xFF, 0x14, 0x9D, 0xFF, 0x14, 0x9D,
  0xFF, 0x14, 0x9D, 0xFF, 0x14, 0x9D, 0xFF, 0x14, 0x9D, 0xFF, 0x14, 0x9D, 0xFF, 0x14, 0x9D, 0xFF,
  0x14, 0x9D, 0xFF, 0x14, 0x9D, 0xFF, 0x14, 0x9D, 0xFF, 0x14, 0x9D, 0xFF, 0x14, 0x9D, 0xFF, 0x14,
  0x9D, 0xFF, 0x14, 0x9D, 0xFF, 0x14, 0x9D, 0xFF, 0x14, 0x9D, 0xFF, 0x14, 0x9D, 0xFF, 0x14, 0x9D,
  0xFF, 0x14, 0x9D, 0xFF, 0x14, 0x9D, 0xFF, 0x14, 0x9D, 0xFF, 0x14, 0x9D, 0xFF, 0x14, 0x9D, 0xFF,
  0x14, 0x9D, 0xFF, 0x14, 0x9D, 0xFF, 0x14, 0x9D, 0xFF, 0x14, 0x9D, 0xFF, 0x14, 0x9D, 0xFF, 0x14,
  0x9D, 0xFF, 0x14, 0x9D, 0xFF, 0x14, 0x9D, 0xFF, 0x14, 0x9D, 0xFF, 0x14, 0x9D, 0xFF, 0x14, 0x9D,
  0xFF, 0x14, 0x9D, 0xFF, 0x14, 0x9D, 0xFF, 0x14, 0x9D, 0xFF, 0x14, 0x9D, 0xFF, 0x14, 0x9D, 0xFF,
  0x14, 0x9D, 0xFF, 0x14, 0x9D, 0xFF, 0x14, 0x9D, 0xFF, 0x14, 0x9D, 0xFF, 0x14, 0x9D, 0xFF, 0x14,
  0x9D, 0xFF, 0x14, 0x9D, 0xFF, 0x14, 0x9D, 0xFF, 0x14, 0x9D, 0xFF, 0x14, 0x9D, 0xFF, 0x14, 0x9D,
  0xFF, 0x14, 0x9D, 0xFF, 0x14, 0x9D, 0xFF, 0x14, 0x9D, 0xFF, 0x14, 0x9D, 0xFF, 0x14, 0x9D, 0xFF,
  0x14, 0x9D, 0xFF, 0x14, 0x9D, 0xFF, 0x14, 0x9D, 0xFF, 0x14, 0x9D, 0xFF, 0x14, 0x9D, 0xFF, 0x14,
  0x9D, 0xFF, 0x14, 0x9D, 0xFF, 0x14, 0x9D, 0xFF, 0x14, 0x9D, 0xFF, 0x14, 0x9D, 0xFF, 0x35, 0xA5,
  0xFF, 0x30, 0x84, 0xFF, 0x92, 0x94, 0xFF, 0x35, 0xA5, 0xFF, 0x14, 0x9D, 0xFF, 0x14, 0x9D, 0xFF,
  0xB7, 0xB5, 0xFF, 0x08, 0x42, 0xFF, 0xC7, 0x39, 0x86, 0x10, 0x84, 0x00, 0x8E, 0x73, 0x00, 0x8E,
  0x73, 0x00, 0x8E, 0x73, 0x00, 0x8E, 0x73, 0x00, 0x51, 0x84, 0x00, 0x51, 0x84, 0x00, 0x51, 0x84,
  0x00, 0x51, 0x84, 0x00, 0x51, 0x84, 0x00, 0x51, 0x8C, 0x00, 0x30, 0x84, 0x00, 0x8E, 0x6B, 0x00,
  0xB2, 0x94, 0x00, 0xAE, 0x73, 0x00, 0xAB, 0x52, 0x00, 0xCF, 0x73, 0x00, 0x45, 0x21, 0x00, 0x4D,
  0x6B, 0x00, 0x10, 0x7C, 0x00, 0x8E, 0x6B, 0x00, 0x69, 0x4A, 0x00, 0x8A, 0x4A, 0x2E, 0xE3, 0x18,
  0xC0, 0xC7, 0x39, 0xFF, 0xF4, 0x9C, 0xFF, 0x19, 0xBE, 0xFF, 0x55, 0xA5, 0xFF, 0xF4, 0x9C, 0xFF,
  0x14, 0x9D, 0xFF, 0x14, 0x9D, 0xFF, 0x14, 0x9D, 0xFF, 0x14, 0x9D, 0xFF, 0x14, 0x9D, 0xFF, 0x56,
  0xA5, 0xFF, 0xB3, 0x94, 0xFF, 0xEF, 0x7B, 0xFF, 0x92, 0x8C, 0xFF, 0x76, 0xAD, 0xFF, 0x35, 0xA5,
  0xFF, 0xF4, 0x9C, 0xFF, 0x14, 0x9D, 0xFF, 0x14, 0x9D, 0xFF, 0x14, 0x9D, 0xFF, 0x14, 0x9D, 0xFF,
  0x14, 0x9D, 0xFF, 0x14, 0x9D, 0xFF, 0x14, 0x9D, 0xFF, 0x14, 0x9D, 0xFF, 0x14, 0x9D, 0xFF, 0x14,
  0x9D, 0xFF, 0x14, 0x9D, 0xFF, 0x14, 0x9D, 0xFF, 0x14, 0x9D, 0xFF, 0x14, 0x9D, 0xFF, 0x14, 0x9D,
  0xFF, 0x14, 0x9D, 0xFF, 0x14, 0x9D, 0xFF, 0x14, 0x9D, 0xFF, 0x14, 0x9D, 0xFF, 0x35, 0xA5, 0xFF,
  0x15, 0x9D, 0xFF, 0xCF, 0x73, 0xFF, 0xD3, 0x94, 0xFF, 0x35, 0xA5, 0xFF, 0x14, 0x9D, 0xFF, 0x14,
  0x9D, 0xFF, 0x14, 0x9D, 0xFF, 0x14, 0x9D, 0xFF, 0x14, 0x9D, 0xFF, 0x14, 0x9D, 0xFF, 0x14, 0x9D,
  0xFF, 0x14, 0x9D, 0xFF, 0x14, 0x9D, 0xFF, 0x14, 0x9D, 0xFF, 0x14, 0x9D, 0xFF, 0x14, 0x9D, 0xFF,
  0x14, 0x9D, 0xFF, 0x14, 0x9D, 0xFF, 0x14, 0x9D, 0xFF, 0x14, 0x9D, 0xFF, 0x14, 0x9D, 0xFF, 0x14,
  0x9D, 0xFF, 0x14, 0x9D, 0xFF, 0x14, 0x9D, 0xFF, 0x14, 0x9D, 0xFF, 0x14, 0x9D, 0xFF, 0x14, 0x9D,
  0xFF, 0x14, 0x9D, 0xFF, 0x14, 0x9D, 0xFF, 0x14, 0x9D, 0xFF, 0x14, 0x9D, 0xFF, 0x14, 0x9D, 0xFF,
  0x14, 0x9D, 0xFF, 0x14, 0x9D, 0xFF, 0x14, 0x9D, 0xFF, 0x14, 0x9D, 0xFF, 0x14, 0x9D, 0xFF, 0x14,
  0x9D, 0xFF, 0x14, 0x9D, 0xFF, 0x14, 0x9D, 0xFF, 0x14, 0x9D, 0xFF, 0x14, 0x9D, 0xFF, 0x14, 0x9D,
  0xFF, 0x14, 0x9D, 0xFF, 0x14, 0x9D, 0xFF, 0x14, 0x9D, 0xFF, 0x14, 0x9D, 0xFF, 0x14, 0x9D, 0xFF,
  0x14, 0x9D, 0xFF, 0x14, 0x9D, 0xFF, 0x14, 0x9D, 0xFF, 0x14, 0x9D, 0xFF, 0x14, 0x9D, 0xFF, 0x14,
  0x9D, 0xFF, 0x14, 0x9D, 0xFF, 0x96, 0xAD, 0xFF, 0xB3, 0x94, 0xFF, 0x20, 0x00, 0xFF, 0x08, 0x42,
  0xFF, 0x72, 0x8C, 0xFF, 0x00, 0x00, 0xFF, 0xCB, 0x5A, 0xFF, 0xB7, 0xB5, 0xFF, 0x15, 0x9D, 0xFF,
  0x51, 0x84, 0xFF, 0xD3, 0x94, 0xFF, 0x35, 0xA5, 0xFF, 0x14, 0x9D, 0xFF, 0x14, 0x9D, 0xFF, 0x14,
  0x9D, 0xFF, 0x14, 0x9D, 0xFF, 0x14, 0x9D, 0xFF, 0x14, 0x9D, 0xFF, 0x14, 0x9D, 0xFF, 0x14, 0x9D,
  0xFF, 0x14, 0x9D, 0xFF, 0x14, 0x9D, 0xFF, 0x14, 0x9D, 0xFF, 0x14, 0x9D, 0xFF, 0x14, 0x9D, 0xFF,
  0x14, 0x9D, 0xFF, 0x14, 0x9D, 0xFF, 0x14, 0x9D, 0xFF, 0x14, 0x9D, 0xFF, 0x14, 0x9D, 0xFF, 0x14,
  0x9D, 0xFF, 0x14, 0x9D, 0xFF, 0x14, 0x9D, 0xFF, 0x14, 0x9D, 0xFF, 0x14, 0x9D, 0xFF, 0x14, 0x9D,
  0xFF, 0x14, 0x9D, 0xFF, 0x14, 0x9D, 0xFF, 0x14, 0x9D, 0xFF, 0x14, 0x9D, 0xFF, 0x14, 0x9D, 0xFF,
  0x14, 0x9D, 0xFF, 0x14, 0x9D, 0xFF, 0x14, 0x9D, 0xFF, 0x14, 0x9D, 0xFF, 0x14, 0x9D, 0xFF, 0x14,
  0x9D, 0xFF, 0x14, 0x9D, 0xFF, 0x14, 0x9D, 0xFF, 0x14, 0x9D, 0xFF, 0x14, 0x9D, 0xFF, 0x14, 0x9D,
  0xFF, 0x14, 0x9D, 0xFF, 0x14, 0x9D, 0xFF, 0x14, 0x9D, 0xFF, 0x14, 0x9D, 0xFF, 0x14, 0x9D, 0xFF,
  0x14, 0x9D, 0xFF, 0x14, 0x9D, 0xFF, 0x14, 0x9D, 0xFF, 0x14, 0x9D, 0xFF, 0x14, 0x9D, 0xFF, 0x14,
  0x9D, 0xFF, 0x14, 0x9D, 0xFF, 0x14, 0x9D, 0xFF, 0x14, 0x9D, 0xFF, 0x14, 0x9D, 0xFF, 0x14, 0x9D,
  0xFF, 0x14, 0x9D, 0xFF, 0x14, 0x9D, 0xFF, 0x14, 0x9D, 0xFF, 0x14, 0x9D, 0xFF, 0x14, 0x9D, 0xFF,
  0x14, 0x9D, 0xFF, 0x14, 0x9D, 0xFF, 0x14, 0x9D, 0xFF, 0x35, 0xA5, 0xFF, 0xF0, 0x7B, 0xFF, 0x92,
  0x8C, 0xFF, 0x35, 0xA5, 0xFF, 0x14, 0x9D, 0xFF, 0x14, 0x9D, 0xFF, 0x14, 0x9D, 0xFF, 0x14, 0x9D,
  0xFF, 0x14, 0x9D, 0xFF, 0x14, 0x9D, 0xFF, 0x14, 0x9D, 0xFF, 0x14, 0x9D, 0xFF, 0x14, 0x9D, 0xFF,
  0x14, 0x9D, 0xFF, 0x14, 0x9D, 0xFF, 0x14, 0x9D, 0xFF, 0x14, 0x9D, 0xFF, 0x14, 0x9D, 0xFF, 0x14,
  0x9D, 0xFF, 0x14, 0x9D, 0xFF, 0x14, 0x9D, 0xFF, 0x14, 0x9D, 0xFF, 0x14, 0x9D, 0xFF, 0x14, 0x9D,
  0xFF, 0x14, 0x9D, 0xFF, 0x14, 0x9D, 0xFF, 0x14, 0x9D, 0xFF, 0x14, 0x9D, 0xFF, 0x14, 0x9D, 0xFF,
  0x14, 0x9D, 0xFF, 0x14, 0x9D, 0xFF, 0x14, 0x9D, 0xFF, 0x14, 0x9D, 0xFF, 0x14, 0x9D, 0xFF, 0x14,
  0x9D, 0xFF, 0x14, 0x9D, 0xFF, 0x14, 0x9D, 0xFF, 0x14, 0x9D, 0xFF, 0x14, 0x9D, 0xFF, 0x14, 0x9D,
  0xFF, 0x14, 0x9D, 0xFF, 0x14, 0x9D, 0xFF, 0x14, 0x9D, 0xFF, 0x14, 0x9D, 0xFF, 0x14, 0x9D, 0xFF,
  0x14, 0x9D, 0xFF, 0x14, 0x9D, 0xFF, 0x14, 0x9D, 0xFF, 0x14, 0x9D, 0xFF, 0x14, 0x9D, 0xFF, 0x14,
  0x9D, 0xFF, 0x14, 0x9D, 0xFF, 0x14, 0x9D, 0xFF, 0x14, 0x9D, 0xFF, 0x14, 0x9D, 0xFF, 0x14, 0x9D,
  0xFF, 0x14, 0x9D, 0xFF, 0x14, 0x9D, 0xFF, 0x14, 0x9D, 0xFF, 0x14, 0x9D, 0xFF, 0x14, 0x9D, 0xFF,
  0x14, 0x9D, 0xFF, 0x14, 0x9D, 0xFF, 0x14, 0x9D, 0xFF, 0x14, 0x9D, 0xFF, 0x14, 0x9D, 0xFF, 0x14,
  0x9D, 0xFF, 0x14, 0x9D, 0xFF, 0x14, 0x9D, 0xFF, 0x14, 0x9D, 0xFF, 0x14, 0x9D, 0xFF, 0x14, 0x9D,
  0xFF, 0x14, 0x9D, 0xFF, 0x14, 0x9D, 0xFF, 0x14, 0x9D, 0xFF, 0x55, 0xA5, 0xFF, 0x72, 0x8C, 0xFF,
  0x92, 0x8C, 0xFF, 0x35, 0xA5, 0xFF, 0x14, 0x9D, 0xFF, 0x14, 0x9D, 0xFF, 0xD8, 0xB5, 0xFF, 0x0C,
  0x63, 0xFF, 0x24, 0x21, 0x9D, 0x0C, 0x5B, 0x00, 0xAA, 0x52, 0x00, 0xAA, 0x52, 0x00, 0xAA, 0x52,
  0x00, 0xAA, 0x52, 0x00, 0x51, 0x84, 0x00, 0x51, 0x84, 0x00, 0x51, 0x84, 0x00, 0x51, 0x84, 0x00,
  0x51, 0x84, 0x00, 0x51, 0x8C, 0x00, 0x30, 0x84, 0x00, 0x8E, 0x6B, 0x00, 0xB2, 0x94, 0x00, 0xAE,
  0x73, 0x00, 0xAB, 0x52, 0x00, 0xCF, 0x73, 0x00, 0x25, 0x21, 0x00, 0x4D, 0x6B, 0x00, 0x72, 0x8C,
  0x00, 0x8E, 0x6B, 0x09, 0x66, 0x29, 0x7E, 0xA2, 0x10, 0xF7, 0xAF, 0x73, 0xFF, 0x19, 0xBE, 0xFF,
  0x76, 0xAD, 0xFF, 0xF4, 0x9C, 0xFF, 0x14, 0x9D, 0xFF, 0x14, 0x9D, 0xFF, 0x14, 0x9D, 0xFF, 0x14,
  0x9D, 0xFF, 0x14, 0x9D, 0xFF, 0x55, 0xA5, 0xFF, 0x35, 0xA5, 0xFF, 0x51, 0x8C, 0xFF, 0x10, 0x7C,
  0xFF, 0x14, 0x9D, 0xFF, 0x55, 0xA5, 0xFF, 0x14, 0x9D, 0xFF, 0x14, 0x9D, 0xFF, 0x14, 0x9D, 0xFF,
  0x14, 0x9D, 0xFF, 0x14, 0x9D, 0xFF, 0x14, 0x9D, 0xFF, 0x14, 0x9D, 0xFF, 0x14, 0x9D, 0xFF, 0x14,
  0x9D, 0xFF, 0x14, 0x9D, 0xFF, 0x14, 0x9D, 0xFF, 0x14, 0x9D, 0xFF, 0x14, 0x9D, 0xFF, 0x14, 0x9D,
  0xFF, 0x14, 0x9D, 0xFF, 0x14, 0x9D, 0xFF, 0x14, 0x9D, 0xFF, 0x14, 0x9D, 0xFF, 0x14, 0x9D, 0xFF,
  0x14, 0x9D, 0xFF, 0x14, 0x9D, 0xFF, 0x14, 0x9D, 0xFF, 0x35, 0xA5, 0xFF, 0x35, 0xA5, 0xFF, 0xAF,
  0x73, 0xFF, 0xD3, 0x94, 0xFF, 0x35, 0xA5, 0xFF, 0x14, 0x9D, 0xFF, 0x14, 0x9D, 0xFF, 0x14, 0x9D,
  0xFF, 0x14, 0x9D, 0xFF, 0x14, 0x9D, 0xFF, 0x14, 0x9D, 0xFF, 0x14, 0x9D, 0xFF, 0x14, 0x9D, 0xFF,
  0x14, 0x9D, 0xFF, 0x14, 0x9D, 0xFF, 0x14, 0x9D, 0xFF, 0x14, 0x9D, 0xFF, 0x14, 0x9D, 0xFF, 0x14,
  0x9D, 0xFF, 0x14, 0x9D, 0xFF, 0x14, 0x9D, 0xFF, 0x14, 0x9D, 0xFF, 0x14, 0x9D, 0xFF, 0x14, 0x9D,
  0xFF, 0x14, 0x9D, 0xFF, 0x14, 0x9D, 0xFF, 0x14, 0x9D, 0xFF, 0x14, 0x9D, 0xFF, 0x14, 0x9D, 0xFF,
  0x14, 0x9D, 0xFF, 0x14, 0x9D, 0xFF, 0x14, 0x9D, 0xFF, 0x14, 0x9D, 0xFF, 0x14, 0x9D, 0xFF, 0x14,
  0x9D, 0xFF, 0x14, 0x9D, 0xFF, 0x14, 0x9D, 0xFF, 0x14, 0x9D, 0xFF, 0x14, 0x9D, 0xFF, 0x14, 0x9D,
  0xFF, 0x14, 0x9D, 0xFF, 0x14, 0x9D, 0xFF, 0x14, 0x9D, 0xFF, 0x14, 0x9D, 0xFF, 0x14, 0x9D, 0xFF,
  0x14, 0x9D, 0xFF, 0x14, 0x9D, 0xFF, 0x14, 0x9D, 0xFF, 0x14, 0x9D, 0xFF, 0x14, 0x9D, 0xFF, 0x14,
  0x9D, 0xFF, 0x14, 0x9D, 0xFF, 0x14, 0x9D, 0xFF, 0x14, 0x9D, 0xFF, 0x14, 0x9D, 0xFF, 0x14, 0x9D,
  0xFF, 0x96, 0xAD, 0xFF, 0xB3, 0x94, 0xFF, 0x00, 0x00, 0xFF, 0x29, 0x42, 0xFF, 0x15, 0x9D, 0xFF,
  0x00, 0x00, 0xFF, 0xAA, 0x52, 0xFF, 0xB7, 0xB5, 0xFF, 0x35, 0x9D, 0xFF, 0x31, 0x84, 0xFF, 0xD3,
  0x94, 0xFF, 0x35, 0xA5, 0xFF, 0x14, 0x9D, 0xFF, 0x14, 0x9D, 0xFF, 0x14, 0x9D, 0xFF, 0x14, 0x9D,
  0xFF, 0x14, 0x9D, 0xFF, 0x14, 0x9D, 0xFF, 0x14, 0x9D, 0xFF, 0x14, 0x9D, 0xFF, 0x14, 0x9D, 0xFF,
  0x14, 0x9D, 0xFF, 0x14, 0x9D, 0xFF, 0x14, 0x9D, 0xFF, 0x14, 0x9D, 0xFF, 0x14, 0x9D, 0xFF, 0x14,
  0x9D, 0xFF, 0x14, 0x9D, 0xFF, 0x14, 0x9D, 0xFF, 0x14, 0x9D, 0xFF, 0x14, 0x9D, 0xFF, 0x14, 0x9D,
  0xFF, 0x14, 0x9D, 0xFF, 0x14, 0x9D, 0xFF, 0x14, 0x9D, 0xFF, 0x14, 0x9D, 0xFF, 0x14, 0x9D, 0xFF,
  0x14, 0x9D, 0xFF, 0x14, 0x9D, 0xFF, 0x14, 0x9D, 0xFF, 0x14, 0x9D, 0xFF, 0x14, 0x9D, 0xFF, 0x14,
  0x9D, 0xFF, 0x14, 0x9D, 0xFF, 0x14, 0x9D, 0xFF, 0x14, 0x9D, 0xFF, 0x14, 0x9D, 0xFF, 0x14, 0x9D,
  0xFF, 0x14, 0x9D, 0xFF, 0x14, 0x9D, 0xFF, 0x14, 0x9D, 0xFF, 0x14, 0x9D, 0xFF, 0x14, 0x9D, 0xFF,
  0x14, 0x9D, 0xFF, 0x14, 0x9D, 0xFF, 0x14, 0x9D, 0xFF, 0x14, 0x9D, 0xFF, 0x14, 0x9D, 0xFF, 0x14,
  0x9D, 0xFF, 0x14, 0x9D, 0xFF, 0x14, 0x9D, 0xFF, 0x14, 0x9D, 0xFF, 0x14, 0x9D, 0xFF, 0x14, 0x9D,
  0xFF, 0x14, 0x9D, 0xFF, 0x14, 0x9D, 0xFF, 0x14, 0x9D, 0xFF, 0x14, 0x9D, 0xFF, 0x14, 0x9D, 0xFF,
  0x14, 0x9D, 0xFF, 0x14, 0x9D, 0xFF, 0x14, 0x9D, 0xFF, 0x14, 0x9D, 0xFF, 0x14, 0x9D, 0xFF, 0x14,
  0x9D, 0xFF, 0x14, 0x9D, 0xFF, 0x35, 0xA5, 0xFF, 0x10, 0x7C, 0xFF, 0x92, 0x94, 0xFF, 0x35, 0xA5,
  0xFF, 0x14, 0x9D, 0xFF, 0x14, 0x9D, 0xFF, 0x14, 0x9D, 0xFF, 0x14, 0x9D, 0xFF, 0x14, 0x9D, 0xFF,
  0x14, 0x9D, 0xFF, 0x14, 0x9D, 0xFF, 0x14, 0x9D, 0xFF, 0x14, 0x9D, 0xFF, 0x14, 0x9D, 0xFF, 0x14,
  0x9D, 0xFF, 0x14, 0x9D, 0xFF, 0x14, 0x9D, 0xFF, 0x14, 0x9D, 0xFF, 0x14, 0x9D, 0xFF, 0x14, 0x9D,
  0xFF, 0x14, 0x9D, 0xFF, 0x14, 0x9D, 0xFF, 0x14, 0x9D, 0xFF, 0x14, 0x9D, 0xFF, 0x14, 0x9D, 0xFF,
  0x14, 0x9D, 0xFF, 0x14, 0x9D, 0xFF, 0x14, 0x9D, 0xFF, 0x14, 0x9D, 0xFF, 0x14, 0x9D, 0xFF, 0x14,
  0x9D, 0xFF, 0x14, 0x9D, 0xFF, 0x14, 0x9D, 0xFF, 0x14, 0x9D, 0xFF, 0x14, 0x9D, 0xFF, 0x14, 0x9D,
  0xFF, 0x14, 0x9D, 0xFF, 0x14, 0x9D, 0xFF, 0x14, 0x9D, 0xFF, 0x14, 0x9D, 0xFF, 0x14, 0x9D, 0xFF,
  0x14, 0x9D, 0xFF, 0x14, 0x9D, 0xFF, 0x14, 0x9D, 0xFF, 0x14, 0x9D, 0xFF, 0x14, 0x9D, 0xFF, 0x14,
  0x9D, 0xFF, 0x14, 0x9D, 0xFF, 0x14, 0x9D, 0xFF, 0x14, 0x9D, 0xFF, 0x14, 0x9D, 0xFF, 0x14, 0x9D,
  0xFF, 0x14, 0x9D, 0xFF, 0x14, 0x9D, 0xFF, 0x14, 0x9D, 0xFF, 0x14, 0x9D, 0xFF, 0x14, 0x9D, 0xFF,
  0x14, 0x9D, 0xFF, 0x14, 0x9D, 0xFF, 0x14, 0x9D, 0xFF, 0x14, 0x9D, 0xFF, 0x14, 0x9D, 0xFF, 0x14,
  0x9D, 0xFF, 0x14, 0x9D, 0xFF, 0x14, 0x9D, 0xFF, 0x14, 0x9D, 0xFF, 0x14, 0x9D, 0xFF, 0x14, 0x9D,
  0xFF, 0x14, 0x9D, 0xFF, 0x14, 0x9D, 0xFF, 0x14, 0x9D, 0xFF, 0x14, 0x9D, 0xFF, 0x14, 0x9D, 0xFF,
  0x14, 0x9D, 0xFF, 0x14, 0x9D, 0xFF, 0x55, 0xA5, 0xFF, 0x72, 0x8C, 0xFF, 0x72, 0x8C, 0xFF, 0x35,
  0xA5, 0xFF, 0x14, 0x9D, 0xFF, 0x14, 0x9D, 0xFF, 0xD8, 0xB5, 0xFF, 0x2D, 0x63, 0xFF, 0x65, 0x29,
  0xA3, 0xCF, 0x73, 0x00, 0x4D, 0x63, 0x00, 0x4D, 0x63, 0x00, 0x4D, 0x63, 0x00, 0x4D, 0x63, 0x00,
  0x51, 0x84, 0x00, 0x51, 0x84, 0x00, 0x51, 0x84, 0x00, 0x51, 0x84, 0x00, 0x51, 0x84, 0x00, 0x51,
  0x8C, 0x00, 0x30, 0x84, 0x00, 0x8E, 0x6B, 0x00, 0xB2, 0x94, 0x00, 0xAE, 0x73, 0x00, 0xAB, 0x52,
  0x00, 0xCF, 0x73, 0x00, 0x25, 0x21, 0x00, 0xAE, 0x73, 0x00, 0x6E, 0x6B, 0x35, 0xA2, 0x10, 0xD1,
  0x29, 0x42, 0xFF, 0x35, 0xA5, 0xFF, 0x19, 0xBE, 0xFF, 0x14, 0x9D, 0xFF, 0xF4, 0x9C, 0xFF, 0x14,
  0x9D, 0xFF, 0x14, 0x9D, 0xFF, 0x14, 0x9D, 0xFF, 0x14, 0x9D, 0xFF, 0x14, 0x9D, 0xFF, 0x56, 0xA5,
  0xFF, 0xF4, 0x9C, 0xFF, 0xF0, 0x7B, 0xFF, 0x51, 0x8C, 0xFF, 0x55, 0xA5, 0xFF, 0x35, 0xA5, 0xFF,
  0xF4, 0x9C, 0xFF, 0x14, 0x9D, 0xFF, 0x14, 0x9D, 0xFF, 0x14, 0x9D, 0xFF, 0x14, 0x9D, 0xFF, 0x14,
  0x9D, 0xFF, 0x14, 0x9D, 0xFF, 0x14, 0x9D, 0xFF, 0x14, 0x9D, 0xFF, 0x14, 0x9D, 0xFF, 0x14, 0x9D,
  0xFF, 0x14, 0x9D, 0xFF, 0x14, 0x9D, 0xFF, 0x14, 0x9D, 0xFF, 0x14, 0x9D, 0xFF, 0x14, 0x9D, 0xFF,
  0x14, 0x9D, 0xFF, 0x14, 0x9D, 0xFF, 0x14, 0x9D, 0xFF, 0x14, 0x9D, 0xFF, 0x14, 0x9D, 0xFF, 0x14,
  0x9D, 0xFF, 0x14, 0x9D, 0xFF, 0x35, 0xA5, 0xFF, 0x35, 0x9D, 0xFF, 0xAF, 0x73, 0xFF, 0xD3, 0x94,
  0xFF, 0x35, 0xA5, 0xFF, 0x14, 0x9D, 0xFF, 0x14, 0x9D, 0xFF, 0x14, 0x9D, 0xFF, 0x14, 0x9D, 0xFF,
  0x14, 0x9D, 0xFF, 0x14, 0x9D, 0xFF, 0x14, 0x9D, 0xFF, 0x14, 0x9D, 0xFF, 0x14, 0x9D, 0xFF, 0x14,
  0x9D, 0xFF, 0x14, 0x9D, 0xFF, 0x14, 0x9D, 0xFF, 0x14, 0x9D, 0xFF, 0x14, 0x9D, 0xFF, 0x14, 0x9D,
  0xFF, 0x14, 0x9D, 0xFF, 0x14, 0x9D, 0xFF, 0x14, 0x9D, 0xFF, 0x14, 0x9D, 0xFF, 0x14, 0x9D, 0xFF,
  0x14, 0x9D, 0xFF, 0x14, 0x9D, 0xFF, 0x14, 0x9D, 0xFF, 0x14, 0x9D, 0xFF, 0x14, 0x9D, 0xFF, 0x14,
  0x9D, 0xFF, 0x14, 0x9D, 0xFF, 0x14, 0x9D, 0xFF, 0x14, 0x9D, 0xFF, 0x14, 0x9D, 0xFF, 0x14, 0x9D,
  0xFF, 0x14, 0x9D, 0xFF, 0x14, 0x9D, 0xFF, 0x14, 0x9D, 0xFF, 0x14, 0x9D, 0xFF, 0x14, 0x9D, 0xFF,
  0x14, 0x9D, 0xFF, 0x14, 0x9D, 0xFF, 0x14, 0x9D, 0xFF, 0x14, 0x9D, 0xFF, 0x14, 0x9D, 0xFF, 0x14,
  0x9D, 0xFF, 0x14, 0x9D, 0xFF, 0x14, 0x9D, 0xFF, 0x14, 0x9D, 0xFF, 0x14, 0x9D, 0xFF, 0x14, 0x9D,
  0xFF, 0x14, 0x9D, 0xFF, 0x14, 0x9D, 0xFF, 0x14, 0x9D, 0xFF, 0x14, 0x9D, 0xFF, 0x96, 0xAD, 0xFF,
  0x72, 0x8C, 0xFF, 0x20, 0x00, 0xFF, 0xA7, 0x31, 0xFF, 0xD0, 0x73, 0xFF, 0x20, 0x00, 0xFF, 0xAA,
  0x52, 0xFF, 0xB7, 0xB5, 0xFF, 0x15, 0x9D, 0xFF, 0x10, 0x84, 0xFF, 0xD3, 0x94, 0xFF, 0x35, 0xA5,
  0xFF, 0x14, 0x9D, 0xFF, 0x14, 0x9D, 0xFF, 0x14, 0x9D, 0xFF, 0x14, 0x9D, 0xFF, 0x14, 0x9D, 0xFF,
  0x14, 0x9D, 0xFF, 0x14, 0x9D, 0xFF, 0x14, 0x9D, 0xFF, 0x14, 0x9D, 0xFF, 0x14, 0x9D, 0xFF, 0x14,
  0x9D, 0xFF, 0x14, 0x9D, 0xFF, 0x14, 0x9D, 0xFF, 0x14, 0x9D, 0xFF, 0x14, 0x9D, 0xFF, 0x14, 0x9D,
  0xFF, 0x14, 0x9D, 0xFF, 0x14, 0x9D, 0xFF, 0x14, 0x9D, 0xFF, 0x14, 0x9D, 0xFF, 0x14, 0x9D, 0xFF,
  0x14, 0x9D, 0xFF, 0x14, 0x9D, 0xFF, 0x14, 0x9D, 0xFF, 0x14, 0x9D, 0xFF, 0x14, 0x9D, 0xFF, 0x14,
  0x9D, 0xFF, 0x14, 0x9D, 0xFF, 0x14, 0x9D, 0xFF, 0x14, 0x9D, 0xFF, 0x14, 0x9D, 0xFF, 0x14, 0x9D,
  0xFF, 0x14, 0x9D, 0xFF, 0x14, 0x9D, 0xFF, 0x14, 0x9D, 0xFF, 0x14, 0x9D, 0xFF, 0x14, 0x9D, 0xFF,
  0x14, 0x9D, 0xFF, 0x14, 0x9D, 0xFF, 0x14, 0x9D, 0xFF, 0x14, 0x9D, 0xFF, 0x14, 0x9D, 0xFF, 0x14,
  0x9D, 0xFF, 0x14, 0x9D, 0xFF, 0x14, 0x9D, 0xFF, 0x14, 0x9D, 0xFF, 0x14, 0x9D, 0xFF, 0x14, 0x9D,
  0xFF, 0x14, 0x9D, 0xFF, 0x14, 0x9D, 0xFF, 0x14, 0x9D, 0xFF, 0x14, 0x9D, 0xFF, 0x14, 0x9D, 0xFF,
  0x14, 0x9D, 0xFF, 0x14, 0x9D, 0xFF, 0x14, 0x9D, 0xFF, 0x14, 0x9D, 0xFF, 0x14, 0x9D, 0xFF, 0x14,
  0x9D, 0xFF, 0x14, 0x9D, 0xFF, 0x14, 0x9D, 0xFF, 0x14, 0x9D, 0xFF, 0x14, 0x9D, 0xFF, 0x14, 0x9D,
  0xFF, 0x35, 0xA5, 0xFF, 0x10, 0x84, 0xFF, 0x92, 0x94, 0xFF, 0x35, 0xA5, 0xFF, 0x14, 0x9D, 0xFF,
  0x14, 0x9D, 0xFF, 0x14, 0x9D, 0xFF, 0x14, 0x9D, 0xFF, 0x14, 0x9D, 0xFF, 0x14, 0x9D, 0xFF, 0x14,
  0x9D, 0xFF, 0x14, 0x9D, 0xFF, 0x14, 0x9D, 0xFF, 0x14, 0x9D, 0xFF, 0x14, 0x9D, 0xFF, 0x14, 0x9D,
  0xFF, 0x14, 0x9D, 0xFF, 0x14, 0x9D, 0xFF, 0x14, 0x9D, 0xFF, 0x14, 0x9D, 0xFF, 0x14, 0x9D, 0xFF,
  0x14, 0x9D, 0xFF, 0x14, 0x9D, 0xFF, 0x14, 0x9D, 0xFF, 0x14, 0x9D, 0xFF, 0x14, 0x9D, 0xFF, 0x14,
  0x9D, 0xFF, 0x14, 0x9D, 0xFF, 0x14, 0x9D, 0xFF, 0x14, 0x9D, 0xFF, 0x14, 0x9D, 0xFF, 0x14, 0x9D,
  0xFF, 0x14, 0x9D, 0xFF, 0x14, 0x9D, 0xFF, 0x14, 0x9D, 0xFF, 0x14, 0x9D, 0xFF, 0x14, 0x9D, 0xFF,
  0x14, 0x9D, 0xFF, 0x14, 0x9D, 0xFF, 0x14, 0x9D, 0xFF, 0x14, 0x9D, 0xFF, 0x14, 0x9D, 0xFF, 0x14,
  0x9D, 0xFF, 0x14, 0x9D, 0xFF, 0x14, 0x9D, 0xFF, 0x14, 0x9D, 0xFF, 0x14, 0x9D, 0xFF, 0x14, 0x9D,
  0xFF, 0x14, 0x9D, 0xFF, 0x14, 0x9D, 0xFF, 0x14, 0x9D, 0xFF, 0x14, 0x9D, 0xFF, 0x14, 0x9D, 0xFF,
  0x14, 0x9D, 0xFF, 0x14, 0x9D, 0xFF, 0x14, 0x9D, 0xFF, 0x14, 0x9D, 0xFF, 0x14, 0x9D, 0xFF, 0x14,
  0x9D, 0xFF, 0x14, 0x9D, 0xFF, 0x14, 0x9D, 0xFF, 0x14, 0x9D, 0xFF, 0x14, 0x9D, 0xFF, 0x14, 0x9D,
  0xFF, 0x14, 0x9D, 0xFF, 0x14, 0x9D, 0xFF, 0x14, 0x9D, 0xFF, 0x14, 0x9D, 0xFF, 0x14, 0x9D, 0xFF,
  0x14, 0x9D, 0xFF, 0x14, 0x9D, 0xFF, 0x14, 0x9D, 0xFF, 0x14, 0x9D, 0xFF, 0x14, 0x9D, 0xFF, 0x14,
  0x9D, 0xFF, 0x56, 0xA5, 0xFF, 0x51, 0x84, 0xFF, 0x51, 0x8C, 0xFF, 0x35, 0xA5, 0xFF, 0x14, 0x9D,
  0xFF, 0x14, 0x9D, 0xFF, 0xD7, 0xB5, 0xFF, 0xCF, 0x73, 0xFF, 0xC3, 0x18, 0xC6, 0xE8, 0x39, 0x07,
  0xC7, 0x39, 0x00, 0xC7, 0x39, 0x00, 0xC7, 0x39, 0x00, 0xC7, 0x39, 0x00, 0x51, 0x84, 0x00, 0x51,
  0x84, 0x00, 0x51, 0x84, 0x00, 0x51, 0x84, 0x00, 0x51, 0x84, 0x00, 0x51, 0x8C, 0x00, 0x30, 0x84,
  0x00, 0x8E, 0x6B, 0x00, 0xB2, 0x94, 0x00, 0xAE, 0x73, 0x00, 0xAB, 0x52, 0x00, 0x10, 0x7C, 0x00,
  0x86, 0x29, 0x09, 0x04, 0x21, 0x97, 0xA2, 0x10, 0xFF, 0xF0, 0x7B, 0xFF, 0x18, 0xBE, 0xFF, 0x76,
  0xAD, 0xFF, 0xF4, 0x9C, 0xFF, 0x14, 0x9D, 0xFF, 0x14, 0x9D, 0xFF, 0x14, 0x9D, 0xFF, 0x14, 0x9D,
  0xFF, 0x14, 0x9D, 0xFF, 0x14, 0x9D, 0xFF, 0x55, 0xA5, 0xFF, 0x92, 0x94, 0xFF, 0xCF, 0x7B, 0xFF,
  0xB3, 0x94, 0xFF, 0x56, 0xA5, 0xFF, 0x15, 0x9D, 0xFF, 0x14, 0x9D, 0xFF, 0x14, 0x9D, 0xFF, 0x14,
  0x9D, 0xFF, 0x14, 0x9D, 0xFF, 0x14, 0x9D, 0xFF, 0x14, 0x9D, 0xFF, 0x14, 0x9D, 0xFF, 0x14, 0x9D,
  0xFF, 0x14, 0x9D, 0xFF, 0x14, 0x9D, 0xFF, 0x14, 0x9D, 0xFF, 0x14, 0x9D, 0xFF, 0x14, 0x9D, 0xFF,
  0x14, 0x9D, 0xFF, 0x14, 0x9D, 0xFF, 0x14, 0x9D, 0xFF, 0x14, 0x9D, 0xFF, 0x14, 0x9D, 0xFF, 0x14,
  0x9D, 0xFF, 0x14, 0x9D, 0xFF, 0x14, 0x9D, 0xFF, 0x14, 0x9D, 0xFF, 0x14, 0x9D, 0xFF, 0x14, 0x9D,
  0xFF, 0x35, 0xA5, 0xFF, 0x35, 0x9D, 0xFF, 0xAF, 0x73, 0xFF, 0xD3, 0x94, 0xFF, 0x35, 0xA5, 0xFF,
  0x14, 0x9D, 0xFF, 0x14, 0x9D, 0xFF, 0x14, 0x9D, 0xFF, 0x14, 0x9D, 0xFF, 0x14, 0x9D, 0xFF, 0x14,
  0x9D, 0xFF, 0x14, 0x9D, 0xFF, 0x14, 0x9D, 0xFF, 0x14, 0x9D, 0xFF, 0x14, 0x9D, 0xFF, 0x14, 0x9D,
  0xFF, 0x14, 0x9D, 0xFF, 0x14, 0x9D, 0xFF, 0x14, 0x9D, 0xFF, 0x14, 0x9D, 0xFF, 0x14, 0x9D, 0xFF,
  0x14, 0x9D, 0xFF, 0x14, 0x9D, 0xFF, 0x14, 0x9D, 0xFF, 0x14, 0x9D, 0xFF, 0x14, 0x9D, 0xFF, 0x14,
  0x9D, 0xFF, 0x14, 0x9D, 0xFF, 0x14, 0x9D, 0xFF, 0x14, 0x9D, 0xFF, 0x14, 0x9D, 0xFF, 0x14, 0x9D,
  0xFF, 0x14, 0x9D, 0xFF, 0x14, 0x9D, 0xFF, 0x14, 0x9D, 0xFF, 0x14, 0x9D, 0xFF, 0x14, 0x9D, 0xFF,
  0x14, 0x9D, 0xFF, 0x14, 0x9D, 0xFF, 0x14, 0x9D, 0xFF, 0x14, 0x9D, 0xFF, 0x14, 0x9D, 0xFF, 0x14,
  0x9D, 0xFF, 0x14, 0x9D, 0xFF, 0x14, 0x9D, 0xFF, 0x14, 0x9D, 0xFF, 0x14, 0x9D, 0xFF, 0x14, 0x9D,
  0xFF, 0x14, 0x9D, 0xFF, 0x14, 0x9D, 0xFF, 0x14, 0x9D, 0xFF, 0x14, 0x9D, 0xFF, 0x14, 0x9D, 0xFF,
  0x14, 0x9D, 0xFF, 0x14, 0x9D, 0xFF, 0x14, 0x9D, 0xFF, 0x96, 0xAD, 0xFF, 0xD3, 0x94, 0xFF, 0x82,
  0x10, 0xFF, 0x00, 0x00, 0xFF, 0x00, 0x00, 0xFF, 0x00, 0x00, 0xFF, 0x2C, 0x63, 0xFF, 0xD8, 0xB5,
  0xFF, 0x15, 0x9D, 0xFF, 0x10, 0x7C, 0xFF, 0xD3, 0x94, 0xFF, 0x35, 0xA5, 0xFF, 0x14, 0x9D, 0xFF,
  0x14, 0x9D, 0xFF, 0x14, 0x9D, 0xFF, 0x14, 0x9D, 0xFF, 0x14, 0x9D, 0xFF, 0x14, 0x9D, 0xFF, 0x14,
  0x9D, 0xFF, 0x14, 0x9D, 0xFF, 0x14, 0x9D, 0xFF, 0x14, 0x9D, 0xFF, 0x14, 0x9D, 0xFF, 0x14, 0x9D,
  0xFF, 0x14, 0x9D, 0xFF, 0x14, 0x9D, 0xFF, 0x14, 0x9D, 0xFF, 0x14, 0x9D, 0xFF, 0x14, 0x9D, 0xFF,
  0x14, 0x9D, 0xFF, 0x14, 0x9D, 0xFF, 0x14, 0x9D, 0xFF, 0x14, 0x9D, 0xFF, 0x14, 0x9D, 0xFF, 0x14,
  0x9D, 0xFF, 0x14, 0x9D, 0xFF, 0x14, 0x9D, 0xFF, 0x14, 0x9D, 0xFF, 0x14, 0x9D, 0xFF, 0x14, 0x9D,
  0xFF, 0x14, 0x9D, 0xFF, 0x14, 0x9D, 0xFF, 0x14, 0x9D, 0xFF, 0x14, 0x9D, 0xFF, 0x14, 0x9D, 0xFF,
  0x14, 0x9D, 0xFF, 0x14, 0x9D, 0xFF, 0x14, 0x9D, 0xFF, 0x14, 0x9D, 0xFF, 0x14, 0x9D, 0xFF, 0x14,
  0x9D, 0xFF, 0x14, 0x9D, 0xFF, 0x14, 0x9D, 0xFF, 0x14, 0x9D, 0xFF, 0x14, 0x9D, 0xFF, 0x14, 0x9D,
  0xFF, 0x14, 0x9D, 0xFF, 0x14, 0x9D, 0xFF, 0x14, 0x9D, 0xFF, 0x14, 0x9D, 0xFF, 0x14, 0x9D, 0xFF,
  0x14, 0x9D, 0xFF, 0x14, 0x9D, 0xFF, 0x14, 0x9D, 0xFF, 0x14, 0x9D, 0xFF, 0x14, 0x9D, 0xFF, 0x14,
  0x9D, 0xFF, 0x14, 0x9D, 0xFF, 0x14, 0x9D, 0xFF, 0x14, 0x9D, 0xFF, 0x14, 0x9D, 0xFF, 0x14, 0x9D,
  0xFF, 0x14, 0x9D, 0xFF, 0x14, 0x9D, 0xFF, 0x14, 0x9D, 0xFF, 0x14, 0x9D, 0xFF, 0x35, 0xA5, 0xFF,
  0x10, 0x7C, 0xFF, 0x72, 0x8C, 0xFF, 0x35, 0xA5, 0xFF, 0x14, 0x9D, 0xFF, 0x14, 0x9D, 0xFF, 0x14,
  0x9D, 0xFF, 0x14, 0x9D, 0xFF, 0x14, 0x9D, 0xFF, 0x14, 0x9D, 0xFF, 0x14, 0x9D, 0xFF, 0x14, 0x9D,
  0xFF, 0x14, 0x9D, 0xFF, 0x14, 0x9D, 0xFF, 0x14, 0x9D, 0xFF, 0x14, 0x9D, 0xFF, 0x14, 0x9D, 0xFF,
  0x14, 0x9D, 0xFF, 0x14, 0x9D, 0xFF, 0x14, 0x9D, 0xFF, 0x14, 0x9D, 0xFF, 0x14, 0x9D, 0xFF, 0x14,
  0x9D, 0xFF, 0x14, 0x9D, 0xFF, 0x14, 0x9D, 0xFF, 0x14, 0x9D, 0xFF, 0x14, 0x9D, 0xFF, 0x14, 0x9D,
  0xFF, 0x14, 0x9D, 0xFF, 0x14, 0x9D, 0xFF, 0x14, 0x9D, 0xFF, 0x14, 0x9D, 0xFF, 0x14, 0x9D, 0xFF,
  0x14, 0x9D, 0xFF, 0x14, 0x9D, 0xFF, 0x14, 0x9D, 0xFF, 0x14, 0x9D, 0xFF, 0x14, 0x9D, 0xFF, 0x14,
  0x9D, 0xFF, 0x14, 0x9D, 0xFF, 0x14, 0x9D, 0xFF, 0x14, 0x9D, 0xFF, 0x14, 0x9D, 0xFF, 0x14, 0x9D,
  0xFF, 0x14, 0x9D, 0xFF, 0x14, 0x9D, 0xFF, 0x14, 0x9D, 0xFF, 0x14, 0x9D, 0xFF, 0x14, 0x9D, 0xFF,
  0x14, 0x9D, 0xFF, 0x14, 0x9D, 0xFF, 0x14, 0x9D, 0xFF, 0x14, 0x9D, 0xFF, 0x14, 0x9D, 0xFF, 0x14,
  0x9D, 0xFF, 0x14, 0x9D, 0xFF, 0x14, 0x9D, 0xFF, 0x14, 0x9D, 0xFF, 0x14, 0x9D, 0xFF, 0x14, 0x9D,
  0xFF, 0x14, 0x9D, 0xFF, 0x14, 0x9D, 0xFF, 0x14, 0x9D, 0xFF, 0x14, 0x9D, 0xFF, 0x14, 0x9D, 0xFF,
  0x14, 0x9D, 0xFF, 0x14, 0x9D, 0xFF, 0x14, 0x9D, 0xFF, 0x14, 0x9D, 0xFF, 0x14, 0x9D, 0xFF, 0x14,
  0x9D, 0xFF, 0x14, 0x9D, 0xFF, 0x14, 0x9D, 0xFF, 0x14, 0x9D, 0xFF, 0x14, 0x9D, 0xFF, 0x56, 0xA5,
  0xFF, 0x51, 0x84, 0xFF, 0x51, 0x84, 0xFF, 0x35, 0xA5, 0xFF, 0x14, 0x9D, 0xFF, 0x14, 0x9D, 0xFF,
  0xB7, 0xB5, 0xFF, 0x92, 0x94, 0xFF, 0x82, 0x10, 0xE1, 0x20, 0x00, 0x12, 0x20, 0x00, 0x00, 0x41,
  0x08, 0x00, 0x41, 0x08, 0x00, 0x41, 0x08, 0x00, 0x51, 0x84, 0x00, 0x51, 0x84, 0x00, 0x51, 0x84,
  0x00, 0x51, 0x84, 0x00, 0x51, 0x84, 0x00, 0x51, 0x8C, 0x00, 0x30, 0x84, 0x00, 0x8E, 0x6B, 0x00,
  0xB2, 0x94, 0x00, 0xAE, 0x73, 0x00, 0x0C, 0x5B, 0x00, 0x4D, 0x6B, 0x2B, 0x41, 0x08, 0xC9, 0xE8,
  0x39, 0xFF, 0x55, 0xA5, 0xFF, 0xF8, 0xBD, 0xFF, 0xF4, 0x9C, 0xFF, 0xF4, 0x9C, 0xFF, 0x14, 0x9D,
  0xFF, 0x14, 0x9D, 0xFF, 0x14, 0x9D, 0xFF, 0x14, 0x9D, 0xFF, 0x14, 0x9D, 0xFF, 0x15, 0x9D, 0xFF,
  0x35, 0xA5, 0xFF, 0x92, 0x8C, 0xFF, 0x10, 0x7C, 0xFF, 0x14, 0x9D, 0xFF, 0x55, 0xA5, 0xFF, 0x14,
  0x9D, 0xFF, 0x14, 0x9D, 0xFF, 0x14, 0x9D, 0xFF, 0x14, 0x9D, 0xFF, 0x14, 0x9D, 0xFF, 0x14, 0x9D,
  0xFF, 0x14, 0x9D, 0xFF, 0x14, 0x9D, 0xFF, 0x14, 0x9D, 0xFF, 0x14, 0x9D, 0xFF, 0x14, 0x9D, 0xFF,
  0x14, 0x9D, 0xFF, 0x14, 0x9D, 0xFF, 0x14, 0x9D, 0xFF, 0x14, 0x9D, 0xFF, 0x14, 0x9D, 0xFF, 0x14,
  0x9D, 0xFF, 0x14, 0x9D, 0xFF, 0x14, 0x9D, 0xFF, 0x14, 0x9D, 0xFF, 0x14, 0x9D, 0xFF, 0x14, 0x9D,
  0xFF, 0x14, 0x9D, 0xFF, 0x14, 0x9D, 0xFF, 0x14, 0x9D, 0xFF, 0x14, 0x9D, 0xFF, 0x35, 0xA5, 0xFF,
  0x15, 0x9D, 0xFF, 0xAE, 0x73, 0xFF, 0xD3, 0x94, 0xFF, 0x35, 0xA5, 0xFF, 0x14, 0x9D, 0xFF, 0x14,
  0x9D, 0xFF, 0x14, 0x9D, 0xFF, 0x14, 0x9D, 0xFF, 0x14, 0x9D, 0xFF, 0x14, 0x9D, 0xFF, 0x14, 0x9D,
  0xFF, 0x14, 0x9D, 0xFF, 0x14, 0x9D, 0xFF, 0x14, 0x9D, 0xFF, 0x14, 0x9D, 0xFF, 0x14, 0x9D, 0xFF,
  0x14, 0x9D, 0xFF, 0x14, 0x9D, 0xFF, 0x14, 0x9D, 0xFF, 0x14, 0x9D, 0xFF, 0x14, 0x9D, 0xFF, 0x14,
  0x9D, 0xFF, 0x14, 0x9D, 0xFF, 0x14, 0x9D, 0xFF, 0x14, 0x9D, 0xFF, 0x14, 0x9D, 0xFF, 0x14, 0x9D,
  0xFF, 0x14, 0x9D, 0xFF, 0x14, 0x9D, 0xFF, 0x14, 0x9D, 0xFF, 0x14, 0x9D, 0xFF, 0x14, 0x9D, 0xFF,
  0x14, 0x9D, 0xFF, 0xF4, 0x9C, 0xFF, 0x14, 0x9D, 0xFF, 0x14, 0x9D, 0xFF, 0x14, 0x9D, 0xFF, 0x14,
  0x9D, 0xFF, 0x14, 0x9D, 0xFF, 0x14, 0x9D, 0xFF, 0x14, 0x9D, 0xFF, 0x14, 0x9D, 0xFF, 0x14, 0x9D,
  0xFF, 0x14, 0x9D, 0xFF, 0xF4, 0x9C, 0xFF, 0xF4, 0x9C, 0xFF, 0xF4, 0x9C, 0xFF, 0xF4, 0x9C, 0xFF,
  0xF4, 0x9C, 0xFF, 0x14, 0x9D, 0xFF, 0x14, 0x9D, 0xFF, 0x14, 0x9D, 0xFF, 0x14, 0x9D, 0xFF, 0x14,
  0x9D, 0xFF, 0x14, 0x9D, 0xFF, 0x14, 0x9D, 0xFF, 0x76, 0xAD, 0xFF, 0x8E, 0x73, 0xFF, 0x28, 0x42,
  0xFF, 0xA7, 0x31, 0xFF, 0xCB, 0x5A, 0xFF, 0xF4, 0x9C, 0xFF, 0x55, 0xA5, 0xFF, 0x15, 0x9D, 0xFF,
  0xEF, 0x7B, 0xFF, 0xB3, 0x94, 0xFF, 0x35, 0xA5, 0xFF, 0x14, 0x9D, 0xFF, 0x14, 0x9D, 0xFF, 0x14,
  0x9D, 0xFF, 0x14, 0x9D, 0xFF, 0x14, 0x9D, 0xFF, 0x14, 0x9D, 0xFF, 0x14, 0x9D, 0xFF, 0xF4, 0x9C,
  0xFF, 0xF4, 0x9C, 0xFF, 0xF4, 0x9C, 0xFF, 0xF4, 0x9C, 0xFF, 0xF4, 0x9C, 0xFF, 0xF4, 0x9C, 0xFF,
  0xF4, 0x9C, 0xFF, 0xF4, 0x9C, 0xFF, 0xF4, 0x9C, 0xFF, 0xF4, 0x9C, 0xFF, 0xF4, 0x9C, 0xFF, 0xF4,
  0x9C, 0xFF, 0xF4, 0x9C, 0xFF, 0xF4, 0x9C, 0xFF, 0xF4, 0x9C, 0xFF, 0xF4, 0x9C, 0xFF, 0xF4, 0x9C,
  0xFF, 0xF4, 0x9C, 0xFF, 0xF4, 0x9C, 0xFF, 0xF4, 0x9C, 0xFF, 0xF4, 0x9C, 0xFF, 0xF4, 0x9C, 0xFF,
  0xF4, 0x9C, 0xFF, 0xF4, 0x9C, 0xFF, 0xF4, 0x9C, 0xFF, 0xF4, 0x9C, 0xFF, 0xF4, 0x9C, 0xFF, 0xF4,
  0x9C, 0xFF, 0xF4, 0x9C, 0xFF, 0xF4, 0x9C, 0xFF, 0xF4, 0x9C, 0xFF, 0xF4, 0x9C, 0xFF, 0xF4, 0x9C,
  0xFF, 0xF4, 0x9C, 0xFF, 0xF4, 0x9C, 0xFF, 0xF4, 0x9C, 0xFF, 0xF4, 0x9C, 0xFF, 0xF4, 0x9C, 0xFF,
  0xF4, 0x9C, 0xFF, 0xF4, 0x9C, 0xFF, 0xF4, 0x9C, 0xFF, 0xF4, 0x9C, 0xFF, 0xF4, 0x9C, 0xFF, 0xF4,
  0x9C, 0xFF, 0xF4, 0x9C, 0xFF, 0xF4, 0x9C, 0xFF, 0xF4, 0x9C, 0xFF, 0xF4, 0x9C, 0xFF, 0xF4, 0x9C,
  0xFF, 0xF4, 0x9C, 0xFF, 0xF4, 0x9C, 0xFF, 0xF4, 0x9C, 0xFF, 0xF4, 0x9C, 0xFF, 0xF4, 0x9C, 0xFF,
  0xF4, 0x9C, 0xFF, 0xF4, 0x9C, 0xFF, 0x14, 0x9D, 0xFF, 0x35, 0x9D, 0xFF, 0x10, 0x84, 0xFF, 0x92,
  0x8C, 0xFF, 0x35, 0xA5, 0xFF, 0x14, 0x9D, 0xFF, 0x14, 0x9D, 0xFF, 0x14, 0x9D, 0xFF, 0x14, 0x9D,
  0xFF, 0x14, 0x9D, 0xFF, 0x14, 0x9D, 0xFF, 0x14, 0x9D, 0xFF, 0x14, 0x9D, 0xFF, 0x14, 0x9D, 0xFF,
  0x14, 0x9D, 0xFF, 0x14, 0x9D, 0xFF, 0x14, 0x9D, 0xFF, 0x14, 0x9D, 0xFF, 0x14, 0x9D, 0xFF, 0x14,
  0x9D, 0xFF, 0x14, 0x9D, 0xFF, 0x14, 0x9D, 0xFF, 0x14, 0x9D, 0xFF, 0x14, 0x9D, 0xFF, 0x14, 0x9D,
  0xFF, 0x14, 0x9D, 0xFF, 0x14, 0x9D, 0xFF, 0x14, 0x9D, 0xFF, 0x14, 0x9D, 0xFF, 0x14, 0x9D, 0xFF,
  0x14, 0x9D, 0xFF, 0x14, 0x9D, 0xFF, 0x14, 0x9D, 0xFF, 0x14, 0x9D, 0xFF, 0x14, 0x9D, 0xFF, 0x14,
  0x9D, 0xFF, 0x14, 0x9D, 0xFF, 0x14, 0x9D, 0xFF, 0x14, 0x9D, 0xFF, 0x14, 0x9D, 0xFF, 0x14, 0x9D,
  0xFF, 0x14, 0x9D, 0xFF, 0x14, 0x9D, 0xFF, 0x14, 0x9D, 0xFF, 0x14, 0x9D, 0xFF, 0x14, 0x9D, 0xFF,
  0x14, 0x9D, 0xFF, 0x14, 0x9D, 0xFF, 0x14, 0x9D, 0xFF, 0x14, 0x9D, 0xFF, 0x14, 0x9D, 0xFF, 0x14,
  0x9D, 0xFF, 0x14, 0x9D, 0xFF, 0x14, 0x9D, 0xFF, 0x14, 0x9D, 0xFF, 0x14, 0x9D, 0xFF, 0x14, 0x9D,
  0xFF, 0x14, 0x9D, 0xFF, 0x14, 0x9D, 0xFF, 0x14, 0x9D, 0xFF, 0x14, 0x9D, 0xFF, 0x14, 0x9D, 0xFF,
  0x14, 0x9D, 0xFF, 0x14, 0x9D, 0xFF, 0x14, 0x9D, 0xFF, 0x14, 0x9D, 0xFF, 0x14, 0x9D, 0xFF, 0x14,
  0x9D, 0xFF, 0x14, 0x9D, 0xFF, 0x14, 0x9D, 0xFF, 0x14, 0x9D, 0xFF, 0x14, 0x9D, 0xFF, 0x14, 0x9D,
  0xFF, 0x14, 0x9D, 0xFF, 0x14, 0x9D, 0xFF, 0x14, 0x9D, 0xFF, 0x56, 0xA5, 0xFF, 0x51, 0x84, 0xFF,
  0x51, 0x84, 0xFF, 0x35, 0xA5, 0xFF, 0xF4, 0x9C, 0xFF, 0xF4, 0x9C, 0xFF, 0x97, 0xAD, 0xFF, 0xD4,
  0x94, 0xFF, 0x82, 0x10, 0xE1, 0xA2, 0x10, 0x13, 0xE3, 0x18, 0x00, 0xE3, 0x18, 0x00, 0xE3, 0x18,
  0x00, 0xE3, 0x18, 0x00, 0x51, 0x84, 0x00, 0x51, 0x84, 0x00, 0x51, 0x84, 0x00, 0x51, 0x84, 0x00,
  0x51, 0x84, 0x00, 0x51, 0x8C, 0x00, 0x30, 0x84, 0x00, 0x6E, 0x6B, 0x00, 0xD3, 0x94, 0x00, 0x51,
  0x84, 0x00, 0xA6, 0x31, 0x6A, 0x82, 0x10, 0xFC, 0x8E, 0x73, 0xFF, 0x18, 0xBE, 0xFF, 0x96, 0xAD,
  0xFF, 0xF4, 0x9C, 0xFF, 0x14, 0x9D, 0xFF, 0x14, 0x9D, 0xFF, 0x14, 0x9D, 0xFF, 0x14, 0x9D, 0xFF,
  0x14, 0x9D, 0xFF, 0x14, 0x9D, 0xFF, 0x35, 0xA5, 0xFF, 0x35, 0xA5, 0xFF, 0x72, 0x8C, 0xFF, 0x92,
  0x8C, 0xFF, 0x35, 0xA5, 0xFF, 0x35, 0xA5, 0xFF, 0x14, 0x9D, 0xFF, 0x14, 0x9D, 0xFF, 0x14, 0x9D,
  0xFF, 0x14, 0x9D, 0xFF, 0x14, 0x9D, 0xFF, 0x14, 0x9D, 0xFF, 0x14, 0x9D, 0xFF, 0x14, 0x9D, 0xFF,
  0x14, 0x9D, 0xFF, 0x14, 0x9D, 0xFF, 0x14, 0x9D, 0xFF, 0x14, 0x9D, 0xFF, 0x14, 0x9D, 0xFF, 0x14,
  0x9D, 0xFF, 0x14, 0x9D, 0xFF, 0x14, 0x9D, 0xFF, 0x14, 0x9D, 0xFF, 0x14, 0x9D, 0xFF, 0x14, 0x9D,
  0xFF, 0x15, 0x9D, 0xFF, 0x15, 0x9D, 0xFF, 0x35, 0xA5, 0xFF, 0x35, 0xA5, 0xFF, 0x35, 0xA5, 0xFF,
  0x35, 0xA5, 0xFF, 0x35, 0xA5, 0xFF, 0x35, 0xA5, 0xFF, 0x55, 0xA5, 0xFF, 0x35, 0xA5, 0xFF, 0xAE,
  0x73, 0xFF, 0xF4, 0x9C, 0xFF, 0x56, 0xA5, 0xFF, 0x35, 0xA5, 0xFF, 0x35, 0xA5, 0xFF, 0x35, 0xA5,
  0xFF, 0x35, 0xA5, 0xFF, 0x35, 0xA5, 0xFF, 0x35, 0xA5, 0xFF, 0x35, 0xA5, 0xFF, 0x35, 0xA5, 0xFF,
  0x35, 0xA5, 0xFF, 0x35, 0xA5, 0xFF, 0x35, 0xA5, 0xFF, 0x55, 0xA5, 0xFF, 0x55, 0xA5, 0xFF, 0x55,
  0xA5, 0xFF, 0x55, 0xA5, 0xFF, 0x55, 0xA5, 0xFF, 0x35, 0xA5, 0xFF, 0x35, 0xA5, 0xFF, 0x55, 0xA5,
  0xFF, 0x55, 0xA5, 0xFF, 0x35, 0xA5, 0xFF, 0x55, 0xA5, 0xFF, 0x55, 0xA5, 0xFF, 0x55, 0xA5, 0xFF,
  0x55, 0xA5, 0xFF, 0x55, 0xA5, 0xFF, 0x55, 0xA5, 0xFF, 0x56, 0xA5, 0xFF, 0x56, 0xA5, 0xFF, 0x76,
  0xAD, 0xFF, 0x76, 0xA5, 0xFF, 0x76, 0xA5, 0xFF, 0x56, 0xA5, 0xFF, 0x56, 0xA5, 0xFF, 0x56, 0xA5,
  0xFF, 0x55, 0xA5, 0xFF, 0x55, 0xA5, 0xFF, 0x56, 0xA5, 0xFF, 0x56, 0xA5, 0xFF, 0x56, 0xA5, 0xFF,
  0x76, 0xAD, 0xFF, 0x76, 0xAD, 0xFF, 0x76, 0xAD, 0xFF, 0x76, 0xAD, 0xFF, 0x76, 0xA5, 0xFF, 0x56,
  0xA5, 0xFF, 0x56, 0xA5, 0xFF, 0x56, 0xA5, 0xFF, 0x56, 0xA5, 0xFF, 0x56, 0xA5, 0xFF, 0x56, 0xA5,
  0xFF, 0x55, 0xA5, 0xFF, 0x55, 0xA5, 0xFF, 0x18, 0xBE, 0xFF, 0x39, 0xC6, 0xFF, 0x55, 0xA5, 0xFF,
  0xD7, 0xB5, 0xFF, 0xB7, 0xAD, 0xFF, 0x55, 0xA5, 0xFF, 0x76, 0xAD, 0xFF, 0x30, 0x84, 0xFF, 0xF4,
  0x9C, 0xFF, 0x96, 0xAD, 0xFF, 0x56, 0xA5, 0xFF, 0x56, 0xA5, 0xFF, 0x56, 0xA5, 0xFF, 0x56, 0xA5,
  0xFF, 0x56, 0xA5, 0xFF, 0x56, 0xA5, 0xFF, 0x56, 0xA5, 0xFF, 0x76, 0xA5, 0xFF, 0x76, 0xA5, 0xFF,
  0x76, 0xAD, 0xFF, 0x76, 0xAD, 0xFF, 0x76, 0xAD, 0xFF, 0x76, 0xAD, 0xFF, 0x76, 0xAD, 0xFF, 0x76,
  0xAD, 0xFF, 0x76, 0xAD, 0xFF, 0x76, 0xAD, 0xFF, 0x76, 0xAD, 0xFF, 0x76, 0xAD, 0xFF, 0x76, 0xAD,
  0xFF, 0x76, 0xAD, 0xFF, 0x76, 0xAD, 0xFF, 0x76, 0xAD, 0xFF, 0x76, 0xAD, 0xFF, 0x76, 0xAD, 0xFF,
  0x76, 0xAD, 0xFF, 0x76, 0xAD, 0xFF, 0x76, 0xAD, 0xFF, 0x76, 0xAD, 0xFF, 0x76, 0xAD, 0xFF, 0x76,
  0xAD, 0xFF, 0x76, 0xAD, 0xFF, 0x76, 0xAD, 0xFF, 0x76, 0xAD, 0xFF, 0x76, 0xAD, 0xFF, 0x76, 0xAD,
  0xFF, 0x76, 0xAD, 0xFF, 0x76, 0xAD, 0xFF, 0x76, 0xAD, 0xFF, 0x76, 0xAD, 0xFF, 0x76, 0xAD, 0xFF,
  0x76, 0xAD, 0xFF, 0x76, 0xAD, 0xFF, 0x76, 0xAD, 0xFF, 0x76, 0xAD, 0xFF, 0x76, 0xAD, 0xFF, 0x76,
  0xAD, 0xFF, 0x76, 0xAD, 0xFF, 0x76, 0xAD, 0xFF, 0x76, 0xAD, 0xFF, 0x76, 0xAD, 0xFF, 0x76, 0xAD,
  0xFF, 0x76, 0xAD, 0xFF, 0x76, 0xAD, 0xFF, 0x76, 0xAD, 0xFF, 0x76, 0xAD, 0xFF, 0x76, 0xAD, 0xFF,
  0x76, 0xAD, 0xFF, 0x76, 0xAD, 0xFF, 0x76, 0xAD, 0xFF, 0x76, 0xAD, 0xFF, 0x76, 0xAD, 0xFF, 0x76,
  0xAD, 0xFF, 0x76, 0xAD, 0xFF, 0x97, 0xAD, 0xFF, 0xD3, 0x94, 0xFF, 0xF4, 0x9C, 0xFF, 0x97, 0xAD,
  0xFF, 0x76, 0xAD, 0xFF, 0x76, 0xAD, 0xFF, 0x76, 0xAD, 0xFF, 0x76, 0xAD, 0xFF, 0x76, 0xAD, 0xFF,
  0x76, 0xAD, 0xFF, 0x76, 0xAD, 0xFF, 0x76, 0xAD, 0xFF, 0x76, 0xAD, 0xFF, 0x76, 0xAD, 0xFF, 0x96,
  0xAD, 0xFF, 0x76, 0xAD, 0xFF, 0x76, 0xAD, 0xFF, 0x76, 0xAD, 0xFF, 0x76, 0xAD, 0xFF, 0x76, 0xAD,
  0xFF, 0x96, 0xAD, 0xFF, 0x96, 0xAD, 0xFF, 0x96, 0xAD, 0xFF, 0x96, 0xAD, 0xFF, 0x96, 0xAD, 0xFF,
  0x96, 0xAD, 0xFF, 0x96, 0xAD, 0xFF, 0x96, 0xAD, 0xFF, 0x96, 0xAD, 0xFF, 0x96, 0xAD, 0xFF, 0x96,
  0xAD, 0xFF, 0x96, 0xAD, 0xFF, 0x96, 0xAD, 0xFF, 0x96, 0xAD, 0xFF, 0x96, 0xAD, 0xFF, 0x96, 0xAD,
  0xFF, 0x96, 0xAD, 0xFF, 0x96, 0xAD, 0xFF, 0x96, 0xAD, 0xFF, 0x96, 0xAD, 0xFF, 0x96, 0xAD, 0xFF,
  0x96, 0xAD, 0xFF, 0x96, 0xAD, 0xFF, 0x96, 0xAD, 0xFF, 0x96, 0xAD, 0xFF, 0x96, 0xAD, 0xFF, 0x96,
  0xAD, 0xFF, 0x96, 0xAD, 0xFF, 0x96, 0xAD, 0xFF, 0x96, 0xAD, 0xFF, 0x96, 0xAD, 0xFF, 0x96, 0xAD,
  0xFF, 0x96, 0xAD, 0xFF, 0x96, 0xAD, 0xFF, 0x96, 0xAD, 0xFF, 0x96, 0xAD, 0xFF, 0x96, 0xAD, 0xFF,
  0x96, 0xAD, 0xFF, 0x96, 0xAD, 0xFF, 0x96, 0xAD, 0xFF, 0x96, 0xAD, 0xFF, 0x96, 0xAD, 0xFF, 0x96,
  0xAD, 0xFF, 0x96, 0xAD, 0xFF, 0x96, 0xAD, 0xFF, 0x96, 0xAD, 0xFF, 0x96, 0xAD, 0xFF, 0x97, 0xB5,
  0xFF, 0x97, 0xB5, 0xFF, 0x97, 0xB5, 0xFF, 0x97, 0xB5, 0xFF, 0xB7, 0xB5, 0xFF, 0xB7, 0xB5, 0xFF,
  0xB7, 0xB5, 0xFF, 0x96, 0xAD, 0xFF, 0xF8, 0xBD, 0xFF, 0x92, 0x94, 0xFF, 0x92, 0x8C, 0xFF, 0x97,
  0xAD, 0xFF, 0x56, 0xA5, 0xFF, 0x56, 0xA5, 0xFF, 0xF8, 0xBD, 0xFF, 0x55, 0xA5, 0xFF, 0xC3, 0x18,
  0xED, 0xCF, 0x7B, 0x1B, 0x14, 0x9D, 0x00, 0xB3, 0x94, 0x00, 0xB3, 0x94, 0x00, 0xB3, 0x94, 0x00,
  0x51, 0x84, 0x00, 0x51, 0x84, 0x00, 0x51, 0x84, 0x00, 0x51, 0x84, 0x00, 0x51, 0x84, 0x00, 0x51,
  0x8C, 0x00, 0x30, 0x84, 0x00, 0xCF, 0x73, 0x00, 0xB3, 0x94, 0x0B, 0xC7, 0x39, 0xA8, 0xC7, 0x39,
  0xFF, 0x76, 0xAD, 0xFF, 0xDB, 0xD6, 0xFF, 0xB7, 0xB5, 0xFF, 0x97, 0xB5, 0xFF, 0xB7, 0xB5, 0xFF,
  0xB7, 0xB5, 0xFF, 0xB7, 0xB5, 0xFF, 0xB7, 0xB5, 0xFF, 0xB7, 0xB5, 0xFF, 0xB7, 0xB5, 0xFF, 0xB7,
  0xB5, 0xFF, 0x76, 0xAD, 0xFF, 0xF3, 0x9C, 0xFF, 0x35, 0xA5, 0xFF, 0xB7, 0xB5, 0xFF, 0x96, 0xAD,
  0xFF, 0x76, 0xAD, 0xFF, 0x76, 0xAD, 0xFF, 0x76, 0xAD, 0xFF, 0x76, 0xAD, 0xFF, 0x76, 0xAD, 0xFF,
  0x76, 0xAD, 0xFF, 0x76, 0xAD, 0xFF, 0x76, 0xAD, 0xFF, 0x76, 0xAD, 0xFF, 0x76, 0xAD, 0xFF, 0x76,
  0xAD, 0xFF, 0x76, 0xAD, 0xFF, 0x76, 0xAD, 0xFF, 0x76, 0xAD, 0xFF, 0x76, 0xAD, 0xFF, 0x76, 0xAD,
  0xFF, 0x76, 0xAD, 0xFF, 0x76, 0xAD, 0xFF, 0x76, 0xAD, 0xFF, 0x76, 0xAD, 0xFF, 0x76, 0xAD, 0xFF,
  0x55, 0xAD, 0xFF, 0x55, 0xA5, 0xFF, 0x35, 0xA5, 0xFF, 0x35, 0xA5, 0xFF, 0x35, 0xA5, 0xFF, 0x35,
  0xA5, 0xFF, 0x34, 0xA5, 0xFF, 0x35, 0xA5, 0xFF, 0x34, 0xA5, 0xFF, 0xAE, 0x73, 0xFF, 0xF3, 0x9C,
  0xFF, 0x55, 0xA5, 0xFF, 0x14, 0xA5, 0xFF, 0x14, 0xA5, 0xFF, 0x14, 0x9D, 0xFF, 0xF4, 0x9C, 0xFF,
  0x14, 0x9D, 0xFF, 0x14, 0x9D, 0xFF, 0xF4, 0x9C, 0xFF, 0xF4, 0x9C, 0xFF, 0x14, 0x9D, 0xFF, 0x14,
  0x9D, 0xFF, 0x14, 0x9D, 0xFF, 0xF3, 0x9C, 0xFF, 0xD3, 0x9C, 0xFF, 0xD3, 0x9C, 0xFF, 0xD3, 0x94,
  0xFF, 0xF3, 0x9C, 0xFF, 0xF4, 0x9C, 0xFF, 0x14, 0xA5, 0xFF, 0xF4, 0x9C, 0xFF, 0xF4, 0x9C, 0xFF,
  0xF4, 0x9C, 0xFF, 0xF3, 0x9C, 0xFF, 0xF3, 0x9C, 0xFF, 0xD3, 0x9C, 0xFF, 0xF3, 0x9C, 0xFF, 0xF3,
  0x9C, 0xFF, 0xD3, 0x9C, 0xFF, 0xD3, 0x94, 0xFF, 0xB2, 0x94, 0xFF, 0x92, 0x8C, 0xFF, 0x92, 0x94,
  0xFF, 0xB2, 0x94, 0xFF, 0xB3, 0x94, 0xFF, 0xB3, 0x94, 0xFF, 0xD3, 0x94, 0xFF, 0xD3, 0x9C, 0xFF,
  0xD3, 0x9C, 0xFF, 0xD3, 0x9C, 0xFF, 0xB3, 0x94, 0xFF, 0xB3, 0x94, 0xFF, 0xB2, 0x94, 0xFF, 0x92,
  0x8C, 0xFF, 0x92, 0x94, 0xFF, 0xB2, 0x94, 0xFF, 0xB3, 0x94, 0xFF, 0xB3, 0x94, 0xFF, 0xD3, 0x94,
  0xFF, 0xD3, 0x94, 0xFF, 0xD3, 0x94, 0xFF, 0xD3, 0x9C, 0xFF, 0xD3, 0x9C, 0xFF, 0xD3, 0x9C, 0xFF,
  0xD3, 0x9C, 0xFF, 0xB3, 0x94, 0xFF, 0xD3, 0x9C, 0xFF, 0xB2, 0x94, 0xFF, 0xD3, 0x94, 0xFF, 0x14,
  0x9D, 0xFF, 0xF3, 0x9C, 0xFF, 0xF4, 0x9C, 0xFF, 0xCF, 0x7B, 0xFF, 0x71, 0x8C, 0xFF, 0xF4, 0x9C,
  0xFF, 0xD3, 0x94, 0xFF, 0xD3, 0x9C, 0xFF, 0xD3, 0x9C, 0xFF, 0xD3, 0x9C, 0xFF, 0xD3, 0x9C, 0xFF,
  0xD3, 0x94, 0xFF, 0xD3, 0x94, 0xFF, 0xD3, 0x94, 0xFF, 0xD3, 0x94, 0xFF, 0xD3, 0x94, 0xFF, 0xB3,
  0x94, 0xFF, 0xB3, 0x94, 0xFF, 0xB3, 0x94, 0xFF, 0xB3, 0x94, 0xFF, 0xB3, 0x94, 0xFF, 0xB3, 0x94,
  0xFF, 0xB3, 0x94, 0xFF, 0xB3, 0x94, 0xFF, 0xB3, 0x94, 0xFF, 0xB3, 0x94, 0xFF, 0xB3, 0x94, 0xFF,
  0xB3, 0x94, 0xFF, 0xB3, 0x94, 0xFF, 0xB3, 0x94, 0xFF, 0xB3, 0x94, 0xFF, 0xB3, 0x94, 0xFF, 0xD3,
  0x94, 0xFF, 0xD3, 0x94, 0xFF, 0xD3, 0x94, 0xFF, 0xD3, 0x94, 0xFF, 0xD3, 0x94, 0xFF, 0xB3, 0x94,
  0xFF, 0xB3, 0x94, 0xFF, 0xB3, 0x94, 0xFF, 0xB3, 0x94, 0xFF, 0xB3, 0x94, 0xFF, 0xB3, 0x94, 0xFF,
  0xB3, 0x94, 0xFF, 0xB3, 0x94, 0xFF, 0xB3, 0x94, 0xFF, 0xB3, 0x94, 0xFF, 0xB3, 0x94, 0xFF, 0xB3,
  0x94, 0xFF, 0xB3, 0x94, 0xFF, 0xB3, 0x94, 0xFF, 0xB3, 0x94, 0xFF, 0xB3, 0x94, 0xFF, 0xB3, 0x94,
  0xFF, 0xB3, 0x94, 0xFF, 0xD3, 0x94, 0xFF, 0xB3, 0x94, 0xFF, 0xB3, 0x94, 0xFF, 0xB3, 0x94, 0xFF,
  0x92, 0x94, 0xFF, 0x92, 0x8C, 0xFF, 0x92, 0x94, 0xFF, 0x92, 0x8C, 0xFF, 0x92, 0x8C, 0xFF, 0x92,
  0x8C, 0xFF, 0xB2, 0x94, 0xFF, 0xB3, 0x94, 0xFF, 0x92, 0x94, 0xFF, 0x92, 0x94, 0xFF, 0x92, 0x8C,
  0xFF, 0xF3, 0x9C, 0xFF, 0x51, 0x84, 0xFF, 0x2D, 0x63, 0xFF, 0x6E, 0x6B, 0xFF, 0x4D, 0x63, 0xFF,
  0x4D, 0x63, 0xFF, 0x4D, 0x63, 0xFF, 0x4D, 0x63, 0xFF, 0x4D, 0x63, 0xFF, 0x4D, 0x63, 0xFF, 0x4D,
  0x63, 0xFF, 0x4D, 0x63, 0xFF, 0x2D, 0x63, 0xFF, 0x2D, 0x63, 0xFF, 0x2D, 0x63, 0xFF, 0x2D, 0x63,
  0xFF, 0x2D, 0x63, 0xFF, 0x2D, 0x63, 0xFF, 0x2D, 0x63, 0xFF, 0x4D, 0x63, 0xFF, 0x2D, 0x63, 0xFF,
  0x2D, 0x63, 0xFF, 0x2D, 0x63, 0xFF, 0x2D, 0x63, 0xFF, 0x2D, 0x63, 0xFF, 0x0D, 0x63, 0xFF, 0x0D,
  0x63, 0xFF, 0x0C, 0x63, 0xFF, 0x0C, 0x5B, 0xFF, 0x0C, 0x5B, 0xFF, 0x0C, 0x5B, 0xFF, 0x0C, 0x5B,
  0xFF, 0x0C, 0x5B, 0xFF, 0x0C, 0x5B, 0xFF, 0x0C, 0x5B, 0xFF, 0x0C, 0x5B, 0xFF, 0x0C, 0x5B, 0xFF,
  0xEC, 0x5A, 0xFF, 0xEC, 0x5A, 0xFF, 0x0C, 0x5B, 0xFF, 0x0C, 0x5B, 0xFF, 0xEC, 0x5A, 0xFF, 0xEC,
  0x5A, 0xFF, 0xEC, 0x5A, 0xFF, 0xEC, 0x5A, 0xFF, 0xEC, 0x5A, 0xFF, 0xEC, 0x5A, 0xFF, 0xEC, 0x5A,
  0xFF, 0xEC, 0x5A, 0xFF, 0xEC, 0x5A, 0xFF, 0xEC, 0x5A, 0xFF, 0xEC, 0x5A, 0xFF, 0xCC, 0x52, 0xFF,
  0xCC, 0x52, 0xFF, 0xCC, 0x52, 0xFF, 0xCC, 0x52, 0xFF, 0xCC, 0x52, 0xFF, 0xCC, 0x52, 0xFF, 0xEC,
  0x5A, 0xFF, 0xEC, 0x52, 0xFF, 0xCC, 0x52, 0xFF, 0xCC, 0x52, 0xFF, 0xCB, 0x52, 0xFF, 0xCB, 0x52,
  0xFF, 0xCB, 0x52, 0xFF, 0xCB, 0x52, 0xFF, 0xCB, 0x52, 0xFF, 0xCB, 0x52, 0xFF, 0xCB, 0x52, 0xFF,
  0xCB, 0x52, 0xFF, 0xCB, 0x52, 0xFF, 0xCB, 0x52, 0xFF, 0xCB, 0x52, 0xFF, 0xCB, 0x52, 0xFF, 0xAB,
  0x52, 0xFF, 0xCC, 0x5A, 0xFF, 0x8E, 0x73, 0xFF, 0x51, 0x84, 0xFF, 0xD3, 0x94, 0xFF, 0x92, 0x94,
  0xFF, 0x92, 0x94, 0xFF, 0xF4, 0x9C, 0xFF, 0xF3, 0x9C, 0xFF, 0x24, 0x29, 0xFF, 0xAA, 0x52, 0x44,
  0xAF, 0x73, 0x00, 0x6E, 0x6B, 0x00, 0x6E, 0x6B, 0x00, 0x6E, 0x6B, 0x00, 0x51, 0x8C, 0x00, 0x51,
  0x8C, 0x00, 0x51, 0x8C, 0x00, 0x51, 0x8C, 0x00, 0x51, 0x8C, 0x00, 0x71, 0x8C, 0x00, 0x71, 0x8C,
  0x00, 0xEF, 0x7B, 0x13, 0xE3, 0x18, 0xCF, 0x61, 0x08, 0xFF, 0xD0, 0x73, 0xFF, 0xAF, 0x73, 0xFF,
  0xCC, 0x52, 0xFF, 0xEC, 0x5A, 0xFF, 0xEC, 0x5A, 0xFF, 0x0C, 0x5B, 0xFF, 0x0C, 0x63, 0xFF, 0x2C,
  0x63, 0xFF, 0x2D, 0x63, 0xFF, 0x4D, 0x63, 0xFF, 0x6E, 0x6B, 0xFF, 0x8E, 0x6B, 0xFF, 0xEC, 0x5A,
  0xFF, 0x2D, 0x63, 0xFF, 0xAF, 0x73, 0xFF, 0x6E, 0x6B, 0xFF, 0x6E, 0x6B, 0xFF, 0x8E, 0x6B, 0xFF,
  0x8E, 0x6B, 0xFF, 0x6E, 0x6B, 0xFF, 0x2D, 0x63, 0xFF, 0x4D, 0x63, 0xFF, 0x4D, 0x6B, 0xFF, 0x2D,
  0x63, 0xFF, 0x2D, 0x63, 0xFF, 0x0C, 0x5B, 0xFF, 0x0C, 0x5B, 0xFF, 0x2D, 0x5B, 0xFF, 0x0C, 0x5B,
  0xFF, 0x2D, 0x5B, 0xFF, 0xEC, 0x5A, 0xFF, 0xCC, 0x52, 0xFF, 0xEC, 0x52, 0xFF, 0xCC, 0x52, 0xFF,
  0xEC, 0x5A, 0xFF, 0xCC, 0x52, 0xFF, 0xCB, 0x52, 0xFF, 0xEC, 0x5A, 0xFF, 0xCB, 0x52, 0xFF, 0xCB,
  0x52, 0xFF, 0xAB, 0x52, 0xFF, 0xAB, 0x52, 0xFF, 0xCB, 0x52, 0xFF, 0xEC, 0x52, 0xFF, 0xEC, 0x5A,
  0xFF, 0xEC, 0x5A, 0xFF, 0xEC, 0x5A, 0xFF, 0x08, 0x3A, 0xFF, 0x0D, 0x5B, 0xFF, 0x2D, 0x5B, 0xFF,
  0xEC, 0x52, 0xFF, 0xEC, 0x5A, 0xFF, 0xEC, 0x52, 0xFF, 0xCC, 0x52, 0xFF, 0xCC, 0x52, 0xFF, 0xCC,
  0x52, 0xFF, 0xCC, 0x52, 0xFF, 0xAB, 0x4A, 0xFF, 0xAB, 0x4A, 0xFF, 0xAB, 0x52, 0xFF, 0xAB, 0x4A,
  0xFF, 0x8B, 0x4A, 0xFF, 0x8A, 0x4A, 0xFF, 0x8B, 0x4A, 0xFF, 0x8B, 0x4A, 0xFF, 0x6A, 0x42, 0xFF,
  0x6A, 0x4A, 0xFF, 0x8B, 0x4A, 0xFF, 0x6A, 0x4A, 0xFF, 0x6A, 0x4A, 0xFF, 0x6A, 0x4A, 0xFF, 0x6A,
  0x4A, 0xFF, 0x6A, 0x4A, 0xFF, 0x4A, 0x42, 0xFF, 0x4A, 0x42, 0xFF, 0x4A, 0x42, 0xFF, 0x4A, 0x42,
  0xFF, 0x29, 0x42, 0xFF, 0x09, 0x3A, 0xFF, 0x09, 0x3A, 0xFF, 0x09, 0x3A, 0xFF, 0xE8, 0x31, 0xFF,
  0x09, 0x3A, 0xFF, 0x09, 0x3A, 0xFF, 0x29, 0x3A, 0xFF, 0x29, 0x3A, 0xFF, 0x29, 0x42, 0xFF, 0x29,
  0x42, 0xFF, 0x09, 0x3A, 0xFF, 0xE8, 0x31, 0xFF, 0xE8, 0x31, 0xFF, 0xC8, 0x31, 0xFF, 0xE8, 0x31,
  0xFF, 0xE8, 0x31, 0xFF, 0x09, 0x3A, 0xFF, 0x09, 0x3A, 0xFF, 0x09, 0x3A, 0xFF, 0xE9, 0x39, 0xFF,
  0x09, 0x3A, 0xFF, 0x09, 0x3A, 0xFF, 0x09, 0x3A, 0xFF, 0x09, 0x3A, 0xFF, 0x09, 0x3A, 0xFF, 0x09,
  0x3A, 0xFF, 0x09, 0x3A, 0xFF, 0x66, 0x29, 0xFF, 0xE8, 0x31, 0xFF, 0x4A, 0x42, 0xFF, 0x09, 0x3A,
  0xFF, 0x09, 0x3A, 0xFF, 0x25, 0x21, 0xFF, 0xC8, 0x31, 0xFF, 0x09, 0x32, 0xFF, 0xE8, 0x31, 0xFF,
  0xE8, 0x31, 0xFF, 0xE9, 0x31, 0xFF, 0xE9, 0x31, 0xFF, 0xE8, 0x31, 0xFF, 0xE8, 0x31, 0xFF, 0xC8,
  0x31, 0xFF, 0xC8, 0x31, 0xFF, 0xC8, 0x31, 0xFF, 0xC8, 0x29, 0xFF, 0xC8, 0x29, 0xFF, 0xC8, 0x29,
  0xFF, 0xC8, 0x29, 0xFF, 0xC8, 0x29, 0xFF, 0xA8, 0x29, 0xFF, 0xA7, 0x29, 0xFF, 0xA7, 0x29, 0xFF,
  0xA7, 0x29, 0xFF, 0xA7, 0x29, 0xFF, 0xA7, 0x29, 0xFF, 0xA7, 0x29, 0xFF, 0xA7, 0x29, 0xFF, 0x87,
  0x29, 0xFF, 0x87, 0x29, 0xFF, 0xA7, 0x29, 0xFF, 0xA7, 0x29, 0xFF, 0xA7, 0x29, 0xFF, 0xA7, 0x29,
  0xFF, 0xA7, 0x29, 0xFF, 0xA7, 0x29, 0xFF, 0x87, 0x29, 0xFF, 0x87, 0x29, 0xFF, 0x87, 0x29, 0xFF,
  0x87, 0x29, 0xFF, 0x87, 0x29, 0xFF, 0x87, 0x29, 0xFF, 0x87, 0x29, 0xFF, 0x87, 0x29, 0xFF, 0x87,
  0x29, 0xFF, 0x87, 0x29, 0xFF, 0x87, 0x29, 0xFF, 0x87, 0x29, 0xFF, 0x87, 0x29, 0xFF, 0x87, 0x29,
  0xFF, 0x87, 0x29, 0xFF, 0x87, 0x29, 0xFF, 0x87, 0x29, 0xFF, 0x87, 0x29, 0xFF, 0x87, 0x29, 0xFF,
  0x87, 0x29, 0xFF, 0x87, 0x29, 0xFF, 0x87, 0x29, 0xFF, 0x87, 0x29, 0xFF, 0x66, 0x21, 0xFF, 0x46,
  0x21, 0xFF, 0x66, 0x21, 0xFF, 0x66, 0x21, 0xFF, 0x66, 0x21, 0xFF, 0x46, 0x21, 0xFF, 0x67, 0x21,
  0xFF, 0x67, 0x21, 0xFF, 0x46, 0x21, 0xFF, 0x46, 0x21, 0xFF, 0x46, 0x21, 0xFF, 0x67, 0x21, 0xFF,
  0xE4, 0x18, 0xFF, 0xC4, 0x10, 0xFF, 0x26, 0x19, 0xFF, 0x05, 0x19, 0xFF, 0xE5, 0x10, 0xFF, 0xE5,
  0x10, 0xFF, 0xE5, 0x10, 0xFF, 0xE5, 0x10, 0xFF, 0xE5, 0x10, 0xFF, 0xE5, 0x10, 0xFF, 0x05, 0x11,
  0xFF, 0xE5, 0x10, 0xFF, 0xC5, 0x10, 0xFF, 0xC5, 0x10, 0xFF, 0xE5, 0x10, 0xFF, 0xE5, 0x10, 0xFF,
  0xE5, 0x10, 0xFF, 0xE5, 0x10, 0xFF, 0xE5, 0x10, 0xFF, 0xC4, 0x10, 0xFF, 0xC4, 0x08, 0xFF, 0xC4,
  0x08, 0xFF, 0xC4, 0x08, 0xFF, 0xC4, 0x08, 0xFF, 0xC4, 0x08, 0xFF, 0xC4, 0x08, 0xFF, 0xC4, 0x08,
  0xFF, 0xA4, 0x08, 0xFF, 0xA4, 0x08, 0xFF, 0xA4, 0x08, 0xFF, 0xA4, 0x08, 0xFF, 0xA4, 0x08, 0xFF,
  0xA4, 0x08, 0xFF, 0xA4, 0x08, 0xFF, 0xA4, 0x08, 0xFF, 0x84, 0x00, 0xFF, 0x84, 0x00, 0xFF, 0x84,
  0x00, 0xFF, 0x84, 0x00, 0xFF, 0x84, 0x00, 0xFF, 0x83, 0x00, 0xFF, 0x84, 0x00, 0xFF, 0x83, 0x00,
  0xFF, 0x63, 0x00, 0xFF, 0x63, 0x00, 0xFF, 0x63, 0x00, 0xFF, 0x63, 0x00, 0xFF, 0x63, 0x00, 0xFF,
  0x63, 0x00, 0xFF, 0x63, 0x00, 0xFF, 0x63, 0x00, 0xFF, 0x63, 0x00, 0xFF, 0x63, 0x00, 0xFF, 0x63,
  0x00, 0xFF, 0x63, 0x00, 0xFF, 0x63, 0x00, 0xFF, 0x63, 0x00, 0xFF, 0x63, 0x00, 0xFF, 0x63, 0x00,
  0xFF, 0x43, 0x00, 0xFF, 0x43, 0x00, 0xFF, 0x43, 0x00, 0xFF, 0x43, 0x00, 0xFF, 0x43, 0x00, 0xFF,
  0x43, 0x00, 0xFF, 0x43, 0x00, 0xFF, 0x42, 0x00, 0xFF, 0x42, 0x00, 0xFF, 0x42, 0x00, 0xFF, 0x42,
  0x00, 0xFF, 0x42, 0x00, 0xFF, 0x42, 0x00, 0xFF, 0x42, 0x00, 0xFF, 0x42, 0x00, 0xFF, 0x43, 0x00,
  0xFF, 0xA3, 0x08, 0xFF, 0xA3, 0x10, 0xFF, 0xA3, 0x10, 0xFF, 0xA3, 0x10, 0xFF, 0xA3, 0x10, 0xFF,
  0xA3, 0x10, 0xFF, 0xA3, 0x10, 0xFF, 0x41, 0x00, 0xFF, 0x8E, 0x73, 0x51, 0x72, 0x8C, 0x00, 0x30,
  0x84, 0x00, 0x30, 0x84, 0x00, 0x30, 0x84, 0x00, 0x71, 0x8C, 0x00, 0x71, 0x8C, 0x00, 0x71, 0x8C,
  0x00, 0x71, 0x8C, 0x00, 0x71, 0x8C, 0x00, 0x92, 0x94, 0x00, 0x71, 0x8C, 0x00, 0x03, 0x19, 0xBC,
  0x82, 0x08, 0xFF, 0x6B, 0x42, 0xFF, 0xE8, 0x39, 0xFF, 0xC8, 0x31, 0xFF, 0x08, 0x3A, 0xFF, 0x29,
  0x3A, 0xFF, 0x29, 0x42, 0xFF, 0x87, 0x29, 0xFF, 0x46, 0x21, 0xFF, 0x45, 0x21, 0xFF, 0x05, 0x19,
  0xFF, 0xC4, 0x10, 0xFF, 0xA3, 0x08, 0xFF, 0xC4, 0x10, 0xFF, 0x2A, 0x3A, 0xFF, 0xEC, 0x52, 0xFF,
  0xAB, 0x4A, 0xFF, 0xAB, 0x4A, 0xFF, 0xAC, 0x4A, 0xFF, 0xCC, 0x52, 0xFF, 0xCC, 0x52, 0xFF, 0xCC,
  0x52, 0xFF, 0xCC, 0x52, 0xFF, 0xCC, 0x52, 0xFF, 0xCC, 0x52, 0xFF, 0xCC, 0x52, 0xFF, 0xCC, 0x52,
  0xFF, 0xCC, 0x4A, 0xFF, 0xAC, 0x4A, 0xFF, 0xCC, 0x52, 0xFF, 0xAC, 0x4A, 0xFF, 0xCC, 0x4A, 0xFF,
  0xAC, 0x4A, 0xFF, 0xAC, 0x4A, 0xFF, 0xAC, 0x4A, 0xFF, 0xAC, 0x4A, 0xFF, 0xAC, 0x4A, 0xFF, 0xAC,
  0x4A, 0xFF, 0xAC, 0x4A, 0xFF, 0xCC, 0x4A, 0xFF, 0xCC, 0x52, 0xFF, 0xCC, 0x52, 0xFF, 0xCC, 0x52,
  0xFF, 0xCC, 0x52, 0xFF, 0xCC, 0x52, 0xFF, 0xCC, 0x52, 0xFF, 0xCC, 0x52, 0xFF, 0x0D, 0x5B, 0xFF,
  0xED, 0x52, 0xFF, 0x05, 0x19, 0xFF, 0x8B, 0x4A, 0xFF, 0x2E, 0x5B, 0xFF, 0xED, 0x52, 0xFF, 0xED,
  0x52, 0xFF, 0xED, 0x52, 0xFF, 0xED, 0x52, 0xFF, 0xED, 0x52, 0xFF, 0xED, 0x52, 0xFF, 0xED, 0x52,
  0xFF, 0xED, 0x52, 0xFF, 0xED, 0x52, 0xFF, 0xED, 0x52, 0xFF, 0xED, 0x52, 0xFF, 0x0D, 0x53, 0xFF,
  0x0D, 0x53, 0xFF, 0xED, 0x52, 0xFF, 0xED, 0x52, 0xFF, 0xED, 0x52, 0xFF, 0xED, 0x52, 0xFF, 0xCD,
  0x52, 0xFF, 0xED, 0x52, 0xFF, 0xED, 0x52, 0xFF, 0xCD, 0x52, 0xFF, 0xED, 0x52, 0xFF, 0xED, 0x52,
  0xFF, 0xED, 0x52, 0xFF, 0xED, 0x52, 0xFF, 0xED, 0x52, 0xFF, 0xED, 0x52, 0xFF, 0xED, 0x52, 0xFF,
  0xED, 0x52, 0xFF, 0xED, 0x52, 0xFF, 0xED, 0x52, 0xFF, 0xED, 0x52, 0xFF, 0xED, 0x52, 0xFF, 0xED,
  0x52, 0xFF, 0xED, 0x52, 0xFF, 0xED, 0x52, 0xFF, 0xED, 0x52, 0xFF, 0xED, 0x52, 0xFF, 0xED, 0x52,
  0xFF, 0xED, 0x52, 0xFF, 0xED, 0x52, 0xFF, 0xED, 0x52, 0xFF, 0xED, 0x52, 0xFF, 0xCD, 0x52, 0xFF,
  0xCD, 0x52, 0xFF, 0xCC, 0x52, 0xFF, 0xCC, 0x52, 0xFF, 0xCC, 0x52, 0xFF, 0xCC, 0x52, 0xFF, 0xCC,
  0x52, 0xFF, 0xCC, 0x52, 0xFF, 0xCC, 0x4A, 0xFF, 0xCC, 0x4A, 0xFF, 0xED, 0x52, 0xFF, 0x8C, 0x4A,
  0xFF, 0x25, 0x19, 0xFF, 0xCC, 0x52, 0xFF, 0xED, 0x52, 0xFF, 0xED, 0x52, 0xFF, 0xED, 0x52, 0xFF,
  0x04, 0x19, 0xFF, 0x4A, 0x42, 0xFF, 0x0D, 0x53, 0xFF, 0xCC, 0x4A, 0xFF, 0xCC, 0x4A, 0xFF, 0xAC,
  0x4A, 0xFF, 0xAC, 0x4A, 0xFF, 0xCC, 0x4A, 0xFF, 0xCC, 0x4A, 0xFF, 0xCC, 0x4A, 0xFF, 0xCC, 0x4A,
  0xFF, 0xCC, 0x4A, 0xFF, 0xCC, 0x4A, 0xFF, 0xCC, 0x4A, 0xFF, 0xCC, 0x4A, 0xFF, 0xCC, 0x4A, 0xFF,
  0xCC, 0x4A, 0xFF, 0xCC, 0x52, 0xFF, 0xCC, 0x52, 0xFF, 0xCC, 0x52, 0xFF, 0xCC, 0x52, 0xFF, 0xCC,
  0x52, 0xFF, 0xCC, 0x52, 0xFF, 0xCC, 0x52, 0xFF, 0xCC, 0x4A, 0xFF, 0xCC, 0x4A, 0xFF, 0xCC, 0x4A,
  0xFF, 0xCC, 0x4A, 0xFF, 0xCC, 0x4A, 0xFF, 0xCC, 0x52, 0xFF, 0xCC, 0x52, 0xFF, 0xCC, 0x52, 0xFF,
  0xCC, 0x52, 0xFF, 0xCC, 0x4A, 0xFF, 0xCC, 0x4A, 0xFF, 0xCC, 0x4A, 0xFF, 0xCC, 0x52, 0xFF, 0xCC,
  0x52, 0xFF, 0xCC, 0x52, 0xFF, 0xCC, 0x52, 0xFF, 0xCC, 0x4A, 0xFF, 0xCC, 0x4A, 0xFF, 0xCC, 0x4A,
  0xFF, 0xCC, 0x4A, 0xFF, 0xCC, 0x4A, 0xFF, 0xAC, 0x4A, 0xFF, 0xAC, 0x4A, 0xFF, 0xAC, 0x4A, 0xFF,
  0xAC, 0x4A, 0xFF, 0xAC, 0x4A, 0xFF, 0xAC, 0x4A, 0xFF, 0xAC, 0x4A, 0xFF, 0xAC, 0x4A, 0xFF, 0xAC,
  0x4A, 0xFF, 0xAC, 0x4A, 0xFF, 0xAC, 0x4A, 0xFF, 0xCC, 0x4A, 0xFF, 0xCC, 0x52, 0xFF, 0xCC, 0x52,
  0xFF, 0xCC, 0x52, 0xFF, 0xCC, 0x52, 0xFF, 0xCC, 0x52, 0xFF, 0xCC, 0x52, 0xFF, 0xCC, 0x4A, 0xFF,
  0xCC, 0x4A, 0xFF, 0xCC, 0x4A, 0xFF, 0xAC, 0x4A, 0xFF, 0x2E, 0x5B, 0xFF, 0x66, 0x21, 0xFF, 0x87,
  0x29, 0xFF, 0x2E, 0x5B, 0xFF, 0xCC, 0x52, 0xFF, 0xCC, 0x52, 0xFF, 0xCC, 0x52, 0xFF, 0xEC, 0x52,
  0xFF, 0xEC, 0x52, 0xFF, 0xEC, 0x52, 0xFF, 0xEC, 0x52, 0xFF, 0xEC, 0x52, 0xFF, 0xEC, 0x52, 0xFF,
  0xED, 0x52, 0xFF, 0xED, 0x52, 0xFF, 0xED, 0x52, 0xFF, 0xED, 0x52, 0xFF, 0xED, 0x52, 0xFF, 0xED,
  0x52, 0xFF, 0xED, 0x52, 0xFF, 0xED, 0x52, 0xFF, 0xED, 0x52, 0xFF, 0xED, 0x52, 0xFF, 0xED, 0x52,
  0xFF, 0xED, 0x52, 0xFF, 0xED, 0x52, 0xFF, 0xED, 0x52, 0xFF, 0xED, 0x52, 0xFF, 0xED, 0x52, 0xFF,
  0xED, 0x52, 0xFF, 0xED, 0x52, 0xFF, 0xED, 0x52, 0xFF, 0x0D, 0x53, 0xFF, 0x0D, 0x53, 0xFF, 0xED,
  0x52, 0xFF, 0x0D, 0x53, 0xFF, 0x0D, 0x5B, 0xFF, 0x0D, 0x5B, 0xFF, 0x0D, 0x5B, 0xFF, 0x0D, 0x5B,
  0xFF, 0x0D, 0x5B, 0xFF, 0x0D, 0x5B, 0xFF, 0x0D, 0x5B, 0xFF, 0x0D, 0x5B, 0xFF, 0x0D, 0x5B, 0xFF,
  0x0D, 0x5B, 0xFF, 0x0D, 0x5B, 0xFF, 0x0D, 0x5B, 0xFF, 0x0D, 0x5B, 0xFF, 0x0D, 0x5B, 0xFF, 0x0D,
  0x5B, 0xFF, 0x0D, 0x5B, 0xFF, 0x0D, 0x5B, 0xFF, 0x0D, 0x5B, 0xFF, 0x0D, 0x5B, 0xFF, 0x0D, 0x5B,
  0xFF, 0x0D, 0x5B, 0xFF, 0x0D, 0x5B, 0xFF, 0x0D, 0x5B, 0xFF, 0x0D, 0x5B, 0xFF, 0x0D, 0x5B, 0xFF,
  0x0D, 0x5B, 0xFF, 0x0D, 0x5B, 0xFF, 0x0D, 0x5B, 0xFF, 0x0D, 0x5B, 0xFF, 0x0D, 0x5B, 0xFF, 0x0D,
  0x5B, 0xFF, 0x0D, 0x5B, 0xFF, 0x0D, 0x5B, 0xFF, 0x0D, 0x5B, 0xFF, 0x0D, 0x5B, 0xFF, 0x0D, 0x5B,
  0xFF, 0x0D, 0x5B, 0xFF, 0x2D, 0x5B, 0xFF, 0x0D, 0x5B, 0xFF, 0x8F, 0x63, 0xFF, 0xE8, 0x31, 0xFF,
  0xA7, 0x29, 0xFF, 0x0D, 0x5B, 0xFF, 0xAC, 0x4A, 0xFF, 0xAC, 0x4A, 0xFF, 0xED, 0x52, 0xFF, 0xCD,
  0x52, 0xFF, 0x62, 0x08, 0xFF, 0x4D, 0x6B, 0x52, 0x71, 0x8C, 0x00, 0x10, 0x84, 0x00, 0x10, 0x84,
  0x00, 0x10, 0x84, 0x00, 0xE7, 0x39, 0x00, 0xE7, 0x39, 0x00, 0xE7, 0x39, 0x00, 0xE7, 0x39, 0x00,
  0xE7, 0x39, 0x00, 0xE7, 0x39, 0x00, 0x08, 0x42, 0x52, 0xA2, 0x10, 0xFF, 0x0C, 0x5B, 0xFF, 0xCF,
  0x73, 0xFF, 0xAE, 0x6B, 0xFF, 0xF0, 0x7B, 0xFF, 0x51, 0x84, 0xFF, 0x71, 0x84, 0xFF, 0xF0, 0x7B,
  0xFF, 0x10, 0x7C, 0xFF, 0x10, 0x7C, 0xFF, 0xF0, 0x7B, 0xFF, 0xCF, 0x73, 0xFF, 0xCF, 0x7B, 0xFF,
  0xAF, 0x73, 0xFF, 0x04, 0x19, 0xFF, 0x4A, 0x42, 0xFF, 0x11, 0x7C, 0xFF, 0x8F, 0x63, 0xFF, 0x8F,
  0x63, 0xFF, 0x8F, 0x63, 0xFF, 0x6F, 0x63, 0xFF, 0x8F, 0x63, 0xFF, 0x6F, 0x63, 0xFF, 0x8F, 0x6B,
  0xFF, 0x8F, 0x63, 0xFF, 0x8F, 0x63, 0xFF, 0x8F, 0x6B, 0xFF, 0x6F, 0x63, 0xFF, 0x8F, 0x6B, 0xFF,
  0x8F, 0x63, 0xFF, 0x6F, 0x63, 0xFF, 0x6F, 0x6B, 0xFF, 0x6F, 0x63, 0xFF, 0x6F, 0x6B, 0xFF, 0x8F,
  0x6B, 0xFF, 0x8F, 0x6B, 0xFF, 0x8F, 0x6B, 0xFF, 0x8F, 0x6B, 0xFF, 0x8F, 0x6B, 0xFF, 0x8F, 0x6B,
  0xFF, 0x8F, 0x6B, 0xFF, 0x8F, 0x6B, 0xFF, 0x8F, 0x6B, 0xFF, 0x8F, 0x6B, 0xFF, 0x6F, 0x6B, 0xFF,
  0x6F, 0x63, 0xFF, 0x6F, 0x63, 0xFF, 0x6F, 0x63, 0xFF, 0xAF, 0x6B, 0xFF, 0x8F, 0x6B, 0xFF, 0x66,
  0x29, 0xFF, 0x0D, 0x5B, 0xFF, 0xB0, 0x6B, 0xFF, 0x6F, 0x63, 0xFF, 0x6F, 0x63, 0xFF, 0x6F, 0x63,
  0xFF, 0x6F, 0x63, 0xFF, 0x6F, 0x63, 0xFF, 0x6F, 0x63, 0xFF, 0x6F, 0x63, 0xFF, 0x6F, 0x6B, 0xFF,
  0x6F, 0x6B, 0xFF, 0x6F, 0x6B, 0xFF, 0x6F, 0x6B, 0xFF, 0x6F, 0x6B, 0xFF, 0x6F, 0x6B, 0xFF, 0x6F,
  0x63, 0xFF, 0x6F, 0x63, 0xFF, 0x6F, 0x6B, 0xFF, 0x6F, 0x6B, 0xFF, 0x6F, 0x6B, 0xFF, 0x6F, 0x63,
  0xFF, 0x6F, 0x63, 0xFF, 0x6F, 0x63, 0xFF, 0x6F, 0x63, 0xFF, 0x6F, 0x63, 0xFF, 0x6F, 0x6B, 0xFF,
  0x6F, 0x6B, 0xFF, 0x6F, 0x6B, 0xFF, 0x6F, 0x6B, 0xFF, 0x6F, 0x6B, 0xFF, 0x6F, 0x6B, 0xFF, 0x6F,
  0x63, 0xFF, 0x6F, 0x63, 0xFF, 0x6F, 0x63, 0xFF, 0x6F, 0x63, 0xFF, 0x6F, 0x63, 0xFF, 0x6F, 0x6B,
  0xFF, 0x6F, 0x6B, 0xFF, 0x6F, 0x6B, 0xFF, 0x8F, 0x6B, 0xFF, 0x8F, 0x6B, 0xFF, 0x8F, 0x6B, 0xFF,
  0x6F, 0x6B, 0xFF, 0x6F, 0x63, 0xFF, 0x6F, 0x63, 0xFF, 0x6F, 0x63, 0xFF, 0x6F, 0x63, 0xFF, 0x6F,
  0x6B, 0xFF, 0x8F, 0x6B, 0xFF, 0x8F, 0x6B, 0xFF, 0x8F, 0x6B, 0xFF, 0x8F, 0x6B, 0xFF, 0x8F, 0x6B,
  0xFF, 0x8F, 0x6B, 0xFF, 0x6E, 0x63, 0xFF, 0xD0, 0x73, 0xFF, 0x4A, 0x42, 0xFF, 0x09, 0x3A, 0xFF,
  0xF1, 0x73, 0xFF, 0x6F, 0x6B, 0xFF, 0xAF, 0x6B, 0xFF, 0xB0, 0x73, 0xFF, 0x86, 0x29, 0xFF, 0xEC,
  0x52, 0xFF, 0xD0, 0x73, 0xFF, 0x6F, 0x6B, 0xFF, 0x6F, 0x6B, 0xFF, 0x8F, 0x6B, 0xFF, 0x8F, 0x6B,
  0xFF, 0x6F, 0x6B, 0xFF, 0x8F, 0x6B, 0xFF, 0x8F, 0x6B, 0xFF, 0x8F, 0x6B, 0xFF, 0x8F, 0x6B, 0xFF,
  0x6F, 0x6B, 0xFF, 0x8F, 0x6B, 0xFF, 0x6F, 0x6B, 0xFF, 0x6F, 0x6B, 0xFF, 0x8F, 0x6B, 0xFF, 0x8F,
  0x6B, 0xFF, 0x8F, 0x6B, 0xFF, 0x8F, 0x6B, 0xFF, 0x8F, 0x6B, 0xFF, 0x8F, 0x6B, 0xFF, 0x8F, 0x6B,
  0xFF, 0x8F, 0x6B, 0xFF, 0x8F, 0x6B, 0xFF, 0x8F, 0x6B, 0xFF, 0x8F, 0x6B, 0xFF, 0x8F, 0x6B, 0xFF,
  0x8F, 0x6B, 0xFF, 0x8F, 0x6B, 0xFF, 0x8F, 0x6B, 0xFF, 0x8F, 0x6B, 0xFF, 0x8F, 0x6B, 0xFF, 0x8F,
  0x6B, 0xFF, 0x8F, 0x6B, 0xFF, 0x8F, 0x6B, 0xFF, 0x8F, 0x6B, 0xFF, 0x8F, 0x6B, 0xFF, 0x8F, 0x6B,
  0xFF, 0x8F, 0x6B, 0xFF, 0x8F, 0x6B, 0xFF, 0x8F, 0x6B, 0xFF, 0x8F, 0x6B, 0xFF, 0x8F, 0x6B, 0xFF,
  0x8F, 0x6B, 0xFF, 0x8F, 0x6B, 0xFF, 0x8F, 0x6B, 0xFF, 0x8F, 0x6B, 0xFF, 0x6F, 0x6B, 0xFF, 0x8F,
  0x6B, 0xFF, 0x6F, 0x6B, 0xFF, 0x6F, 0x6B, 0xFF, 0x6F, 0x6B, 0xFF, 0x6F, 0x6B, 0xFF, 0x8F, 0x6B,
  0xFF, 0x8F, 0x6B, 0xFF, 0x6F, 0x6B, 0xFF, 0x8F, 0x6B, 0xFF, 0x8F, 0x6B, 0xFF, 0x8F, 0x6B, 0xFF,
  0x8F, 0x6B, 0xFF, 0x8F, 0x6B, 0xFF, 0x6F, 0x6B, 0xFF, 0x6F, 0x6B, 0xFF, 0x6F, 0x6B, 0xFF, 0x6F,
  0x6B, 0xFF, 0x6E, 0x63, 0xFF, 0xF1, 0x73, 0xFF, 0x08, 0x3A, 0xFF, 0x08, 0x3A, 0xFF, 0xB0, 0x6B,
  0xFF, 0x4E, 0x63, 0xFF, 0x6E, 0x63, 0xFF, 0x6E, 0x63, 0xFF, 0x6E, 0x63, 0xFF, 0x6E, 0x63, 0xFF,
  0x6E, 0x63, 0xFF, 0x6E, 0x63, 0xFF, 0x6E, 0x63, 0xFF, 0x6E, 0x63, 0xFF, 0x6E, 0x63, 0xFF, 0x6E,
  0x63, 0xFF, 0x6E, 0x63, 0xFF, 0x6E, 0x63, 0xFF, 0x6F, 0x63, 0xFF, 0x6E, 0x63, 0xFF, 0x6E, 0x63,
  0xFF, 0x6F, 0x63, 0xFF, 0x6E, 0x63, 0xFF, 0x6E, 0x63, 0xFF, 0x6E, 0x63, 0xFF, 0x6E, 0x63, 0xFF,
  0x6E, 0x63, 0xFF, 0x6E, 0x63, 0xFF, 0x6E, 0x63, 0xFF, 0x6E, 0x63, 0xFF, 0x6E, 0x63, 0xFF, 0x6E,
  0x63, 0xFF, 0x6E, 0x63, 0xFF, 0x6E, 0x63, 0xFF, 0x6E, 0x63, 0xFF, 0x6E, 0x63, 0xFF, 0x6E, 0x63,
  0xFF, 0x6E, 0x63, 0xFF, 0x6E, 0x63, 0xFF, 0x6E, 0x63, 0xFF, 0x6E, 0x63, 0xFF, 0x6E, 0x63, 0xFF,
  0x6E, 0x63, 0xFF, 0x6E, 0x63, 0xFF, 0x6E, 0x63, 0xFF, 0x6E, 0x63, 0xFF, 0x6E, 0x63, 0xFF, 0x6E,
  0x63, 0xFF, 0x6E, 0x63, 0xFF, 0x6E, 0x63, 0xFF, 0x6E, 0x63, 0xFF, 0x6E, 0x63, 0xFF, 0x6E, 0x63,
  0xFF, 0x6E, 0x63, 0xFF, 0x6E, 0x63, 0xFF, 0x6E, 0x63, 0xFF, 0x6E, 0x63, 0xFF, 0x6E, 0x63, 0xFF,
  0x6E, 0x63, 0xFF, 0x6E, 0x63, 0xFF, 0x6E, 0x63, 0xFF, 0x6E, 0x63, 0xFF, 0x6E, 0x63, 0xFF, 0x6E,
  0x63, 0xFF, 0x6E, 0x63, 0xFF, 0x6E, 0x63, 0xFF, 0x6E, 0x63, 0xFF, 0x6E, 0x63, 0xFF, 0x6E, 0x63,
  0xFF, 0x6E, 0x63, 0xFF, 0x6E, 0x63, 0xFF, 0x6E, 0x63, 0xFF, 0x6E, 0x63, 0xFF, 0x6E, 0x63, 0xFF,
  0x6E, 0x63, 0xFF, 0x4E, 0x63, 0xFF, 0xD0, 0x73, 0xFF, 0x4A, 0x42, 0xFF, 0x29, 0x42, 0xFF, 0xB0,
  0x6B, 0xFF, 0x4E, 0x63, 0xFF, 0x4E, 0x63, 0xFF, 0x8F, 0x6B, 0xFF, 0xB0, 0x6B, 0xFF, 0xE3, 0x18,
  0xFF, 0x86, 0x31, 0x60, 0x69, 0x52, 0x00, 0x49, 0x4A, 0x00, 0x49, 0x4A, 0x00, 0x49, 0x4A, 0x00,
  0xCF, 0x7B, 0x00, 0xCF, 0x7B, 0x00, 0xCF, 0x7B, 0x00, 0xCF, 0x7B, 0x00, 0xCF, 0x7B, 0x00, 0x30,
  0x84, 0x00, 0x24, 0x21, 0x85, 0x09, 0x3A, 0xFF, 0xDB, 0xCE, 0xFF, 0x9A, 0xC6, 0xFF, 0x5A, 0xBE,
  0xFF, 0x59, 0xBE, 0xFF, 0x9A, 0xC6, 0xFF, 0xD8, 0xAD, 0xFF, 0x8E, 0x6B, 0xFF, 0x3C, 0xE7, 0xFF,
  0xFF, 0xFF, 0xFF, 0x9D, 0xF7, 0xFF, 0x9D, 0xF7, 0xFF, 0xFF, 0xFF, 0xFF, 0xBE, 0xFF, 0xFF, 0x45,
  0x29, 0xFF, 0x87, 0x29, 0xFF, 0xD0, 0x73, 0xFF, 0x2E, 0x5B, 0xFF, 0x2E, 0x5B, 0xFF, 0x2E, 0x5B,
  0xFF, 0x2E, 0x5B, 0xFF, 0x2E, 0x5B, 0xFF, 0x2E, 0x5B, 0xFF, 0x2E, 0x5B, 0xFF, 0x2E, 0x5B, 0xFF,
  0x2E, 0x5B, 0xFF, 0x2E, 0x5B, 0xFF, 0x2E, 0x5B, 0xFF, 0x2E, 0x5B, 0xFF, 0x2E, 0x5B, 0xFF, 0x2E,
  0x5B, 0xFF, 0x2E, 0x5B, 0xFF, 0x2E, 0x5B, 0xFF, 0x2E, 0x5B, 0xFF, 0x2E, 0x5B, 0xFF, 0x2E, 0x5B,
  0xFF, 0x2E, 0x5B, 0xFF, 0x2E, 0x5B, 0xFF, 0x2E, 0x5B, 0xFF, 0x2E, 0x5B, 0xFF, 0x2E, 0x5B, 0xFF,
  0x2E, 0x5B, 0xFF, 0x2E, 0x5B, 0xFF, 0x2E, 0x5B, 0xFF, 0x2E, 0x5B, 0xFF, 0x2E, 0x5B, 0xFF, 0x2E,
  0x5B, 0xFF, 0x2E, 0x5B, 0xFF, 0x4E, 0x63, 0xFF, 0x6F, 0x63, 0xFF, 0x66, 0x21, 0xFF, 0x8B, 0x4A,
  0xFF, 0x6F, 0x6B, 0xFF, 0x2E, 0x5B, 0xFF, 0x2E, 0x5B, 0xFF, 0x2E, 0x63, 0xFF, 0x2E, 0x63, 0xFF,
  0x2E, 0x63, 0xFF, 0x2E, 0x63, 0xFF, 0x2E, 0x63, 0xFF, 0x2E, 0x63, 0xFF, 0x2E, 0x63, 0xFF, 0x2E,
  0x63, 0xFF, 0x2E, 0x63, 0xFF, 0x2E, 0x63, 0xFF, 0x2E, 0x63, 0xFF, 0x4E, 0x63, 0xFF, 0x2E, 0x63,
  0xFF, 0x2E, 0x63, 0xFF, 0x2E, 0x5B, 0xFF, 0x2E, 0x63, 0xFF, 0x2E, 0x5B, 0xFF, 0x2E, 0x5B, 0xFF,
  0x2E, 0x5B, 0xFF, 0x2E, 0x5B, 0xFF, 0x2E, 0x5B, 0xFF, 0x2E, 0x5B, 0xFF, 0x2E, 0x5B, 0xFF, 0x2E,
  0x5B, 0xFF, 0x2E, 0x5B, 0xFF, 0x2E, 0x5B, 0xFF, 0x2E, 0x5B, 0xFF, 0x2E, 0x5B, 0xFF, 0x2E, 0x5B,
  0xFF, 0x2E, 0x5B, 0xFF, 0x2E, 0x5B, 0xFF, 0x2E, 0x5B, 0xFF, 0x2E, 0x5B, 0xFF, 0x2E, 0x5B, 0xFF,
  0x2E, 0x5B, 0xFF, 0x2E, 0x5B, 0xFF, 0x2E, 0x5B, 0xFF, 0x2E, 0x5B, 0xFF, 0x2E, 0x5B, 0xFF, 0x2E,
  0x5B, 0xFF, 0x2E, 0x5B, 0xFF, 0x2E, 0x5B, 0xFF, 0x2E, 0x5B, 0xFF, 0x2E, 0x5B, 0xFF, 0x2E, 0x5B,
  0xFF, 0x2E, 0x5B, 0xFF, 0x2E, 0x5B, 0xFF, 0x2E, 0x5B, 0xFF, 0x2E, 0x5B, 0xFF, 0x2E, 0x5B, 0xFF,
  0x2D, 0x5B, 0xFF, 0x8F, 0x6B, 0xFF, 0x46, 0x21, 0xFF, 0x6B, 0x4A, 0xFF, 0x8F, 0x6B, 0xFF, 0x0D,
  0x5B, 0xFF, 0x4E, 0x63, 0xFF, 0x6E, 0x63, 0xFF, 0x65, 0x29, 0xFF, 0xAB, 0x4A, 0xFF, 0x6F, 0x63,
  0xFF, 0x2E, 0x5B, 0xFF, 0x2E, 0x5B, 0xFF, 0x2E, 0x5B, 0xFF, 0x2E, 0x5B, 0xFF, 0x2E, 0x5B, 0xFF,
  0x2E, 0x5B, 0xFF, 0x2E, 0x5B, 0xFF, 0x2E, 0x5B, 0xFF, 0x2E, 0x5B, 0xFF, 0x2E, 0x5B, 0xFF, 0x2E,
  0x5B, 0xFF, 0x2E, 0x5B, 0xFF, 0x2E, 0x5B, 0xFF, 0x2E, 0x5B, 0xFF, 0x2E, 0x5B, 0xFF, 0x2E, 0x5B,
  0xFF, 0x2E, 0x5B, 0xFF, 0x2E, 0x5B, 0xFF, 0x2E, 0x5B, 0xFF, 0x2E, 0x5B, 0xFF, 0x2E, 0x5B, 0xFF,
  0x2E, 0x5B, 0xFF, 0x2E, 0x5B, 0xFF, 0x2E, 0x5B, 0xFF, 0x2E, 0x5B, 0xFF, 0x2E, 0x5B, 0xFF, 0x2E,
  0x5B, 0xFF, 0x2E, 0x5B, 0xFF, 0x2E, 0x5B, 0xFF, 0x2E, 0x5B, 0xFF, 0x2E, 0x5B, 0xFF, 0x2E, 0x5B,
  0xFF, 0x2E, 0x5B, 0xFF, 0x2E, 0x5B, 0xFF, 0x2E, 0x5B, 0xFF, 0x2E, 0x5B, 0xFF, 0x2E, 0x5B, 0xFF,
  0x2E, 0x5B, 0xFF, 0x2E, 0x5B, 0xFF, 0x2E, 0x5B, 0xFF, 0x2E, 0x5B, 0xFF, 0x2E, 0x5B, 0xFF, 0x2E,
  0x5B, 0xFF, 0x2E, 0x5B, 0xFF, 0x2D, 0x5B, 0xFF, 0x2E, 0x5B, 0xFF, 0x2E, 0x5B, 0xFF, 0x2D, 0x5B,
  0xFF, 0x2D, 0x5B, 0xFF, 0x2E, 0x5B, 0xFF, 0x2E, 0x5B, 0xFF, 0x2E, 0x5B, 0xFF, 0x2E, 0x5B, 0xFF,
  0x2D, 0x5B, 0xFF, 0x2D, 0x5B, 0xFF, 0x2E, 0x5B, 0xFF, 0x2E, 0x5B, 0xFF, 0x2E, 0x5B, 0xFF, 0x2D,
  0x5B, 0xFF, 0x2D, 0x5B, 0xFF, 0x2D, 0x5B, 0xFF, 0x2D, 0x5B, 0xFF, 0x2D, 0x5B, 0xFF, 0x2D, 0x5B,
  0xFF, 0x8F, 0x6B, 0xFF, 0xC8, 0x31, 0xFF, 0xC7, 0x31, 0xFF, 0x6E, 0x63, 0xFF, 0x0D, 0x5B, 0xFF,
  0x0D, 0x5B, 0xFF, 0x0D, 0x5B, 0xFF, 0x0D, 0x5B, 0xFF, 0x0D, 0x5B, 0xFF, 0x0D, 0x5B, 0xFF, 0x0D,
  0x5B, 0xFF, 0x0D, 0x5B, 0xFF, 0x0D, 0x5B, 0xFF, 0x0D, 0x5B, 0xFF, 0x0D, 0x5B, 0xFF, 0x0D, 0x5B,
  0xFF, 0x0D, 0x5B, 0xFF, 0x0D, 0x5B, 0xFF, 0x0D, 0x5B, 0xFF, 0x0D, 0x5B, 0xFF, 0x0D, 0x5B, 0xFF,
  0x0D, 0x5B, 0xFF, 0x0D, 0x5B, 0xFF, 0x0D, 0x5B, 0xFF, 0x0D, 0x5B, 0xFF, 0x0D, 0x5B, 0xFF, 0x0D,
  0x5B, 0xFF, 0x0D, 0x5B, 0xFF, 0x0D, 0x5B, 0xFF, 0x0D, 0x5B, 0xFF, 0x0D, 0x5B, 0xFF, 0x0D, 0x5B,
  0xFF, 0x0D, 0x5B, 0xFF, 0x0D, 0x5B, 0xFF, 0x0D, 0x5B, 0xFF, 0x0D, 0x5B, 0xFF, 0x0D, 0x5B, 0xFF,
  0x0D, 0x5B, 0xFF, 0x0D, 0x5B, 0xFF, 0x0D, 0x5B, 0xFF, 0x0D, 0x5B, 0xFF, 0x0D, 0x5B, 0xFF, 0x0D,
  0x5B, 0xFF, 0x0D, 0x5B, 0xFF, 0x0D, 0x5B, 0xFF, 0x0D, 0x5B, 0xFF, 0x0D, 0x5B, 0xFF, 0x0D, 0x5B,
  0xFF, 0x0D, 0x5B, 0xFF, 0x0D, 0x5B, 0xFF, 0x2D, 0x5B, 0xFF, 0x2D, 0x5B, 0xFF, 0x0D, 0x5B, 0xFF,
  0x0D, 0x5B, 0xFF, 0x0D, 0x5B, 0xFF, 0x0D, 0x5B, 0xFF, 0x0D, 0x5B, 0xFF, 0x0D, 0x5B, 0xFF, 0x0D,
  0x5B, 0xFF, 0x0D, 0x5B, 0xFF, 0x0D, 0x5B, 0xFF, 0x0D, 0x5B, 0xFF, 0x0D, 0x5B, 0xFF, 0x0D, 0x5B,
  0xFF, 0x0D, 0x5B, 0xFF, 0x0D, 0x5B, 0xFF, 0x0D, 0x5B, 0xFF, 0x0D, 0x5B, 0xFF, 0x0D, 0x5B, 0xFF,
  0x0D, 0x5B, 0xFF, 0x0D, 0x5B, 0xFF, 0x0D, 0x5B, 0xFF, 0x0D, 0x5B, 0xFF, 0x0D, 0x5B, 0xFF, 0x0D,
  0x5B, 0xFF, 0x8F, 0x63, 0xFF, 0x09, 0x3A, 0xFF, 0xE8, 0x31, 0xFF, 0x4E, 0x63, 0xFF, 0xED, 0x52,
  0xFF, 0xED, 0x52, 0xFF, 0x0D, 0x5B, 0xFF, 0x6F, 0x63, 0xFF, 0x04, 0x19, 0xFF, 0x20, 0x08, 0x76,
  0xA3, 0x18, 0x00, 0xA2, 0x10, 0x00, 0xA2, 0x10, 0x00, 0xA2, 0x10, 0x00, 0xDB, 0xDE, 0x00, 0xDB,
  0xDE, 0x00, 0xDB, 0xDE, 0x00, 0xDB, 0xDE, 0x00, 0xDB, 0xDE, 0x00, 0x9E, 0xF7, 0x00, 0xC7, 0x39,
  0xA4, 0xAB, 0x4A, 0xFF, 0xBF, 0xEF, 0xFF, 0x1C, 0xD7, 0xFF, 0xDB, 0xCE, 0xFF, 0xDB, 0xCE, 0xFF,
  0x3D, 0xDF, 0xFF, 0xD8, 0xAD, 0xFF, 0x10, 0x7C, 0xFF, 0xBE, 0xFF, 0xFF, 0xBE, 0xF7, 0xFF, 0x5D,
  0xEF, 0xFF, 0x5D, 0xEF, 0xFF, 0xBE, 0xFF, 0xFF, 0x3C, 0xEF, 0xFF, 0xE4, 0x18, 0xFF, 0xA8, 0x29,
  0xFF, 0xD0, 0x6B, 0xFF, 0x2E, 0x5B, 0xFF, 0x2E, 0x5B, 0xFF, 0x2E, 0x5B, 0xFF, 0x2E, 0x5B, 0xFF,
  0x2E, 0x5B, 0xFF, 0x2E, 0x5B, 0xFF, 0x2E, 0x5B, 0xFF, 0x2E, 0x5B, 0xFF, 0x2E, 0x5B, 0xFF, 0x2E,
  0x5B, 0xFF, 0x2E, 0x5B, 0xFF, 0x2E, 0x5B, 0xFF, 0x2E, 0x5B, 0xFF, 0x2E, 0x5B, 0xFF, 0x2E, 0x5B,
  0xFF, 0x2E, 0x5B, 0xFF, 0x2E, 0x5B, 0xFF, 0x2E, 0x5B, 0xFF, 0x2E, 0x5B, 0xFF, 0x2E, 0x5B, 0xFF,
  0x2E, 0x5B, 0xFF, 0x2E, 0x5B, 0xFF, 0x2E, 0x5B, 0xFF, 0x2E, 0x5B, 0xFF, 0x2E, 0x5B, 0xFF, 0x2E,
  0x5B, 0xFF, 0x2E, 0x5B, 0xFF, 0x2E, 0x5B, 0xFF, 0x2E, 0x5B, 0xFF, 0x2E, 0x5B, 0xFF, 0x2E, 0x5B,
  0xFF, 0x4E, 0x63, 0xFF, 0x8F, 0x6B, 0xFF, 0x66, 0x21, 0xFF, 0x6A, 0x42, 0xFF, 0x8F, 0x6B, 0xFF,
  0x2E, 0x63, 0xFF, 0x2E, 0x63, 0xFF, 0x2E, 0x63, 0xFF, 0x2E, 0x5B, 0xFF, 0x4E, 0x63, 0xFF, 0x4E,
  0x63, 0xFF, 0x2E, 0x63, 0xFF, 0x4E, 0x63, 0xFF, 0x4E, 0x63, 0xFF, 0x4E, 0x63, 0xFF, 0x4E, 0x63,
  0xFF, 0x4E, 0x63, 0xFF, 0x4E, 0x63, 0xFF, 0x4E, 0x63, 0xFF, 0x4E, 0x63, 0xFF, 0x4E, 0x63, 0xFF,
  0x4E, 0x63, 0xFF, 0x4E, 0x63, 0xFF, 0x4E, 0x63, 0xFF, 0x4E, 0x63, 0xFF, 0x2E, 0x63, 0xFF, 0x2E,
  0x5B, 0xFF, 0x2E, 0x5B, 0xFF, 0x2E, 0x63, 0xFF, 0x2E, 0x63, 0xFF, 0x2E, 0x5B, 0xFF, 0x2E, 0x5B,
  0xFF, 0x2E, 0x63, 0xFF, 0x2E, 0x63, 0xFF, 0x2E, 0x63, 0xFF, 0x2E, 0x5B, 0xFF, 0x2E, 0x5B, 0xFF,
  0x2E, 0x5B, 0xFF, 0x2E, 0x5B, 0xFF, 0x2E, 0x5B, 0xFF, 0x2E, 0x5B, 0xFF, 0x2E, 0x5B, 0xFF, 0x2E,
  0x5B, 0xFF, 0x2E, 0x5B, 0xFF, 0x2E, 0x5B, 0xFF, 0x2E, 0x5B, 0xFF, 0x2E, 0x5B, 0xFF, 0x2E, 0x5B,
  0xFF, 0x2E, 0x5B, 0xFF, 0x2E, 0x5B, 0xFF, 0x2E, 0x5B, 0xFF, 0x2E, 0x5B, 0xFF, 0x2E, 0x5B, 0xFF,
  0x2E, 0x5B, 0xFF, 0x2E, 0x5B, 0xFF, 0x2E, 0x5B, 0xFF, 0x2E, 0x5B, 0xFF, 0x8F, 0x6B, 0xFF, 0xCC,
  0x52, 0xFF, 0x25, 0x21, 0xFF, 0x4E, 0x63, 0xFF, 0x2D, 0x5B, 0xFF, 0x2D, 0x5B, 0xFF, 0x4E, 0x63,
  0xFF, 0x6E, 0x63, 0xFF, 0x66, 0x29, 0xFF, 0xAB, 0x4A, 0xFF, 0x6F, 0x63, 0xFF, 0x2E, 0x5B, 0xFF,
  0x2E, 0x5B, 0xFF, 0x2E, 0x5B, 0xFF, 0x2E, 0x5B, 0xFF, 0x2E, 0x5B, 0xFF, 0x2E, 0x5B, 0xFF, 0x2E,
  0x5B, 0xFF, 0x2E, 0x5B, 0xFF, 0x2E, 0x5B, 0xFF, 0x2E, 0x5B, 0xFF, 0x2E, 0x5B, 0xFF, 0x2E, 0x5B,
  0xFF, 0x2E, 0x5B, 0xFF, 0x2E, 0x5B, 0xFF, 0x2E, 0x5B, 0xFF, 0x2E, 0x5B, 0xFF, 0x2E, 0x5B, 0xFF,
  0x2E, 0x5B, 0xFF, 0x2E, 0x5B, 0xFF, 0x2E, 0x5B, 0xFF, 0x2E, 0x5B, 0xFF, 0x2E, 0x5B, 0xFF, 0x2E,
  0x5B, 0xFF, 0x2E, 0x5B, 0xFF, 0x2E, 0x5B, 0xFF, 0x2E, 0x5B, 0xFF, 0x2E, 0x5B, 0xFF, 0x2E, 0x5B,
  0xFF, 0x2E, 0x5B, 0xFF, 0x2E, 0x5B, 0xFF, 0x2E, 0x5B, 0xFF, 0x2E, 0x5B, 0xFF, 0x2E, 0x5B, 0xFF,
  0x2E, 0x5B, 0xFF, 0x2E, 0x5B, 0xFF, 0x2E, 0x5B, 0xFF, 0x2E, 0x5B, 0xFF, 0x2E, 0x5B, 0xFF, 0x2E,
  0x5B, 0xFF, 0x2E, 0x5B, 0xFF, 0x2E, 0x5B, 0xFF, 0x2E, 0x5B, 0xFF, 0x2E, 0x5B, 0xFF, 0x2E, 0x5B,
  0xFF, 0x2E, 0x5B, 0xFF, 0x2E, 0x5B, 0xFF, 0x2E, 0x5B, 0xFF, 0x2E, 0x5B, 0xFF, 0x2E, 0x5B, 0xFF,
  0x2E, 0x5B, 0xFF, 0x2E, 0x5B, 0xFF, 0x2E, 0x5B, 0xFF, 0x2E, 0x5B, 0xFF, 0x2E, 0x5B, 0xFF, 0x2E,
  0x5B, 0xFF, 0x2E, 0x5B, 0xFF, 0x2E, 0x5B, 0xFF, 0x2E, 0x5B, 0xFF, 0x2E, 0x5B, 0xFF, 0x2E, 0x5B,
  0xFF, 0x2E, 0x5B, 0xFF, 0x2E, 0x5B, 0xFF, 0x2E, 0x5B, 0xFF, 0x2D, 0x5B, 0xFF, 0xB0, 0x6B, 0xFF,
  0xE8, 0x31, 0xFF, 0xC8, 0x31, 0xFF, 0x6F, 0x63, 0xFF, 0x2D, 0x5B, 0xFF, 0x2D, 0x5B, 0xFF, 0x2D,
  0x5B, 0xFF, 0x2D, 0x5B, 0xFF, 0x2D, 0x5B, 0xFF, 0x2D, 0x5B, 0xFF, 0x2D, 0x5B, 0xFF, 0x2D, 0x5B,
  0xFF, 0x2D, 0x5B, 0xFF, 0x2D, 0x5B, 0xFF, 0x2D, 0x5B, 0xFF, 0x2D, 0x5B, 0xFF, 0x2D, 0x5B, 0xFF,
  0x2D, 0x5B, 0xFF, 0x2D, 0x5B, 0xFF, 0x2D, 0x5B, 0xFF, 0x2D, 0x5B, 0xFF, 0x2D, 0x5B, 0xFF, 0x2D,
  0x5B, 0xFF, 0x2D, 0x5B, 0xFF, 0x2D, 0x5B, 0xFF, 0x2D, 0x5B, 0xFF, 0x2D, 0x5B, 0xFF, 0x2D, 0x5B,
  0xFF, 0x2D, 0x5B, 0xFF, 0x2D, 0x5B, 0xFF, 0x2D, 0x5B, 0xFF, 0x2D, 0x5B, 0xFF, 0x2D, 0x5B, 0xFF,
  0x2D, 0x5B, 0xFF, 0x0D, 0x5B, 0xFF, 0x0D, 0x5B, 0xFF, 0x2D, 0x5B, 0xFF, 0x2D, 0x5B, 0xFF, 0x2D,
  0x5B, 0xFF, 0x2D, 0x5B, 0xFF, 0x2D, 0x5B, 0xFF, 0x2D, 0x5B, 0xFF, 0x2D, 0x5B, 0xFF, 0x2D, 0x5B,
  0xFF, 0x2D, 0x5B, 0xFF, 0x2D, 0x5B, 0xFF, 0x2D, 0x5B, 0xFF, 0x2D, 0x5B, 0xFF, 0x2D, 0x5B, 0xFF,
  0x2D, 0x5B, 0xFF, 0x2D, 0x5B, 0xFF, 0x2D, 0x5B, 0xFF, 0x2D, 0x5B, 0xFF, 0x2D, 0x5B, 0xFF, 0x2D,
  0x5B, 0xFF, 0x2D, 0x5B, 0xFF, 0x2D, 0x5B, 0xFF, 0x2D, 0x5B, 0xFF, 0x2D, 0x5B, 0xFF, 0x2D, 0x5B,
  0xFF, 0x2D, 0x5B, 0xFF, 0x2D, 0x5B, 0xFF, 0x2D, 0x5B, 0xFF, 0x2D, 0x5B, 0xFF, 0x2D, 0x5B, 0xFF,
  0x2D, 0x5B, 0xFF, 0x2D, 0x5B, 0xFF, 0x2D, 0x5B, 0xFF, 0x2D, 0x5B, 0xFF, 0x2D, 0x5B, 0xFF, 0x2D,
  0x5B, 0xFF, 0x0D, 0x5B, 0xFF, 0x0D, 0x5B, 0xFF, 0x0D, 0x5B, 0xFF, 0x0D, 0x5B, 0xFF, 0x8F, 0x6B,
  0xFF, 0x09, 0x3A, 0xFF, 0xE8, 0x31, 0xFF, 0x4E, 0x63, 0xFF, 0xEC, 0x52, 0xFF, 0xED, 0x52, 0xFF,
  0x0D, 0x5B, 0xFF, 0x6F, 0x63, 0xFF, 0x25, 0x19, 0xFF, 0x20, 0x08, 0x87, 0xA2, 0x18, 0x00, 0xA2,
  0x18, 0x00, 0xA2, 0x18, 0x00, 0xA2, 0x18, 0x00, 0xEB, 0x5A, 0x00, 0xEB, 0x5A, 0x00, 0xEB, 0x5A,
  0x00, 0xEB, 0x5A, 0x00, 0xEB, 0x5A, 0x00, 0x2C, 0x63, 0x00, 0xC3, 0x18, 0xC7, 0x31, 0x74, 0xFF,
  0x3D, 0xDF, 0xFF, 0x7A, 0xC6, 0xFF, 0x7A, 0xC6, 0xFF, 0x5A, 0xC6, 0xFF, 0xFC, 0xD6, 0xFF, 0x14,
  0x95, 0xFF, 0x10, 0x7C, 0xFF, 0xBE, 0xF7, 0xFF, 0x5D, 0xEF, 0xFF, 0x3C, 0xE7, 0xFF, 0x1C, 0xE7,
  0xFF, 0x9E, 0xF7, 0xFF, 0x3C, 0xE7, 0xFF, 0xC3, 0x18, 0xFF, 0x87, 0x29, 0xFF, 0xD0, 0x6B, 0xFF,
  0x2E, 0x5B, 0xFF, 0x2E, 0x5B, 0xFF, 0x2E, 0x5B, 0xFF, 0x2E, 0x5B, 0xFF, 0x2E, 0x5B, 0xFF, 0x2E,
  0x5B, 0xFF, 0x2E, 0x5B, 0xFF, 0x2E, 0x5B, 0xFF, 0x2E, 0x5B, 0xFF, 0x2E, 0x5B, 0xFF, 0x2E, 0x5B,
  0xFF, 0x2E, 0x5B, 0xFF, 0x2E, 0x5B, 0xFF, 0x2E, 0x5B, 0xFF, 0x2E, 0x5B, 0xFF, 0x2E, 0x5B, 0xFF,
  0x2E, 0x5B, 0xFF, 0x2E, 0x5B, 0xFF, 0x2E, 0x5B, 0xFF, 0x2E, 0x5B, 0xFF, 0x2E, 0x5B, 0xFF, 0x2E,
  0x5B, 0xFF, 0x2E, 0x5B, 0xFF, 0x2E, 0x5B, 0xFF, 0x2E, 0x5B, 0xFF, 0x2E, 0x5B, 0xFF, 0x2E, 0x5B,
  0xFF, 0x2E, 0x5B, 0xFF, 0x2E, 0x5B, 0xFF, 0x2E, 0x5B, 0xFF, 0x2E, 0x5B, 0xFF, 0x4E, 0x63, 0xFF,
  0x8F, 0x6B, 0xFF, 0x66, 0x29, 0xFF, 0x29, 0x42, 0xFF, 0x8F, 0x6B, 0xFF, 0x2E, 0x5B, 0xFF, 0x2E,
  0x5B, 0xFF, 0x2E, 0x5B, 0xFF, 0x2E, 0x5B, 0xFF, 0x2E, 0x5B, 0xFF, 0x2E, 0x5B, 0xFF, 0x2E, 0x63,
  0xFF, 0x2E, 0x63, 0xFF, 0x4E, 0x63, 0xFF, 0x4E, 0x63, 0xFF, 0x2E, 0x63, 0xFF, 0x2E, 0x63, 0xFF,
  0x4E, 0x63, 0xFF, 0x4E, 0x63, 0xFF, 0x4E, 0x63, 0xFF, 0x4E, 0x63, 0xFF, 0x2E, 0x63, 0xFF, 0x2E,
  0x63, 0xFF, 0x2E, 0x5B, 0xFF, 0x2E, 0x5B, 0xFF, 0x2E, 0x5B, 0xFF, 0x2E, 0x5B, 0xFF, 0x2E, 0x5B,
  0xFF, 0x2E, 0x5B, 0xFF, 0x2E, 0x5B, 0xFF, 0x2E, 0x5B, 0xFF, 0x2E, 0x5B, 0xFF, 0x2E, 0x63, 0xFF,
  0x2E, 0x5B, 0xFF, 0x2E, 0x5B, 0xFF, 0x2E, 0x5B, 0xFF, 0x2E, 0x5B, 0xFF, 0x2E, 0x5B, 0xFF, 0x2E,
  0x5B, 0xFF, 0x2E, 0x5B, 0xFF, 0x2E, 0x5B, 0xFF, 0x2E, 0x5B, 0xFF, 0x2E, 0x5B, 0xFF, 0x2E, 0x5B,
  0xFF, 0x2E, 0x5B, 0xFF, 0x2E, 0x5B, 0xFF, 0x2E, 0x5B, 0xFF, 0x2E, 0x5B, 0xFF, 0x2E, 0x5B, 0xFF,
  0x2E, 0x5B, 0xFF, 0x2E, 0x5B, 0xFF, 0x2E, 0x5B, 0xFF, 0x2E, 0x5B, 0xFF, 0x2E, 0x5B, 0xFF, 0x2E,
  0x5B, 0xFF, 0x2E, 0x5B, 0xFF, 0x2D, 0x5B, 0xFF, 0xD0, 0x6B, 0xFF, 0x29, 0x3A, 0xFF, 0x87, 0x29,
  0xFF, 0x8F, 0x6B, 0xFF, 0x0D, 0x5B, 0xFF, 0x2D, 0x5B, 0xFF, 0x4E, 0x63, 0xFF, 0x6E, 0x63, 0xFF,
  0x65, 0x29, 0xFF, 0xAB, 0x4A, 0xFF, 0x6F, 0x63, 0xFF, 0x2E, 0x5B, 0xFF, 0x2E, 0x5B, 0xFF, 0x2E,
  0x5B, 0xFF, 0x2E, 0x5B, 0xFF, 0x2E, 0x5B, 0xFF, 0x2E, 0x5B, 0xFF, 0x2E, 0x5B, 0xFF, 0x2E, 0x5B,
  0xFF, 0x2E, 0x5B, 0xFF, 0x2E, 0x5B, 0xFF, 0x2E, 0x5B, 0xFF, 0x2E, 0x5B, 0xFF, 0x2E, 0x5B, 0xFF,
  0x2E, 0x5B, 0xFF, 0x2E, 0x5B, 0xFF, 0x2E, 0x5B, 0xFF, 0x2E, 0x5B, 0xFF, 0x2E, 0x5B, 0xFF, 0x2E,
  0x5B, 0xFF, 0x2E, 0x5B, 0xFF, 0x2E, 0x5B, 0xFF, 0x2E, 0x5B, 0xFF, 0x2E, 0x5B, 0xFF, 0x2E, 0x5B,
  0xFF, 0x2E, 0x5B, 0xFF, 0x2E, 0x5B, 0xFF, 0x2E, 0x5B, 0xFF, 0x2E, 0x5B, 0xFF, 0x2E, 0x5B, 0xFF,
  0x2E, 0x5B, 0xFF, 0x2E, 0x5B, 0xFF, 0x2E, 0x5B, 0xFF, 0x2E, 0x5B, 0xFF, 0x2E, 0x5B, 0xFF, 0x2E,
  0x5B, 0xFF, 0x2E, 0x5B, 0xFF, 0x2E, 0x5B, 0xFF, 0x2E, 0x5B, 0xFF, 0x2E, 0x5B, 0xFF, 0x2E, 0x5B,
  0xFF, 0x2E, 0x5B, 0xFF, 0x2E, 0x5B, 0xFF, 0x2E, 0x5B, 0xFF, 0x2E, 0x5B, 0xFF, 0x2E, 0x5B, 0xFF,
  0x2E, 0x5B, 0xFF, 0x2E, 0x5B, 0xFF, 0x2E, 0x5B, 0xFF, 0x2E, 0x5B, 0xFF, 0x2E, 0x5B, 0xFF, 0x2E,
  0x5B, 0xFF, 0x2E, 0x5B, 0xFF, 0x2E, 0x5B, 0xFF, 0x2E, 0x5B, 0xFF, 0x2E, 0x5B, 0xFF, 0x2E, 0x5B,
  0xFF, 0x2E, 0x5B, 0xFF, 0x2E, 0x5B, 0xFF, 0x2E, 0x5B, 0xFF, 0x2E, 0x5B, 0xFF, 0x2E, 0x5B, 0xFF,
  0x2E, 0x5B, 0xFF, 0x2E, 0x5B, 0xFF, 0x2E, 0x5B, 0xFF, 0xB0, 0x6B, 0xFF, 0xE8, 0x31, 0xFF, 0xC8,
  0x31, 0xFF, 0x6F, 0x63, 0xFF, 0x0D, 0x5B, 0xFF, 0x2D, 0x5B, 0xFF, 0x2D, 0x5B, 0xFF, 0x2D, 0x5B,
  0xFF, 0x2D, 0x5B, 0xFF, 0x2D, 0x5B, 0xFF, 0x2D, 0x5B, 0xFF, 0x2D, 0x5B, 0xFF, 0x2D, 0x5B, 0xFF,
  0x2D, 0x5B, 0xFF, 0x2D, 0x5B, 0xFF, 0x2D, 0x5B, 0xFF, 0x2D, 0x5B, 0xFF, 0x2D, 0x5B, 0xFF, 0x2D,
  0x5B, 0xFF, 0x2D, 0x5B, 0xFF, 0x2D, 0x5B, 0xFF, 0x2D, 0x5B, 0xFF, 0x2D, 0x5B, 0xFF, 0x2D, 0x5B,
  0xFF, 0x2D, 0x5B, 0xFF, 0x2D, 0x5B, 0xFF, 0x2D, 0x5B, 0xFF, 0x2D, 0x5B, 0xFF, 0x2D, 0x5B, 0xFF,
  0x2D, 0x5B, 0xFF, 0x2D, 0x5B, 0xFF, 0x2D, 0x5B, 0xFF, 0x2D, 0x5B, 0xFF, 0x2D, 0x5B, 0xFF, 0x2D,
  0x5B, 0xFF, 0x2D, 0x5B, 0xFF, 0x2D, 0x5B, 0xFF, 0x2D, 0x5B, 0xFF, 0x2D, 0x5B, 0xFF, 0x2D, 0x5B,
  0xFF, 0x2D, 0x5B, 0xFF, 0x2D, 0x5B, 0xFF, 0x2D, 0x5B, 0xFF, 0x2D, 0x5B, 0xFF, 0x2D, 0x5B, 0xFF,
  0x2D, 0x5B, 0xFF, 0x2D, 0x5B, 0xFF, 0x2D, 0x5B, 0xFF, 0x2D, 0x5B, 0xFF, 0x2D, 0x5B, 0xFF, 0x2D,
  0x5B, 0xFF, 0x2D, 0x5B, 0xFF, 0x2D, 0x5B, 0xFF, 0x2D, 0x5B, 0xFF, 0x2D, 0x5B, 0xFF, 0x2D, 0x5B,
  0xFF, 0x2D, 0x5B, 0xFF, 0x2D, 0x5B, 0xFF, 0x2D, 0x5B, 0xFF, 0x2D, 0x5B, 0xFF, 0x2D, 0x5B, 0xFF,
  0x2D, 0x5B, 0xFF, 0x2D, 0x5B, 0xFF, 0x2D, 0x5B, 0xFF, 0x2D, 0x5B, 0xFF, 0x2D, 0x5B, 0xFF, 0x2D,
  0x5B, 0xFF, 0x2D, 0x5B, 0xFF, 0x2D, 0x5B, 0xFF, 0x2D, 0x5B, 0xFF, 0x2D, 0x5B, 0xFF, 0x0D, 0x5B,
  0xFF, 0x0D, 0x5B, 0xFF, 0x0D, 0x5B, 0xFF, 0x0D, 0x5B, 0xFF, 0x8F, 0x6B, 0xFF, 0x09, 0x3A, 0xFF,
  0xC8, 0x31, 0xFF, 0x4E, 0x63, 0xFF, 0xEC, 0x52, 0xFF, 0xED, 0x52, 0xFF, 0xED, 0x52, 0xFF, 0x6F,
  0x63, 0xFF, 0x25, 0x21, 0xFF, 0x03, 0x21, 0x98, 0xC7, 0x39, 0x00, 0xA6, 0x39, 0x00, 0xA6, 0x39,
  0x00, 0xA6, 0x39, 0x00, 0x28, 0x42, 0x00, 0x28, 0x42, 0x00, 0x28, 0x42, 0x00, 0x28, 0x42, 0x00,
  0x08, 0x42, 0x00, 0x69, 0x52, 0x19, 0xE3, 0x18, 0xE3, 0xD4, 0x8C, 0xFF, 0xFC, 0xD6, 0xFF, 0x7A,
  0xC6, 0xFF, 0x7A, 0xC6, 0xFF, 0x59, 0xBE, 0xFF, 0xFC, 0xD6, 0xFF, 0x93, 0x84, 0xFF, 0x51, 0x84,
  0xFF, 0xDE, 0xFF, 0xFF, 0x3C, 0xE7, 0xFF, 0x1C, 0xE7, 0xFF, 0x1C, 0xE7, 0xFF, 0x9E, 0xF7, 0xFF,
  0x1B, 0xE7, 0xFF, 0xA2, 0x10, 0xFF, 0xA8, 0x31, 0xFF, 0xB0, 0x6B, 0xFF, 0x2D, 0x5B, 0xFF, 0x2E,
  0x5B, 0xFF, 0x2E, 0x5B, 0xFF, 0x2E, 0x5B, 0xFF, 0x2E, 0x5B, 0xFF, 0x2E, 0x5B, 0xFF, 0x2E, 0x5B,
  0xFF, 0x2E, 0x5B, 0xFF, 0x2E, 0x5B, 0xFF, 0x2E, 0x5B, 0xFF, 0x2E, 0x5B, 0xFF, 0x2E, 0x5B, 0xFF,
  0x2E, 0x5B, 0xFF, 0x2E, 0x5B, 0xFF, 0x2E, 0x5B, 0xFF, 0x2E, 0x5B, 0xFF, 0x2E, 0x5B, 0xFF, 0x2E,
  0x5B, 0xFF, 0x2E, 0x5B, 0xFF, 0x2E, 0x5B, 0xFF, 0x2E, 0x5B, 0xFF, 0x2E, 0x5B, 0xFF, 0x2E, 0x5B,
  0xFF, 0x2E, 0x5B, 0xFF, 0x2E, 0x5B, 0xFF, 0x2E, 0x5B, 0xFF, 0x2E, 0x5B, 0xFF, 0x2E, 0x5B, 0xFF,
  0x2E, 0x5B, 0xFF, 0x2E, 0x5B, 0xFF, 0x2E, 0x5B, 0xFF, 0x2E, 0x5B, 0xFF, 0x8F, 0x6B, 0xFF, 0x86,
  0x29, 0xFF, 0x29, 0x42, 0xFF, 0x8F, 0x63, 0xFF, 0x2E, 0x5B, 0xFF, 0x2E, 0x5B, 0xFF, 0x2E, 0x5B,
  0xFF, 0x2E, 0x5B, 0xFF, 0x2E, 0x5B, 0xFF, 0x2E, 0x5B, 0xFF, 0x2E, 0x5B, 0xFF, 0x2E, 0x5B, 0xFF,
  0x2E, 0x63, 0xFF, 0x2E, 0x5B, 0xFF, 0x2E, 0x5B, 0xFF, 0x2E, 0x5B, 0xFF, 0x2E, 0x5B, 0xFF, 0x2E,
  0x5B, 0xFF, 0x2E, 0x5B, 0xFF, 0x2E, 0x5B, 0xFF, 0x2E, 0x5B, 0xFF, 0x2E, 0x5B, 0xFF, 0x2E, 0x5B,
  0xFF, 0x2E, 0x5B, 0xFF, 0x2E, 0x5B, 0xFF, 0x2E, 0x5B, 0xFF, 0x2E, 0x5B, 0xFF, 0x2E, 0x5B, 0xFF,
  0x2E, 0x5B, 0xFF, 0x2E, 0x5B, 0xFF, 0x2E, 0x5B, 0xFF, 0x2E, 0x5B, 0xFF, 0x2E, 0x5B, 0xFF, 0x2E,
  0x5B, 0xFF, 0x2E, 0x5B, 0xFF, 0x2E, 0x5B, 0xFF, 0x2E, 0x5B, 0xFF, 0x2E, 0x5B, 0xFF, 0x2E, 0x5B,
  0xFF, 0x2E, 0x5B, 0xFF, 0x2E, 0x5B, 0xFF, 0x2E, 0x5B, 0xFF, 0x2E, 0x5B, 0xFF, 0x2E, 0x5B, 0xFF,
  0x2E, 0x5B, 0xFF, 0x2E, 0x5B, 0xFF, 0x2E, 0x5B, 0xFF, 0x2E, 0x5B, 0xFF, 0x2E, 0x5B, 0xFF, 0x2E,
  0x5B, 0xFF, 0x2E, 0x5B, 0xFF, 0x2E, 0x5B, 0xFF, 0x2E, 0x5B, 0xFF, 0x2E, 0x5B, 0xFF, 0x2E, 0x5B,
  0xFF, 0x6E, 0x63, 0xFF, 0x8F, 0x6B, 0xFF, 0x45, 0x21, 0xFF, 0xAB, 0x4A, 0xFF, 0x6E, 0x63, 0xFF,
  0x2D, 0x5B, 0xFF, 0x2D, 0x5B, 0xFF, 0x4E, 0x63, 0xFF, 0x6E, 0x63, 0xFF, 0x66, 0x29, 0xFF, 0xAB,
  0x4A, 0xFF, 0x6F, 0x63, 0xFF, 0x2E, 0x5B, 0xFF, 0x2E, 0x5B, 0xFF, 0x2E, 0x5B, 0xFF, 0x2E, 0x5B,
  0xFF, 0x2E, 0x5B, 0xFF, 0x2E, 0x5B, 0xFF, 0x2E, 0x5B, 0xFF, 0x2E, 0x5B, 0xFF, 0x2E, 0x5B, 0xFF,
  0x2E, 0x5B, 0xFF, 0x2E, 0x5B, 0xFF, 0x2E, 0x5B, 0xFF, 0x2E, 0x5B, 0xFF, 0x2E, 0x5B, 0xFF, 0x2E,
  0x5B, 0xFF, 0x2E, 0x5B, 0xFF, 0x2E, 0x5B, 0xFF, 0x2E, 0x5B, 0xFF, 0x2E, 0x5B, 0xFF, 0x2E, 0x5B,
  0xFF, 0x2E, 0x5B, 0xFF, 0x2E, 0x5B, 0xFF, 0x2E, 0x5B, 0xFF, 0x2E, 0x5B, 0xFF, 0x2E, 0x5B, 0xFF,
  0x2E, 0x5B, 0xFF, 0x2E, 0x5B, 0xFF, 0x2E, 0x5B, 0xFF, 0x2E, 0x5B, 0xFF, 0x2E, 0x5B, 0xFF, 0x2E,
  0x5B, 0xFF, 0x2E, 0x5B, 0xFF, 0x2E, 0x5B, 0xFF, 0x2E, 0x5B, 0xFF, 0x2E, 0x5B, 0xFF, 0x2E, 0x5B,
  0xFF, 0x2E, 0x5B, 0xFF, 0x2E, 0x5B, 0xFF, 0x2E, 0x5B, 0xFF, 0x2E, 0x5B, 0xFF, 0x2E, 0x5B, 0xFF,
  0x2E, 0x5B, 0xFF, 0x2E, 0x5B, 0xFF, 0x2E, 0x5B, 0xFF, 0x2E, 0x5B, 0xFF, 0x2E, 0x5B, 0xFF, 0x2E,
  0x5B, 0xFF, 0x2E, 0x5B, 0xFF, 0x2E, 0x5B, 0xFF, 0x2E, 0x5B, 0xFF, 0x2E, 0x5B, 0xFF, 0x2E, 0x5B,
  0xFF, 0x2E, 0x5B, 0xFF, 0x2E, 0x5B, 0xFF, 0x2E, 0x5B, 0xFF, 0x2E, 0x5B, 0xFF, 0x2E, 0x5B, 0xFF,
  0x2E, 0x5B, 0xFF, 0x2E, 0x5B, 0xFF, 0x2E, 0x5B, 0xFF, 0x2E, 0x5B, 0xFF, 0x2E, 0x5B, 0xFF, 0x2E,
  0x5B, 0xFF, 0x2E, 0x5B, 0xFF, 0xB0, 0x6B, 0xFF, 0xC8, 0x31, 0xFF, 0xC8, 0x31, 0xFF, 0x6E, 0x63,
  0xFF, 0x0D, 0x5B, 0xFF, 0x0D, 0x5B, 0xFF, 0x0D, 0x5B, 0xFF, 0x0D, 0x5B, 0xFF, 0x0D, 0x5B, 0xFF,
  0x0D, 0x5B, 0xFF, 0x0D, 0x5B, 0xFF, 0x2D, 0x5B, 0xFF, 0x2D, 0x5B, 0xFF, 0x2D, 0x5B, 0xFF, 0x2D,
  0x5B, 0xFF, 0x2D, 0x5B, 0xFF, 0x2D, 0x5B, 0xFF, 0x2D, 0x5B, 0xFF, 0x2D, 0x5B, 0xFF, 0x2D, 0x5B,
  0xFF, 0x2D, 0x5B, 0xFF, 0x2D, 0x5B, 0xFF, 0x2D, 0x5B, 0xFF, 0x0D, 0x5B, 0xFF, 0x0D, 0x5B, 0xFF,
  0x0D, 0x5B, 0xFF, 0x0D, 0x5B, 0xFF, 0x2D, 0x5B, 0xFF, 0x0D, 0x5B, 0xFF, 0x0D, 0x5B, 0xFF, 0x2D,
  0x5B, 0xFF, 0x2D, 0x5B, 0xFF, 0x2D, 0x5B, 0xFF, 0x2D, 0x5B, 0xFF, 0x0D, 0x5B, 0xFF, 0x2D, 0x5B,
  0xFF, 0x2D, 0x5B, 0xFF, 0x2D, 0x5B, 0xFF, 0x2D, 0x5B, 0xFF, 0x2D, 0x5B, 0xFF, 0x2D, 0x5B, 0xFF,
  0x0D, 0x5B, 0xFF, 0x2D, 0x5B, 0xFF, 0x2D, 0x5B, 0xFF, 0x2D, 0x5B, 0xFF, 0x2D, 0x5B, 0xFF, 0x2D,
  0x5B, 0xFF, 0x0D, 0x5B, 0xFF, 0x2D, 0x5B, 0xFF, 0x2D, 0x5B, 0xFF, 0x2D, 0x5B, 0xFF, 0x2D, 0x5B,
  0xFF, 0x2D, 0x5B, 0xFF, 0x2D, 0x5B, 0xFF, 0x2D, 0x5B, 0xFF, 0x0D, 0x5B, 0xFF, 0x0D, 0x5B, 0xFF,
  0x0D, 0x5B, 0xFF, 0x2D, 0x5B, 0xFF, 0x2D, 0x5B, 0xFF, 0x2D, 0x5B, 0xFF, 0x2D, 0x5B, 0xFF, 0x0D,
  0x5B, 0xFF, 0x2D, 0x5B, 0xFF, 0x2D, 0x5B, 0xFF, 0x2D, 0x5B, 0xFF, 0x2D, 0x5B, 0xFF, 0x2D, 0x5B,
  0xFF, 0x2D, 0x5B, 0xFF, 0x2D, 0x5B, 0xFF, 0x0D, 0x5B, 0xFF, 0x0D, 0x5B, 0xFF, 0x0D, 0x5B, 0xFF,
  0x0D, 0x5B, 0xFF, 0x0D, 0x5B, 0xFF, 0x8F, 0x6B, 0xFF, 0x09, 0x3A, 0xFF, 0xC8, 0x31, 0xFF, 0x4E,
  0x63, 0xFF, 0xEC, 0x52, 0xFF, 0xED, 0x52, 0xFF, 0xEC, 0x52, 0xFF, 0x6F, 0x63, 0xFF, 0x66, 0x29,
  0xFF, 0x61, 0x08, 0x9F, 0xE3, 0x20, 0x00, 0xE3, 0x18, 0x00, 0xE3, 0x18, 0x00, 0xE3, 0x18, 0x00,
  0x69, 0x4A, 0x00, 0x69, 0x4A, 0x00, 0x69, 0x4A, 0x00, 0x69, 0x4A, 0x00, 0x8A, 0x52, 0x00, 0xC7,
  0x39, 0x2D, 0x45, 0x21, 0xF4, 0xDB, 0xC6, 0xFF, 0xFF, 0xF7, 0xFF, 0x5E, 0xDF, 0xFF, 0x7E, 0xDF,
  0xFF, 0x5E, 0xDF, 0xFF, 0xFF, 0xF7, 0xFF, 0xF4, 0x8C, 0xFF, 0x14, 0x9D, 0xFF, 0xFF, 0xFF, 0xFF,
  0xFF, 0xFF, 0xFF, 0xFF, 0xFF, 0xFF, 0xFF, 0xFF, 0xFF, 0xFF, 0xFF, 0xFF, 0xBE, 0xFF, 0xFF, 0xC3,
  0x18, 0xFF, 0xA8, 0x29, 0xFF, 0xB0, 0x6B, 0xFF, 0x2D, 0x5B, 0xFF, 0x2D, 0x5B, 0xFF, 0x2D, 0x5B,
  0xFF, 0x2D, 0x5B, 0xFF, 0x2D, 0x5B, 0xFF, 0x2D, 0x5B, 0xFF, 0x2D, 0x5B, 0xFF, 0x2D, 0x5B, 0xFF,
  0x2D, 0x5B, 0xFF, 0x2D, 0x5B, 0xFF, 0x2D, 0x5B, 0xFF, 0x2E, 0x5B, 0xFF, 0x2E, 0x5B, 0xFF, 0x2E,
  0x5B, 0xFF, 0x2D, 0x5B, 0xFF, 0x2E, 0x5B, 0xFF, 0x2D, 0x5B, 0xFF, 0x2D, 0x5B, 0xFF, 0x2D, 0x5B,
  0xFF, 0x2E, 0x5B, 0xFF, 0x2D, 0x5B, 0xFF, 0x2D, 0x5B, 0xFF, 0x2D, 0x5B, 0xFF, 0x2D, 0x5B, 0xFF,
  0x2D, 0x5B, 0xFF, 0x2D, 0x5B, 0xFF, 0x2D, 0x5B, 0xFF, 0x2D, 0x5B, 0xFF, 0x2D, 0x5B, 0xFF, 0x2D,
  0x5B, 0xFF, 0x2D, 0x5B, 0xFF, 0x2E, 0x5B, 0xFF, 0x8F, 0x63, 0xFF, 0x66, 0x29, 0xFF, 0x29, 0x42,
  0xFF, 0x6F, 0x63, 0xFF, 0x0D, 0x5B, 0xFF, 0x2D, 0x5B, 0xFF, 0x2D, 0x5B, 0xFF, 0x2D, 0x5B, 0xFF,
  0x2E, 0x5B, 0xFF, 0x2E, 0x5B, 0xFF, 0x2E, 0x5B, 0xFF, 0x2E, 0x5B, 0xFF, 0x2E, 0x5B, 0xFF, 0x2E,
  0x5B, 0xFF, 0x2E, 0x5B, 0xFF, 0x2E, 0x5B, 0xFF, 0x2E, 0x5B, 0xFF, 0x2E, 0x5B, 0xFF, 0x2E, 0x5B,
  0xFF, 0x2E, 0x5B, 0xFF, 0x2E, 0x5B, 0xFF, 0x2E, 0x5B, 0xFF, 0x2E, 0x5B, 0xFF, 0x2E, 0x5B, 0xFF,
  0x2E, 0x5B, 0xFF, 0x2D, 0x5B, 0xFF, 0x2D, 0x5B, 0xFF, 0x2E, 0x5B, 0xFF, 0x2E, 0x5B, 0xFF, 0x2E,
  0x5B, 0xFF, 0x2E, 0x5B, 0xFF, 0x2E, 0x5B, 0xFF, 0x2E, 0x5B, 0xFF, 0x2E, 0x5B, 0xFF, 0x2E, 0x5B,
  0xFF, 0x2E, 0x5B, 0xFF, 0x2E, 0x5B, 0xFF, 0x2E, 0x5B, 0xFF, 0x2E, 0x5B, 0xFF, 0x2E, 0x5B, 0xFF,
  0x2D, 0x5B, 0xFF, 0x2D, 0x5B, 0xFF, 0x2D, 0x5B, 0xFF, 0x2D, 0x5B, 0xFF, 0x2D, 0x5B, 0xFF, 0x2D,
  0x5B, 0xFF, 0x2D, 0x5B, 0xFF, 0x2E, 0x5B, 0xFF, 0x2D, 0x5B, 0xFF, 0x2D, 0x5B, 0xFF, 0x2D, 0x5B,
  0xFF, 0x2D, 0x5B, 0xFF, 0x2D, 0x5B, 0xFF, 0x2D, 0x5B, 0xFF, 0x2D, 0x5B, 0xFF, 0x6F, 0x63, 0xFF,
  0x0D, 0x5B, 0xFF, 0x25, 0x21, 0xFF, 0x2E, 0x5B, 0xFF, 0x2E, 0x5B, 0xFF, 0x0D, 0x5B, 0xFF, 0x0D,
  0x5B, 0xFF, 0x2E, 0x5B, 0xFF, 0x6E, 0x63, 0xFF, 0x45, 0x29, 0xFF, 0x8B, 0x4A, 0xFF, 0x4E, 0x63,
  0xFF, 0x2D, 0x5B, 0xFF, 0x2D, 0x5B, 0xFF, 0x2D, 0x5B, 0xFF, 0x2D, 0x5B, 0xFF, 0x2D, 0x5B, 0xFF,
  0x2D, 0x5B, 0xFF, 0x2D, 0x5B, 0xFF, 0x2D, 0x5B, 0xFF, 0x2D, 0x5B, 0xFF, 0x2D, 0x5B, 0xFF, 0x2D,
  0x5B, 0xFF, 0x2D, 0x5B, 0xFF, 0x2E, 0x5B, 0xFF, 0x2E, 0x5B, 0xFF, 0x2D, 0x5B, 0xFF, 0x2D, 0x5B,
  0xFF, 0x2E, 0x5B, 0xFF, 0x2D, 0x5B, 0xFF, 0x2D, 0x5B, 0xFF, 0x2D, 0x5B, 0xFF, 0x2E, 0x5B, 0xFF,
  0x2D, 0x5B, 0xFF, 0x2D, 0x5B, 0xFF, 0x2E, 0x5B, 0xFF, 0x2E, 0x5B, 0xFF, 0x2E, 0x5B, 0xFF, 0x2E,
  0x5B, 0xFF, 0x2E, 0x5B, 0xFF, 0x2E, 0x5B, 0xFF, 0x2E, 0x5B, 0xFF, 0x2E, 0x5B, 0xFF, 0x2E, 0x5B,
  0xFF, 0x2E, 0x5B, 0xFF, 0x2E, 0x5B, 0xFF, 0x2E, 0x5B, 0xFF, 0x2E, 0x5B, 0xFF, 0x2E, 0x5B, 0xFF,
  0x2E, 0x5B, 0xFF, 0x2E, 0x5B, 0xFF, 0x2E, 0x5B, 0xFF, 0x2E, 0x5B, 0xFF, 0x2E, 0x5B, 0xFF, 0x2E,
  0x5B, 0xFF, 0x2E, 0x5B, 0xFF, 0x2D, 0x5B, 0xFF, 0x2E, 0x5B, 0xFF, 0x2E, 0x5B, 0xFF, 0x2E, 0x5B,
  0xFF, 0x2D, 0x5B, 0xFF, 0x2E, 0x5B, 0xFF, 0x2E, 0x5B, 0xFF, 0x2E, 0x5B, 0xFF, 0x2E, 0x5B, 0xFF,
  0x2D, 0x5B, 0xFF, 0x2E, 0x5B, 0xFF, 0x2E, 0x5B, 0xFF, 0x2E, 0x5B, 0xFF, 0x2E, 0x5B, 0xFF, 0x2E,
  0x5B, 0xFF, 0x2E, 0x5B, 0xFF, 0x2E, 0x5B, 0xFF, 0x2D, 0x5B, 0xFF, 0x2D, 0x5B, 0xFF, 0x2D, 0x5B,
  0xFF, 0x90, 0x6B, 0xFF, 0xC8, 0x31, 0xFF, 0xC7, 0x31, 0xFF, 0x4E, 0x63, 0xFF, 0x0D, 0x5B, 0xFF,
  0x0D, 0x5B, 0xFF, 0x0D, 0x5B, 0xFF, 0x0D, 0x5B, 0xFF, 0x0D, 0x5B, 0xFF, 0x0D, 0x5B, 0xFF, 0x0D,
  0x5B, 0xFF, 0x0D, 0x5B, 0xFF, 0x0D, 0x5B, 0xFF, 0x0D, 0x5B, 0xFF, 0x0D, 0x5B, 0xFF, 0x0D, 0x5B,
  0xFF, 0x0D, 0x5B, 0xFF, 0x0D, 0x5B, 0xFF, 0x0D, 0x5B, 0xFF, 0x0D, 0x5B, 0xFF, 0x0D, 0x5B, 0xFF,
  0x0D, 0x5B, 0xFF, 0x0D, 0x5B, 0xFF, 0x0D, 0x5B, 0xFF, 0x0D, 0x5B, 0xFF, 0x0D, 0x5B, 0xFF, 0x0D,
  0x5B, 0xFF, 0x0D, 0x5B, 0xFF, 0x0D, 0x5B, 0xFF, 0x0D, 0x5B, 0xFF, 0x0D, 0x5B, 0xFF, 0x0D, 0x5B,
  0xFF, 0x0D, 0x5B, 0xFF, 0x0D, 0x5B, 0xFF, 0x0D, 0x5B, 0xFF, 0x0D, 0x5B, 0xFF, 0x0D, 0x5B, 0xFF,
  0x0D, 0x5B, 0xFF, 0x0D, 0x5B, 0xFF, 0x0D, 0x5B, 0xFF, 0x0D, 0x5B, 0xFF, 0x0D, 0x5B, 0xFF, 0x0D,
  0x5B, 0xFF, 0x0D, 0x5B, 0xFF, 0x0D, 0x5B, 0xFF, 0x0D, 0x5B, 0xFF, 0x0D, 0x5B, 0xFF, 0x0D, 0x5B,
  0xFF, 0x0D, 0x5B, 0xFF, 0x0D, 0x5B, 0xFF, 0x0D, 0x5B, 0xFF, 0x0D, 0x5B, 0xFF, 0x0D, 0x5B, 0xFF,
  0x0D, 0x5B, 0xFF, 0x0D, 0x5B, 0xFF, 0x0D, 0x5B, 0xFF, 0x0D, 0x5B, 0xFF, 0x0D, 0x5B, 0xFF, 0x0D,
  0x5B, 0xFF, 0x0D, 0x5B, 0xFF, 0x0D, 0x5B, 0xFF, 0x0D, 0x5B, 0xFF, 0x0D, 0x5B, 0xFF, 0x0D, 0x5B,
  0xFF, 0x0D, 0x5B, 0xFF, 0x0D, 0x5B, 0xFF, 0x0D, 0x5B, 0xFF, 0x0D, 0x5B, 0xFF, 0x0D, 0x5B, 0xFF,
  0x0D, 0x5B, 0xFF, 0x0D, 0x5B, 0xFF, 0x0D, 0x5B, 0xFF, 0x0D, 0x5B, 0xFF, 0x0D, 0x5B, 0xFF, 0x0D,
  0x5B, 0xFF, 0x8F, 0x63, 0xFF, 0x09, 0x3A, 0xFF, 0xC8, 0x31, 0xFF, 0x2E, 0x5B, 0xFF, 0xCC, 0x52,
  0xFF, 0xEC, 0x52, 0xFF, 0xCC, 0x52, 0xFF, 0x4E, 0x63, 0xFF, 0xA7, 0x31, 0xFF, 0x20, 0x00, 0xA1,
  0x61, 0x08, 0x00, 0x61, 0x08, 0x00, 0x61, 0x08, 0x00, 0x61, 0x08, 0x00, 0x31, 0x84, 0x00, 0x31,
  0x84, 0x00, 0x31, 0x84, 0x00, 0x31, 0x84, 0x00, 0xB3, 0x94, 0x00, 0x8A, 0x52, 0x5A, 0xC3, 0x10,
  0xFF, 0xD3, 0x8C, 0xFF, 0x35, 0x9D, 0xFF, 0xD4, 0x94, 0xFF, 0xD3, 0x94, 0xFF, 0xD3, 0x94, 0xFF,
  0xF4, 0x94, 0xFF, 0xAB, 0x4A, 0xFF, 0xCF, 0x73, 0xFF, 0xF7, 0xBD, 0xFF, 0x96, 0xB5, 0xFF, 0x75,
  0xAD, 0xFF, 0x34, 0xA5, 0xFF, 0x55, 0xAD, 0xFF, 0x92, 0x94, 0xFF, 0x20, 0x00, 0xFF, 0x6B, 0x42,
  0xFF, 0x11, 0x7C, 0xFF, 0x6F, 0x63, 0xFF, 0x6F, 0x63, 0xFF, 0x6F, 0x63, 0xFF, 0x6F, 0x6B, 0xFF,
  0x8F, 0x6B, 0xFF, 0x8F, 0x63, 0xFF, 0x8F, 0x63, 0xFF, 0x8F, 0x63, 0xFF, 0x8F, 0x6B, 0xFF, 0x8F,
  0x6B, 0xFF, 0x8F, 0x6B, 0xFF, 0x8F, 0x6B, 0xFF, 0x8F, 0x6B, 0xFF, 0x8F, 0x6B, 0xFF, 0x8F, 0x6B,
  0xFF, 0x8F, 0x6B, 0xFF, 0x8F, 0x6B, 0xFF, 0x8F, 0x6B, 0xFF, 0x8F, 0x6B, 0xFF, 0x8F, 0x6B, 0xFF,
  0x8F, 0x6B, 0xFF, 0x8F, 0x6B, 0xFF, 0x8F, 0x6B, 0xFF, 0x8F, 0x6B, 0xFF, 0x8F, 0x6B, 0xFF, 0x8F,
  0x6B, 0xFF, 0x8F, 0x6B, 0xFF, 0x8F, 0x6B, 0xFF, 0x8F, 0x6B, 0xFF, 0x8F, 0x63, 0xFF, 0x6F, 0x63,
  0xFF, 0x8F, 0x6B, 0xFF, 0xF0, 0x73, 0xFF, 0xA7, 0x31, 0xFF, 0x8B, 0x4A, 0xFF, 0xF1, 0x73, 0xFF,
  0x6E, 0x63, 0xFF, 0x6F, 0x63, 0xFF, 0x6F, 0x63, 0xFF, 0x6F, 0x63, 0xFF, 0x8F, 0x6B, 0xFF, 0x8F,
  0x6B, 0xFF, 0x8F, 0x63, 0xFF, 0x8F, 0x6B, 0xFF, 0x8F, 0x6B, 0xFF, 0x8F, 0x6B, 0xFF, 0x8F, 0x6B,
  0xFF, 0x8F, 0x6B, 0xFF, 0x8F, 0x6B, 0xFF, 0x8F, 0x6B, 0xFF, 0x8F, 0x6B, 0xFF, 0x8F, 0x63, 0xFF,
  0x8F, 0x63, 0xFF, 0x8F, 0x63, 0xFF, 0x6F, 0x63, 0xFF, 0x6F, 0x63, 0xFF, 0x6F, 0x63, 0xFF, 0x6F,
  0x63, 0xFF, 0x8F, 0x63, 0xFF, 0x6F, 0x63, 0xFF, 0x8F, 0x63, 0xFF, 0x6F, 0x63, 0xFF, 0x6F, 0x63,
  0xFF, 0x8F, 0x63, 0xFF, 0x8F, 0x6B, 0xFF, 0x8F, 0x6B, 0xFF, 0x8F, 0x6B, 0xFF, 0x8F, 0x63, 0xFF,
  0x8F, 0x63, 0xFF, 0x8F, 0x63, 0xFF, 0x8F, 0x63, 0xFF, 0x6F, 0x63, 0xFF, 0x6F, 0x63, 0xFF, 0x6F,
  0x63, 0xFF, 0x6F, 0x63, 0xFF, 0x6F, 0x63, 0xFF, 0x6F, 0x63, 0xFF, 0x6F, 0x63, 0xFF, 0x6F, 0x63,
  0xFF, 0x6F, 0x63, 0xFF, 0x6F, 0x63, 0xFF, 0x6F, 0x63, 0xFF, 0x6F, 0x63, 0xFF, 0x6F, 0x63, 0xFF,
  0x6F, 0x63, 0xFF, 0x6F, 0x63, 0xFF, 0x6F, 0x63, 0xFF, 0xD0, 0x73, 0xFF, 0xE8, 0x39, 0xFF, 0x4A,
  0x42, 0xFF, 0xD0, 0x6B, 0xFF, 0x4E, 0x63, 0xFF, 0x6E, 0x63, 0xFF, 0x6F, 0x63, 0xFF, 0x8F, 0x6B,
  0xFF, 0xB0, 0x6B, 0xFF, 0x66, 0x29, 0xFF, 0xCC, 0x52, 0xFF, 0xB0, 0x6B, 0xFF, 0x6F, 0x63, 0xFF,
  0x6F, 0x63, 0xFF, 0x6F, 0x63, 0xFF, 0x6F, 0x63, 0xFF, 0x6F, 0x63, 0xFF, 0x6F, 0x63, 0xFF, 0x6F,
  0x63, 0xFF, 0x6F, 0x63, 0xFF, 0x6F, 0x63, 0xFF, 0x6F, 0x63, 0xFF, 0x6F, 0x63, 0xFF, 0x6F, 0x63,
  0xFF, 0x6F, 0x63, 0xFF, 0x8F, 0x63, 0xFF, 0x6F, 0x63, 0xFF, 0x6F, 0x63, 0xFF, 0x6F, 0x63, 0xFF,
  0x6F, 0x63, 0xFF, 0x6F, 0x63, 0xFF, 0x6F, 0x63, 0xFF, 0x6F, 0x63, 0xFF, 0x6F, 0x63, 0xFF, 0x6F,
  0x63, 0xFF, 0x6F, 0x63, 0xFF, 0x6F, 0x63, 0xFF, 0x6F, 0x63, 0xFF, 0x6F, 0x63, 0xFF, 0x6F, 0x63,
  0xFF, 0x6F, 0x63, 0xFF, 0x6F, 0x63, 0xFF, 0x6F, 0x63, 0xFF, 0x6F, 0x63, 0xFF, 0x6F, 0x63, 0xFF,
  0x6F, 0x63, 0xFF, 0x6F, 0x63, 0xFF, 0x6F, 0x63, 0xFF, 0x6F, 0x63, 0xFF, 0x6F, 0x63, 0xFF, 0x6F,
  0x63, 0xFF, 0x6F, 0x63, 0xFF, 0x6F, 0x63, 0xFF, 0x6F, 0x63, 0xFF, 0x6F, 0x63, 0xFF, 0x6F, 0x63,
  0xFF, 0x6F, 0x63, 0xFF, 0x6E, 0x63, 0xFF, 0x6F, 0x63, 0xFF, 0x6F, 0x63, 0xFF, 0x6F, 0x63, 0xFF,
  0x6F, 0x63, 0xFF, 0x6F, 0x63, 0xFF, 0x6F, 0x63, 0xFF, 0x6F, 0x63, 0xFF, 0x6F, 0x63, 0xFF, 0x6F,
  0x63, 0xFF, 0x6F, 0x63, 0xFF, 0x6F, 0x63, 0xFF, 0x6F, 0x63, 0xFF, 0x6F, 0x63, 0xFF, 0x6F, 0x63,
  0xFF, 0x6F, 0x63, 0xFF, 0x6F, 0x63, 0xFF, 0x6F, 0x63, 0xFF, 0x6F, 0x63, 0xFF, 0xF1, 0x73, 0xFF,
  0xE8, 0x39, 0xFF, 0xE8, 0x39, 0xFF, 0x8F, 0x6B, 0xFF, 0x4E, 0x5B, 0xFF, 0x4E, 0x63, 0xFF, 0x4E,
  0x63, 0xFF, 0x4E, 0x63, 0xFF, 0x4E, 0x63, 0xFF, 0x4E, 0x63, 0xFF, 0x6E, 0x63, 0xFF, 0x4E, 0x63,
  0xFF, 0x6E, 0x63, 0xFF, 0x6E, 0x63, 0xFF, 0x6E, 0x63, 0xFF, 0x6E, 0x63, 0xFF, 0x6E, 0x63, 0xFF,
  0x6E, 0x63, 0xFF, 0x6E, 0x63, 0xFF, 0x6E, 0x63, 0xFF, 0x4E, 0x63, 0xFF, 0x4E, 0x63, 0xFF, 0x4E,
  0x63, 0xFF, 0x4E, 0x63, 0xFF, 0x4E, 0x63, 0xFF, 0x4E, 0x63, 0xFF, 0x4E, 0x63, 0xFF, 0x4E, 0x63,
  0xFF, 0x4E, 0x63, 0xFF, 0x4E, 0x63, 0xFF, 0x4E, 0x63, 0xFF, 0x4E, 0x63, 0xFF, 0x4E, 0x63, 0xFF,
  0x4E, 0x63, 0xFF, 0x4E, 0x63, 0xFF, 0x4E, 0x63, 0xFF, 0x4E, 0x63, 0xFF, 0x4E, 0x63, 0xFF, 0x4E,
  0x63, 0xFF, 0x4E, 0x63, 0xFF, 0x4E, 0x63, 0xFF, 0x4E, 0x63, 0xFF, 0x4E, 0x63, 0xFF, 0x4E, 0x63,
  0xFF, 0x4E, 0x63, 0xFF, 0x4E, 0x63, 0xFF, 0x4E, 0x63, 0xFF, 0x4E, 0x63, 0xFF, 0x4E, 0x63, 0xFF,
  0x4E, 0x63, 0xFF, 0x4E, 0x63, 0xFF, 0x4E, 0x63, 0xFF, 0x4E, 0x63, 0xFF, 0x4E, 0x63, 0xFF, 0x4E,
  0x63, 0xFF, 0x4E, 0x63, 0xFF, 0x4E, 0x63, 0xFF, 0x4E, 0x63, 0xFF, 0x4E, 0x63, 0xFF, 0x4E, 0x63,
  0xFF, 0x4E, 0x63, 0xFF, 0x4E, 0x63, 0xFF, 0x4E, 0x63, 0xFF, 0x4E, 0x63, 0xFF, 0x4E, 0x63, 0xFF,
  0x4E, 0x63, 0xFF, 0x4E, 0x63, 0xFF, 0x4E, 0x63, 0xFF, 0x4E, 0x63, 0xFF, 0x4E, 0x63, 0xFF, 0x4E,
  0x63, 0xFF, 0x4E, 0x63, 0xFF, 0x4E, 0x63, 0xFF, 0x4E, 0x63, 0xFF, 0x4E, 0x5B, 0xFF, 0xD0, 0x6B,
  0xFF, 0x29, 0x3A, 0xFF, 0x09, 0x3A, 0xFF, 0x8F, 0x6B, 0xFF, 0x2D, 0x5B, 0xFF, 0x2E, 0x5B, 0xFF,
  0x0D, 0x5B, 0xFF, 0xD0, 0x6B, 0xFF, 0xC8, 0x31, 0xFF, 0x61, 0x10, 0xA1, 0x08, 0x42, 0x00, 0xE7,
  0x39, 0x00, 0xE7, 0x39, 0x00, 0xE7, 0x39, 0x00, 0xC3, 0x10, 0x00, 0xC3, 0x10, 0x00, 0xC3, 0x10,
  0x00, 0xC3, 0x10, 0x00, 0x04, 0x19, 0x00, 0xA3, 0x10, 0x97, 0xC3, 0x10, 0xFF, 0x66, 0x21, 0xFF,
  0x05, 0x19, 0xFF, 0x25, 0x19, 0xFF, 0x05, 0x19, 0xFF, 0x05, 0x19, 0xFF, 0xC3, 0x10, 0xFF, 0xC4,
  0x10, 0xFF, 0x25, 0x21, 0xFF, 0x25, 0x19, 0xFF, 0x25, 0x21, 0xFF, 0x25, 0x19, 0xFF, 0xE4, 0x10,
  0xFF, 0xC4, 0x10, 0xFF, 0xC4, 0x10, 0xFF, 0xE4, 0x10, 0xFF, 0xC8, 0x31, 0xFF, 0x4A, 0x42, 0xFF,
  0x29, 0x3A, 0xFF, 0x29, 0x3A, 0xFF, 0x29, 0x3A, 0xFF, 0x09, 0x3A, 0xFF, 0x09, 0x3A, 0xFF, 0x08,
  0x3A, 0xFF, 0x08, 0x3A, 0xFF, 0x08, 0x3A, 0xFF, 0x08, 0x3A, 0xFF, 0x08, 0x3A, 0xFF, 0x08, 0x3A,
  0xFF, 0x08, 0x3A, 0xFF, 0x09, 0x3A, 0xFF, 0x08, 0x3A, 0xFF, 0x08, 0x3A, 0xFF, 0x08, 0x3A, 0xFF,
  0x08, 0x3A, 0xFF, 0x09, 0x3A, 0xFF, 0x09, 0x3A, 0xFF, 0x08, 0x3A, 0xFF, 0x08, 0x3A, 0xFF, 0xE8,
  0x39, 0xFF, 0xE8, 0x39, 0xFF, 0xE8, 0x39, 0xFF, 0xE8, 0x39, 0xFF, 0xE8, 0x39, 0xFF, 0xE8, 0x39,
  0xFF, 0xE8, 0x31, 0xFF, 0xE8, 0x31, 0xFF, 0xE8, 0x31, 0xFF, 0xC8, 0x31, 0xFF, 0xC8, 0x31, 0xFF,
  0x09, 0x3A, 0xFF, 0xA2, 0x10, 0xFF, 0x04, 0x19, 0xFF, 0x29, 0x3A, 0xFF, 0xC8, 0x31, 0xFF, 0x86,
  0x29, 0xFF, 0x25, 0x21, 0xFF, 0x46, 0x21, 0xFF, 0x66, 0x21, 0xFF, 0x46, 0x21, 0xFF, 0x25, 0x21,
  0xFF, 0x45, 0x21, 0xFF, 0x45, 0x21, 0xFF, 0x25, 0x21, 0xFF, 0x25, 0x21, 0xFF, 0x25, 0x21, 0xFF,
  0x25, 0x21, 0xFF, 0x25, 0x21, 0xFF, 0x25, 0x21, 0xFF, 0x25, 0x21, 0xFF, 0x25, 0x21, 0xFF, 0x25,
  0x21, 0xFF, 0x25, 0x21, 0xFF, 0x25, 0x21, 0xFF, 0x25, 0x21, 0xFF, 0x25, 0x21, 0xFF, 0x25, 0x21,
  0xFF, 0x25, 0x21, 0xFF, 0x25, 0x21, 0xFF, 0x25, 0x21, 0xFF, 0x25, 0x21, 0xFF, 0x25, 0x21, 0xFF,
  0x25, 0x21, 0xFF, 0x25, 0x21, 0xFF, 0x25, 0x21, 0xFF, 0x25, 0x21, 0xFF, 0x25, 0x21, 0xFF, 0x25,
  0x21, 0xFF, 0x25, 0x21, 0xFF, 0x25, 0x21, 0xFF, 0x25, 0x21, 0xFF, 0x25, 0x21, 0xFF, 0x04, 0x19,
  0xFF, 0x04, 0x19, 0xFF, 0x04, 0x19, 0xFF, 0x04, 0x19, 0xFF, 0x04, 0x19, 0xFF, 0x05, 0x21, 0xFF,
  0x25, 0x21, 0xFF, 0x25, 0x21, 0xFF, 0x25, 0x21, 0xFF, 0x04, 0x21, 0xFF, 0x04, 0x19, 0xFF, 0x04,
  0x19, 0xFF, 0x04, 0x19, 0xFF, 0x25, 0x21, 0xFF, 0x41, 0x08, 0xFF, 0xE4, 0x18, 0xFF, 0x46, 0x29,
  0xFF, 0x25, 0x21, 0xFF, 0x25, 0x21, 0xFF, 0x04, 0x21, 0xFF, 0x25, 0x21, 0xFF, 0x25, 0x21, 0xFF,
  0x82, 0x10, 0xFF, 0xE4, 0x18, 0xFF, 0x25, 0x21, 0xFF, 0x25, 0x21, 0xFF, 0x25, 0x21, 0xFF, 0x25,
  0x21, 0xFF, 0x25, 0x21, 0xFF, 0x25, 0x21, 0xFF, 0x25, 0x21, 0xFF, 0x25, 0x21, 0xFF, 0x25, 0x21,
  0xFF, 0x25, 0x21, 0xFF, 0x25, 0x21, 0xFF, 0x25, 0x21, 0xFF, 0x25, 0x21, 0xFF, 0x25, 0x21, 0xFF,
  0x25, 0x21, 0xFF, 0x05, 0x21, 0xFF, 0x05, 0x19, 0xFF, 0x05, 0x19, 0xFF, 0x05, 0x21, 0xFF, 0x05,
  0x21, 0xFF, 0x05, 0x21, 0xFF, 0x05, 0x19, 0xFF, 0x05, 0x21, 0xFF, 0x05, 0x21, 0xFF, 0x25, 0x21,
  0xFF, 0x05, 0x21, 0xFF, 0x05, 0x21, 0xFF, 0x05, 0x21, 0xFF, 0x05, 0x21, 0xFF, 0x05, 0x21, 0xFF,
  0x05, 0x19, 0xFF, 0x05, 0x21, 0xFF, 0x05, 0x21, 0xFF, 0x25, 0x21, 0xFF, 0x25, 0x21, 0xFF, 0x25,
  0x21, 0xFF, 0x25, 0x21, 0xFF, 0x25, 0x19, 0xFF, 0x05, 0x21, 0xFF, 0x05, 0x19, 0xFF, 0x05, 0x19,
  0xFF, 0x05, 0x19, 0xFF, 0x04, 0x19, 0xFF, 0x04, 0x19, 0xFF, 0x05, 0x19, 0xFF, 0x05, 0x19, 0xFF,
  0x25, 0x19, 0xFF, 0x25, 0x19, 0xFF, 0x25, 0x19, 0xFF, 0x25, 0x21, 0xFF, 0x25, 0x21, 0xFF, 0x25,
  0x19, 0xFF, 0x05, 0x19, 0xFF, 0x05, 0x19, 0xFF, 0x04, 0x19, 0xFF, 0x04, 0x19, 0xFF, 0x05, 0x19,
  0xFF, 0x05, 0x19, 0xFF, 0x05, 0x19, 0xFF, 0x05, 0x21, 0xFF, 0x05, 0x21, 0xFF, 0x05, 0x19, 0xFF,
  0x05, 0x19, 0xFF, 0x05, 0x21, 0xFF, 0x05, 0x21, 0xFF, 0x46, 0x21, 0xFF, 0xA3, 0x10, 0xFF, 0xA3,
  0x10, 0xFF, 0x25, 0x21, 0xFF, 0x04, 0x19, 0xFF, 0x04, 0x19, 0xFF, 0x04, 0x19, 0xFF, 0x04, 0x19,
  0xFF, 0x04, 0x19, 0xFF, 0x04, 0x19, 0xFF, 0x04, 0x21, 0xFF, 0x05, 0x19, 0xFF, 0x25, 0x21, 0xFF,
  0x25, 0x21, 0xFF, 0x25, 0x21, 0xFF, 0x25, 0x21, 0xFF, 0x25, 0x21, 0xFF, 0x25, 0x21, 0xFF, 0x05,
  0x21, 0xFF, 0x05, 0x21, 0xFF, 0x05, 0x21, 0xFF, 0x25, 0x21, 0xFF, 0x05, 0x21, 0xFF, 0x05, 0x21,
  0xFF, 0x04, 0x21, 0xFF, 0x05, 0x21, 0xFF, 0x25, 0x21, 0xFF, 0x04, 0x21, 0xFF, 0x25, 0x21, 0xFF,
  0x05, 0x21, 0xFF, 0x05, 0x21, 0xFF, 0x25, 0x21, 0xFF, 0x04, 0x21, 0xFF, 0x04, 0x21, 0xFF, 0x25,
  0x21, 0xFF, 0x25, 0x21, 0xFF, 0x25, 0x21, 0xFF, 0x25, 0x21, 0xFF, 0x25, 0x21, 0xFF, 0x25, 0x21,
  0xFF, 0x25, 0x21, 0xFF, 0x25, 0x21, 0xFF, 0x25, 0x21, 0xFF, 0x25, 0x21, 0xFF, 0x25, 0x21, 0xFF,
  0x25, 0x21, 0xFF, 0x24, 0x21, 0xFF, 0x25, 0x21, 0xFF, 0x25, 0x21, 0xFF, 0x25, 0x21, 0xFF, 0x24,
  0x21, 0xFF, 0x25, 0x21, 0xFF, 0x25, 0x21, 0xFF, 0x25, 0x21, 0xFF, 0x04, 0x19, 0xFF, 0x04, 0x19,
  0xFF, 0x04, 0x19, 0xFF, 0x04, 0x19, 0xFF, 0x04, 0x21, 0xFF, 0x24, 0x21, 0xFF, 0x25, 0x21, 0xFF,
  0x24, 0x21, 0xFF, 0x25, 0x21, 0xFF, 0x24, 0x21, 0xFF, 0x24, 0x21, 0xFF, 0x04, 0x21, 0xFF, 0x04,
  0x19, 0xFF, 0x04, 0x19, 0xFF, 0x04, 0x19, 0xFF, 0x04, 0x19, 0xFF, 0x04, 0x21, 0xFF, 0x25, 0x21,
  0xFF, 0x25, 0x21, 0xFF, 0x05, 0x21, 0xFF, 0x05, 0x21, 0xFF, 0x45, 0x21, 0xFF, 0xA3, 0x10, 0xFF,
  0xE4, 0x18, 0xFF, 0xA7, 0x29, 0xFF, 0x66, 0x29, 0xFF, 0x86, 0x29, 0xFF, 0x86, 0x29, 0xFF, 0xC8,
  0x31, 0xFF, 0xA3, 0x10, 0xFF, 0x82, 0x10, 0xB1, 0x49, 0x4A, 0x00, 0x28, 0x42, 0x00, 0x28, 0x42,
  0x00, 0x28, 0x42, 0x00, 0xAA, 0x52, 0x00, 0xAA, 0x52, 0x00, 0xAA, 0x52, 0x00, 0xCB, 0x52, 0x00,
  0xAA, 0x52, 0x0A, 0x61, 0x08, 0xCD, 0xE4, 0x10, 0xFF, 0xE8, 0x31, 0xFF, 0xC8, 0x31, 0xFF, 0xE8,
  0x31, 0xFF, 0xE8, 0x31, 0xFF, 0xE8, 0x39, 0xFF, 0x08, 0x3A, 0xFF, 0x29, 0x3A, 0xFF, 0x29, 0x3A,
  0xFF, 0x09, 0x3A, 0xFF, 0x29, 0x3A, 0xFF, 0x09, 0x3A, 0xFF, 0x29, 0x3A, 0xFF, 0x29, 0x3A, 0xFF,
  0x4A, 0x42, 0xFF, 0x29, 0x42, 0xFF, 0x86, 0x29, 0xFF, 0x66, 0x29, 0xFF, 0x87, 0x29, 0xFF, 0xA7,
  0x29, 0xFF, 0xA7, 0x29, 0xFF, 0xA7, 0x29, 0xFF, 0x87, 0x29, 0xFF, 0xA7, 0x29, 0xFF, 0x87, 0x29,
  0xFF, 0xA7, 0x31, 0xFF, 0xA7, 0x31, 0xFF, 0xA7, 0x31, 0xFF, 0xA7, 0x31, 0xFF, 0xA7, 0x31, 0xFF,
  0xA7, 0x31, 0xFF, 0xA7, 0x31, 0xFF, 0xA7, 0x31, 0xFF, 0xA7, 0x31, 0xFF, 0xA7, 0x31, 0xFF, 0xA7,
  0x31, 0xFF, 0xA7, 0x31, 0xFF, 0x87, 0x29, 0xFF, 0x86, 0x29, 0xFF, 0x86, 0x29, 0xFF, 0x86, 0x29,
  0xFF, 0x86, 0x29, 0xFF, 0x87, 0x29, 0xFF, 0x87, 0x29, 0xFF, 0x87, 0x29, 0xFF, 0x87, 0x29, 0xFF,
  0xA7, 0x29, 0xFF, 0xA8, 0x31, 0xFF, 0xC8, 0x31, 0xFF, 0xC8, 0x31, 0xFF, 0xE8, 0x39, 0xFF, 0xC8,
  0x31, 0xFF, 0x41, 0x08, 0xFF, 0x83, 0x10, 0xFF, 0xC8, 0x31, 0xFF, 0x8B, 0x4A, 0xFF, 0x0D, 0x5B,
  0xFF, 0xED, 0x52, 0xFF, 0xAB, 0x4A, 0xFF, 0xAB, 0x4A, 0xFF, 0xAB, 0x52, 0xFF, 0xAB, 0x52, 0xFF,
  0xAB, 0x4A, 0xFF, 0xAB, 0x4A, 0xFF, 0xAB, 0x4A, 0xFF, 0xAB, 0x4A, 0xFF, 0xAB, 0x4A, 0xFF, 0xAB,
  0x4A, 0xFF, 0xAB, 0x4A, 0xFF, 0xAB, 0x4A, 0xFF, 0xAB, 0x4A, 0xFF, 0xAB, 0x52, 0xFF, 0xAB, 0x4A,
  0xFF, 0xAB, 0x4A, 0xFF, 0xAB, 0x52, 0xFF, 0xAB, 0x52, 0xFF, 0xAB, 0x52, 0xFF, 0xAB, 0x52, 0xFF,
  0xAB, 0x52, 0xFF, 0xAB, 0x52, 0xFF, 0xAB, 0x52, 0xFF, 0xCB, 0x52, 0xFF, 0xCC, 0x52, 0xFF, 0xAB,
  0x52, 0xFF, 0xAB, 0x52, 0xFF, 0xAB, 0x52, 0xFF, 0xAB, 0x52, 0xFF, 0xAB, 0x52, 0xFF, 0xAB, 0x52,
  0xFF, 0xAB, 0x52, 0xFF, 0xAB, 0x52, 0xFF, 0xAB, 0x52, 0xFF, 0xAB, 0x52, 0xFF, 0xAB, 0x52, 0xFF,
  0xAB, 0x52, 0xFF, 0xAB, 0x52, 0xFF, 0xAB, 0x52, 0xFF, 0xAB, 0x52, 0xFF, 0xAB, 0x52, 0xFF, 0xAB,
  0x4A, 0xFF, 0xAB, 0x4A, 0xFF, 0xAB, 0x4A, 0xFF, 0xAB, 0x4A, 0xFF, 0xAB, 0x4A, 0xFF, 0xAB, 0x4A,
  0xFF, 0xAB, 0x52, 0xFF, 0x05, 0x19, 0xFF, 0x4A, 0x42, 0xFF, 0x0D, 0x5B, 0xFF, 0xAB, 0x52, 0xFF,
  0xAB, 0x52, 0xFF, 0xAB, 0x52, 0xFF, 0xCC, 0x52, 0xFF, 0xEC, 0x52, 0xFF, 0x04, 0x19, 0xFF, 0x29,
  0x42, 0xFF, 0x0D, 0x5B, 0xFF, 0xCC, 0x52, 0xFF, 0xAC, 0x52, 0xFF, 0xCC, 0x52, 0xFF, 0xCC, 0x52,
  0xFF, 0xCC, 0x52, 0xFF, 0xCC, 0x52, 0xFF, 0xCC, 0x52, 0xFF, 0xAC, 0x52, 0xFF, 0xAB, 0x52, 0xFF,
  0xCC, 0x52, 0xFF, 0xAC, 0x52, 0xFF, 0xAB, 0x52, 0xFF, 0xAB, 0x52, 0xFF, 0xAB, 0x52, 0xFF, 0xCC,
  0x52, 0xFF, 0xAC, 0x52, 0xFF, 0xCC, 0x52, 0xFF, 0xCC, 0x52, 0xFF, 0xAC, 0x52, 0xFF, 0xCC, 0x52,
  0xFF, 0xCC, 0x52, 0xFF, 0xCC, 0x52, 0xFF, 0xCC, 0x52, 0xFF, 0xAC, 0x52, 0xFF, 0xAC, 0x52, 0xFF,
  0xCC, 0x52, 0xFF, 0xCC, 0x52, 0xFF, 0xCC, 0x52, 0xFF, 0xCB, 0x52, 0xFF, 0xCC, 0x52, 0xFF, 0xAC,
  0x52, 0xFF, 0xAC, 0x52, 0xFF, 0xAC, 0x52, 0xFF, 0xAC, 0x52, 0xFF, 0xCC, 0x52, 0xFF, 0xCC, 0x52,
  0xFF, 0xCC, 0x52, 0xFF, 0xCC, 0x52, 0xFF, 0xCC, 0x52, 0xFF, 0xCC, 0x52, 0xFF, 0xCC, 0x52, 0xFF,
  0xCC, 0x52, 0xFF, 0xCC, 0x52, 0xFF, 0xCC, 0x52, 0xFF, 0xCC, 0x52, 0xFF, 0xCC, 0x52, 0xFF, 0xCC,
  0x52, 0xFF, 0xCC, 0x52, 0xFF, 0xCC, 0x52, 0xFF, 0xCC, 0x52, 0xFF, 0xCC, 0x52, 0xFF, 0xCC, 0x52,
  0xFF, 0xCC, 0x52, 0xFF, 0xCB, 0x52, 0xFF, 0xCB, 0x52, 0xFF, 0xCC, 0x52, 0xFF, 0xCC, 0x52, 0xFF,
  0xCC, 0x52, 0xFF, 0xCC, 0x52, 0xFF, 0xAC, 0x52, 0xFF, 0xAC, 0x52, 0xFF, 0xCC, 0x52, 0xFF, 0xAC,
  0x52, 0xFF, 0xAB, 0x52, 0xFF, 0x0D, 0x5B, 0xFF, 0x86, 0x29, 0xFF, 0xA7, 0x31, 0xFF, 0x0D, 0x5B,
  0xFF, 0xAB, 0x4A, 0xFF, 0xAB, 0x52, 0xFF, 0xAB, 0x52, 0xFF, 0xAB, 0x52, 0xFF, 0xAB, 0x52, 0xFF,
  0xCB, 0x52, 0xFF, 0xCB, 0x52, 0xFF, 0xCC, 0x52, 0xFF, 0xCC, 0x52, 0xFF, 0xCC, 0x52, 0xFF, 0xCC,
  0x52, 0xFF, 0xCC, 0x52, 0xFF, 0xCC, 0x52, 0xFF, 0xAB, 0x52, 0xFF, 0xAB, 0x52, 0xFF, 0xAC, 0x52,
  0xFF, 0xAC, 0x52, 0xFF, 0xCC, 0x52, 0xFF, 0xAC, 0x52, 0xFF, 0xAC, 0x52, 0xFF, 0xAB, 0x52, 0xFF,
  0xAB, 0x52, 0xFF, 0xAB, 0x52, 0xFF, 0xAB, 0x52, 0xFF, 0xAB, 0x52, 0xFF, 0xCB, 0x52, 0xFF, 0xCB,
  0x52, 0xFF, 0xCB, 0x52, 0xFF, 0xCC, 0x52, 0xFF, 0xCC, 0x52, 0xFF, 0xCC, 0x52, 0xFF, 0xCC, 0x52,
  0xFF, 0xCB, 0x52, 0xFF, 0xCB, 0x52, 0xFF, 0xCC, 0x52, 0xFF, 0xCC, 0x52, 0xFF, 0xCC, 0x52, 0xFF,
  0xCB, 0x52, 0xFF, 0xCB, 0x52, 0xFF, 0xAB, 0x52, 0xFF, 0xAB, 0x52, 0xFF, 0xAB, 0x52, 0xFF, 0xAB,
  0x4A, 0xFF, 0xAB, 0x4A, 0xFF, 0xAB, 0x4A, 0xFF, 0xAB, 0x4A, 0xFF, 0xAB, 0x4A, 0xFF, 0xAB, 0x4A,
  0xFF, 0xAB, 0x4A, 0xFF, 0xAB, 0x4A, 0xFF, 0x8B, 0x4A, 0xFF, 0xAB, 0x4A, 0xFF, 0xAB, 0x4A, 0xFF,
  0xAB, 0x52, 0xFF, 0xAB, 0x4A, 0xFF, 0xAB, 0x4A, 0xFF, 0xAB, 0x4A, 0xFF, 0xAB, 0x4A, 0xFF, 0xAB,
  0x4A, 0xFF, 0xAB, 0x4A, 0xFF, 0xAB, 0x4A, 0xFF, 0xAB, 0x4A, 0xFF, 0xAB, 0x4A, 0xFF, 0x8B, 0x4A,
  0xFF, 0x8B, 0x4A, 0xFF, 0xAB, 0x4A, 0xFF, 0xAB, 0x4A, 0xFF, 0xAB, 0x4A, 0xFF, 0xAB, 0x4A, 0xFF,
  0xAB, 0x4A, 0xFF, 0x8B, 0x4A, 0xFF, 0xEC, 0x52, 0xFF, 0x86, 0x29, 0xFF, 0x86, 0x29, 0xFF, 0x2A,
  0x3A, 0xFF, 0x87, 0x21, 0xFF, 0x87, 0x29, 0xFF, 0x67, 0x21, 0xFF, 0xC8, 0x29, 0xFF, 0x05, 0x19,
  0xFF, 0x41, 0x08, 0xC4, 0x45, 0x29, 0x00, 0x45, 0x29, 0x00, 0x45, 0x29, 0x00, 0x45, 0x29, 0x00,
  0x54, 0xA5, 0x00, 0x54, 0xA5, 0x00, 0x54, 0xA5, 0x00, 0xB6, 0xAD, 0x00, 0x91, 0x8C, 0x25, 0x20,
  0x00, 0xF9, 0xAC, 0x4A, 0xFF, 0x4E, 0x63, 0xFF, 0x0D, 0x53, 0xFF, 0x0D, 0x5B, 0xFF, 0x0D, 0x5B,
  0xFF, 0x0D, 0x5B, 0xFF, 0x2D, 0x5B, 0xFF, 0x2E, 0x5B, 0xFF, 0x2E, 0x5B, 0xFF, 0x2D, 0x5B, 0xFF,
  0x2D, 0x5B, 0xFF, 0x0D, 0x5B, 0xFF, 0x2D, 0x5B, 0xFF, 0x2D, 0x5B, 0xFF, 0x2D, 0x5B, 0xFF, 0x4E,
  0x63, 0xFF, 0x6F, 0x63, 0xFF, 0x6E, 0x63, 0xFF, 0x4E, 0x63, 0xFF, 0x4E, 0x63, 0xFF, 0x4E, 0x63,
  0xFF, 0x4E, 0x63, 0xFF, 0x4E, 0x63, 0xFF, 0x4E, 0x63, 0xFF, 0x4E, 0x63, 0xFF, 0x4E, 0x63, 0xFF,
  0x4E, 0x63, 0xFF, 0x4E, 0x63, 0xFF, 0x4E, 0x63, 0xFF, 0x4E, 0x63, 0xFF, 0x4E, 0x63, 0xFF, 0x4E,
  0x63, 0xFF, 0x4E, 0x63, 0xFF, 0x4E, 0x63, 0xFF, 0x4E, 0x63, 0xFF, 0x2E, 0x5B, 0xFF, 0x0D, 0x5B,
  0xFF, 0x2D, 0x5B, 0xFF, 0x6E, 0x63, 0xFF, 0xD0, 0x6B, 0xFF, 0x11, 0x74, 0xFF, 0x11, 0x7C, 0xFF,
  0x32, 0x7C, 0xFF, 0x32, 0x7C, 0xFF, 0x32, 0x7C, 0xFF, 0x31, 0x7C, 0xFF, 0x11, 0x7C, 0xFF, 0x12,
  0x7C, 0xFF, 0x12, 0x7C, 0xFF, 0x11, 0x7C, 0xFF, 0xF1, 0x73, 0xFF, 0xD0, 0x6B, 0xFF, 0xAC, 0x52,
  0xFF, 0x87, 0x29, 0xFF, 0x25, 0x21, 0xFF, 0x66, 0x29, 0xFF, 0xE8, 0x39, 0xFF, 0x2D, 0x5B, 0xFF,
  0x32, 0x7C, 0xFF, 0x11, 0x74, 0xFF, 0xB0, 0x6B, 0xFF, 0xD0, 0x73, 0xFF, 0xD0, 0x73, 0xFF, 0xD0,
  0x73, 0xFF, 0xD0, 0x73, 0xFF, 0xD0, 0x73, 0xFF, 0xD0, 0x73, 0xFF, 0xD0, 0x73, 0xFF, 0xD0, 0x73,
  0xFF, 0xD0, 0x73, 0xFF, 0xD0, 0x6B, 0xFF, 0xD0, 0x73, 0xFF, 0xD0, 0x6B, 0xFF, 0xD0, 0x6B, 0xFF,
  0xD0, 0x73, 0xFF, 0xD0, 0x6B, 0xFF, 0xD0, 0x73, 0xFF, 0xD0, 0x73, 0xFF, 0xD0, 0x6B, 0xFF, 0xD0,
  0x6B, 0xFF, 0xD0, 0x6B, 0xFF, 0xD0, 0x73, 0xFF, 0xD0, 0x73, 0xFF, 0xD0, 0x73, 0xFF, 0xD0, 0x6B,
  0xFF, 0xD0, 0x6B, 0xFF, 0xD0, 0x6B, 0xFF, 0xD0, 0x73, 0xFF, 0xD0, 0x73, 0xFF, 0xD0, 0x73, 0xFF,
  0xD0, 0x73, 0xFF, 0xD0, 0x73, 0xFF, 0xD0, 0x6B, 0xFF, 0xD0, 0x73, 0xFF, 0xD0, 0x6B, 0xFF, 0xD0,
  0x73, 0xFF, 0xD0, 0x73, 0xFF, 0xD0, 0x6B, 0xFF, 0xD0, 0x6B, 0xFF, 0xD0, 0x6B, 0xFF, 0xB0, 0x6B,
  0xFF, 0xB0, 0x6B, 0xFF, 0xB0, 0x6B, 0xFF, 0xB0, 0x6B, 0xFF, 0xB0, 0x6B, 0xFF, 0xD0, 0x6B, 0xFF,
  0x66, 0x21, 0xFF, 0x0D, 0x5B, 0xFF, 0x32, 0x7C, 0xFF, 0xB0, 0x6B, 0xFF, 0xB0, 0x6B, 0xFF, 0xB0,
  0x6B, 0xFF, 0xD0, 0x73, 0xFF, 0xF1, 0x73, 0xFF, 0x66, 0x29, 0xFF, 0xEC, 0x5A, 0xFF, 0x11, 0x7C,
  0xFF, 0xB0, 0x6B, 0xFF, 0xB0, 0x6B, 0xFF, 0xB0, 0x6B, 0xFF, 0xD0, 0x6B, 0xFF, 0xD0, 0x6B, 0xFF,
  0xD0, 0x6B, 0xFF, 0xD0, 0x73, 0xFF, 0xD0, 0x6B, 0xFF, 0xB0, 0x6B, 0xFF, 0xB0, 0x6B, 0xFF, 0xD0,
  0x6B, 0xFF, 0xD0, 0x6B, 0xFF, 0xD0, 0x6B, 0xFF, 0xD0, 0x6B, 0xFF, 0xD0, 0x6B, 0xFF, 0xD0, 0x6B,
  0xFF, 0xD0, 0x6B, 0xFF, 0xD0, 0x6B, 0xFF, 0xD0, 0x6B, 0xFF, 0xD0, 0x6B, 0xFF, 0xD0, 0x6B, 0xFF,
  0xB0, 0x6B, 0xFF, 0xB0, 0x6B, 0xFF, 0xB0, 0x6B, 0xFF, 0xB0, 0x6B, 0xFF, 0xB0, 0x6B, 0xFF, 0xB0,
  0x6B, 0xFF, 0xB0, 0x6B, 0xFF, 0xB0, 0x6B, 0xFF, 0xB0, 0x6B, 0xFF, 0xB0, 0x6B, 0xFF, 0xB0, 0x6B,
  0xFF, 0xB0, 0x6B, 0xFF, 0xB0, 0x6B, 0xFF, 0xD0, 0x6B, 0xFF, 0xB0, 0x6B, 0xFF, 0xB0, 0x6B, 0xFF,
  0xB0, 0x6B, 0xFF, 0xB0, 0x6B, 0xFF, 0xB0, 0x6B, 0xFF, 0xB0, 0x6B, 0xFF, 0xB0, 0x6B, 0xFF, 0xB0,
  0x6B, 0xFF, 0xB0, 0x6B, 0xFF, 0xB0, 0x6B, 0xFF, 0xB0, 0x6B, 0xFF, 0xB0, 0x6B, 0xFF, 0xB0, 0x6B,
  0xFF, 0xB0, 0x6B, 0xFF, 0xB0, 0x6B, 0xFF, 0xB0, 0x6B, 0xFF, 0xB0, 0x6B, 0xFF, 0xB0, 0x6B, 0xFF,
  0xB0, 0x6B, 0xFF, 0xB0, 0x6B, 0xFF, 0xB0, 0x6B, 0xFF, 0xB0, 0x6B, 0xFF, 0xB0, 0x6B, 0xFF, 0xB0,
  0x6B, 0xFF, 0xB0, 0x6B, 0xFF, 0xB0, 0x6B, 0xFF, 0xB0, 0x6B, 0xFF, 0xB0, 0x6B, 0xFF, 0xB0, 0x6B,
  0xFF, 0x32, 0x7C, 0xFF, 0x08, 0x3A, 0xFF, 0x29, 0x42, 0xFF, 0x11, 0x7C, 0xFF, 0x8F, 0x6B, 0xFF,
  0xAF, 0x6B, 0xFF, 0xB0, 0x6B, 0xFF, 0xB0, 0x6B, 0xFF, 0xB0, 0x6B, 0xFF, 0xB0, 0x6B, 0xFF, 0xB0,
  0x6B, 0xFF, 0xB0, 0x6B, 0xFF, 0xB0, 0x6B, 0xFF, 0xB0, 0x6B, 0xFF, 0xB0, 0x6B, 0xFF, 0xAF, 0x6B,
  0xFF, 0xAF, 0x6B, 0xFF, 0xB0, 0x6B, 0xFF, 0xB0, 0x6B, 0xFF, 0xAF, 0x6B, 0xFF, 0xAF, 0x6B, 0xFF,
  0xAF, 0x6B, 0xFF, 0x8F, 0x6B, 0xFF, 0x8F, 0x6B, 0xFF, 0x8F, 0x6B, 0xFF, 0x8F, 0x6B, 0xFF, 0x8F,
  0x6B, 0xFF, 0x8F, 0x6B, 0xFF, 0x8F, 0x6B, 0xFF, 0x8F, 0x6B, 0xFF, 0x8F, 0x63, 0xFF, 0x8F, 0x63,
  0xFF, 0x6F, 0x63, 0xFF, 0x6F, 0x63, 0xFF, 0x6F, 0x63, 0xFF, 0x6F, 0x63, 0xFF, 0x6E, 0x63, 0xFF,
  0x4E, 0x63, 0xFF, 0x4E, 0x63, 0xFF, 0x4E, 0x63, 0xFF, 0x4E, 0x63, 0xFF, 0x4E, 0x63, 0xFF, 0x6F,
  0x63, 0xFF, 0x6F, 0x63, 0xFF, 0x6F, 0x63, 0xFF, 0x6F, 0x63, 0xFF, 0x6F, 0x63, 0xFF, 0x6F, 0x63,
  0xFF, 0x4E, 0x63, 0xFF, 0x4E, 0x63, 0xFF, 0x4E, 0x63, 0xFF, 0x4E, 0x63, 0xFF, 0x4E, 0x63, 0xFF,
  0x4E, 0x63, 0xFF, 0x4E, 0x63, 0xFF, 0x4E, 0x63, 0xFF, 0x4F, 0x63, 0xFF, 0x6F, 0x63, 0xFF, 0x6F,
  0x63, 0xFF, 0x6F, 0x63, 0xFF, 0x6F, 0x63, 0xFF, 0x6F, 0x63, 0xFF, 0x6F, 0x63, 0xFF, 0x6F, 0x63,
  0xFF, 0x6F, 0x63, 0xFF, 0x6F, 0x63, 0xFF, 0x6F, 0x63, 0xFF, 0x6F, 0x63, 0xFF, 0x6F, 0x63, 0xFF,
  0x6F, 0x63, 0xFF, 0x6F, 0x63, 0xFF, 0x6F, 0x63, 0xFF, 0x6F, 0x63, 0xFF, 0x6F, 0x63, 0xFF, 0x4E,
  0x63, 0xFF, 0xD0, 0x6B, 0xFF, 0x4A, 0x42, 0xFF, 0xE8, 0x39, 0xFF, 0x8E, 0x6B, 0xFF, 0x10, 0x84,
  0xFF, 0xF0, 0x7B, 0xFF, 0xCF, 0x73, 0xFF, 0x10, 0x7C, 0xFF, 0xAB, 0x52, 0xFF, 0x45, 0x29, 0xD8,
  0x96, 0xB5, 0x09, 0x55, 0xAD, 0x00, 0x55, 0xAD, 0x00, 0x55, 0xAD, 0x00, 0x8D, 0x6B, 0x00, 0x8D,
  0x6B, 0x00, 0x8D, 0x6B, 0x00, 0xCE, 0x73, 0x00, 0xCA, 0x5A, 0x52, 0xA3, 0x10, 0xFF, 0x2E, 0x5B,
  0xFF, 0x2E, 0x5B, 0xFF, 0x0D, 0x5B, 0xFF, 0x0D, 0x5B, 0xFF, 0x0D, 0x5B, 0xFF, 0x0D, 0x5B, 0xFF,
  0x0D, 0x5B, 0xFF, 0x0D, 0x5B, 0xFF, 0x0D, 0x5B, 0xFF, 0x0D, 0x5B, 0xFF, 0x0D, 0x5B, 0xFF, 0x0D,
  0x5B, 0xFF, 0x0D, 0x5B, 0xFF, 0x0D, 0x5B, 0xFF, 0x0D, 0x5B, 0xFF, 0x0D, 0x5B, 0xFF, 0x0D, 0x5B,
  0xFF, 0xED, 0x52, 0xFF, 0xED, 0x52, 0xFF, 0xED, 0x52, 0xFF, 0xED, 0x52, 0xFF, 0xED, 0x52, 0xFF,
  0xED, 0x52, 0xFF, 0xED, 0x52, 0xFF, 0xED, 0x52, 0xFF, 0xED, 0x52, 0xFF, 0xED, 0x52, 0xFF, 0xED,
  0x52, 0xFF, 0xEC, 0x52, 0xFF, 0xEC, 0x52, 0xFF, 0xEC, 0x52, 0xFF, 0xEC, 0x52, 0xFF, 0xCC, 0x52,
  0xFF, 0xAC, 0x52, 0xFF, 0xCC, 0x52, 0xFF, 0x2D, 0x5B, 0xFF, 0xB0, 0x6B, 0xFF, 0x11, 0x74, 0xFF,
  0xF1, 0x73, 0xFF, 0xB0, 0x6B, 0xFF, 0x6E, 0x63, 0xFF, 0x0D, 0x5B, 0xFF, 0x6A, 0x42, 0xFF, 0x29,
  0x42, 0xFF, 0x09, 0x3A, 0xFF, 0x08, 0x3A, 0xFF, 0x29, 0x42, 0xFF, 0x29, 0x42, 0xFF, 0x29, 0x42,
  0xFF, 0xAB, 0x4A, 0xFF, 0x4E, 0x63, 0xFF, 0xD0, 0x73, 0xFF, 0x11, 0x7C, 0xFF, 0xB0, 0x6B, 0xFF,
  0x0D, 0x53, 0xFF, 0xC8, 0x31, 0xFF, 0xE4, 0x18, 0xFF, 0x41, 0x08, 0xFF, 0xC3, 0x18, 0xFF, 0xAC,
  0x4A, 0xFF, 0x4E, 0x63, 0xFF, 0xCC, 0x52, 0xFF, 0xCC, 0x52, 0xFF, 0xCC, 0x52, 0xFF, 0xCC, 0x52,
  0xFF, 0xCC, 0x52, 0xFF, 0xCC, 0x52, 0xFF, 0xCC, 0x52, 0xFF, 0xCC, 0x52, 0xFF, 0xCC, 0x52, 0xFF,
  0xCC, 0x52, 0xFF, 0xCC, 0x52, 0xFF, 0xAC, 0x52, 0xFF, 0xCC, 0x52, 0xFF, 0xCC, 0x52, 0xFF, 0xCC,
  0x52, 0xFF, 0xCC, 0x52, 0xFF, 0xCC, 0x52, 0xFF, 0xCC, 0x52, 0xFF, 0xCC, 0x4A, 0xFF, 0xCC, 0x4A,
  0xFF, 0xAC, 0x52, 0xFF, 0xAC, 0x4A, 0xFF, 0xAC, 0x4A, 0xFF, 0xAC, 0x4A, 0xFF, 0xAC, 0x4A, 0xFF,
  0xAC, 0x4A, 0xFF, 0xCC, 0x52, 0xFF, 0xAC, 0x52, 0xFF, 0xCC, 0x52, 0xFF, 0xCC, 0x52, 0xFF, 0xCC,
  0x52, 0xFF, 0xCC, 0x52, 0xFF, 0xCC, 0x52, 0xFF, 0xCC, 0x52, 0xFF, 0xCC, 0x52, 0xFF, 0xCC, 0x52,
  0xFF, 0xCC, 0x52, 0xFF, 0xCC, 0x52, 0xFF, 0xCC, 0x52, 0xFF, 0xCC, 0x52, 0xFF, 0xCC, 0x52, 0xFF,
  0xCC, 0x52, 0xFF, 0xAC, 0x4A, 0xFF, 0xAC, 0x4A, 0xFF, 0xAC, 0x4A, 0xFF, 0xE4, 0x18, 0xFF, 0x6A,
  0x42, 0xFF, 0x0D, 0x5B, 0xFF, 0xAC, 0x52, 0xFF, 0xCC, 0x52, 0xFF, 0xCC, 0x4A, 0xFF, 0xCC, 0x52,
  0xFF, 0xCC, 0x52, 0xFF, 0x04, 0x21, 0xFF, 0x29, 0x3A, 0xFF, 0xED, 0x52, 0xFF, 0xAC, 0x4A, 0xFF,
  0xAC, 0x4A, 0xFF, 0xAC, 0x4A, 0xFF, 0xAC, 0x4A, 0xFF, 0xAC, 0x4A, 0xFF, 0xAC, 0x4A, 0xFF, 0xAC,
  0x52, 0xFF, 0xCC, 0x52, 0xFF, 0xAC, 0x52, 0xFF, 0xCC, 0x52, 0xFF, 0xCC, 0x52, 0xFF, 0xCC, 0x52,
  0xFF, 0xCC, 0x52, 0xFF, 0xCC, 0x52, 0xFF, 0xCC, 0x52, 0xFF, 0xCC, 0x52, 0xFF, 0xCC, 0x52, 0xFF,
  0xCC, 0x52, 0xFF, 0xCC, 0x52, 0xFF, 0xCC, 0x52, 0xFF, 0xCC, 0x52, 0xFF, 0xCC, 0x52, 0xFF, 0xCC,
  0x52, 0xFF, 0xCC, 0x52, 0xFF, 0xCC, 0x52, 0xFF, 0xCC, 0x52, 0xFF, 0xAC, 0x52, 0xFF, 0xAC, 0x52,
  0xFF, 0xCC, 0x52, 0xFF, 0xCC, 0x52, 0xFF, 0xCC, 0x52, 0xFF, 0xCC, 0x52, 0xFF, 0xCC, 0x52, 0xFF,
  0xCC, 0x52, 0xFF, 0xCC, 0x52, 0xFF, 0xCC, 0x52, 0xFF, 0xCC, 0x52, 0xFF, 0xAC, 0x52, 0xFF, 0xAC,
  0x52, 0xFF, 0xCC, 0x52, 0xFF, 0xAC, 0x52, 0xFF, 0xAC, 0x52, 0xFF, 0xAC, 0x52, 0xFF, 0xCC, 0x52,
  0xFF, 0xCC, 0x52, 0xFF, 0xCC, 0x52, 0xFF, 0xCC, 0x52, 0xFF, 0xCC, 0x52, 0xFF, 0xCC, 0x52, 0xFF,
  0xCC, 0x52, 0xFF, 0xCC, 0x52, 0xFF, 0xCC, 0x52, 0xFF, 0xAC, 0x52, 0xFF, 0xAC, 0x52, 0xFF, 0xAC,
  0x52, 0xFF, 0xCC, 0x52, 0xFF, 0xCC, 0x52, 0xFF, 0xCC, 0x52, 0xFF, 0xCC, 0x52, 0xFF, 0xCC, 0x52,
  0xFF, 0xCC, 0x52, 0xFF, 0xCC, 0x52, 0xFF, 0xCC, 0x52, 0xFF, 0xAC, 0x4A, 0xFF, 0x2E, 0x5B, 0xFF,
  0x86, 0x29, 0xFF, 0xA7, 0x31, 0xFF, 0x0D, 0x5B, 0xFF, 0xAC, 0x4A, 0xFF, 0xCC, 0x52, 0xFF, 0xCC,
  0x52, 0xFF, 0xCC, 0x52, 0xFF, 0xCC, 0x52, 0xFF, 0xAC, 0x52, 0xFF, 0xAC, 0x52, 0xFF, 0xAC, 0x4A,
  0xFF, 0xAC, 0x4A, 0xFF, 0xAC, 0x4A, 0xFF, 0xAC, 0x4A, 0xFF, 0xAC, 0x4A, 0xFF, 0xAC, 0x52, 0xFF,
  0xAC, 0x4A, 0xFF, 0xAC, 0x4A, 0xFF, 0xAC, 0x4A, 0xFF, 0xAC, 0x4A, 0xFF, 0xAB, 0x4A, 0xFF, 0xAB,
  0x4A, 0xFF, 0xAB, 0x4A, 0xFF, 0x8B, 0x4A, 0xFF, 0x8B, 0x4A, 0xFF, 0x8B, 0x4A, 0xFF, 0x8B, 0x4A,
  0xFF, 0x6B, 0x42, 0xFF, 0x6B, 0x42, 0xFF, 0x8B, 0x4A, 0xFF, 0x8B, 0x4A, 0xFF, 0xAB, 0x4A, 0xFF,
  0xAC, 0x52, 0xFF, 0xED, 0x52, 0xFF, 0x2E, 0x5B, 0xFF, 0x2E, 0x5B, 0xFF, 0x2E, 0x5B, 0xFF, 0x2E,
  0x5B, 0xFF, 0x2E, 0x5B, 0xFF, 0x0D, 0x5B, 0xFF, 0xCC, 0x52, 0xFF, 0xCC, 0x52, 0xFF, 0xAB, 0x4A,
  0xFF, 0x8B, 0x4A, 0xFF, 0x8B, 0x4A, 0xFF, 0xAB, 0x4A, 0xFF, 0xAB, 0x4A, 0xFF, 0xAC, 0x4A, 0xFF,
  0xAC, 0x4A, 0xFF, 0xAC, 0x4A, 0xFF, 0xAC, 0x4A, 0xFF, 0xAC, 0x4A, 0xFF, 0xAC, 0x4A, 0xFF, 0xAC,
  0x4A, 0xFF, 0xAC, 0x4A, 0xFF, 0xAC, 0x4A, 0xFF, 0xAC, 0x4A, 0xFF, 0xAC, 0x52, 0xFF, 0xAC, 0x52,
  0xFF, 0xCC, 0x52, 0xFF, 0xCC, 0x52, 0xFF, 0xCC, 0x52, 0xFF, 0xCC, 0x52, 0xFF, 0xCC, 0x52, 0xFF,
  0xCC, 0x52, 0xFF, 0xCC, 0x52, 0xFF, 0xCC, 0x52, 0xFF, 0xCC, 0x52, 0xFF, 0xCC, 0x52, 0xFF, 0xCC,
  0x52, 0xFF, 0xCC, 0x52, 0xFF, 0xCC, 0x52, 0xFF, 0xCC, 0x52, 0xFF, 0xCC, 0x52, 0xFF, 0x2D, 0x5B,
  0xFF, 0x09, 0x3A, 0xFF, 0xA3, 0x08, 0xFF, 0xF3, 0x9C, 0xFF, 0xFF, 0xFF, 0xFF, 0x7D, 0xEF, 0xFF,
  0xBE, 0xFF, 0xFF, 0x3C, 0xEF, 0xFF, 0xAE, 0x73, 0xFF, 0x65, 0x29, 0xDB, 0x34, 0xA5, 0x0C, 0x14,
  0xA5, 0x00, 0x14, 0xA5, 0x00, 0x14, 0xA5, 0x00, 0xA6, 0x31, 0x00, 0xA6, 0x31, 0x00, 0xA6, 0x31,
  0x00, 0xC6, 0x31, 0x00, 0x03, 0x21, 0x82, 0x04, 0x19, 0xFF, 0x2E, 0x5B, 0xFF, 0xEC, 0x52, 0xFF,
  0xED, 0x52, 0xFF, 0xED, 0x52, 0xFF, 0xED, 0x52, 0xFF, 0xED, 0x52, 0xFF, 0xED, 0x52, 0xFF, 0xED,
  0x52, 0xFF, 0xED, 0x52, 0xFF, 0xED, 0x52, 0xFF, 0xED, 0x52, 0xFF, 0xED, 0x52, 0xFF, 0xED, 0x52,
  0xFF, 0xED, 0x52, 0xFF, 0xED, 0x52, 0xFF, 0xED, 0x52, 0xFF, 0xED, 0x52, 0xFF, 0xED, 0x52, 0xFF,
  0xED, 0x52, 0xFF, 0xED, 0x52, 0xFF, 0xED, 0x52, 0xFF, 0xEC, 0x52, 0xFF, 0xEC, 0x52, 0xFF, 0xEC,
  0x52, 0xFF, 0xEC, 0x52, 0xFF, 0xEC, 0x52, 0xFF, 0xEC, 0x52, 0xFF, 0xEC, 0x52, 0xFF, 0xEC, 0x52,
  0xFF, 0xEC, 0x52, 0xFF, 0xCC, 0x52, 0xFF, 0xAB, 0x4A, 0xFF, 0xEC, 0x52, 0xFF, 0xAF, 0x6B, 0xFF,
  0x31, 0x7C, 0xFF, 0xD0, 0x6B, 0xFF, 0xED, 0x5A, 0xFF, 0xE8, 0x31, 0xFF, 0xE4, 0x18, 0xFF, 0x62,
  0x08, 0xFF, 0x20, 0x00, 0xFF, 0x00, 0x00, 0xFF, 0x00, 0x00, 0xFF, 0x00, 0x00, 0xFF, 0x00, 0x00,
  0xFF, 0x00, 0x00, 0xFF, 0x20, 0x00, 0xFF, 0x00, 0x00, 0xFF, 0x00, 0x00, 0xFF, 0x00, 0x00, 0xFF,
  0x00, 0x00, 0xFF, 0x61, 0x08, 0xFF, 0x66, 0x29, 0xFF, 0x8B, 0x4A, 0xFF, 0x4E, 0x63, 0xFF, 0xF1,
  0x73, 0xFF, 0x32, 0x7C, 0xFF, 0x2E, 0x5B, 0xFF, 0x45, 0x21, 0xFF, 0x61, 0x08, 0xFF, 0xE8, 0x31,
  0xFF, 0x8F, 0x63, 0xFF, 0x2E, 0x5B, 0xFF, 0xCC, 0x52, 0xFF, 0xED, 0x52, 0xFF, 0xED, 0x52, 0xFF,
  0xED, 0x52, 0xFF, 0xED, 0x52, 0xFF, 0xED, 0x52, 0xFF, 0xEC, 0x52, 0xFF, 0xEC, 0x52, 0xFF, 0xEC,
  0x52, 0xFF, 0xEC, 0x52, 0xFF, 0xEC, 0x52, 0xFF, 0xEC, 0x52, 0xFF, 0xEC, 0x52, 0xFF, 0xEC, 0x52,
  0xFF, 0xEC, 0x52, 0xFF, 0xEC, 0x52, 0xFF, 0xEC, 0x52, 0xFF, 0xEC, 0x52, 0xFF, 0xEC, 0x52, 0xFF,
  0xEC, 0x52, 0xFF, 0xEC, 0x52, 0xFF, 0xEC, 0x52, 0xFF, 0xEC, 0x52, 0xFF, 0xEC, 0x52, 0xFF, 0xEC,
  0x52, 0xFF, 0xEC, 0x52, 0xFF, 0xEC, 0x52, 0xFF, 0xEC, 0x52, 0xFF, 0xEC, 0x52, 0xFF, 0xEC, 0x52,
  0xFF, 0xEC, 0x52, 0xFF, 0xEC, 0x52, 0xFF, 0xEC, 0x52, 0xFF, 0xEC, 0x52, 0xFF, 0xEC, 0x52, 0xFF,
  0xEC, 0x52, 0xFF, 0xEC, 0x52, 0xFF, 0xEC, 0x52, 0xFF, 0xEC, 0x52, 0xFF, 0xEC, 0x52, 0xFF, 0xEC,
  0x52, 0xFF, 0xEC, 0x52, 0xFF, 0xED, 0x52, 0xFF, 0x25, 0x19, 0xFF, 0x6B, 0x4A, 0xFF, 0x2E, 0x5B,
  0xFF, 0xEC, 0x52, 0xFF, 0xEC, 0x52, 0xFF, 0xEC, 0x52, 0xFF, 0xED, 0x52, 0xFF, 0x0D, 0x5B, 0xFF,
  0x45, 0x21, 0xFF, 0x4A, 0x42, 0xFF, 0x0D, 0x5B, 0xFF, 0xCC, 0x52, 0xFF, 0xCC, 0x52, 0xFF, 0xCC,
  0x52, 0xFF, 0xEC, 0x52, 0xFF, 0xEC, 0x52, 0xFF, 0xEC, 0x52, 0xFF, 0xEC, 0x52, 0xFF, 0xED, 0x52,
  0xFF, 0xED, 0x52, 0xFF, 0xED, 0x52, 0xFF, 0xED, 0x52, 0xFF, 0xED, 0x52, 0xFF, 0xED, 0x52, 0xFF,
  0xED, 0x52, 0xFF, 0xED, 0x52, 0xFF, 0xED, 0x52, 0xFF, 0xED, 0x52, 0xFF, 0xED, 0x52, 0xFF, 0xED,
  0x52, 0xFF, 0xED, 0x52, 0xFF, 0xEC, 0x52, 0xFF, 0xEC, 0x52, 0xFF, 0xED, 0x52, 0xFF, 0xED, 0x52,
  0xFF, 0xED, 0x52, 0xFF, 0xED, 0x52, 0xFF, 0xED, 0x52, 0xFF, 0xED, 0x52, 0xFF, 0xED, 0x52, 0xFF,
  0xED, 0x52, 0xFF, 0xED, 0x52, 0xFF, 0xED, 0x52, 0xFF, 0xED, 0x52, 0xFF, 0xED, 0x52, 0xFF, 0xED,
  0x52, 0xFF, 0xED, 0x52, 0xFF, 0xED, 0x52, 0xFF, 0xED, 0x52, 0xFF, 0xED, 0x52, 0xFF, 0xED, 0x52,
  0xFF, 0xED, 0x52, 0xFF, 0xED, 0x52, 0xFF, 0xED, 0x52, 0xFF, 0xED, 0x52, 0xFF, 0xED, 0x52, 0xFF,
  0xED, 0x52, 0xFF, 0xED, 0x52, 0xFF, 0xED, 0x52, 0xFF, 0xED, 0x52, 0xFF, 0xED, 0x52, 0xFF, 0xED,
  0x52, 0xFF, 0xED, 0x52, 0xFF, 0xED, 0x52, 0xFF, 0xED, 0x52, 0xFF, 0xED, 0x52, 0xFF, 0xED, 0x52,
  0xFF, 0xED, 0x52, 0xFF, 0xED, 0x52, 0xFF, 0xED, 0x52, 0xFF, 0xED, 0x52, 0xFF, 0xED, 0x52, 0xFF,
  0xED, 0x52, 0xFF, 0xED, 0x52, 0xFF, 0xEC, 0x52, 0xFF, 0x4E, 0x63, 0xFF, 0xA7, 0x31, 0xFF, 0xC7,
  0x31, 0xFF, 0x2E, 0x5B, 0xFF, 0xEC, 0x52, 0xFF, 0xEC, 0x52, 0xFF, 0xEC, 0x52, 0xFF, 0xEC, 0x52,
  0xFF, 0xEC, 0x52, 0xFF, 0xEC, 0x52, 0xFF, 0xEC, 0x52, 0xFF, 0xEC, 0x52, 0xFF, 0xEC, 0x52, 0xFF,
  0xEC, 0x52, 0xFF, 0xEC, 0x52, 0xFF, 0xED, 0x52, 0xFF, 0xEC, 0x52, 0xFF, 0xAC, 0x4A, 0xFF, 0xAC,
  0x4A, 0xFF, 0xAC, 0x4A, 0xFF, 0xAC, 0x4A, 0xFF, 0xAC, 0x4A, 0xFF, 0xAC, 0x4A, 0xFF, 0xAC, 0x4A,
  0xFF, 0xAB, 0x4A, 0xFF, 0x8B, 0x4A, 0xFF, 0x8B, 0x4A, 0xFF, 0xCC, 0x52, 0xFF, 0x2E, 0x5B, 0xFF,
  0x6F, 0x63, 0xFF, 0xB0, 0x6B, 0xFF, 0xF0, 0x73, 0xFF, 0xB0, 0x6B, 0xFF, 0xB0, 0x6B, 0xFF, 0x4E,
  0x63, 0xFF, 0xED, 0x5A, 0xFF, 0x0D, 0x5B, 0xFF, 0x0D, 0x5B, 0xFF, 0x0D, 0x5B, 0xFF, 0x0D, 0x5B,
  0xFF, 0x2E, 0x5B, 0xFF, 0xAF, 0x6B, 0xFF, 0xD0, 0x6B, 0xFF, 0xD0, 0x73, 0xFF, 0xD1, 0x73, 0xFF,
  0x8F, 0x6B, 0xFF, 0x4E, 0x63, 0xFF, 0xEC, 0x52, 0xFF, 0xAB, 0x4A, 0xFF, 0xAC, 0x4A, 0xFF, 0xCC,
  0x52, 0xFF, 0xCC, 0x52, 0xFF, 0xCC, 0x52, 0xFF, 0xCC, 0x52, 0xFF, 0xCC, 0x52, 0xFF, 0xEC, 0x52,
  0xFF, 0xEC, 0x52, 0xFF, 0xEC, 0x52, 0xFF, 0xEC, 0x52, 0xFF, 0xEC, 0x52, 0xFF, 0xEC, 0x52, 0xFF,
  0xEC, 0x52, 0xFF, 0xEC, 0x52, 0xFF, 0xEC, 0x52, 0xFF, 0xEC, 0x52, 0xFF, 0xEC, 0x52, 0xFF, 0xEC,
  0x52, 0xFF, 0xEC, 0x52, 0xFF, 0xEC, 0x52, 0xFF, 0xEC, 0x52, 0xFF, 0xEC, 0x52, 0xFF, 0xEC, 0x52,
  0xFF, 0xEC, 0x52, 0xFF, 0xEC, 0x52, 0xFF, 0xEC, 0x52, 0xFF, 0x4E, 0x63, 0xFF, 0x29, 0x3A, 0xFF,
  0xE4, 0x10, 0xFF, 0xB6, 0xB5, 0xFF, 0xFF, 0xFF, 0xFF, 0x9E, 0xF7, 0xFF, 0xDF, 0xFF, 0xFF, 0xBE,
  0xF7, 0xFF, 0x71, 0x8C, 0xFF, 0x04, 0x21, 0xDC, 0x8E, 0x73, 0x0E, 0xAE, 0x73, 0x00, 0xAE, 0x73,
  0x00, 0xAE, 0x73, 0x00, 0x0C, 0x63, 0x00, 0x0C, 0x63, 0x00, 0x0C, 0x63, 0x00, 0x4C, 0x6B, 0x00,
  0xA2, 0x10, 0xAA, 0x25, 0x19, 0xFF, 0x2E, 0x5B, 0xFF, 0xCC, 0x52, 0xFF, 0xEC, 0x52, 0xFF, 0xED,
  0x52, 0xFF, 0xED, 0x52, 0xFF, 0xED, 0x52, 0xFF, 0xED, 0x52, 0xFF, 0xED, 0x52, 0xFF, 0xED, 0x52,
  0xFF, 0xED, 0x52, 0xFF, 0xED, 0x52, 0xFF, 0xED, 0x52, 0xFF, 0xED, 0x52, 0xFF, 0xED, 0x52, 0xFF,
  0xED, 0x52, 0xFF, 0xED, 0x52, 0xFF, 0xED, 0x52, 0xFF, 0xED, 0x52, 0xFF, 0xED, 0x52, 0xFF, 0xED,
  0x52, 0xFF, 0xEC, 0x52, 0xFF, 0xEC, 0x52, 0xFF, 0xEC, 0x52, 0xFF, 0xEC, 0x52, 0xFF, 0xEC, 0x52,
  0xFF, 0xEC, 0x52, 0xFF, 0xEC, 0x52, 0xFF, 0xEC, 0x52, 0xFF, 0xEC, 0x52, 0xFF, 0xCC, 0x52, 0xFF,
  0xAB, 0x4A, 0xFF, 0x8F, 0x6B, 0xFF, 0x52, 0x7C, 0xFF, 0x8F, 0x63, 0xFF, 0xE8, 0x39, 0xFF, 0x82,
  0x10, 0xFF, 0x00, 0x00, 0xFF, 0x00, 0x00, 0xFF, 0x00, 0x00, 0xFF, 0x00, 0x00, 0xFF, 0x20, 0x00,
  0xFF, 0x20, 0x00, 0xFF, 0x41, 0x08, 0xFF, 0x41, 0x08, 0xFF, 0x61, 0x08, 0xFF, 0x61, 0x08, 0xFF,
  0x61, 0x08, 0xFF, 0x61, 0x08, 0xFF, 0x41, 0x08, 0xFF, 0x20, 0x00, 0xFF, 0x00, 0x00, 0xFF, 0x00,
  0x00, 0xFF, 0x00, 0x00, 0xFF, 0x00, 0x00, 0xFF, 0x00, 0x00, 0xFF, 0x04, 0x21, 0xFF, 0xEC, 0x5A,
  0xFF, 0x93, 0x84, 0xFF, 0x93, 0x84, 0xFF, 0x6A, 0x42, 0xFF, 0x62, 0x08, 0xFF, 0x25, 0x21, 0xFF,
  0x4E, 0x63, 0xFF, 0x4E, 0x63, 0xFF, 0xCC, 0x52, 0xFF, 0xED, 0x52, 0xFF, 0xED, 0x52, 0xFF, 0xED,
  0x52, 0xFF, 0xED, 0x52, 0xFF, 0xEC, 0x52, 0xFF, 0xEC, 0x52, 0xFF, 0xEC, 0x52, 0xFF, 0xEC, 0x52,
  0xFF, 0xEC, 0x52, 0xFF, 0xEC, 0x52, 0xFF, 0xEC, 0x52, 0xFF, 0xEC, 0x52, 0xFF, 0xEC, 0x52, 0xFF,
  0xEC, 0x52, 0xFF, 0xEC, 0x52, 0xFF, 0xEC, 0x52, 0xFF, 0xEC, 0x52, 0xFF, 0xEC, 0x52, 0xFF, 0xEC,
  0x52, 0xFF, 0xEC, 0x52, 0xFF, 0xEC, 0x52, 0xFF, 0xEC, 0x52, 0xFF, 0xEC, 0x52, 0xFF, 0xEC, 0x52,
  0xFF, 0xEC, 0x52, 0xFF, 0xEC, 0x52, 0xFF, 0xEC, 0x52, 0xFF, 0xEC, 0x52, 0xFF, 0xED, 0x52, 0xFF,
  0xEC, 0x52, 0xFF, 0xEC, 0x52, 0xFF, 0xEC, 0x52, 0xFF, 0xEC, 0x52, 0xFF, 0xEC, 0x52, 0xFF, 0xEC,
  0x52, 0xFF, 0xEC, 0x52, 0xFF, 0xEC, 0x52, 0xFF, 0xEC, 0x52, 0xFF, 0xEC, 0x52, 0xFF, 0xEC, 0x52,
  0xFF, 0x0D, 0x53, 0xFF, 0x25, 0x19, 0xFF, 0x6B, 0x42, 0xFF, 0x2E, 0x5B, 0xFF, 0xEC, 0x52, 0xFF,
  0xEC, 0x52, 0xFF, 0xEC, 0x52, 0xFF, 0xED, 0x52, 0xFF, 0x0D, 0x5B, 0xFF, 0x45, 0x21, 0xFF, 0x4A,
  0x42, 0xFF, 0x0D, 0x5B, 0xFF, 0xCC, 0x52, 0xFF, 0xCC, 0x52, 0xFF, 0xEC, 0x52, 0xFF, 0xEC, 0x52,
  0xFF, 0xEC, 0x52, 0xFF, 0xEC, 0x52, 0xFF, 0xEC, 0x52, 0xFF, 0xED, 0x52, 0xFF, 0xED, 0x52, 0xFF,
  0xED, 0x52, 0xFF, 0xED, 0x52, 0xFF, 0xED, 0x52, 0xFF, 0xED, 0x52, 0xFF, 0xED, 0x52, 0xFF, 0xED,
  0x52, 0xFF, 0xED, 0x52, 0xFF, 0xED, 0x52, 0xFF, 0xED, 0x52, 0xFF, 0xED, 0x52, 0xFF, 0xED, 0x52,
  0xFF, 0xEC, 0x52, 0xFF, 0xEC, 0x52, 0xFF, 0xED, 0x52, 0xFF, 0xED, 0x52, 0xFF, 0xED, 0x52, 0xFF,
  0xED, 0x52, 0xFF, 0xED, 0x52, 0xFF, 0xED, 0x52, 0xFF, 0xED, 0x52, 0xFF, 0xED, 0x52, 0xFF, 0xED,
  0x52, 0xFF, 0xED, 0x52, 0xFF, 0xED, 0x52, 0xFF, 0xED, 0x52, 0xFF, 0xED, 0x52, 0xFF, 0xED, 0x52,
  0xFF, 0xED, 0x52, 0xFF, 0xED, 0x52, 0xFF, 0xED, 0x52, 0xFF, 0xED, 0x52, 0xFF, 0xED, 0x52, 0xFF,
  0xED, 0x52, 0xFF, 0xED, 0x52, 0xFF, 0xED, 0x52, 0xFF, 0xED, 0x52, 0xFF, 0xED, 0x52, 0xFF, 0xED,
  0x52, 0xFF, 0xED, 0x52, 0xFF, 0xED, 0x52, 0xFF, 0xED, 0x52, 0xFF, 0xED, 0x52, 0xFF, 0xED, 0x52,
  0xFF, 0xED, 0x52, 0xFF, 0xED, 0x52, 0xFF, 0xED, 0x52, 0xFF, 0xED, 0x52, 0xFF, 0xED, 0x52, 0xFF,
  0xED, 0x52, 0xFF, 0xED, 0x52, 0xFF, 0xED, 0x52, 0xFF, 0xED, 0x52, 0xFF, 0xED, 0x52, 0xFF, 0xED,
  0x52, 0xFF, 0xEC, 0x52, 0xFF, 0x6E, 0x63, 0xFF, 0xA7, 0x31, 0xFF, 0xC7, 0x31, 0xFF, 0x2E, 0x5B,
  0xFF, 0xEC, 0x52, 0xFF, 0xEC, 0x52, 0xFF, 0xEC, 0x52, 0xFF, 0xEC, 0x52, 0xFF, 0xEC, 0x52, 0xFF,
  0xEC, 0x52, 0xFF, 0xEC, 0x52, 0xFF, 0xEC, 0x52, 0xFF, 0xEC, 0x52, 0xFF, 0xEC, 0x52, 0xFF, 0xEC,
  0x52, 0xFF, 0xED, 0x52, 0xFF, 0xCC, 0x52, 0xFF, 0xAC, 0x4A, 0xFF, 0xAC, 0x4A, 0xFF, 0xAC, 0x4A,
  0xFF, 0xAC, 0x4A, 0xFF, 0xAC, 0x4A, 0xFF, 0xAC, 0x4A, 0xFF, 0x8B, 0x4A, 0xFF, 0x8B, 0x4A, 0xFF,
  0xCC, 0x52, 0xFF, 0xAF, 0x6B, 0xFF, 0xF1, 0x73, 0xFF, 0x11, 0x74, 0xFF, 0x8F, 0x63, 0xFF, 0x8B,
  0x4A, 0xFF, 0x29, 0x3A, 0xFF, 0xE8, 0x39, 0xFF, 0x45, 0x21, 0xFF, 0x82, 0x08, 0xFF, 0x00, 0x00,
  0xFF, 0x20, 0x00, 0xFF, 0x21, 0x00, 0xFF, 0x20, 0x00, 0xFF, 0x00, 0x00, 0xFF, 0x20, 0x00, 0xFF,
  0xA3, 0x10, 0xFF, 0xE4, 0x18, 0xFF, 0x66, 0x29, 0xFF, 0x29, 0x42, 0xFF, 0xEC, 0x52, 0xFF, 0xB0,
  0x6B, 0xFF, 0x32, 0x7C, 0xFF, 0xD0, 0x73, 0xFF, 0xED, 0x52, 0xFF, 0x8B, 0x4A, 0xFF, 0xCC, 0x52,
  0xFF, 0xEC, 0x52, 0xFF, 0xCC, 0x52, 0xFF, 0xCC, 0x52, 0xFF, 0xCC, 0x52, 0xFF, 0xEC, 0x52, 0xFF,
  0xEC, 0x52, 0xFF, 0xEC, 0x52, 0xFF, 0xEC, 0x52, 0xFF, 0xEC, 0x52, 0xFF, 0xEC, 0x52, 0xFF, 0xEC,
  0x52, 0xFF, 0xEC, 0x52, 0xFF, 0xEC, 0x52, 0xFF, 0xEC, 0x52, 0xFF, 0xEC, 0x52, 0xFF, 0xEC, 0x52,
  0xFF, 0xEC, 0x52, 0xFF, 0xEC, 0x52, 0xFF, 0xEC, 0x52, 0xFF, 0xEC, 0x52, 0xFF, 0xEC, 0x52, 0xFF,
  0xEC, 0x52, 0xFF, 0xEC, 0x52, 0xFF, 0x4E, 0x63, 0xFF, 0x29, 0x3A, 0xFF, 0x05, 0x19, 0xFF, 0x75,
  0xAD, 0xFF, 0xFF, 0xFF, 0xFF, 0x5D, 0xEF, 0xFF, 0x9E, 0xF7, 0xFF, 0x5D, 0xEF, 0xFF, 0xD3, 0x9C,
  0xFF, 0x24, 0x21, 0xE4, 0x28, 0x42, 0x19, 0x69, 0x4A, 0x00, 0x69, 0x4A, 0x00, 0x69, 0x4A, 0x00,
  0xEF, 0x7B, 0x00, 0xEF, 0x7B, 0x00, 0xEF, 0x7B, 0x00, 0x30, 0x84, 0x01, 0xE3, 0x18, 0xD3, 0xC8,
  0x31, 0xFF, 0x0D, 0x5B, 0xFF, 0xCC, 0x52, 0xFF, 0xCC, 0x52, 0xFF, 0xEC, 0x52, 0xFF, 0xEC, 0x52,
  0xFF, 0xEC, 0x52, 0xFF, 0xED, 0x52, 0xFF, 0xED, 0x52, 0xFF, 0xED, 0x52, 0xFF, 0xED, 0x52, 0xFF,
  0xED, 0x52, 0xFF, 0xED, 0x52, 0xFF, 0xED, 0x52, 0xFF, 0xED, 0x52, 0xFF, 0xED, 0x52, 0xFF, 0xED,
  0x52, 0xFF, 0xED, 0x52, 0xFF, 0xEC, 0x52, 0xFF, 0xEC, 0x52, 0xFF, 0xEC, 0x52, 0xFF, 0xEC, 0x52,
  0xFF, 0xEC, 0x52, 0xFF, 0xEC, 0x52, 0xFF, 0xCC, 0x52, 0xFF, 0xCC, 0x52, 0xFF, 0xCC, 0x52, 0xFF,
  0xEC, 0x52, 0xFF, 0xEC, 0x52, 0xFF, 0xAB, 0x4A, 0xFF, 0x0D, 0x5B, 0xFF, 0x31, 0x7C, 0xFF, 0x8F,
  0x6B, 0xFF, 0x87, 0x29, 0xFF, 0x00, 0x00, 0xFF, 0x00, 0x00, 0xFF, 0x00, 0x00, 0xFF, 0x00, 0x00,
  0xFF, 0x20, 0x00, 0xFF, 0x41, 0x08, 0xFF, 0x41, 0x00, 0xFF, 0x20, 0x00, 0xFF, 0x20, 0x00, 0xFF,
  0x00, 0x00, 0xFF, 0x00, 0x00, 0xFF, 0x00, 0x00, 0xFF, 0x00, 0x00, 0xFF, 0x00, 0x00, 0xFF, 0x00,
  0x00, 0xFF, 0x00, 0x00, 0xFF, 0x20, 0x00, 0xFF, 0x41, 0x00, 0xFF, 0x41, 0x08, 0xFF, 0x41, 0x08,
  0xFF, 0x21, 0x08, 0xFF, 0x20, 0x08, 0xFF, 0x00, 0x00, 0xFF, 0x00, 0x00, 0xFF, 0xE4, 0x18, 0xFF,
  0x0D, 0x5B, 0xFF, 0x52, 0x84, 0xFF, 0xB0, 0x6B, 0xFF, 0x04, 0x19, 0xFF, 0x61, 0x08, 0xFF, 0xEC,
  0x52, 0xFF, 0x6F, 0x63, 0xFF, 0xCC, 0x52, 0xFF, 0xEC, 0x52, 0xFF, 0xED, 0x52, 0xFF, 0xED, 0x52,
  0xFF, 0xEC, 0x52, 0xFF, 0xEC, 0x52, 0xFF, 0xEC, 0x52, 0xFF, 0xEC, 0x52, 0xFF, 0xEC, 0x52, 0xFF,
  0xEC, 0x52, 0xFF, 0xEC, 0x52, 0xFF, 0xEC, 0x52, 0xFF, 0xEC, 0x52, 0xFF, 0xEC, 0x52, 0xFF, 0xEC,
  0x52, 0xFF, 0xEC, 0x52, 0xFF, 0xEC, 0x52, 0xFF, 0xEC, 0x52, 0xFF, 0xEC, 0x52, 0xFF, 0xEC, 0x52,
  0xFF, 0xEC, 0x52, 0xFF, 0xEC, 0x52, 0xFF, 0xEC, 0x52, 0xFF, 0xED, 0x52, 0xFF, 0xED, 0x52, 0xFF,
  0xED, 0x52, 0xFF, 0xED, 0x52, 0xFF, 0xED, 0x52, 0xFF, 0xED, 0x52, 0xFF, 0xED, 0x52, 0xFF, 0xED,
  0x52, 0xFF, 0xED, 0x52, 0xFF, 0xED, 0x52, 0xFF, 0xEC, 0x52, 0xFF, 0xEC, 0x52, 0xFF, 0xEC, 0x52,
  0xFF, 0xEC, 0x52, 0xFF, 0xEC, 0x52, 0xFF, 0xEC, 0x52, 0xFF, 0xED, 0x52, 0xFF, 0xED, 0x52, 0xFF,
  0x04, 0x19, 0xFF, 0x8B, 0x4A, 0xFF, 0x2E, 0x5B, 0xFF, 0xEC, 0x52, 0xFF, 0xEC, 0x52, 0xFF, 0xEC,
  0x52, 0xFF, 0xED, 0x52, 0xFF, 0x0D, 0x5B, 0xFF, 0x45, 0x21, 0xFF, 0x4A, 0x42, 0xFF, 0x0D, 0x5B,
  0xFF, 0xCC, 0x52, 0xFF, 0xCC, 0x52, 0xFF, 0xEC, 0x52, 0xFF, 0xEC, 0x52, 0xFF, 0xEC, 0x52, 0xFF,
  0xEC, 0x52, 0xFF, 0xEC, 0x52, 0xFF, 0xED, 0x52, 0xFF, 0xED, 0x52, 0xFF, 0xED, 0x52, 0xFF, 0xED,
  0x52, 0xFF, 0xED, 0x52, 0xFF, 0xED, 0x52, 0xFF, 0xED, 0x52, 0xFF, 0xED, 0x52, 0xFF, 0xED, 0x52,
  0xFF, 0xED, 0x52, 0xFF, 0xED, 0x52, 0xFF, 0xED, 0x52, 0xFF, 0xED, 0x52, 0xFF, 0xED, 0x52, 0xFF,
  0xED, 0x52, 0xFF, 0xED, 0x52, 0xFF, 0xED, 0x52, 0xFF, 0xED, 0x52, 0xFF, 0xED, 0x52, 0xFF, 0xED,
  0x52, 0xFF, 0xED, 0x52, 0xFF, 0xED, 0x52, 0xFF, 0xED, 0x52, 0xFF, 0xED, 0x52, 0xFF, 0xED, 0x52,
  0xFF, 0xED, 0x52, 0xFF, 0xED, 0x52, 0xFF, 0xED, 0x52, 0xFF, 0xED, 0x52, 0xFF, 0xED, 0x52, 0xFF,
  0xED, 0x52, 0xFF, 0xED, 0x52, 0xFF, 0xED, 0x52, 0xFF, 0xED, 0x52, 0xFF, 0xED, 0x52, 0xFF, 0xED,
  0x52, 0xFF, 0xED, 0x52, 0xFF, 0xED, 0x52, 0xFF, 0xED, 0x52, 0xFF, 0xED, 0x52, 0xFF, 0xED, 0x52,
  0xFF, 0xED, 0x52, 0xFF, 0xED, 0x52, 0xFF, 0xED, 0x52, 0xFF, 0xED, 0x52, 0xFF, 0xED, 0x52, 0xFF,
  0xED, 0x52, 0xFF, 0xED, 0x52, 0xFF, 0xED, 0x52, 0xFF, 0xED, 0x52, 0xFF, 0xED, 0x52, 0xFF, 0xED,
  0x52, 0xFF, 0xED, 0x52, 0xFF, 0xED, 0x52, 0xFF, 0xED, 0x52, 0xFF, 0xED, 0x52, 0xFF, 0xEC, 0x52,
  0xFF, 0x4E, 0x63, 0xFF, 0xA7, 0x31, 0xFF, 0xC7, 0x31, 0xFF, 0x2E, 0x5B, 0xFF, 0xEC, 0x52, 0xFF,
  0xEC, 0x52, 0xFF, 0xEC, 0x52, 0xFF, 0xEC, 0x52, 0xFF, 0xEC, 0x52, 0xFF, 0xEC, 0x52, 0xFF, 0xEC,
  0x52, 0xFF, 0xEC, 0x52, 0xFF, 0xEC, 0x52, 0xFF, 0xEC, 0x52, 0xFF, 0xEC, 0x52, 0xFF, 0xEC, 0x52,
  0xFF, 0xCC, 0x52, 0xFF, 0xAC, 0x4A, 0xFF, 0xAC, 0x4A, 0xFF, 0xAC, 0x4A, 0xFF, 0xAC, 0x4A, 0xFF,
  0xAB, 0x4A, 0xFF, 0x6B, 0x42, 0xFF, 0xCC, 0x52, 0xFF, 0xB0, 0x6B, 0xFF, 0x31, 0x7C, 0xFF, 0x6F,
  0x63, 0xFF, 0xCC, 0x52, 0xFF, 0x86, 0x29, 0xFF, 0x82, 0x10, 0xFF, 0x41, 0x00, 0xFF, 0x00, 0x00,
  0xFF, 0x00, 0x00, 0xFF, 0x00, 0x00, 0xFF, 0x00, 0x00, 0xFF, 0x00, 0x00, 0xFF, 0x00, 0x00, 0xFF,
  0x00, 0x00, 0xFF, 0x00, 0x00, 0xFF, 0x00, 0x00, 0xFF, 0x00, 0x00, 0xFF, 0x00, 0x00, 0xFF, 0x00,
  0x00, 0xFF, 0x00, 0x00, 0xFF, 0x00, 0x00, 0xFF, 0x00, 0x00, 0xFF, 0x61, 0x08, 0xFF, 0x86, 0x29,
  0xFF, 0xED, 0x52, 0xFF, 0xD0, 0x73, 0xFF, 0xD0, 0x73, 0xFF, 0xED, 0x52, 0xFF, 0x8B, 0x4A, 0xFF,
  0xCC, 0x52, 0xFF, 0xEC, 0x52, 0xFF, 0xCC, 0x52, 0xFF, 0xEC, 0x52, 0xFF, 0xEC, 0x52, 0xFF, 0xEC,
  0x52, 0xFF, 0xEC, 0x52, 0xFF, 0xEC, 0x52, 0xFF, 0xEC, 0x52, 0xFF, 0xEC, 0x52, 0xFF, 0xEC, 0x52,
  0xFF, 0xEC, 0x52, 0xFF, 0xEC, 0x52, 0xFF, 0xEC, 0x52, 0xFF, 0xEC, 0x52, 0xFF, 0xEC, 0x52, 0xFF,
  0xEC, 0x52, 0xFF, 0xEC, 0x52, 0xFF, 0xEC, 0x52, 0xFF, 0xED, 0x52, 0xFF, 0xED, 0x52, 0xFF, 0xEC,
  0x52, 0xFF, 0x4E, 0x5B, 0xFF, 0x29, 0x3A, 0xFF, 0x25, 0x19, 0xFF, 0x75, 0xAD, 0xFF, 0xFF, 0xFF,
  0xFF, 0x5D, 0xEF, 0xFF, 0xBE, 0xF7, 0xFF, 0x5D, 0xEF, 0xFF, 0xB2, 0x9C, 0xFF, 0xE3, 0x18, 0xED,
  0xC2, 0x10, 0x29, 0x03, 0x19, 0x00, 0x03, 0x19, 0x00, 0x03, 0x19, 0x00, 0xE7, 0x39, 0x00, 0x49,
  0x4A, 0x00, 0x69, 0x4A, 0x00, 0x69, 0x4A, 0x2D, 0xA3, 0x10, 0xF0, 0x4A, 0x42, 0xFF, 0xEC, 0x52,
  0xFF, 0xCC, 0x52, 0xFF, 0xCC, 0x52, 0xFF, 0xCC, 0x52, 0xFF, 0xEC, 0x52, 0xFF, 0xEC, 0x52, 0xFF,
  0xED, 0x52, 0xFF, 0xED, 0x52, 0xFF, 0xED, 0x52, 0xFF, 0xED, 0x52, 0xFF, 0xED, 0x52, 0xFF, 0xED,
  0x52, 0xFF, 0xED, 0x52, 0xFF, 0xED, 0x52, 0xFF, 0xED, 0x52, 0xFF, 0xEC, 0x52, 0xFF, 0xEC, 0x52,
  0xFF, 0xEC, 0x52, 0xFF, 0xEC, 0x52, 0xFF, 0xEC, 0x52, 0xFF, 0xEC, 0x52, 0xFF, 0xCC, 0x52, 0xFF,
  0xCC, 0x52, 0xFF, 0xCC, 0x52, 0xFF, 0xCC, 0x52, 0xFF, 0xCC, 0x52, 0xFF, 0xCC, 0x52, 0xFF, 0x8B,
  0x4A, 0xFF, 0x6E, 0x63, 0xFF, 0x11, 0x7C, 0xFF, 0x09, 0x3A, 0xFF, 0x20, 0x00, 0xFF, 0x00, 0x00,
  0xFF, 0x00, 0x00, 0xFF, 0x20, 0x00, 0xFF, 0x41, 0x00, 0xFF, 0x41, 0x08, 0xFF, 0x21, 0x00, 0xFF,
  0x00, 0x00, 0xFF, 0x00, 0x00, 0xFF, 0x00, 0x00, 0xFF, 0x00, 0x00, 0xFF, 0x20, 0x00, 0xFF, 0x61,
  0x08, 0xFF, 0x61, 0x08, 0xFF, 0x61, 0x08, 0xFF, 0x61, 0x08, 0xFF, 0x61, 0x08, 0xFF, 0x41, 0x08,
  0xFF, 0x00, 0x00, 0xFF, 0x00, 0x00, 0xFF, 0x00, 0x00, 0xFF, 0x20, 0x00, 0xFF, 0x40, 0x08, 0xFF,
  0x41, 0x08, 0xFF, 0x41, 0x08, 0xFF, 0x21, 0x00, 0xFF, 0x00, 0x00, 0xFF, 0x00, 0x00, 0xFF, 0x25,
  0x21, 0xFF, 0xD0, 0x6B, 0xFF, 0x32, 0x7C, 0xFF, 0x86, 0x29, 0xFF, 0x41, 0x08, 0xFF, 0xAC, 0x4A,
  0xFF, 0x4E, 0x63, 0xFF, 0xCC, 0x52, 0xFF, 0xED, 0x52, 0xFF, 0xEC, 0x52, 0xFF, 0xEC, 0x52, 0xFF,
  0xEC, 0x52, 0xFF, 0xEC, 0x52, 0xFF, 0xEC, 0x52, 0xFF, 0xEC, 0x52, 0xFF, 0xEC, 0x52, 0xFF, 0xEC,
  0x52, 0xFF, 0xEC, 0x52, 0xFF, 0xEC, 0x52, 0xFF, 0xEC, 0x52, 0xFF, 0xEC, 0x52, 0xFF, 0xEC, 0x52,
  0xFF, 0xEC, 0x52, 0xFF, 0xEC, 0x52, 0xFF, 0xEC, 0x52, 0xFF, 0xEC, 0x52, 0xFF, 0xEC, 0x52, 0xFF,
  0xEC, 0x52, 0xFF, 0xEC, 0x52, 0xFF, 0xED, 0x52, 0xFF, 0xEC, 0x52, 0xFF, 0xEC, 0x52, 0xFF, 0xED,
  0x52, 0xFF, 0xED, 0x52, 0xFF, 0xED, 0x52, 0xFF, 0xED, 0x52, 0xFF, 0xED, 0x52, 0xFF, 0xED, 0x52,
  0xFF, 0xED, 0x52, 0xFF, 0xEC, 0x52, 0xFF, 0xEC, 0x52, 0xFF, 0xEC, 0x52, 0xFF, 0xEC, 0x52, 0xFF,
  0xEC, 0x52, 0xFF, 0xEC, 0x52, 0xFF, 0xED, 0x52, 0xFF, 0xEC, 0x52, 0xFF, 0x04, 0x21, 0xFF, 0x8B,
  0x4A, 0xFF, 0x2E, 0x5B, 0xFF, 0xEC, 0x52, 0xFF, 0xEC, 0x52, 0xFF, 0xEC, 0x52, 0xFF, 0xED, 0x52,
  0xFF, 0x0D, 0x5B, 0xFF, 0x25, 0x21, 0xFF, 0x4A, 0x42, 0xFF, 0x0D, 0x5B, 0xFF, 0xCC, 0x52, 0xFF,
  0xCC, 0x52, 0xFF, 0xEC, 0x52, 0xFF, 0xEC, 0x52, 0xFF, 0xEC, 0x52, 0xFF, 0xEC, 0x52, 0xFF, 0xEC,
  0x52, 0xFF, 0xEC, 0x52, 0xFF, 0xEC, 0x52, 0xFF, 0xED, 0x52, 0xFF, 0xED, 0x52, 0xFF, 0xED, 0x52,
  0xFF, 0xED, 0x52, 0xFF, 0xED, 0x52, 0xFF, 0xED, 0x52, 0xFF, 0xED, 0x52, 0xFF, 0xED, 0x52, 0xFF,
  0xED, 0x52, 0xFF, 0xED, 0x52, 0xFF, 0xED, 0x52, 0xFF, 0xED, 0x52, 0xFF, 0xED, 0x52, 0xFF, 0xED,
  0x52, 0xFF, 0xED, 0x52, 0xFF, 0xED, 0x52, 0xFF, 0xED, 0x52, 0xFF, 0xED, 0x52, 0xFF, 0xED, 0x52,
  0xFF, 0xED, 0x52, 0xFF, 0xED, 0x52, 0xFF, 0xED, 0x52, 0xFF, 0xED, 0x52, 0xFF, 0xED, 0x52, 0xFF,
  0xED, 0x52, 0xFF, 0xED, 0x52, 0xFF, 0xED, 0x52, 0xFF, 0xED, 0x52, 0xFF, 0xED, 0x52, 0xFF, 0xED,
  0x52, 0xFF, 0xED, 0x52, 0xFF, 0xED, 0x52, 0xFF, 0xED, 0x52, 0xFF, 0xED, 0x52, 0xFF, 0xED, 0x52,
  0xFF, 0xED, 0x52, 0xFF, 0xED, 0x52, 0xFF, 0xED, 0x52, 0xFF, 0xED, 0x52, 0xFF, 0xED, 0x52, 0xFF,
  0xED, 0x52, 0xFF, 0xED, 0x52, 0xFF, 0xED, 0x52, 0xFF, 0xED, 0x52, 0xFF, 0xED, 0x52, 0xFF, 0xED,
  0x52, 0xFF, 0xED, 0x52, 0xFF, 0xED, 0x52, 0xFF, 0xED, 0x52, 0xFF, 0xED, 0x52, 0xFF, 0xED, 0x52,
  0xFF, 0xED, 0x52, 0xFF, 0xED, 0x52, 0xFF, 0xED, 0x52, 0xFF, 0xEC, 0x52, 0xFF, 0x4E, 0x63, 0xFF,
  0xA7, 0x31, 0xFF, 0xC7, 0x31, 0xFF, 0x2E, 0x5B, 0xFF, 0xEC, 0x52, 0xFF, 0xEC, 0x52, 0xFF, 0xEC,
  0x52, 0xFF, 0xEC, 0x52, 0xFF, 0xEC, 0x52, 0xFF, 0xEC, 0x52, 0xFF, 0xEC, 0x52, 0xFF, 0xEC, 0x52,
  0xFF, 0xEC, 0x52, 0xFF, 0xEC, 0x52, 0xFF, 0xEC, 0x52, 0xFF, 0xEC, 0x52, 0xFF, 0xCC, 0x52, 0xFF,
  0xAC, 0x4A, 0xFF, 0xAC, 0x4A, 0xFF, 0xAC, 0x4A, 0xFF, 0x8B, 0x4A, 0xFF, 0x8B, 0x4A, 0xFF, 0x2D,
  0x5B, 0xFF, 0x32, 0x7C, 0xFF, 0x6F, 0x63, 0xFF, 0x87, 0x29, 0xFF, 0xA3, 0x10, 0xFF, 0x62, 0x08,
  0xFF, 0x20, 0x00, 0xFF, 0x00, 0x00, 0xFF, 0x00, 0x00, 0xFF, 0x00, 0x00, 0xFF, 0x00, 0x00, 0xFF,
  0x00, 0x00, 0xFF, 0x41, 0x00, 0xFF, 0x41, 0x08, 0xFF, 0x61, 0x08, 0xFF, 0x61, 0x08, 0xFF, 0x61,
  0x08, 0xFF, 0x61, 0x08, 0xFF, 0x41, 0x08, 0xFF, 0x20, 0x00, 0xFF, 0x00, 0x00, 0xFF, 0x20, 0x00,
  0xFF, 0x20, 0x00, 0xFF, 0x20, 0x00, 0xFF, 0x00, 0x00, 0xFF, 0x00, 0x00, 0xFF, 0x00, 0x00, 0xFF,
  0xA3, 0x10, 0xFF, 0x8B, 0x4A, 0xFF, 0xF1, 0x73, 0xFF, 0x8F, 0x6B, 0xFF, 0x8B, 0x4A, 0xFF, 0xAC,
  0x4A, 0xFF, 0xEC, 0x52, 0xFF, 0xCC, 0x52, 0xFF, 0xEC, 0x52, 0xFF, 0xEC, 0x52, 0xFF, 0xEC, 0x52,
  0xFF, 0xEC, 0x52, 0xFF, 0xEC, 0x52, 0xFF, 0xEC, 0x52, 0xFF, 0xEC, 0x52, 0xFF, 0xEC, 0x52, 0xFF,
  0xEC, 0x52, 0xFF, 0xEC, 0x52, 0xFF, 0xEC, 0x52, 0xFF, 0xEC, 0x52, 0xFF, 0xEC, 0x52, 0xFF, 0xEC,
  0x52, 0xFF, 0xEC, 0x52, 0xFF, 0xED, 0x52, 0xFF, 0xED, 0x52, 0xFF, 0xEC, 0x52, 0xFF, 0x4E, 0x5B,
  0xFF, 0x29, 0x3A, 0xFF, 0x46, 0x21, 0xFF, 0x76, 0xAD, 0xFF, 0xFF, 0xFF, 0xFF, 0x5D, 0xEF, 0xFF,
  0xBE, 0xF7, 0xFF, 0x5D, 0xEF, 0xFF, 0xB2, 0x94, 0xFF, 0xE3, 0x18, 0xF7, 0x00, 0x00, 0x38, 0x61,
  0x08, 0x00, 0x61, 0x08, 0x00, 0x61, 0x08, 0x00, 0x0C, 0x63, 0x00, 0x85, 0x31, 0x00, 0x04, 0x21,
  0x00, 0x44, 0x29, 0x51, 0xA2, 0x10, 0xFF, 0xAC, 0x4A, 0xFF, 0xCC, 0x52, 0xFF, 0xCC, 0x52, 0xFF,
  0xEC, 0x52, 0xFF, 0xEC, 0x52, 0xFF, 0xED, 0x52, 0xFF, 0xED, 0x52, 0xFF, 0x0D, 0x53, 0xFF, 0xED,
  0x5A, 0xFF, 0xED, 0x5A, 0xFF, 0x0D, 0x5B, 0xFF, 0x0D, 0x5B, 0xFF, 0x0D, 0x53, 0xFF, 0x0D, 0x53,
  0xFF, 0x0D, 0x53, 0xFF, 0x0D, 0x5B, 0xFF, 0x0D, 0x5B, 0xFF, 0x0D, 0x5B, 0xFF, 0x0D, 0x53, 0xFF,
  0xED, 0x52, 0xFF, 0xED, 0x52, 0xFF, 0xED, 0x52, 0xFF, 0xED, 0x52, 0xFF, 0xED, 0x52, 0xFF, 0xED,
  0x52, 0xFF, 0xEC, 0x52, 0xFF, 0xCC, 0x52, 0xFF, 0xAB, 0x4A, 0xFF, 0x8F, 0x6B, 0xFF, 0xF1, 0x73,
  0xFF, 0x04, 0x19, 0xFF, 0x00, 0x00, 0xFF, 0x00, 0x00, 0xFF, 0x20, 0x00, 0xFF, 0x41, 0x00, 0xFF,
  0x41, 0x00, 0xFF, 0x20, 0x00, 0xFF, 0x00, 0x00, 0xFF, 0x00, 0x00, 0xFF, 0x20, 0x00, 0xFF, 0x82,
  0x08, 0xFF, 0xE3, 0x18, 0xFF, 0x25, 0x21, 0xFF, 0x65, 0x29, 0xFF, 0x86, 0x29, 0xFF, 0x86, 0x29,
  0xFF, 0x86, 0x31, 0xFF, 0x86, 0x31, 0xFF, 0x86, 0x29, 0xFF, 0x65, 0x29, 0xFF, 0x25, 0x21, 0xFF,
  0xE3, 0x18, 0xFF, 0x62, 0x08, 0xFF, 0x20, 0x00, 0xFF, 0x00, 0x00, 0xFF, 0x20, 0x00, 0xFF, 0x20,
  0x00, 0xFF, 0x41, 0x00, 0xFF, 0x41, 0x08, 0xFF, 0x00, 0x00, 0xFF, 0x00, 0x00, 0xFF, 0x41, 0x00,
  0xFF, 0x4E, 0x63, 0xFF, 0x73, 0x84, 0xFF, 0x87, 0x29, 0xFF, 0x21, 0x00, 0xFF, 0xEC, 0x52, 0xFF,
  0x4E, 0x63, 0xFF, 0xCC, 0x52, 0xFF, 0xEC, 0x52, 0xFF, 0xEC, 0x52, 0xFF, 0xEC, 0x52, 0xFF, 0xEC,
  0x52, 0xFF, 0xEC, 0x52, 0xFF, 0xEC, 0x52, 0xFF, 0xEC, 0x52, 0xFF, 0xEC, 0x52, 0xFF, 0xEC, 0x52,
  0xFF, 0xEC, 0x52, 0xFF, 0xEC, 0x52, 0xFF, 0xEC, 0x52, 0xFF, 0xEC, 0x52, 0xFF, 0xEC, 0x52, 0xFF,
  0xEC, 0x52, 0xFF, 0xEC, 0x52, 0xFF, 0xEC, 0x52, 0xFF, 0xEC, 0x52, 0xFF, 0xEC, 0x52, 0xFF, 0xEC,
  0x52, 0xFF, 0xEC, 0x52, 0xFF, 0xEC, 0x52, 0xFF, 0xEC, 0x52, 0xFF, 0xEC, 0x52, 0xFF, 0xED, 0x52,
  0xFF, 0xEC, 0x52, 0xFF, 0xED, 0x52, 0xFF, 0xED, 0x52, 0xFF, 0xEC, 0x52, 0xFF, 0xEC, 0x52, 0xFF,
  0xEC, 0x52, 0xFF, 0xEC, 0x52, 0xFF, 0xEC, 0x52, 0xFF, 0xEC, 0x52, 0xFF, 0xEC, 0x52, 0xFF, 0xEC,
  0x52, 0xFF, 0xED, 0x52, 0xFF, 0xEC, 0x52, 0xFF, 0x25, 0x21, 0xFF, 0xAB, 0x4A, 0xFF, 0x2D, 0x5B,
  0xFF, 0xEC, 0x52, 0xFF, 0xEC, 0x52, 0xFF, 0xEC, 0x52, 0xFF, 0xED, 0x52, 0xFF, 0x0D, 0x5B, 0xFF,
  0x25, 0x21, 0xFF, 0x4A, 0x42, 0xFF, 0x0D, 0x5B, 0xFF, 0xCC, 0x52, 0xFF, 0xCC, 0x52, 0xFF, 0xEC,
  0x52, 0xFF, 0xEC, 0x52, 0xFF, 0xEC, 0x52, 0xFF, 0xEC, 0x52, 0xFF, 0xEC, 0x52, 0xFF, 0xEC, 0x52,
  0xFF, 0xEC, 0x52, 0xFF, 0xEC, 0x52, 0xFF, 0xEC, 0x52, 0xFF, 0xED, 0x52, 0xFF, 0xED, 0x52, 0xFF,
  0xEC, 0x52, 0xFF, 0xED, 0x52, 0xFF, 0xED, 0x52, 0xFF, 0xED, 0x52, 0xFF, 0xEC, 0x52, 0xFF, 0xEC,
  0x52, 0xFF, 0xEC, 0x52, 0xFF, 0xED, 0x52, 0xFF, 0xED, 0x52, 0xFF, 0xED, 0x52, 0xFF, 0xED, 0x52,
  0xFF, 0xED, 0x52, 0xFF, 0xED, 0x52, 0xFF, 0xED, 0x52, 0xFF, 0xED, 0x52, 0xFF, 0xED, 0x52, 0xFF,
  0xED, 0x52, 0xFF, 0xED, 0x52, 0xFF, 0xED, 0x52, 0xFF, 0xED, 0x52, 0xFF, 0xED, 0x52, 0xFF, 0xED,
  0x52, 0xFF, 0xED, 0x52, 0xFF, 0xED, 0x52, 0xFF, 0xED, 0x52, 0xFF, 0xED, 0x52, 0xFF, 0xED, 0x52,
  0xFF, 0xED, 0x52, 0xFF, 0xED, 0x52, 0xFF, 0xED, 0x52, 0xFF, 0xED, 0x52, 0xFF, 0xED, 0x52, 0xFF,
  0xED, 0x52, 0xFF, 0xED, 0x52, 0xFF, 0xED, 0x52, 0xFF, 0xED, 0x52, 0xFF, 0xED, 0x52, 0xFF, 0xED,
  0x52, 0xFF, 0xED, 0x52, 0xFF, 0xED, 0x52, 0xFF, 0xED, 0x52, 0xFF, 0xED, 0x52, 0xFF, 0xED, 0x52,
  0xFF, 0xED, 0x52, 0xFF, 0xED, 0x52, 0xFF, 0xED, 0x52, 0xFF, 0xED, 0x52, 0xFF, 0xED, 0x52, 0xFF,
  0xED, 0x52, 0xFF, 0xED, 0x52, 0xFF, 0xEC, 0x52, 0xFF, 0x4E, 0x63, 0xFF, 0xA7, 0x31, 0xFF, 0xA7,
  0x31, 0xFF, 0x2E, 0x5B, 0xFF, 0xCC, 0x52, 0xFF, 0xEC, 0x52, 0xFF, 0xEC, 0x52, 0xFF, 0xEC, 0x52,
  0xFF, 0xEC, 0x52, 0xFF, 0xEC, 0x52, 0xFF, 0xEC, 0x52, 0xFF, 0xEC, 0x52, 0xFF, 0xEC, 0x52, 0xFF,
  0xCC, 0x52, 0xFF, 0xCC, 0x52, 0xFF, 0xEC, 0x52, 0xFF, 0xAC, 0x52, 0xFF, 0xAC, 0x4A, 0xFF, 0xAC,
  0x4A, 0xFF, 0x8B, 0x4A, 0xFF, 0x8B, 0x4A, 0xFF, 0x8F, 0x6B, 0xFF, 0x53, 0x84, 0xFF, 0xCC, 0x52,
  0xFF, 0x61, 0x08, 0xFF, 0x00, 0x00, 0xFF, 0x20, 0x00, 0xFF, 0x00, 0x00, 0xFF, 0x00, 0x00, 0xFF,
  0x00, 0x00, 0xFF, 0x00, 0x00, 0xFF, 0x61, 0x08, 0xFF, 0xC3, 0x10, 0xFF, 0x04, 0x19, 0xFF, 0x25,
  0x21, 0xFF, 0x45, 0x29, 0xFF, 0x66, 0x29, 0xFF, 0x66, 0x29, 0xFF, 0x86, 0x29, 0xFF, 0x66, 0x29,
  0xFF, 0x45, 0x29, 0xFF, 0x24, 0x21, 0xFF, 0xC3, 0x18, 0xFF, 0x82, 0x08, 0xFF, 0x20, 0x00, 0xFF,
  0x00, 0x00, 0xFF, 0x20, 0x00, 0xFF, 0x41, 0x08, 0xFF, 0x00, 0x00, 0xFF, 0x00, 0x00, 0xFF, 0x00,
  0x00, 0xFF, 0xE4, 0x18, 0xFF, 0x6F, 0x63, 0xFF, 0x11, 0x74, 0xFF, 0xCC, 0x52, 0xFF, 0xAB, 0x4A,
  0xFF, 0xCC, 0x52, 0xFF, 0xCC, 0x52, 0xFF, 0xEC, 0x52, 0xFF, 0xEC, 0x52, 0xFF, 0xEC, 0x52, 0xFF,
  0xEC, 0x52, 0xFF, 0xED, 0x52, 0xFF, 0xED, 0x52, 0xFF, 0xEC, 0x52, 0xFF, 0xEC, 0x52, 0xFF, 0xED,
  0x52, 0xFF, 0xEC, 0x52, 0xFF, 0xED, 0x52, 0xFF, 0xEC, 0x52, 0xFF, 0xEC, 0x52, 0xFF, 0xED, 0x52,
  0xFF, 0xED, 0x52, 0xFF, 0xEC, 0x52, 0xFF, 0xEC, 0x52, 0xFF, 0x4E, 0x5B, 0xFF, 0x29, 0x3A, 0xFF,
  0x46, 0x21, 0xFF, 0x96, 0xB5, 0xFF, 0xFF, 0xFF, 0xFF, 0x9E, 0xF7, 0xFF, 0xDF, 0xFF, 0xFF, 0x7D,
  0xEF, 0xFF, 0xD2, 0x9C, 0xFF, 0x04, 0x21, 0xFF, 0x40, 0x00, 0x4A, 0x82, 0x10, 0x00, 0x82, 0x10,
  0x00, 0x82, 0x10, 0x00, 0xD3, 0x9C, 0x00, 0x65, 0x29, 0x00, 0x20, 0x00, 0x00, 0x20, 0x00, 0x60,
  0xE4, 0x18, 0xFF, 0x2E, 0x5B, 0xFF, 0x0D, 0x53, 0xFF, 0x2E, 0x5B, 0xFF, 0x2E, 0x5B, 0xFF, 0x4E,
  0x5B, 0xFF, 0x4E, 0x5B, 0xFF, 0x4E, 0x5B, 0xFF, 0x4E, 0x63, 0xFF, 0x4E, 0x63, 0xFF, 0x4E, 0x63,
  0xFF, 0x4E, 0x63, 0xFF, 0x4E, 0x63, 0xFF, 0x4E, 0x63, 0xFF, 0x4E, 0x63, 0xFF, 0x4E, 0x63, 0xFF,
  0x4E, 0x5B, 0xFF, 0x4E, 0x5B, 0xFF, 0x4E, 0x63, 0xFF, 0x4E, 0x5B, 0xFF, 0x2E, 0x5B, 0xFF, 0x2E,
  0x5B, 0xFF, 0x2E, 0x5B, 0xFF, 0x2E, 0x5B, 0xFF, 0x2E, 0x5B, 0xFF, 0x2E, 0x5B, 0xFF, 0x2E, 0x5B,
  0xFF, 0x0D, 0x5B, 0xFF, 0xF1, 0x73, 0xFF, 0xD0, 0x73, 0xFF, 0xA2, 0x10, 0xFF, 0x00, 0x00, 0xFF,
  0x00, 0x00, 0xFF, 0x41, 0x08, 0xFF, 0x41, 0x00, 0xFF, 0x41, 0x08, 0xFF, 0x20, 0x00, 0xFF, 0x00,
  0x00, 0xFF, 0x20, 0x00, 0xFF, 0xE3, 0x18, 0xFF, 0x65, 0x29, 0xFF, 0xA6, 0x31, 0xFF, 0xA7, 0x31,
  0xFF, 0xC7, 0x31, 0xFF, 0xC7, 0x31, 0xFF, 0xC7, 0x31, 0xFF, 0xC7, 0x31, 0xFF, 0xE7, 0x39, 0xFF,
  0xE8, 0x39, 0xFF, 0xE7, 0x39, 0xFF, 0xC7, 0x31, 0xFF, 0xC7, 0x31, 0xFF, 0xA7, 0x31, 0xFF, 0x86,
  0x31, 0xFF, 0x25, 0x21, 0xFF, 0xA2, 0x10, 0xFF, 0x20, 0x00, 0xFF, 0x00, 0x00, 0xFF, 0x20, 0x00,
  0xFF, 0x41, 0x08, 0xFF, 0x41, 0x08, 0xFF, 0x20, 0x00, 0xFF, 0x00, 0x00, 0xFF, 0x00, 0x00, 0xFF,
  0xED, 0x52, 0xFF, 0x73, 0x84, 0xFF, 0xA7, 0x31, 0xFF, 0x82, 0x10, 0xFF, 0x4E, 0x63, 0xFF, 0x0D,
  0x5B, 0xFF, 0xEC, 0x52, 0xFF, 0xEC, 0x52, 0xFF, 0xEC, 0x52, 0xFF, 0xEC, 0x52, 0xFF, 0xEC, 0x52,
  0xFF, 0xEC, 0x52, 0xFF, 0xEC, 0x52, 0xFF, 0xEC, 0x52, 0xFF, 0xEC, 0x52, 0xFF, 0xEC, 0x52, 0xFF,
  0xEC, 0x52, 0xFF, 0xEC, 0x52, 0xFF, 0xEC, 0x52, 0xFF, 0xEC, 0x52, 0xFF, 0xEC, 0x52, 0xFF, 0xEC,
  0x52, 0xFF, 0xEC, 0x52, 0xFF, 0xEC, 0x52, 0xFF, 0xEC, 0x52, 0xFF, 0xEC, 0x52, 0xFF, 0xEC, 0x52,
  0xFF, 0xEC, 0x52, 0xFF, 0xEC, 0x52, 0xFF, 0xEC, 0x52, 0xFF, 0xEC, 0x52, 0xFF, 0xED, 0x52, 0xFF,
  0xED, 0x52, 0xFF, 0xEC, 0x52, 0xFF, 0xEC, 0x52, 0xFF, 0xEC, 0x52, 0xFF, 0xEC, 0x52, 0xFF, 0xEC,
  0x52, 0xFF, 0xEC, 0x52, 0xFF, 0xEC, 0x52, 0xFF, 0xEC, 0x52, 0xFF, 0xEC, 0x52, 0xFF, 0xED, 0x52,
  0xFF, 0xEC, 0x52, 0xFF, 0x45, 0x21, 0xFF, 0xAB, 0x4A, 0xFF, 0x2D, 0x5B, 0xFF, 0xEC, 0x52, 0xFF,
  0xEC, 0x52, 0xFF, 0xEC, 0x52, 0xFF, 0xED, 0x52, 0xFF, 0x0D, 0x5B, 0xFF, 0x45, 0x21, 0xFF, 0x4A,
  0x42, 0xFF, 0x0D, 0x5B, 0xFF, 0xCC, 0x52, 0xFF, 0xCC, 0x52, 0xFF, 0xCC, 0x52, 0xFF, 0xEC, 0x52,
  0xFF, 0xEC, 0x52, 0xFF, 0xEC, 0x52, 0xFF, 0xEC, 0x52, 0xFF, 0xEC, 0x52, 0xFF, 0xEC, 0x52, 0xFF,
  0xEC, 0x52, 0xFF, 0xEC, 0x52, 0xFF, 0xEC, 0x52, 0xFF, 0xEC, 0x52, 0xFF, 0xEC, 0x52, 0xFF, 0xEC,
  0x52, 0xFF, 0xEC, 0x52, 0xFF, 0xEC, 0x52, 0xFF, 0xEC, 0x52, 0xFF, 0xEC, 0x52, 0xFF, 0xEC, 0x52,
  0xFF, 0xEC, 0x52, 0xFF, 0xEC, 0x52, 0xFF, 0xEC, 0x52, 0xFF, 0xED, 0x52, 0xFF, 0xED, 0x52, 0xFF,
  0xED, 0x52, 0xFF, 0xED, 0x52, 0xFF, 0xED, 0x52, 0xFF, 0xED, 0x52, 0xFF, 0xED, 0x52, 0xFF, 0xED,
  0x52, 0xFF, 0xED, 0x52, 0xFF, 0xED, 0x52, 0xFF, 0xED, 0x52, 0xFF, 0xED, 0x52, 0xFF, 0xED, 0x52,
  0xFF, 0xED, 0x52, 0xFF, 0xEC, 0x52, 0xFF, 0xEC, 0x52, 0xFF, 0xED, 0x52, 0xFF, 0xED, 0x52, 0xFF,
  0xED, 0x52, 0xFF, 0xED, 0x52, 0xFF, 0xED, 0x52, 0xFF, 0xEC, 0x52, 0xFF, 0xEC, 0x52, 0xFF, 0xEC,
  0x52, 0xFF, 0xED, 0x52, 0xFF, 0xED, 0x52, 0xFF, 0xED, 0x52, 0xFF, 0xED, 0x52, 0xFF, 0xED, 0x52,
  0xFF, 0xED, 0x52, 0xFF, 0xED, 0x52, 0xFF, 0xED, 0x52, 0xFF, 0xED, 0x52, 0xFF, 0xED, 0x52, 0xFF,
  0xEC, 0x52, 0xFF, 0xED, 0x52, 0xFF, 0xED, 0x52, 0xFF, 0xED, 0x52, 0xFF, 0xED, 0x52, 0xFF, 0xED,
  0x52, 0xFF, 0xEC, 0x52, 0xFF, 0x4E, 0x63, 0xFF, 0xA7, 0x31, 0xFF, 0xA7, 0x31, 0xFF, 0x2E, 0x5B,
  0xFF, 0xCC, 0x52, 0xFF, 0xEC, 0x52, 0xFF, 0xEC, 0x52, 0xFF, 0xEC, 0x52, 0xFF, 0xEC, 0x52, 0xFF,
  0xEC, 0x52, 0xFF, 0xEC, 0x52, 0xFF, 0xEC, 0x52, 0xFF, 0xEC, 0x52, 0xFF, 0xCC, 0x52, 0xFF, 0xEC,
  0x52, 0xFF, 0xCC, 0x52, 0xFF, 0xAB, 0x4A, 0xFF, 0xAC, 0x4A, 0xFF, 0x6B, 0x4A, 0xFF, 0x6B, 0x4A,
  0xFF, 0xD0, 0x6B, 0xFF, 0x32, 0x7C, 0xFF, 0x29, 0x3A, 0xFF, 0x20, 0x00, 0xFF, 0x00, 0x00, 0xFF,
  0x41, 0x08, 0xFF, 0x20, 0x00, 0xFF, 0x00, 0x00, 0xFF, 0x20, 0x00, 0xFF, 0xA2, 0x10, 0xFF, 0x24,
  0x21, 0xFF, 0x66, 0x29, 0xFF, 0x66, 0x29, 0xFF, 0x86, 0x29, 0xFF, 0x86, 0x31, 0xFF, 0xA7, 0x31,
  0xFF, 0xC7, 0x31, 0xFF, 0xC7, 0x31, 0xFF, 0xC7, 0x31, 0xFF, 0xC7, 0x31, 0xFF, 0xC7, 0x31, 0xFF,
  0xA7, 0x31, 0xFF, 0xA7, 0x31, 0xFF, 0xA7, 0x31, 0xFF, 0x66, 0x29, 0xFF, 0xE3, 0x18, 0xFF, 0x20,
  0x00, 0xFF, 0x00, 0x00, 0xFF, 0x20, 0x00, 0xFF, 0x41, 0x08, 0xFF, 0x20, 0x00, 0xFF, 0x00, 0x00,
  0xFF, 0x00, 0x00, 0xFF, 0x6A, 0x4A, 0xFF, 0x32, 0x7C, 0xFF, 0x0D, 0x5B, 0xFF, 0xCC, 0x52, 0xFF,
  0xED, 0x52, 0xFF, 0xED, 0x52, 0xFF, 0xEC, 0x52, 0xFF, 0xEC, 0x52, 0xFF, 0xCC, 0x52, 0xFF, 0xCC,
  0x52, 0xFF, 0xCC, 0x52, 0xFF, 0xAC, 0x4A, 0xFF, 0xAC, 0x4A, 0xFF, 0xAC, 0x4A, 0xFF, 0xAC, 0x4A,
  0xFF, 0xAC, 0x4A, 0xFF, 0xAC, 0x4A, 0xFF, 0xAC, 0x4A, 0xFF, 0xAC, 0x4A, 0xFF, 0xAC, 0x4A, 0xFF,
  0xAB, 0x4A, 0xFF, 0x8B, 0x4A, 0xFF, 0xED, 0x52, 0xFF, 0xC8, 0x31, 0xFF, 0xA3, 0x08, 0xFF, 0x34,
  0xA5, 0xFF, 0xFF, 0xFF, 0xFF, 0x5D, 0xEF, 0xFF, 0xBE, 0xF7, 0xFF, 0xFB, 0xDE, 0xFF, 0x71, 0x8C,
  0xFF, 0x04, 0x21, 0xFF, 0x49, 0x4A, 0x48, 0x49, 0x4A, 0x00, 0x07, 0x3A, 0x00, 0xC7, 0x39, 0x00,
  0x92, 0x94, 0x00, 0x65, 0x29, 0x00, 0xA3, 0x10, 0x00, 0x24, 0x21, 0x78, 0x41, 0x08, 0xFF, 0xC3,
  0x10, 0xFF, 0xC3, 0x10, 0xFF, 0xE4, 0x18, 0xFF, 0x04, 0x19, 0xFF, 0x04, 0x19, 0xFF, 0x04, 0x19,
  0xFF, 0x04, 0x19, 0xFF, 0x04, 0x19, 0xFF, 0x04, 0x19, 0xFF, 0xE4, 0x18, 0xFF, 0xE4, 0x18, 0xFF,
  0xE4, 0x18, 0xFF, 0xE4, 0x18, 0xFF, 0xE4, 0x18, 0xFF, 0xE4, 0x18, 0xFF, 0xE4, 0x18, 0xFF, 0xE4,
  0x18, 0xFF, 0xE4, 0x18, 0xFF, 0xE4, 0x18, 0xFF, 0xE4, 0x18, 0xFF, 0xE4, 0x18, 0xFF, 0xC4, 0x18,
  0xFF, 0xE4, 0x18, 0xFF, 0xE4, 0x18, 0xFF, 0xE4, 0x18, 0xFF, 0xE4, 0x18, 0xFF, 0xE4, 0x18, 0xFF,
  0xA7, 0x31, 0xFF, 0xE4, 0x18, 0xFF, 0x00, 0x00, 0xFF, 0x20, 0x00, 0xFF, 0x41, 0x08, 0xFF, 0x21,
  0x00, 0xFF, 0x20, 0x00, 0xFF, 0x00, 0x00, 0xFF, 0x00, 0x00, 0xFF, 0xC3, 0x18, 0xFF, 0x86, 0x29,
  0xFF, 0xC7, 0x31, 0xFF, 0xA7, 0x31, 0xFF, 0xC7, 0x31, 0xFF, 0xC7, 0x39, 0xFF, 0xE8, 0x39, 0xFF,
  0x08, 0x3A, 0xFF, 0x29, 0x42, 0xFF, 0x49, 0x42, 0xFF, 0x69, 0x4A, 0xFF, 0x49, 0x4A, 0xFF, 0x49,
  0x42, 0xFF, 0x29, 0x42, 0xFF, 0xE8, 0x39, 0xFF, 0xC7, 0x31, 0xFF, 0xA7, 0x31, 0xFF, 0xA7, 0x31,
  0xFF, 0xA7, 0x31, 0xFF, 0x65, 0x29, 0xFF, 0xA2, 0x10, 0xFF, 0x00, 0x00, 0xFF, 0x20, 0x00, 0xFF,
  0x41, 0x08, 0xFF, 0x41, 0x08, 0xFF, 0x20, 0x00, 0xFF, 0x00, 0x00, 0xFF, 0x00, 0x00, 0xFF, 0x2E,
  0x5B, 0xFF, 0x73, 0x84, 0xFF, 0x05, 0x19, 0xFF, 0x46, 0x21, 0xFF, 0x6F, 0x63, 0xFF, 0xCC, 0x52,
  0xFF, 0xEC, 0x52, 0xFF, 0xEC, 0x52, 0xFF, 0xEC, 0x52, 0xFF, 0xEC, 0x52, 0xFF, 0xEC, 0x52, 0xFF,
  0xEC, 0x52, 0xFF, 0xEC, 0x52, 0xFF, 0xEC, 0x52, 0xFF, 0xEC, 0x52, 0xFF, 0xEC, 0x52, 0xFF, 0xEC,
  0x52, 0xFF, 0xEC, 0x52, 0xFF, 0xEC, 0x52, 0xFF, 0xEC, 0x52, 0xFF, 0xEC, 0x52, 0xFF, 0xEC, 0x52,
  0xFF, 0xEC, 0x52, 0xFF, 0xEC, 0x52, 0xFF, 0xEC, 0x52, 0xFF, 0xEC, 0x52, 0xFF, 0xEC, 0x52, 0xFF,
  0xEC, 0x52, 0xFF, 0xEC, 0x52, 0xFF, 0xEC, 0x52, 0xFF, 0xEC, 0x52, 0xFF, 0xED, 0x52, 0xFF, 0xEC,
  0x52, 0xFF, 0xEC, 0x52, 0xFF, 0xEC, 0x52, 0xFF, 0xEC, 0x52, 0xFF, 0xEC, 0x52, 0xFF, 0xEC, 0x52,
  0xFF, 0xEC, 0x52, 0xFF, 0xEC, 0x52, 0xFF, 0xEC, 0x52, 0xFF, 0xEC, 0x52, 0xFF, 0xCC, 0x52, 0xFF,
  0x45, 0x21, 0xFF, 0xAB, 0x4A, 0xFF, 0x0D, 0x5B, 0xFF, 0xEC, 0x52, 0xFF, 0xEC, 0x52, 0xFF, 0xEC,
  0x52, 0xFF, 0xED, 0x52, 0xFF, 0x0D, 0x5B, 0xFF, 0x45, 0x21, 0xFF, 0x4A, 0x42, 0xFF, 0x0D, 0x5B,
  0xFF, 0xEC, 0x52, 0xFF, 0xEC, 0x52, 0xFF, 0xEC, 0x52, 0xFF, 0xEC, 0x52, 0xFF, 0xEC, 0x52, 0xFF,
  0xEC, 0x52, 0xFF, 0xEC, 0x52, 0xFF, 0xEC, 0x52, 0xFF, 0xEC, 0x52, 0xFF, 0xEC, 0x52, 0xFF, 0xEC,
  0x52, 0xFF, 0xEC, 0x52, 0xFF, 0xEC, 0x52, 0xFF, 0xEC, 0x52, 0xFF, 0xEC, 0x52, 0xFF, 0xEC, 0x52,
  0xFF, 0xEC, 0x52, 0xFF, 0xEC, 0x52, 0xFF, 0xEC, 0x52, 0xFF, 0xEC, 0x52, 0xFF, 0xEC, 0x52, 0xFF,
  0xEC, 0x52, 0xFF, 0xEC, 0x52, 0xFF, 0xEC, 0x52, 0xFF, 0xEC, 0x52, 0xFF, 0xEC, 0x52, 0xFF, 0xED,
  0x52, 0xFF, 0xEC, 0x52, 0xFF, 0xEC, 0x52, 0xFF, 0xEC, 0x52, 0xFF, 0xEC, 0x52, 0xFF, 0xEC, 0x52,
  0xFF, 0xED, 0x52, 0xFF, 0xEC, 0x52, 0xFF, 0xEC, 0x52, 0xFF, 0xEC, 0x52, 0xFF, 0xEC, 0x52, 0xFF,
  0xEC, 0x52, 0xFF, 0xEC, 0x52, 0xFF, 0xED, 0x52, 0xFF, 0xEC, 0x52, 0xFF, 0xEC, 0x52, 0xFF, 0xEC,
  0x52, 0xFF, 0xEC, 0x52, 0xFF, 0xEC, 0x52, 0xFF, 0xEC, 0x52, 0xFF, 0xEC, 0x52, 0xFF, 0xEC, 0x52,
  0xFF, 0xEC, 0x52, 0xFF, 0xEC, 0x52, 0xFF, 0xEC, 0x52, 0xFF, 0xEC, 0x52, 0xFF, 0xEC, 0x52, 0xFF,
  0xED, 0x52, 0xFF, 0xED, 0x52, 0xFF, 0xEC, 0x52, 0xFF, 0xEC, 0x52, 0xFF, 0xEC, 0x52, 0xFF, 0xEC,
  0x52, 0xFF, 0xED, 0x52, 0xFF, 0xEC, 0x52, 0xFF, 0xEC, 0x52, 0xFF, 0xEC, 0x52, 0xFF, 0xEC, 0x52,
  0xFF, 0x4E, 0x63, 0xFF, 0xA7, 0x31, 0xFF, 0xA7, 0x31, 0xFF, 0x2E, 0x5B, 0xFF, 0xCC, 0x52, 0xFF,
  0xEC, 0x52, 0xFF, 0xEC, 0x52, 0xFF, 0xEC, 0x52, 0xFF, 0xEC, 0x52, 0xFF, 0xEC, 0x52, 0xFF, 0xEC,
  0x52, 0xFF, 0xEC, 0x52, 0xFF, 0xEC, 0x52, 0xFF, 0xCC, 0x52, 0xFF, 0xCC, 0x52, 0xFF, 0xAC, 0x4A,
  0xFF, 0xAC, 0x4A, 0xFF, 0x8B, 0x4A, 0xFF, 0xAB, 0x4A, 0xFF, 0xD0, 0x73, 0xFF, 0xF1, 0x73, 0xFF,
  0x46, 0x21, 0xFF, 0x00, 0x00, 0xFF, 0x00, 0x00, 0xFF, 0x41, 0x08, 0xFF, 0x20, 0x00, 0xFF, 0x00,
  0x00, 0xFF, 0x82, 0x08, 0xFF, 0x45, 0x21, 0xFF, 0x86, 0x31, 0xFF, 0xA7, 0x31, 0xFF, 0x86, 0x31,
  0xFF, 0x86, 0x31, 0xFF, 0xA7, 0x31, 0xFF, 0xE7, 0x39, 0xFF, 0x08, 0x42, 0xFF, 0x49, 0x42, 0xFF,
  0x6A, 0x4A, 0xFF, 0x4A, 0x4A, 0xFF, 0x29, 0x42, 0xFF, 0x08, 0x42, 0xFF, 0xE8, 0x39, 0xFF, 0xC7,
  0x31, 0xFF, 0xC7, 0x31, 0xFF, 0xC7, 0x39, 0xFF, 0xE8, 0x39, 0xFF, 0x86, 0x31, 0xFF, 0xA2, 0x10,
  0xFF, 0x00, 0x00, 0xFF, 0x00, 0x00, 0xFF, 0x41, 0x08, 0xFF, 0x41, 0x08, 0xFF, 0x00, 0x00, 0xFF,
  0x00, 0x00, 0xFF, 0xC8, 0x31, 0xFF, 0x11, 0x7C, 0xFF, 0x2D, 0x5B, 0xFF, 0x0D, 0x5B, 0xFF, 0x2E,
  0x5B, 0xFF, 0x4E, 0x63, 0xFF, 0x6F, 0x63, 0xFF, 0x8F, 0x6B, 0xFF, 0xAF, 0x6B, 0xFF, 0xB0, 0x6B,
  0xFF, 0xD0, 0x73, 0xFF, 0xD0, 0x73, 0xFF, 0xF0, 0x73, 0xFF, 0xF1, 0x73, 0xFF, 0xF0, 0x73, 0xFF,
  0xF0, 0x73, 0xFF, 0xF0, 0x73, 0xFF, 0xF0, 0x73, 0xFF, 0xF0, 0x73, 0xFF, 0xF0, 0x73, 0xFF, 0xD0,
  0x73, 0xFF, 0x11, 0x7C, 0xFF, 0x0C, 0x5B, 0xFF, 0xD3, 0x94, 0xFF, 0x38, 0xC6, 0xFF, 0x38, 0xC6,
  0xFF, 0x18, 0xC6, 0xFF, 0x59, 0xCE, 0xFF, 0x59, 0xCE, 0xFF, 0xBA, 0xD6, 0xFF, 0xE7, 0x39, 0xFD,
  0x45, 0x29, 0x41, 0x08, 0x42, 0x00, 0x0C, 0x63, 0x00, 0x6D, 0x6B, 0x00, 0xB2, 0x94, 0x00, 0x24,
  0x21, 0x81, 0x00, 0x00, 0xE0, 0x41, 0x08, 0xFA, 0x00, 0x00, 0xFF, 0x00, 0x00, 0xFF, 0x00, 0x00,
  0xFF, 0x00, 0x00, 0xFF, 0x00, 0x00, 0xFF, 0x00, 0x00, 0xFF, 0x00, 0x00, 0xFF, 0x00, 0x00, 0xFF,
  0x00, 0x00, 0xFF, 0x00, 0x00, 0xFF, 0x00, 0x00, 0xFF, 0x00, 0x00, 0xFF, 0x00, 0x00, 0xFF, 0x00,
  0x00, 0xFF, 0x00, 0x00, 0xFF, 0x00, 0x00, 0xFF, 0x00, 0x00, 0xFF, 0x00, 0x00, 0xFF, 0x00, 0x00,
  0xFF, 0x00, 0x00, 0xFF, 0x00, 0x00, 0xFF, 0x00, 0x00, 0xFF, 0x00, 0x00, 0xFF, 0x00, 0x00, 0xFF,
  0x00, 0x00, 0xFF, 0x00, 0x00, 0xFF, 0x00, 0x00, 0xFF, 0x00, 0x00, 0xFF, 0x00, 0x00, 0xFF, 0x00,
  0x00, 0xFF, 0x20, 0x00, 0xFF, 0x20, 0x00, 0xFF, 0x41, 0x00, 0xFF, 0x20, 0x00, 0xFF, 0x00, 0x00,
  0xFF, 0x41, 0x08, 0xFF, 0x45, 0x21, 0xFF, 0xC7, 0x31, 0xFF, 0xA7, 0x31, 0xFF, 0xC7, 0x31, 0xFF,
  0xE7, 0x39, 0xFF, 0x08, 0x42, 0xFF, 0x8A, 0x4A, 0xFF, 0xAB, 0x52, 0xFF, 0x8A, 0x4A, 0xFF, 0x69,
  0x42, 0xFF, 0x49, 0x42, 0xFF, 0x29, 0x42, 0xFF, 0x49, 0x42, 0xFF, 0x6A, 0x4A, 0xFF, 0x8A, 0x52,
  0xFF, 0xAB, 0x52, 0xFF, 0x8A, 0x4A, 0xFF, 0x28, 0x42, 0xFF, 0xC7, 0x31, 0xFF, 0xA7, 0x31, 0xFF,
  0xA7, 0x31, 0xFF, 0xA7, 0x31, 0xFF, 0x04, 0x21, 0xFF, 0x20, 0x00, 0xFF, 0x00, 0x00, 0xFF, 0x41,
  0x08, 0xFF, 0x41, 0x08, 0xFF, 0x20, 0x00, 0xFF, 0x00, 0x00, 0xFF, 0x20, 0x00, 0xFF, 0x4E, 0x63,
  0xFF, 0xB0, 0x6B, 0xFF, 0x41, 0x00, 0xFF, 0x29, 0x3A, 0xFF, 0x6F, 0x63, 0xFF, 0xCC, 0x52, 0xFF,
  0xEC, 0x52, 0xFF, 0xEC, 0x52, 0xFF, 0xEC, 0x52, 0xFF, 0xEC, 0x52, 0xFF, 0xEC, 0x52, 0xFF, 0xEC,
  0x52, 0xFF, 0xEC, 0x52, 0xFF, 0xEC, 0x52, 0xFF, 0xEC, 0x52, 0xFF, 0xEC, 0x52, 0xFF, 0xEC, 0x52,
  0xFF, 0xEC, 0x52, 0xFF, 0xEC, 0x52, 0xFF, 0xEC, 0x52, 0xFF, 0xEC, 0x52, 0xFF, 0xEC, 0x52, 0xFF,
  0xEC, 0x52, 0xFF, 0xEC, 0x52, 0xFF, 0xEC, 0x52, 0xFF, 0xEC, 0x52, 0xFF, 0xEC, 0x52, 0xFF, 0xEC,
  0x52, 0xFF, 0xEC, 0x52, 0xFF, 0xEC, 0x52, 0xFF, 0xEC, 0x52, 0xFF, 0xEC, 0x52, 0xFF, 0xEC, 0x52,
  0xFF, 0xEC, 0x52, 0xFF, 0xEC, 0x52, 0xFF, 0xEC, 0x52, 0xFF, 0xEC, 0x52, 0xFF, 0xEC, 0x52, 0xFF,
  0xEC, 0x52, 0xFF, 0xEC, 0x52, 0xFF, 0xEC, 0x52, 0xFF, 0xCC, 0x52, 0xFF, 0x25, 0x21, 0xFF, 0xAC,
  0x4A, 0xFF, 0x0D, 0x5B, 0xFF, 0xCC, 0x52, 0xFF, 0xEC, 0x52, 0xFF, 0xEC, 0x52, 0xFF, 0xED, 0x52,
  0xFF, 0x0D, 0x5B, 0xFF, 0x45, 0x21, 0xFF, 0x6A, 0x42, 0xFF, 0x0D, 0x5B, 0xFF, 0xEC, 0x52, 0xFF,
  0xEC, 0x52, 0xFF, 0xCC, 0x52, 0xFF, 0xEC, 0x52, 0xFF, 0xEC, 0x52, 0xFF, 0xEC, 0x52, 0xFF, 0xEC,
  0x52, 0xFF, 0xEC, 0x52, 0xFF, 0xEC, 0x52, 0xFF, 0xEC, 0x52, 0xFF, 0xCC, 0x52, 0xFF, 0xCC, 0x52,
  0xFF, 0xCC, 0x52, 0xFF, 0xCC, 0x52, 0xFF, 0xEC, 0x52, 0xFF, 0xEC, 0x52, 0xFF, 0xEC, 0x52, 0xFF,
  0xEC, 0x52, 0xFF, 0xEC, 0x52, 0xFF, 0xEC, 0x52, 0xFF, 0xEC, 0x52, 0xFF, 0xEC, 0x52, 0xFF, 0xEC,
  0x52, 0xFF, 0xEC, 0x52, 0xFF, 0xEC, 0x52, 0xFF, 0xEC, 0x52, 0xFF, 0xEC, 0x52, 0xFF, 0xEC, 0x52,
  0xFF, 0xEC, 0x52, 0xFF, 0xEC, 0x52, 0xFF, 0xEC, 0x52, 0xFF, 0xEC, 0x52, 0xFF, 0xEC, 0x52, 0xFF,
  0xEC, 0x52, 0xFF, 0xEC, 0x52, 0xFF, 0xEC, 0x52, 0xFF, 0xEC, 0x52, 0xFF, 0xEC, 0x52, 0xFF, 0xEC,
  0x52, 0xFF, 0xEC, 0x52, 0xFF, 0xEC, 0x52, 0xFF, 0xEC, 0x52, 0xFF, 0xEC, 0x52, 0xFF, 0xEC, 0x52,
  0xFF, 0xEC, 0x52, 0xFF, 0xEC, 0x52, 0xFF, 0xEC, 0x52, 0xFF, 0xEC, 0x52, 0xFF, 0xEC, 0x52, 0xFF,
  0xEC, 0x52, 0xFF, 0xEC, 0x52, 0xFF, 0xEC, 0x52, 0xFF, 0xEC, 0x52, 0xFF, 0xEC, 0x52, 0xFF, 0xEC,
  0x52, 0xFF, 0xEC, 0x52, 0xFF, 0xEC, 0x52, 0xFF, 0xEC, 0x52, 0xFF, 0xCC, 0x52, 0xFF, 0xEC, 0x52,
  0xFF, 0xEC, 0x52, 0xFF, 0xEC, 0x52, 0xFF, 0xEC, 0x52, 0xFF, 0xCC, 0x52, 0xFF, 0x4E, 0x5B, 0xFF,
  0xA7, 0x31, 0xFF, 0xC7, 0x31, 0xFF, 0x2E, 0x5B, 0xFF, 0xCC, 0x52, 0xFF, 0xEC, 0x52, 0xFF, 0xEC,
  0x52, 0xFF, 0xEC, 0x52, 0xFF, 0xEC, 0x52, 0xFF, 0xEC, 0x52, 0xFF, 0xEC, 0x52, 0xFF, 0xCC, 0x52,
  0xFF, 0xCC, 0x52, 0xFF, 0xEC, 0x52, 0xFF, 0xCC, 0x52, 0xFF, 0xAB, 0x4A, 0xFF, 0x8B, 0x4A, 0xFF,
  0x8B, 0x4A, 0xFF, 0xD0, 0x73, 0xFF, 0xF0, 0x73, 0xFF, 0xE4, 0x18, 0xFF, 0x00, 0x00, 0xFF, 0x20,
  0x00, 0xFF, 0x41, 0x08, 0xFF, 0x00, 0x00, 0xFF, 0x20, 0x00, 0xFF, 0xE4, 0x18, 0xFF, 0x86, 0x31,
  0xFF, 0xA6, 0x31, 0xFF, 0x86, 0x31, 0xFF, 0xA7, 0x31, 0xFF, 0xC7, 0x39, 0xFF, 0x49, 0x42, 0xFF,
  0x8A, 0x4A, 0xFF, 0x8A, 0x4A, 0xFF, 0x49, 0x42, 0xFF, 0x49, 0x42, 0xFF, 0x29, 0x42, 0xFF, 0x29,
  0x42, 0xFF, 0x49, 0x4A, 0xFF, 0x8A, 0x4A, 0xFF, 0xAB, 0x52, 0xFF, 0x8A, 0x4A, 0xFF, 0x29, 0x42,
  0xFF, 0xE8, 0x39, 0xFF, 0xC7, 0x31, 0xFF, 0xC7, 0x39, 0xFF, 0xE8, 0x39, 0xFF, 0x45, 0x21, 0xFF,
  0x41, 0x00, 0xFF, 0x00, 0x00, 0xFF, 0x41, 0x00, 0xFF, 0x41, 0x08, 0xFF, 0x20, 0x00, 0xFF, 0x00,
  0x00, 0xFF, 0x24, 0x21, 0xFF, 0xA6, 0x31, 0xFF, 0x04, 0x21, 0xFF, 0x24, 0x21, 0xFF, 0x65, 0x29,
  0xFF, 0x86, 0x31, 0xFF, 0xC7, 0x39, 0xFF, 0xC7, 0x39, 0xFF, 0x08, 0x42, 0xFF, 0x28, 0x42, 0xFF,
  0x28, 0x42, 0xFF, 0x69, 0x4A, 0xFF, 0x69, 0x4A, 0xFF, 0x8A, 0x52, 0xFF, 0x8A, 0x52, 0xFF, 0xAA,
  0x52, 0xFF, 0x8A, 0x52, 0xFF, 0xAA, 0x52, 0xFF, 0xAA, 0x52, 0xFF, 0xAA, 0x52, 0xFF, 0xEB, 0x5A,
  0xFF, 0x49, 0x4A, 0xFF, 0x6D, 0x6B, 0xFF, 0xEF, 0x7B, 0xFF, 0x2C, 0x63, 0xFF, 0x6D, 0x6B, 0xFF,
  0x8E, 0x73, 0xFF, 0xCF, 0x7B, 0xFF, 0x30, 0x84, 0xFF, 0xC3, 0x18, 0xFF, 0x00, 0x00, 0x67, 0x08,
  0x42, 0x00, 0xB2, 0x94, 0x00, 0xD7, 0xBD, 0x00, 0x69, 0x4A, 0x68, 0x00, 0x00, 0xFF, 0x41, 0x08,
  0xFF, 0x61, 0x08, 0xFF, 0x82, 0x10, 0xFF, 0x82, 0x10, 0xFF, 0x82, 0x10, 0xFF, 0x82, 0x10, 0xFF,
  0x82, 0x10, 0xFF, 0x82, 0x10, 0xFF, 0x82, 0x10, 0xFF, 0x82, 0x10, 0xFF, 0x82, 0x10, 0xFF, 0x82,
  0x10, 0xFF, 0x82, 0x10, 0xFF, 0x82, 0x10, 0xFF, 0x82, 0x10, 0xFF, 0x82, 0x10, 0xFF, 0x82, 0x10,
  0xFF, 0x82, 0x10, 0xFF, 0x82, 0x10, 0xFF, 0x82, 0x10, 0xFF, 0x82, 0x10, 0xFF, 0x82, 0x10, 0xFF,
  0x82, 0x10, 0xFF, 0x82, 0x10, 0xFF, 0x82, 0x10, 0xFF, 0x82, 0x10, 0xFF, 0x82, 0x10, 0xFF, 0x82,
  0x10, 0xFF, 0x82, 0x10, 0xFF, 0x61, 0x08, 0xFF, 0x41, 0x08, 0xFF, 0x41, 0x08, 0xFF, 0x41, 0x08,
  0xFF, 0x21, 0x00, 0xFF, 0x20, 0x00, 0xFF, 0x00, 0x00, 0xFF, 0x82, 0x08, 0xFF, 0x86, 0x29, 0xFF,
  0xA7, 0x31, 0xFF, 0xA6, 0x31, 0xFF, 0xC7, 0x31, 0xFF, 0x08, 0x3A, 0xFF, 0x8A, 0x4A, 0xFF, 0x8A,
  0x52, 0xFF, 0xA7, 0x31, 0xFF, 0x24, 0x21, 0xFF, 0x04, 0x21, 0xFF, 0x04, 0x21, 0xFF, 0x04, 0x21,
  0xFF, 0x04, 0x19, 0xFF, 0x04, 0x21, 0xFF, 0xE4, 0x18, 0xFF, 0xE4, 0x18, 0xFF, 0x25, 0x21, 0xFF,
  0xE7, 0x39, 0xFF, 0xAB, 0x52, 0xFF, 0x8A, 0x52, 0xFF, 0x08, 0x3A, 0xFF, 0xA7, 0x31, 0xFF, 0xA6,
  0x31, 0xFF, 0xA7, 0x31, 0xFF, 0x45, 0x29, 0xFF, 0x41, 0x08, 0xFF, 0x00, 0x00, 0xFF, 0x41, 0x08,
  0xFF, 0x41, 0x08, 0xFF, 0x00, 0x00, 0xFF, 0x00, 0x00, 0xFF, 0x82, 0x08, 0xFF, 0x32, 0x7C, 0xFF,
  0x6A, 0x42, 0xFF, 0x41, 0x08, 0xFF, 0x2E, 0x5B, 0xFF, 0x2D, 0x5B, 0xFF, 0xEC, 0x52, 0xFF, 0xEC,
  0x52, 0xFF, 0xEC, 0x52, 0xFF, 0xEC, 0x52, 0xFF, 0xEC, 0x52, 0xFF, 0xEC, 0x52, 0xFF, 0xEC, 0x52,
  0xFF, 0xEC, 0x52, 0xFF, 0xEC, 0x52, 0xFF, 0xEC, 0x52, 0xFF, 0xEC, 0x52, 0xFF, 0xEC, 0x52, 0xFF,
  0xEC, 0x52, 0xFF, 0xEC, 0x52, 0xFF, 0xEC, 0x52, 0xFF, 0xEC, 0x52, 0xFF, 0xEC, 0x52, 0xFF, 0xEC,
  0x52, 0xFF, 0xEC, 0x52, 0xFF, 0xEC, 0x52, 0xFF, 0xEC, 0x52, 0xFF, 0xEC, 0x52, 0xFF, 0xEC, 0x52,
  0xFF, 0xEC, 0x52, 0xFF, 0xEC, 0x52, 0xFF, 0xEC, 0x52, 0xFF, 0xEC, 0x52, 0xFF, 0xEC, 0x52, 0xFF,
  0xEC, 0x52, 0xFF, 0xEC, 0x52, 0xFF, 0xEC, 0x52, 0xFF, 0xEC, 0x52, 0xFF, 0xEC, 0x52, 0xFF, 0xEC,
  0x52, 0xFF, 0xEC, 0x52, 0xFF, 0xCC, 0x52, 0xFF, 0x25, 0x21, 0xFF, 0xAB, 0x4A, 0xFF, 0x0D, 0x5B,
  0xFF, 0xCC, 0x52, 0xFF, 0xCC, 0x52, 0xFF, 0xCC, 0x52, 0xFF, 0xED, 0x52, 0xFF, 0x0D, 0x5B, 0xFF,
  0x25, 0x21, 0xFF, 0x6A, 0x42, 0xFF, 0x0D, 0x5B, 0xFF, 0xCC, 0x52, 0xFF, 0xCC, 0x52, 0xFF, 0xCC,
  0x52, 0xFF, 0xCC, 0x52, 0xFF, 0xCC, 0x52, 0xFF, 0xEC, 0x52, 0xFF, 0xEC, 0x52, 0xFF, 0xCC, 0x52,
  0xFF, 0xCC, 0x52, 0xFF, 0xCC, 0x52, 0xFF, 0xCC, 0x52, 0xFF, 0xCC, 0x52, 0xFF, 0xCC, 0x52, 0xFF,
  0xCC, 0x52, 0xFF, 0xCC, 0x52, 0xFF, 0xEC, 0x52, 0xFF, 0xEC, 0x52, 0xFF, 0xEC, 0x52, 0xFF, 0xEC,
  0x52, 0xFF, 0xEC, 0x52, 0xFF, 0xEC, 0x52, 0xFF, 0xEC, 0x52, 0xFF, 0xEC, 0x52, 0xFF, 0xEC, 0x52,
  0xFF, 0xEC, 0x52, 0xFF, 0xEC, 0x52, 0xFF, 0xEC, 0x52, 0xFF, 0xEC, 0x52, 0xFF, 0xEC, 0x52, 0xFF,
  0xEC, 0x52, 0xFF, 0xEC, 0x52, 0xFF, 0xEC, 0x52, 0xFF, 0xEC, 0x52, 0xFF, 0xEC, 0x52, 0xFF, 0xEC,
  0x52, 0xFF, 0xEC, 0x52, 0xFF, 0xEC, 0x52, 0xFF, 0xEC, 0x52, 0xFF, 0xEC, 0x52, 0xFF, 0xEC, 0x52,
  0xFF, 0xEC, 0x52, 0xFF, 0xEC, 0x52, 0xFF, 0xEC, 0x52, 0xFF, 0xEC, 0x52, 0xFF, 0xEC, 0x52, 0xFF,
  0xEC, 0x52, 0xFF, 0xEC, 0x52, 0xFF, 0xEC, 0x52, 0xFF, 0xEC, 0x52, 0xFF, 0xEC, 0x52, 0xFF, 0xEC,
  0x52, 0xFF, 0xEC, 0x52, 0xFF, 0xEC, 0x52, 0xFF, 0xEC, 0x52, 0xFF, 0xEC, 0x52, 0xFF, 0xCC, 0x52,
  0xFF, 0xCC, 0x52, 0xFF, 0xCC, 0x52, 0xFF, 0xEC, 0x52, 0xFF, 0xCC, 0x52, 0xFF, 0xCC, 0x52, 0xFF,
  0xCC, 0x52, 0xFF, 0xCC, 0x52, 0xFF, 0xCC, 0x52, 0xFF, 0x2E, 0x5B, 0xFF, 0xA7, 0x31, 0xFF, 0xA7,
  0x31, 0xFF, 0x2D, 0x5B, 0xFF, 0xCC, 0x52, 0xFF, 0xEC, 0x52, 0xFF, 0xEC, 0x52, 0xFF, 0xEC, 0x52,
  0xFF, 0xEC, 0x52, 0xFF, 0xEC, 0x52, 0xFF, 0xEC, 0x52, 0xFF, 0xCC, 0x52, 0xFF, 0xCC, 0x52, 0xFF,
  0xEC, 0x52, 0xFF, 0xAC, 0x4A, 0xFF, 0x8B, 0x4A, 0xFF, 0x8B, 0x4A, 0xFF, 0x8F, 0x63, 0xFF, 0xF1,
  0x73, 0xFF, 0x45, 0x21, 0xFF, 0x00, 0x00, 0xFF, 0x20, 0x00, 0xFF, 0x41, 0x08, 0xFF, 0x00, 0x00,
  0xFF, 0x20, 0x00, 0xFF, 0x24, 0x21, 0xFF, 0x86, 0x31, 0xFF, 0x86, 0x29, 0xFF, 0xA6, 0x31, 0xFF,
  0xC7, 0x31, 0xFF, 0x29, 0x42, 0xFF, 0x8A, 0x4A, 0xFF, 0x28, 0x42, 0xFF, 0x66, 0x29, 0xFF, 0x04,
  0x21, 0xFF, 0x04, 0x19, 0xFF, 0x04, 0x21, 0xFF, 0x24, 0x21, 0xFF, 0x25, 0x21, 0xFF, 0x25, 0x21,
  0xFF, 0x24, 0x21, 0xFF, 0x45, 0x29, 0xFF, 0xC7, 0x31, 0xFF, 0x8A, 0x4A, 0xFF, 0xAA, 0x52, 0xFF,
  0x28, 0x42, 0xFF, 0xC7, 0x39, 0xFF, 0xC7, 0x31, 0xFF, 0xE8, 0x39, 0xFF, 0xA6, 0x31, 0xFF, 0x61,
  0x08, 0xFF, 0x00, 0x00, 0xFF, 0x20, 0x00, 0xFF, 0x41, 0x08, 0xFF, 0x20, 0x00, 0xFF, 0x00, 0x00,
  0xFF, 0x41, 0x08, 0xFF, 0x00, 0x00, 0xFF, 0x00, 0x00, 0xFF, 0x00, 0x00, 0xFF, 0x00, 0x00, 0xFF,
  0x00, 0x00, 0xFF, 0x00, 0x00, 0xFF, 0x00, 0x00, 0xFF, 0x00, 0x00, 0xFF, 0x00, 0x00, 0xFF, 0x00,
  0x00, 0xFF, 0x00, 0x00, 0xFF, 0x00, 0x00, 0xFF, 0x00, 0x00, 0xFF, 0x00, 0x00, 0xFF, 0x00, 0x00,
  0xFF, 0x00, 0x00, 0xFF, 0x00, 0x00, 0xFF, 0x00, 0x00, 0xFF, 0x00, 0x00, 0xFF, 0x00, 0x00, 0xFF,
  0x00, 0x00, 0xFF, 0x00, 0x00, 0xFF, 0x00, 0x00, 0xFF, 0x00, 0x00, 0xFF, 0x00, 0x00, 0xFF, 0x00,
  0x00, 0xFF, 0x00, 0x00, 0xFF, 0x00, 0x00, 0xFF, 0x00, 0x00, 0xFE, 0x86, 0x31, 0x7D, 0x92, 0x94,
  0x00, 0x55, 0xAD, 0x00, 0xA6, 0x31, 0xA8, 0x00, 0x00, 0xFF, 0x61, 0x08, 0xFF, 0x00, 0x00, 0xFF,
  0x62, 0x08, 0xFF, 0x82, 0x10, 0xFF, 0x82, 0x10, 0xFF, 0x82, 0x10, 0xFF, 0x82, 0x10, 0xFF, 0x82,
  0x10, 0xFF, 0x82, 0x10, 0xFF, 0x82, 0x10, 0xFF, 0x82, 0x10, 0xFF, 0x82, 0x10, 0xFF, 0x82, 0x10,
  0xFF, 0x82, 0x10, 0xFF, 0x82, 0x10, 0xFF, 0x82, 0x10, 0xFF, 0x82, 0x10, 0xFF, 0x82, 0x10, 0xFF,
  0x82, 0x10, 0xFF, 0x82, 0x10, 0xFF, 0x82, 0x10, 0xFF, 0x82, 0x10, 0xFF, 0x82, 0x10, 0xFF, 0x82,
  0x10, 0xFF, 0x82, 0x10, 0xFF, 0x82, 0x10, 0xFF, 0x82, 0x10, 0xFF, 0x82, 0x10, 0xFF, 0x61, 0x08,
  0xFF, 0x41, 0x00, 0xFF, 0x41, 0x08, 0xFF, 0x41, 0x08, 0xFF, 0x41, 0x00, 0xFF, 0x20, 0x00, 0xFF,
  0x00, 0x00, 0xFF, 0xA2, 0x10, 0xFF, 0xC7, 0x31, 0xFF, 0xA7, 0x31, 0xFF, 0xA7, 0x31, 0xFF, 0xC7,
  0x39, 0xFF, 0x49, 0x42, 0xFF, 0x8A, 0x4A, 0xFF, 0x86, 0x31, 0xFF, 0xC3, 0x18, 0xFF, 0x04, 0x21,
  0xFF, 0xA6, 0x31, 0xFF, 0x28, 0x42, 0xFF, 0xC7, 0x39, 0xFF, 0x86, 0x29, 0xFF, 0x86, 0x29, 0xFF,
  0x86, 0x31, 0xFF, 0xE8, 0x39, 0xFF, 0xE7, 0x39, 0xFF, 0x45, 0x29, 0xFF, 0xC3, 0x18, 0xFF, 0xC3,
  0x18, 0xFF, 0xA7, 0x31, 0xFF, 0x8A, 0x52, 0xFF, 0x49, 0x4A, 0xFF, 0xC7, 0x39, 0xFF, 0xA7, 0x31,
  0xFF, 0xA7, 0x31, 0xFF, 0x66, 0x29, 0xFF, 0x41, 0x08, 0xFF, 0x00, 0x00, 0xFF, 0x41, 0x08, 0xFF,
  0x41, 0x00, 0xFF, 0x00, 0x00, 0xFF, 0x00, 0x00, 0xFF, 0xA7, 0x31, 0xFF, 0x73, 0x84, 0xFF, 0x04,
  0x19, 0xFF, 0x66, 0x29, 0xFF, 0x6F, 0x63, 0xFF, 0xCC, 0x52, 0xFF, 0xEC, 0x52, 0xFF, 0xCC, 0x52,
  0xFF, 0xCC, 0x52, 0xFF, 0xCC, 0x52, 0xFF, 0xCC, 0x52, 0xFF, 0xCC, 0x52, 0xFF, 0xCC, 0x52, 0xFF,
  0xCC, 0x52, 0xFF, 0xCC, 0x52, 0xFF, 0xCC, 0x52, 0xFF, 0xCC, 0x52, 0xFF, 0xCC, 0x52, 0xFF, 0xEC,
  0x52, 0xFF, 0xEC, 0x52, 0xFF, 0xEC, 0x52, 0xFF, 0xEC, 0x52, 0xFF, 0xEC, 0x52, 0xFF, 0xEC, 0x52,
  0xFF, 0xEC, 0x52, 0xFF, 0xEC, 0x52, 0xFF, 0xEC, 0x52, 0xFF, 0xEC, 0x52, 0xFF, 0xEC, 0x52, 0xFF,
  0xEC, 0x52, 0xFF, 0xEC, 0x52, 0xFF, 0xEC, 0x52, 0xFF, 0xEC, 0x52, 0xFF, 0xEC, 0x52, 0xFF, 0xEC,
  0x52, 0xFF, 0xEC, 0x52, 0xFF, 0xEC, 0x52, 0xFF, 0xEC, 0x52, 0xFF, 0xEC, 0x52, 0xFF, 0xED, 0x52,
  0xFF, 0xCC, 0x52, 0xFF, 0x25, 0x21, 0xFF, 0xAC, 0x4A, 0xFF, 0x0D, 0x5B, 0xFF, 0xCC, 0x52, 0xFF,
  0xCC, 0x52, 0xFF, 0xCC, 0x52, 0xFF, 0xED, 0x52, 0xFF, 0x0D, 0x53, 0xFF, 0x25, 0x21, 0xFF, 0x6A,
  0x42, 0xFF, 0x0D, 0x5B, 0xFF, 0xCC, 0x52, 0xFF, 0xCC, 0x52, 0xFF, 0xCC, 0x52, 0xFF, 0xCC, 0x52,
  0xFF, 0xCC, 0x52, 0xFF, 0xCC, 0x52, 0xFF, 0xCC, 0x52, 0xFF, 0xCC, 0x52, 0xFF, 0xCC, 0x52, 0xFF,
  0xCC, 0x52, 0xFF, 0xCC, 0x52, 0xFF, 0xCC, 0x52, 0xFF, 0xCC, 0x52, 0xFF, 0xCC, 0x52, 0xFF, 0xCC,
  0x52, 0xFF, 0xCC, 0x52, 0xFF, 0xCC, 0x52, 0xFF, 0xCC, 0x52, 0xFF, 0xCC, 0x52, 0xFF, 0xCC, 0x52,
  0xFF, 0xCC, 0x52, 0xFF, 0xCC, 0x52, 0xFF, 0xCC, 0x52, 0xFF, 0xCC, 0x52, 0xFF, 0xEC, 0x52, 0xFF,
  0xCC, 0x52, 0xFF, 0xCC, 0x52, 0xFF, 0xEC, 0x52, 0xFF, 0xEC, 0x52, 0xFF, 0xEC, 0x52, 0xFF, 0xEC,
  0x52, 0xFF, 0xEC, 0x52, 0xFF, 0xEC, 0x52, 0xFF, 0xEC, 0x52, 0xFF, 0xCC, 0x52, 0xFF, 0xEC, 0x52,
  0xFF, 0xEC, 0x52, 0xFF, 0xCC, 0x52, 0xFF, 0xEC, 0x52, 0xFF, 0xEC, 0x52, 0xFF, 0xCC, 0x52, 0xFF,
  0xEC, 0x52, 0xFF, 0xCC, 0x52, 0xFF, 0xCC, 0x52, 0xFF, 0xCC, 0x52, 0xFF, 0xCC, 0x52, 0xFF, 0xEC,
  0x52, 0xFF, 0xEC, 0x52, 0xFF, 0xCC, 0x52, 0xFF, 0xCC, 0x52, 0xFF, 0xCC, 0x52, 0xFF, 0xCC, 0x52,
  0xFF, 0xCC, 0x52, 0xFF, 0xCC, 0x52, 0xFF, 0xCC, 0x52, 0xFF, 0xCC, 0x52, 0xFF, 0xCC, 0x52, 0xFF,
  0xCC, 0x52, 0xFF, 0xCC, 0x52, 0xFF, 0xCC, 0x52, 0xFF, 0xCC, 0x52, 0xFF, 0xCC, 0x52, 0xFF, 0xCC,
  0x52, 0xFF, 0xCC, 0x52, 0xFF, 0x2E, 0x5B, 0xFF, 0xA7, 0x31, 0xFF, 0xA7, 0x31, 0xFF, 0x2E, 0x5B,
  0xFF, 0xCC, 0x52, 0xFF, 0xCC, 0x52, 0xFF, 0xCC, 0x52, 0xFF, 0xCC, 0x52, 0xFF, 0xEC, 0x52, 0xFF,
  0xCC, 0x52, 0xFF, 0xCC, 0x52, 0xFF, 0xCC, 0x52, 0xFF, 0xCC, 0x52, 0xFF, 0xCC, 0x52, 0xFF, 0xAB,
  0x4A, 0xFF, 0x6B, 0x42, 0xFF, 0x0D, 0x5B, 0xFF, 0x11, 0x7C, 0xFF, 0x4A, 0x42, 0xFF, 0x20, 0x00,
  0xFF, 0x00, 0x00, 0xFF, 0x41, 0x08, 0xFF, 0x00, 0x00, 0xFF, 0x41, 0x08, 0xFF, 0x65, 0x29, 0xFF,
  0x86, 0x31, 0xFF, 0x86, 0x31, 0xFF, 0xA7, 0x31, 0xFF, 0x08, 0x42, 0xFF, 0x8A, 0x4A, 0xFF, 0xE7,
  0x39, 0xFF, 0x24, 0x21, 0xFF, 0x04, 0x21, 0xFF, 0x65, 0x29, 0xFF, 0xC7, 0x39, 0xFF, 0xC7, 0x31,
  0xFF, 0xA7, 0x31, 0xFF, 0xC7, 0x31, 0xFF, 0xC7, 0x39, 0xFF, 0xE8, 0x39, 0xFF, 0x08, 0x3A, 0xFF,
  0xA6, 0x31, 0xFF, 0x04, 0x21, 0xFF, 0xE4, 0x18, 0xFF, 0x66, 0x29, 0xFF, 0x8A, 0x4A, 0xFF, 0x8A,
  0x4A, 0xFF, 0x08, 0x3A, 0xFF, 0xC7, 0x31, 0xFF, 0xC7, 0x31, 0xFF, 0xA7, 0x31, 0xFF, 0x82, 0x08,
  0xFF, 0x00, 0x00, 0xFF, 0x20, 0x00, 0xFF, 0x41, 0x00, 0xFF, 0x20, 0x00, 0xFF, 0x00, 0x00, 0xFF,
  0x82, 0x10, 0xFF, 0x82, 0x10, 0xFF, 0x62, 0x08, 0xFF, 0x82, 0x08, 0xFF, 0x82, 0x08, 0xFF, 0x82,
  0x08, 0xFF, 0x82, 0x08, 0xFF, 0x62, 0x08, 0xFF, 0x62, 0x08, 0xFF, 0x82, 0x08, 0xFF, 0x62, 0x08,
  0xFF, 0x62, 0x08, 0xFF, 0x62, 0x08, 0xFF, 0x62, 0x08, 0xFF, 0x82, 0x08, 0xFF, 0x82, 0x08, 0xFF,
  0x82, 0x08, 0xFF, 0x82, 0x08, 0xFF, 0x61, 0x08, 0xFF, 0x62, 0x08, 0xFF, 0x62, 0x08, 0xFF, 0x61,
  0x08, 0xFF, 0x61, 0x08, 0xFF, 0x61, 0x08, 0xFF, 0x61, 0x08, 0xFF, 0x61, 0x08, 0xFF, 0x61, 0x08,
  0xFF, 0x82, 0x10, 0xFF, 0x61, 0x08, 0xFF, 0x00, 0x00, 0xFF, 0xCB, 0x5A, 0x85, 0xB6, 0xB5, 0x00,
  0xE7, 0x39, 0xAD, 0x00, 0x00, 0xFF, 0xA3, 0x10, 0xFF, 0x04, 0x19, 0xFF, 0x61, 0x08, 0xFF, 0x41,
  0x00, 0xFF, 0x41, 0x08, 0xFF, 0x41, 0x08, 0xFF, 0x41, 0x08, 0xFF, 0x41, 0x08, 0xFF, 0x41, 0x08,
  0xFF, 0x41, 0x08, 0xFF, 0x41, 0x08, 0xFF, 0x41, 0x08, 0xFF, 0x41, 0x08, 0xFF, 0x41, 0x08, 0xFF,
  0x41, 0x08, 0xFF, 0x41, 0x08, 0xFF, 0x41, 0x08, 0xFF, 0x41, 0x08, 0xFF, 0x41, 0x08, 0xFF, 0x41,
  0x08, 0xFF, 0x41, 0x08, 0xFF, 0x41, 0x08, 0xFF, 0x41, 0x08, 0xFF, 0x41, 0x08, 0xFF, 0x41, 0x08,
  0xFF, 0x41, 0x08, 0xFF, 0x41, 0x08, 0xFF, 0x41, 0x08, 0xFF, 0x20, 0x00, 0xFF, 0x62, 0x08, 0xFF,
  0x41, 0x08, 0xFF, 0x20, 0x00, 0xFF, 0x41, 0x08, 0xFF, 0x00, 0x00, 0xFF, 0x62, 0x08, 0xFF, 0xA7,
  0x31, 0xFF, 0xA7, 0x31, 0xFF, 0xA7, 0x31, 0xFF, 0xC7, 0x39, 0xFF, 0x6A, 0x4A, 0xFF, 0x29, 0x42,
  0xFF, 0xC3, 0x10, 0xFF, 0x45, 0x21, 0xFF, 0x08, 0x42, 0xFF, 0x08, 0x42, 0xFF, 0x45, 0x29, 0xFF,
  0x61, 0x08, 0xFF, 0xA2, 0x10, 0xFF, 0x04, 0x19, 0xFF, 0x04, 0x21, 0xFF, 0x04, 0x19, 0xFF, 0x82,
  0x10, 0xFF, 0x82, 0x08, 0xFF, 0x24, 0x21, 0xFF, 0xA6, 0x31, 0xFF, 0xA6, 0x31, 0xFF, 0xC3, 0x18,
  0xFF, 0xA3, 0x10, 0xFF, 0x69, 0x4A, 0xFF, 0x6A, 0x4A, 0xFF, 0xC7, 0x39, 0xFF, 0xA7, 0x31, 0xFF,
  0xA7, 0x31, 0xFF, 0x45, 0x21, 0xFF, 0x20, 0x00, 0xFF, 0x00, 0x00, 0xFF, 0x41, 0x00, 0xFF, 0x20,
  0x00, 0xFF, 0x00, 0x00, 0xFF, 0x00, 0x00, 0xFF, 0x8F, 0x6B, 0xFF, 0x0D, 0x5B, 0xFF, 0x41, 0x08,
  0xFF, 0xCC, 0x52, 0xFF, 0x0D, 0x5B, 0xFF, 0xCC, 0x52, 0xFF, 0xCC, 0x52, 0xFF, 0xCC, 0x52, 0xFF,
  0xCC, 0x52, 0xFF, 0xCC, 0x52, 0xFF, 0xCC, 0x52, 0xFF, 0xCC, 0x52, 0xFF, 0xCC, 0x52, 0xFF, 0xCC,
  0x52, 0xFF, 0xCC, 0x52, 0xFF, 0xCC, 0x52, 0xFF, 0xCC, 0x52, 0xFF, 0xCC, 0x52, 0xFF, 0xEC, 0x52,
  0xFF, 0xCC, 0x52, 0xFF, 0xCC, 0x52, 0xFF, 0xCC, 0x52, 0xFF, 0xCC, 0x52, 0xFF, 0xEC, 0x52, 0xFF,
  0xCC, 0x52, 0xFF, 0xCC, 0x52, 0xFF, 0xCC, 0x52, 0xFF, 0xCC, 0x52, 0xFF, 0xCC, 0x52, 0xFF, 0xCC,
  0x52, 0xFF, 0xCC, 0x52, 0xFF, 0xCC, 0x52, 0xFF, 0xEC, 0x52, 0xFF, 0xCC, 0x52, 0xFF, 0xCC, 0x52,
  0xFF, 0xCC, 0x52, 0xFF, 0xCC, 0x52, 0xFF, 0xCC, 0x52, 0xFF, 0xED, 0x52, 0xFF, 0xAB, 0x4A, 0xFF,
  0x25, 0x21, 0xFF, 0xAC, 0x4A, 0xFF, 0xED, 0x5A, 0xFF, 0xCC, 0x52, 0xFF, 0xCC, 0x52, 0xFF, 0xCC,
  0x52, 0xFF, 0xED, 0x52, 0xFF, 0x0D, 0x53, 0xFF, 0x25, 0x21, 0xFF, 0x6A, 0x42, 0xFF, 0x0D, 0x5B,
  0xFF, 0xCC, 0x52, 0xFF, 0xCC, 0x52, 0xFF, 0xCC, 0x52, 0xFF, 0xCC, 0x52, 0xFF, 0xCC, 0x52, 0xFF,
  0xCC, 0x52, 0xFF, 0xCC, 0x52, 0xFF, 0xCC, 0x52, 0xFF, 0xCC, 0x52, 0xFF, 0xCC, 0x52, 0xFF, 0xCC,
  0x52, 0xFF, 0xCC, 0x52, 0xFF, 0xCC, 0x52, 0xFF, 0xCC, 0x52, 0xFF, 0xCC, 0x52, 0xFF, 0xCC, 0x52,
  0xFF, 0xCC, 0x52, 0xFF, 0xCC, 0x52, 0xFF, 0xCC, 0x52, 0xFF, 0xCC, 0x52, 0xFF, 0xCC, 0x52, 0xFF,
  0xCC, 0x52, 0xFF, 0xCC, 0x52, 0xFF, 0xCC, 0x52, 0xFF, 0xCC, 0x52, 0xFF, 0xCC, 0x52, 0xFF, 0xCC,
  0x52, 0xFF, 0xCC, 0x52, 0xFF, 0xCC, 0x52, 0xFF, 0xCC, 0x52, 0xFF, 0xCC, 0x52, 0xFF, 0xCC, 0x52,
  0xFF, 0xCC, 0x52, 0xFF, 0xCC, 0x52, 0xFF, 0xCC, 0x52, 0xFF, 0xCC, 0x52, 0xFF, 0xCC, 0x52, 0xFF,
  0xCC, 0x52, 0xFF, 0xCC, 0x52, 0xFF, 0xCC, 0x52, 0xFF, 0xCC, 0x52, 0xFF, 0xCC, 0x52, 0xFF, 0xCC,
  0x52, 0xFF, 0xCC, 0x52, 0xFF, 0xCC, 0x52, 0xFF, 0xCC, 0x52, 0xFF, 0xCC, 0x52, 0xFF, 0xCC, 0x52,
  0xFF, 0xCC, 0x52, 0xFF, 0xCC, 0x52, 0xFF, 0xCC, 0x52, 0xFF, 0xCC, 0x52, 0xFF, 0xCC, 0x52, 0xFF,
  0xCC, 0x52, 0xFF, 0xCC, 0x52, 0xFF, 0xCC, 0x52, 0xFF, 0xCC, 0x52, 0xFF, 0xCC, 0x52, 0xFF, 0xCC,
  0x52, 0xFF, 0xCC, 0x52, 0xFF, 0xCC, 0x52, 0xFF, 0xCC, 0x52, 0xFF, 0xCC, 0x52, 0xFF, 0xCC, 0x52,
  0xFF, 0x2E, 0x5B, 0xFF, 0xA7, 0x31, 0xFF, 0xA7, 0x31, 0xFF, 0x2D, 0x5B, 0xFF, 0xCC, 0x52, 0xFF,
  0xCC, 0x52, 0xFF, 0xCC, 0x52, 0xFF, 0xCC, 0x52, 0xFF, 0xCC, 0x52, 0xFF, 0xCC, 0x52, 0xFF, 0xCC,
  0x52, 0xFF, 0xCC, 0x52, 0xFF, 0xCC, 0x52, 0xFF, 0xAC, 0x4A, 0xFF, 0x8B, 0x4A, 0xFF, 0x8B, 0x4A,
  0xFF, 0xB0, 0x6B, 0xFF, 0x6F, 0x63, 0xFF, 0x24, 0x21, 0xFF, 0x00, 0x00, 0xFF, 0x41, 0x00, 0xFF,
  0x20, 0x00, 0xFF, 0x41, 0x00, 0xFF, 0x86, 0x29, 0xFF, 0xA7, 0x31, 0xFF, 0x86, 0x31, 0xFF, 0xA7,
  0x31, 0xFF, 0x49, 0x4A, 0xFF, 0x8A, 0x4A, 0xFF, 0x04, 0x21, 0xFF, 0xE3, 0x18, 0xFF, 0xE7, 0x39,
  0xFF, 0x08, 0x3A, 0xFF, 0x65, 0x29, 0xFF, 0x82, 0x10, 0xFF, 0xA3, 0x10, 0xFF, 0xC3, 0x18, 0xFF,
  0xA2, 0x10, 0xFF, 0xA2, 0x10, 0xFF, 0x61, 0x08, 0xFF, 0x41, 0x08, 0xFF, 0xE3, 0x18, 0xFF, 0x86,
  0x31, 0xFF, 0xA7, 0x31, 0xFF, 0x04, 0x21, 0xFF, 0xA3, 0x10, 0xFF, 0x08, 0x42, 0xFF, 0xAB, 0x52,
  0xFF, 0xE8, 0x39, 0xFF, 0xC7, 0x31, 0xFF, 0xC7, 0x39, 0xFF, 0xA7, 0x31, 0xFF, 0x61, 0x08, 0xFF,
  0x00, 0x00, 0xFF, 0x41, 0x08, 0xFF, 0x41, 0x08, 0xFF, 0x20, 0x00, 0xFF, 0x21, 0x00, 0xFF, 0x61,
  0x08, 0xFF, 0x41, 0x00, 0xFF, 0x41, 0x08, 0xFF, 0x41, 0x08, 0xFF, 0x41, 0x08, 0xFF, 0x41, 0x08,
  0xFF, 0x41, 0x08, 0xFF, 0x41, 0x08, 0xFF, 0x41, 0x08, 0xFF, 0x41, 0x08, 0xFF, 0x41, 0x08, 0xFF,
  0x41, 0x08, 0xFF, 0x41, 0x08, 0xFF, 0x41, 0x08, 0xFF, 0x41, 0x08, 0xFF, 0x41, 0x08, 0xFF, 0x41,
  0x08, 0xFF, 0x41, 0x08, 0xFF, 0x41, 0x08, 0xFF, 0x41, 0x08, 0xFF, 0x41, 0x08, 0xFF, 0x41, 0x08,
  0xFF, 0x41, 0x08, 0xFF, 0x41, 0x08, 0xFF, 0x41, 0x08, 0xFF, 0x00, 0x00, 0xFF, 0x00, 0x00, 0xFF,
  0x00, 0x00, 0xFF, 0x00, 0x00, 0xFF, 0x61, 0x08, 0xDC, 0x04, 0x21, 0x14, 0x85, 0x29, 0xAB, 0x00,
  0x00, 0xFF, 0x6A, 0x4A, 0xFF, 0x51, 0x8C, 0xFF, 0xE3, 0x18, 0xFF, 0x00, 0x00, 0xFF, 0x41, 0x08,
  0xFF, 0x41, 0x08, 0xFF, 0x41, 0x08, 0xFF, 0x41, 0x08, 0xFF, 0x41, 0x08, 0xFF, 0x41, 0x08, 0xFF,
  0x41, 0x08, 0xFF, 0x41, 0x08, 0xFF, 0x41, 0x08, 0xFF, 0x41, 0x08, 0xFF, 0x41, 0x08, 0xFF, 0x41,
  0x08, 0xFF, 0x41, 0x08, 0xFF, 0x41, 0x08, 0xFF, 0x41, 0x08, 0xFF, 0x41, 0x08, 0xFF, 0x41, 0x08,
  0xFF, 0x41, 0x08, 0xFF, 0x41, 0x08, 0xFF, 0x41, 0x08, 0xFF, 0x41, 0x08, 0xFF, 0x41, 0x08, 0xFF,
  0x41, 0x08, 0xFF, 0x20, 0x00, 0xFF, 0x82, 0x10, 0xFF, 0xA2, 0x10, 0xFF, 0x20, 0x00, 0xFF, 0x20,
  0x08, 0xFF, 0x00, 0x00, 0xFF, 0x20, 0x00, 0xFF, 0x86, 0x29, 0xFF, 0xC7, 0x31, 0xFF, 0xA7, 0x31,
  0xFF, 0xE7, 0x39, 0xFF, 0x6A, 0x4A, 0xFF, 0xA6, 0x31, 0xFF, 0x62, 0x08, 0xFF, 0x28, 0x42, 0xFF,
  0x69, 0x4A, 0xFF, 0xC3, 0x10, 0xFF, 0x00, 0x00, 0xFF, 0x00, 0x00, 0xFF, 0x00, 0x00, 0xFF, 0xC7,
  0x31, 0xFF, 0xEC, 0x5A, 0xFF, 0x8A, 0x4A, 0xFF, 0xAB, 0x52, 0xFF, 0xE4, 0x18, 0xFF, 0x00, 0x00,
  0xFF, 0x00, 0x00, 0xFF, 0x00, 0x00, 0xFF, 0xC3, 0x18, 0xFF, 0x08, 0x42, 0xFF, 0x65, 0x29, 0xFF,
  0x41, 0x08, 0xFF, 0xE7, 0x39, 0xFF, 0x6A, 0x4A, 0xFF, 0xE7, 0x39, 0xFF, 0xA7, 0x31, 0xFF, 0x86,
  0x31, 0xFF, 0xE4, 0x18, 0xFF, 0x00, 0x00, 0xFF, 0x20, 0x00, 0xFF, 0x41, 0x00, 0xFF, 0x20, 0x00,
  0xFF, 0x00, 0x00, 0xFF, 0xA7, 0x29, 0xFF, 0x53, 0x84, 0xFF, 0xE4, 0x18, 0xFF, 0x87, 0x29, 0xFF,
  0x4E, 0x63, 0xFF, 0xCC, 0x52, 0xFF, 0xCC, 0x52, 0xFF, 0xCC, 0x52, 0xFF, 0xCC, 0x52, 0xFF, 0xCC,
  0x52, 0xFF, 0xCC, 0x52, 0xFF, 0xCC, 0x52, 0xFF, 0xCC, 0x52, 0xFF, 0xCC, 0x52, 0xFF, 0xCC, 0x52,
  0xFF, 0xCC, 0x52, 0xFF, 0xCC, 0x52, 0xFF, 0xCC, 0x52, 0xFF, 0xCC, 0x52, 0xFF, 0xCC, 0x52, 0xFF,
  0xCC, 0x52, 0xFF, 0xCC, 0x52, 0xFF, 0xCC, 0x52, 0xFF, 0xCC, 0x52, 0xFF, 0xCC, 0x52, 0xFF, 0xCC,
  0x52, 0xFF, 0xCC, 0x52, 0xFF, 0xCC, 0x52, 0xFF, 0xCC, 0x52, 0xFF, 0xCC, 0x52, 0xFF, 0xCC, 0x52,
  0xFF, 0xCC, 0x52, 0xFF, 0xCC, 0x52, 0xFF, 0xCC, 0x52, 0xFF, 0xCC, 0x52, 0xFF, 0xCC, 0x52, 0xFF,
  0xCC, 0x52, 0xFF, 0xCC, 0x52, 0xFF, 0xEC, 0x52, 0xFF, 0xAB, 0x4A, 0xFF, 0x25, 0x19, 0xFF, 0xAC,
  0x4A, 0xFF, 0x0D, 0x5B, 0xFF, 0xCC, 0x52, 0xFF, 0xCC, 0x52, 0xFF, 0xCC, 0x52, 0xFF, 0xED, 0x52,
  0xFF, 0xED, 0x52, 0xFF, 0x25, 0x21, 0xFF, 0x6A, 0x42, 0xFF, 0x0D, 0x5B, 0xFF, 0xCC, 0x52, 0xFF,
  0xCC, 0x52, 0xFF, 0xCC, 0x52, 0xFF, 0xCC, 0x52, 0xFF, 0xCC, 0x52, 0xFF, 0xCC, 0x52, 0xFF, 0xCC,
  0x52, 0xFF, 0xCC, 0x52, 0xFF, 0xCC, 0x52, 0xFF, 0xCC, 0x52, 0xFF, 0xCC, 0x52, 0xFF, 0xCC, 0x52,
  0xFF, 0xCC, 0x52, 0xFF, 0xCC, 0x52, 0xFF, 0xCC, 0x52, 0xFF, 0xCC, 0x52, 0xFF, 0xCC, 0x52, 0xFF,
  0xCC, 0x52, 0xFF, 0xCC, 0x52, 0xFF, 0xCC, 0x52, 0xFF, 0xCC, 0x52, 0xFF, 0xCC, 0x52, 0xFF, 0xCC,
  0x52, 0xFF, 0xCC, 0x52, 0xFF, 0xCC, 0x52, 0xFF, 0xCC, 0x52, 0xFF, 0xCC, 0x52, 0xFF, 0xCC, 0x52,
  0xFF, 0xCC, 0x52, 0xFF, 0xCC, 0x52, 0xFF, 0xCC, 0x52, 0xFF, 0xCC, 0x52, 0xFF, 0xCC, 0x52, 0xFF,
  0xCC, 0x52, 0xFF, 0xCC, 0x52, 0xFF, 0xCC, 0x52, 0xFF, 0xCC, 0x52, 0xFF, 0xCC, 0x52, 0xFF, 0xCC,
  0x52, 0xFF, 0xCC, 0x52, 0xFF, 0xCC, 0x52, 0xFF, 0xCC, 0x52, 0xFF, 0xCC, 0x52, 0xFF, 0xCC, 0x52,
  0xFF, 0xCC, 0x52, 0xFF, 0xCC, 0x52, 0xFF, 0xCC, 0x52, 0xFF, 0xCC, 0x52, 0xFF, 0xCC, 0x52, 0xFF,
  0xCC, 0x52, 0xFF, 0xCC, 0x52, 0xFF, 0xCC, 0x52, 0xFF, 0xCC, 0x52, 0xFF, 0xCC, 0x52, 0xFF, 0xCC,
  0x52, 0xFF, 0xCC, 0x52, 0xFF, 0xCC, 0x52, 0xFF, 0xCC, 0x52, 0xFF, 0xCC, 0x52, 0xFF, 0xCC, 0x52,
  0xFF, 0xCC, 0x52, 0xFF, 0xCC, 0x52, 0xFF, 0xCC, 0x52, 0xFF, 0xCC, 0x52, 0xFF, 0x2E, 0x5B, 0xFF,
  0xA7, 0x31, 0xFF, 0xA7, 0x31, 0xFF, 0x0D, 0x5B, 0xFF, 0xCC, 0x52, 0xFF, 0xCC, 0x52, 0xFF, 0xCC,
  0x52, 0xFF, 0xCC, 0x52, 0xFF, 0xCC, 0x52, 0xFF, 0xCC, 0x52, 0xFF, 0xCC, 0x52, 0xFF, 0xCC, 0x52,
  0xFF, 0xCC, 0x52, 0xFF, 0xAB, 0x4A, 0xFF, 0x6B, 0x42, 0xFF, 0x2E, 0x5B, 0xFF, 0xD0, 0x6B, 0xFF,
  0xE8, 0x39, 0xFF, 0x20, 0x00, 0xFF, 0x00, 0x00, 0xFF, 0x20, 0x00, 0xFF, 0x00, 0x00, 0xFF, 0x45,
  0x29, 0xFF, 0xC7, 0x39, 0xFF, 0xA7, 0x31, 0xFF, 0xC7, 0x39, 0xFF, 0x6A, 0x4A, 0xFF, 0x49, 0x42,
  0xFF, 0xA2, 0x10, 0xFF, 0x04, 0x21, 0xFF, 0x08, 0x3A, 0xFF, 0x24, 0x21, 0xFF, 0x00, 0x00, 0xFF,
  0x00, 0x00, 0xFF, 0x00, 0x00, 0xFF, 0x66, 0x29, 0xFF, 0x8A, 0x4A, 0xFF, 0x29, 0x42, 0xFF, 0x8A,
  0x4A, 0xFF, 0x45, 0x29, 0xFF, 0x00, 0x00, 0xFF, 0x20, 0x00, 0xFF, 0x00, 0x00, 0xFF, 0x41, 0x08,
  0xFF, 0x86, 0x29, 0xFF, 0xC7, 0x31, 0xFF, 0x61, 0x08, 0xFF, 0x66, 0x29, 0xFF, 0xAA, 0x52, 0xFF,
  0x08, 0x42, 0xFF, 0xC7, 0x31, 0xFF, 0xC7, 0x31, 0xFF, 0x66, 0x29, 0xFF, 0x20, 0x00, 0xFF, 0x00,
  0x00, 0xFF, 0x41, 0x08, 0xFF, 0x41, 0x00, 0xFF, 0x00, 0x00, 0xFF, 0x41, 0x08, 0xFF, 0x41, 0x08,
  0xFF, 0x20, 0x00, 0xFF, 0x20, 0x00, 0xFF, 0x20, 0x00, 0xFF, 0x20, 0x00, 0xFF, 0x20, 0x00, 0xFF,
  0x20, 0x00, 0xFF, 0x20, 0x00, 0xFF, 0x21, 0x00, 0xFF, 0x21, 0x00, 0xFF, 0x21, 0x00, 0xFF, 0x21,
  0x00, 0xFF, 0x21, 0x00, 0xFF, 0x21, 0x00, 0xFF, 0x21, 0x00, 0xFF, 0x21, 0x08, 0xFF, 0x21, 0x08,
  0xFF, 0x21, 0x08, 0xFF, 0x21, 0x08, 0xFF, 0x21, 0x00, 0xFF, 0x21, 0x00, 0xFF, 0x21, 0x00, 0xFF,
  0x20, 0x00, 0xFF, 0x20, 0x00, 0xFF, 0xC3, 0x18, 0xFF, 0x04, 0x21, 0xFF, 0x04, 0x21, 0xFF, 0xC3,
  0x18, 0xFF, 0x82, 0x08, 0xF7, 0x65, 0x29, 0x2A, 0x85, 0x29, 0xAD, 0x00, 0x00, 0xFF, 0xAA, 0x52,
  0xFF, 0x92, 0x94, 0xFF, 0xE3, 0x18, 0xFF, 0x00, 0x00, 0xFF, 0x41, 0x08, 0xFF, 0x41, 0x08, 0xFF,
  0x41, 0x08, 0xFF, 0x41, 0x08, 0xFF, 0x41, 0x08, 0xFF, 0x41, 0x08, 0xFF, 0x41, 0x08, 0xFF, 0x41,
  0x08, 0xFF, 0x41, 0x08, 0xFF, 0x41, 0x08, 0xFF, 0x41, 0x08, 0xFF, 0x41, 0x08, 0xFF, 0x41, 0x08,
  0xFF, 0x41, 0x08, 0xFF, 0x41, 0x08, 0xFF, 0x41, 0x08, 0xFF, 0x41, 0x08, 0xFF, 0x41, 0x08, 0xFF,
  0x41, 0x08, 0xFF, 0x41, 0x08, 0xFF, 0x41, 0x08, 0xFF, 0x41, 0x08, 0xFF, 0x41, 0x08, 0xFF, 0x21,
  0x00, 0xFF, 0xA3, 0x10, 0xFF, 0x61, 0x08, 0xFF, 0x20, 0x00, 0xFF, 0x20, 0x00, 0xFF, 0x00, 0x00,
  0xFF, 0x04, 0x21, 0xFF, 0xA7, 0x31, 0xFF, 0xA7, 0x31, 0xFF, 0xE7, 0x39, 0xFF, 0x8A, 0x4A, 0xFF,
  0xA7, 0x31, 0xFF, 0x61, 0x08, 0xFF, 0x28, 0x42, 0xFF, 0x86, 0x31, 0xFF, 0x00, 0x00, 0xFF, 0x00,
  0x00, 0xFF, 0xA2, 0x10, 0xFF, 0xE3, 0x18, 0xFF, 0x61, 0x08, 0xFF, 0xE8, 0x39, 0xFF, 0xCB, 0x52,
  0xFF, 0x49, 0x42, 0xFF, 0xAA, 0x52, 0xFF, 0x25, 0x21, 0xFF, 0x61, 0x08, 0xFF, 0x04, 0x21, 0xFF,
  0xA2, 0x10, 0xFF, 0x00, 0x00, 0xFF, 0x00, 0x00, 0xFF, 0xA6, 0x31, 0xFF, 0x86, 0x31, 0xFF, 0x20,
  0x00, 0xFF, 0xE8, 0x39, 0xFF, 0x8A, 0x4A, 0xFF, 0xC7, 0x39, 0xFF, 0x86, 0x29, 0xFF, 0x66, 0x29,
  0xFF, 0x82, 0x10, 0xFF, 0x00, 0x00, 0xFF, 0x41, 0x00, 0xFF, 0x20, 0x00, 0xFF, 0x00, 0x00, 0xFF,
  0x41, 0x00, 0xFF, 0x8F, 0x6B, 0xFF, 0x8B, 0x4A, 0xFF, 0xA3, 0x10, 0xFF, 0x0D, 0x5B, 0xFF, 0xEC,
  0x52, 0xFF, 0xCC, 0x52, 0xFF, 0xCC, 0x52, 0xFF, 0xCC, 0x52, 0xFF, 0xCC, 0x52, 0xFF, 0xCC, 0x52,
  0xFF, 0xCC, 0x52, 0xFF, 0xCC, 0x52, 0xFF, 0xCC, 0x52, 0xFF, 0xCC, 0x52, 0xFF, 0xCC, 0x52, 0xFF,
  0xCC, 0x52, 0xFF, 0xCC, 0x52, 0xFF, 0xCC, 0x52, 0xFF, 0xCC, 0x52, 0xFF, 0xCC, 0x52, 0xFF, 0xCC,
  0x52, 0xFF, 0xCC, 0x52, 0xFF, 0xCC, 0x52, 0xFF, 0xCC, 0x52, 0xFF, 0xCC, 0x52, 0xFF, 0xCC, 0x52,
  0xFF, 0xCC, 0x52, 0xFF, 0xCC, 0x52, 0xFF, 0xCC, 0x52, 0xFF, 0xCC, 0x52, 0xFF, 0xCC, 0x52, 0xFF,
  0xCC, 0x52, 0xFF, 0xCC, 0x52, 0xFF, 0xCC, 0x52, 0xFF, 0xCC, 0x52, 0xFF, 0xCC, 0x52, 0xFF, 0xCC,
  0x52, 0xFF, 0xED, 0x52, 0xFF, 0xAB, 0x4A, 0xFF, 0x05, 0x19, 0xFF, 0xAC, 0x4A, 0xFF, 0xED, 0x52,
  0xFF, 0xCC, 0x52, 0xFF, 0xCC, 0x52, 0xFF, 0xCC, 0x52, 0xFF, 0xEC, 0x52, 0xFF, 0xEC, 0x52, 0xFF,
  0x25, 0x21, 0xFF, 0x6A, 0x42, 0xFF, 0x0D, 0x5B, 0xFF, 0xCC, 0x52, 0xFF, 0xCC, 0x52, 0xFF, 0xCC,
  0x52, 0xFF, 0xCC, 0x52, 0xFF, 0xCC, 0x52, 0xFF, 0xCC, 0x52, 0xFF, 0xCC, 0x52, 0xFF, 0xCC, 0x52,
  0xFF, 0xCC, 0x52, 0xFF, 0xCC, 0x52, 0xFF, 0xCC, 0x52, 0xFF, 0xCC, 0x52, 0xFF, 0xCC, 0x52, 0xFF,
  0xCC, 0x52, 0xFF, 0xCC, 0x52, 0xFF, 0xCC, 0x52, 0xFF, 0xCC, 0x52, 0xFF, 0xCC, 0x52, 0xFF, 0xCC,
  0x52, 0xFF, 0xCC, 0x52, 0xFF, 0xCC, 0x52, 0xFF, 0xCC, 0x52, 0xFF, 0xCC, 0x52, 0xFF, 0xCC, 0x52,
  0xFF, 0xCC, 0x52, 0xFF, 0xCC, 0x52, 0xFF, 0xCC, 0x52, 0xFF, 0xCC, 0x52, 0xFF, 0xCC, 0x52, 0xFF,
  0xCC, 0x52, 0xFF, 0xCC, 0x52, 0xFF, 0xCC, 0x52, 0xFF, 0xCC, 0x52, 0xFF, 0xCC, 0x52, 0xFF, 0xCC,
  0x52, 0xFF, 0xCC, 0x52, 0xFF, 0xCC, 0x52, 0xFF, 0xCC, 0x52, 0xFF, 0xCC, 0x52, 0xFF, 0xCC, 0x52,
  0xFF, 0xCC, 0x52, 0xFF, 0xCC, 0x52, 0xFF, 0xCC, 0x52, 0xFF, 0xCC, 0x52, 0xFF, 0xCC, 0x52, 0xFF,
  0xCC, 0x52, 0xFF, 0xCC, 0x52, 0xFF, 0xCC, 0x52, 0xFF, 0xCC, 0x52, 0xFF, 0xCC, 0x52, 0xFF, 0xCC,
  0x52, 0xFF, 0xCC, 0x52, 0xFF, 0xCC, 0x52, 0xFF, 0xCC, 0x52, 0xFF, 0xCC, 0x52, 0xFF, 0xCC, 0x52,
  0xFF, 0xCC, 0x52, 0xFF, 0xCC, 0x52, 0xFF, 0xCC, 0x52, 0xFF, 0xCC, 0x52, 0xFF, 0xCC, 0x52, 0xFF,
  0xCC, 0x52, 0xFF, 0xCC, 0x52, 0xFF, 0xCC, 0x52, 0xFF, 0x2E, 0x5B, 0xFF, 0xA7, 0x31, 0xFF, 0xA7,
  0x31, 0xFF, 0x0D, 0x5B, 0xFF, 0xCC, 0x52, 0xFF, 0xCC, 0x52, 0xFF, 0xCC, 0x52, 0xFF, 0xCC, 0x52,
  0xFF, 0xCC, 0x52, 0xFF, 0xCC, 0x52, 0xFF, 0xCC, 0x52, 0xFF, 0xCC, 0x52, 0xFF, 0xAC, 0x4A, 0xFF,
  0x8B, 0x4A, 0xFF, 0x8B, 0x4A, 0xFF, 0xD0, 0x73, 0xFF, 0xEC, 0x52, 0xFF, 0x82, 0x10, 0xFF, 0x00,
  0x00, 0xFF, 0x41, 0x00, 0xFF, 0x00, 0x00, 0xFF, 0xC3, 0x18, 0xFF, 0xC7, 0x39, 0xFF, 0xA7, 0x31,
  0xFF, 0xC7, 0x39, 0xFF, 0x6A, 0x4A, 0xFF, 0x29, 0x42, 0xFF, 0x61, 0x08, 0xFF, 0x65, 0x29, 0xFF,
  0x86, 0x31, 0xFF, 0x00, 0x00, 0xFF, 0x00, 0x00, 0xFF, 0xA2, 0x10, 0xFF, 0xE3, 0x18, 0xFF, 0x41,
  0x00, 0xFF, 0x86, 0x29, 0xFF, 0x8A, 0x4A, 0xFF, 0x29, 0x42, 0xFF, 0x8A, 0x52, 0xFF, 0x86, 0x31,
  0xFF, 0x41, 0x08, 0xFF, 0xE3, 0x18, 0xFF, 0xC3, 0x18, 0xFF, 0x41, 0x08, 0xFF, 0x00, 0x00, 0xFF,
  0xC3, 0x10, 0xFF, 0x08, 0x3A, 0xFF, 0xA2, 0x10, 0xFF, 0x45, 0x29, 0xFF, 0xAB, 0x52, 0xFF, 0xE8,
  0x39, 0xFF, 0xA7, 0x31, 0xFF, 0xC7, 0x31, 0xFF, 0x04, 0x21, 0xFF, 0x00, 0x00, 0xFF, 0x20, 0x00,
  0xFF, 0x41, 0x08, 0xFF, 0x20, 0x00, 0xFF, 0x20, 0x00, 0xFF, 0x41, 0x08, 0xFF, 0x40, 0x00, 0xFF,
  0x41, 0x00, 0xFF, 0x41, 0x00, 0xFF, 0x41, 0x00, 0xFF, 0x41, 0x00, 0xFF, 0x41, 0x00, 0xFF, 0x41,
  0x00, 0xFF, 0x41, 0x00, 0xFF, 0x41, 0x00, 0xFF, 0x41, 0x08, 0xFF, 0x41, 0x08, 0xFF, 0x41, 0x08,
  0xFF, 0x41, 0x08, 0xFF, 0x41, 0x08, 0xFF, 0x41, 0x08, 0xFF, 0x41, 0x08, 0xFF, 0x41, 0x08, 0xFF,
  0x41, 0x08, 0xFF, 0x41, 0x00, 0xFF, 0x41, 0x00, 0xFF, 0x41, 0x00, 0xFF, 0x20, 0x00, 0xFF, 0x00,
  0x00, 0xFF, 0xAB, 0x52, 0xFF, 0xEF, 0x7B, 0xFF, 0xAF, 0x7B, 0xFF, 0xCB, 0x5A, 0xFF, 0xC3, 0x18,
  0xF0, 0x49, 0x4A, 0x25, 0x65, 0x29, 0xB3, 0x00, 0x00, 0xFF, 0x28, 0x42, 0xFF, 0xCF, 0x7B, 0xFF,
  0xA3, 0x10, 0xFF, 0x00, 0x00, 0xFF, 0x41, 0x08, 0xFF, 0x41, 0x08, 0xFF, 0x41, 0x08, 0xFF, 0x41,
  0x08, 0xFF, 0x41, 0x08, 0xFF, 0x41, 0x08, 0xFF, 0x41, 0x08, 0xFF, 0x41, 0x08, 0xFF, 0x41, 0x08,
  0xFF, 0x41, 0x08, 0xFF, 0x41, 0x08, 0xFF, 0x41, 0x08, 0xFF, 0x41, 0x08, 0xFF, 0x41, 0x08, 0xFF,
  0x41, 0x08, 0xFF, 0x41, 0x08, 0xFF, 0x41, 0x08, 0xFF, 0x41, 0x08, 0xFF, 0x41, 0x08, 0xFF, 0x41,
  0x08, 0xFF, 0x41, 0x08, 0xFF, 0x41, 0x08, 0xFF, 0x20, 0x00, 0xFF, 0x61, 0x08, 0xFF, 0x82, 0x10,
  0xFF, 0x20, 0x00, 0xFF, 0x41, 0x08, 0xFF, 0x00, 0x00, 0xFF, 0x62, 0x08, 0xFF, 0x86, 0x31, 0xFF,
  0xA7, 0x31, 0xFF, 0xC7, 0x39, 0xFF, 0x49, 0x42, 0xFF, 0xE7, 0x39, 0xFF, 0x41, 0x08, 0xFF, 0x49,
  0x4A, 0xFF, 0x24, 0x21, 0xFF, 0x00, 0x00, 0xFF, 0x82, 0x08, 0xFF, 0xC3, 0x18, 0xFF, 0x82, 0x08,
  0xFF, 0x41, 0x08, 0xFF, 0x41, 0x08, 0xFF, 0x08, 0x3A, 0xFF, 0x6A, 0x4A, 0xFF, 0x29, 0x42, 0xFF,
  0x8A, 0x4A, 0xFF, 0x45, 0x21, 0xFF, 0x00, 0x00, 0xFF, 0x61, 0x08, 0xFF, 0xA2, 0x10, 0xFF, 0x04,
  0x19, 0xFF, 0x41, 0x08, 0xFF, 0x00, 0x00, 0xFF, 0x45, 0x21, 0xFF, 0xA6, 0x31, 0xFF, 0x61, 0x08,
  0xFF, 0x29, 0x42, 0xFF, 0x29, 0x42, 0xFF, 0xA7, 0x31, 0xFF, 0x86, 0x29, 0xFF, 0x25, 0x21, 0xFF,
  0x20, 0x00, 0xFF, 0x20, 0x00, 0xFF, 0x41, 0x08, 0xFF, 0x00, 0x00, 0xFF, 0x00, 0x00, 0xFF, 0xE8,
  0x39, 0xFF, 0xD0, 0x73, 0xFF, 0x82, 0x08, 0xFF, 0x6A, 0x42, 0xFF, 0x2E, 0x5B, 0xFF, 0xCC, 0x52,
  0xFF, 0xCC, 0x52, 0xFF, 0xCC, 0x52, 0xFF, 0xCC, 0x52, 0xFF, 0xCC, 0x52, 0xFF, 0xCC, 0x52, 0xFF,
  0xCC, 0x52, 0xFF, 0xCC, 0x52, 0xFF, 0xCC, 0x52, 0xFF, 0xCC, 0x52, 0xFF, 0xCC, 0x52, 0xFF, 0xCC,
  0x52, 0xFF, 0xCC, 0x52, 0xFF, 0xCC, 0x52, 0xFF, 0xCC, 0x52, 0xFF, 0xCC, 0x52, 0xFF, 0xCC, 0x52,
  0xFF, 0xCC, 0x52, 0xFF, 0xCC, 0x52, 0xFF, 0xCC, 0x52, 0xFF, 0xCC, 0x52, 0xFF, 0xCC, 0x52, 0xFF,
  0xCC, 0x52, 0xFF, 0xCC, 0x52, 0xFF, 0xCC, 0x52, 0xFF, 0xCC, 0x52, 0xFF, 0xCC, 0x52, 0xFF, 0xCC,
  0x52, 0xFF, 0xCC, 0x52, 0xFF, 0xCC, 0x52, 0xFF, 0xCC, 0x52, 0xFF, 0xCC, 0x52, 0xFF, 0xED, 0x52,
  0xFF, 0x8B, 0x4A, 0xFF, 0x05, 0x19, 0xFF, 0xAC, 0x4A, 0xFF, 0xEC, 0x52, 0xFF, 0xCC, 0x52, 0xFF,
  0xCC, 0x52, 0xFF, 0xAC, 0x4A, 0xFF, 0xCC, 0x52, 0xFF, 0xEC, 0x52, 0xFF, 0x45, 0x21, 0xFF, 0x6A,
  0x42, 0xFF, 0x0D, 0x53, 0xFF, 0xCC, 0x52, 0xFF, 0xCC, 0x52, 0xFF, 0xCC, 0x52, 0xFF, 0xCC, 0x52,
  0xFF, 0xCC, 0x52, 0xFF, 0xCC, 0x52, 0xFF, 0xCC, 0x52, 0xFF, 0xCC, 0x52, 0xFF, 0xCC, 0x52, 0xFF,
  0xCC, 0x52, 0xFF, 0xCC, 0x52, 0xFF, 0xCC, 0x52, 0xFF, 0xCC, 0x52, 0xFF, 0xCC, 0x52, 0xFF, 0xCC,
  0x52, 0xFF, 0xCC, 0x52, 0xFF, 0xCC, 0x52, 0xFF, 0xCC, 0x52, 0xFF, 0xCC, 0x52, 0xFF, 0xCC, 0x52,
  0xFF, 0xCC, 0x52, 0xFF, 0xCC, 0x52, 0xFF, 0xCC, 0x52, 0xFF, 0xCC, 0x52, 0xFF, 0xCC, 0x52, 0xFF,
  0xCC, 0x52, 0xFF, 0xCC, 0x52, 0xFF, 0xCC, 0x52, 0xFF, 0xCC, 0x52, 0xFF, 0xCC, 0x52, 0xFF, 0xCC,
  0x52, 0xFF, 0xCC, 0x52, 0xFF, 0xCC, 0x52, 0xFF, 0xCC, 0x52, 0xFF, 0xCC, 0x52, 0xFF, 0xCC, 0x52,
  0xFF, 0xCC, 0x52, 0xFF, 0xCC, 0x52, 0xFF, 0xCC, 0x52, 0xFF, 0xCC, 0x52, 0xFF, 0xCC, 0x52, 0xFF,
  0xCC, 0x52, 0xFF, 0xCC, 0x52, 0xFF, 0xCC, 0x52, 0xFF, 0xCC, 0x52, 0xFF, 0xCC, 0x52, 0xFF, 0xCC,
  0x52, 0xFF, 0xCC, 0x52, 0xFF, 0xCC, 0x52, 0xFF, 0xCC, 0x52, 0xFF, 0xCC, 0x52, 0xFF, 0xCC, 0x52,
  0xFF, 0xCC, 0x52, 0xFF, 0xCC, 0x52, 0xFF, 0xCC, 0x52, 0xFF, 0xCC, 0x4A, 0xFF, 0xCC, 0x52, 0xFF,
  0xCC, 0x52, 0xFF, 0xCC, 0x4A, 0xFF, 0xCC, 0x52, 0xFF, 0xCC, 0x52, 0xFF, 0xCC, 0x52, 0xFF, 0xCC,
  0x52, 0xFF, 0xCC, 0x4A, 0xFF, 0x2E, 0x5B, 0xFF, 0xA7, 0x31, 0xFF, 0xA7, 0x31, 0xFF, 0x0D, 0x5B,
  0xFF, 0xAC, 0x52, 0xFF, 0xCC, 0x52, 0xFF, 0xCC, 0x52, 0xFF, 0xCC, 0x52, 0xFF, 0xCC, 0x52, 0xFF,
  0xCC, 0x52, 0xFF, 0xCC, 0x52, 0xFF, 0xAC, 0x4A, 0xFF, 0x8B, 0x4A, 0xFF, 0x6B, 0x42, 0xFF, 0x0D,
  0x5B, 0xFF, 0xB0, 0x6B, 0xFF, 0xC7, 0x31, 0xFF, 0x20, 0x00, 0xFF, 0x20, 0x00, 0xFF, 0x20, 0x00,
  0xFF, 0x41, 0x00, 0xFF, 0x86, 0x29, 0xFF, 0xA7, 0x31, 0xFF, 0xC7, 0x31, 0xFF, 0x29, 0x42, 0xFF,
  0x49, 0x4A, 0xFF, 0x82, 0x10, 0xFF, 0x66, 0x29, 0xFF, 0x45, 0x21, 0xFF, 0x00, 0x00, 0xFF, 0x41,
  0x08, 0xFF, 0xC3, 0x18, 0xFF, 0xA2, 0x10, 0xFF, 0x61, 0x08, 0xFF, 0x00, 0x00, 0xFF, 0x66, 0x29,
  0xFF, 0x8A, 0x4A, 0xFF, 0x08, 0x42, 0xFF, 0x8A, 0x4A, 0xFF, 0x86, 0x31, 0xFF, 0x00, 0x00, 0xFF,
  0x40, 0x00, 0xFF, 0x82, 0x08, 0xFF, 0xE3, 0x18, 0xFF, 0xA2, 0x10, 0xFF, 0x00, 0x00, 0xFF, 0xA2,
  0x10, 0xFF, 0x28, 0x42, 0xFF, 0x62, 0x08, 0xFF, 0x86, 0x31, 0xFF, 0x8A, 0x4A, 0xFF, 0xE7, 0x39,
  0xFF, 0xC7, 0x31, 0xFF, 0xA7, 0x31, 0xFF, 0x82, 0x08, 0xFF, 0x00, 0x00, 0xFF, 0x41, 0x08, 0xFF,
  0x41, 0x00, 0xFF, 0x20, 0x00, 0xFF, 0x41, 0x08, 0xFF, 0x41, 0x08, 0xFF, 0x41, 0x00, 0xFF, 0x41,
  0x00, 0xFF, 0x41, 0x00, 0xFF, 0x41, 0x00, 0xFF, 0x41, 0x00, 0xFF, 0x41, 0x00, 0xFF, 0x41, 0x00,
  0xFF, 0x41, 0x00, 0xFF, 0x41, 0x00, 0xFF, 0x41, 0x08, 0xFF, 0x41, 0x08, 0xFF, 0x41, 0x08, 0xFF,
  0x41, 0x08, 0xFF, 0x41, 0x08, 0xFF, 0x41, 0x08, 0xFF, 0x41, 0x08, 0xFF, 0x41, 0x00, 0xFF, 0x41,
  0x00, 0xFF, 0x41, 0x00, 0xFF, 0x41, 0x00, 0xFF, 0x20, 0x00, 0xFF, 0x00, 0x00, 0xFF, 0xAB, 0x52,
  0xFF, 0xF0, 0x83, 0xFF, 0xAF, 0x7B, 0xFF, 0xEC, 0x62, 0xFF, 0x82, 0x10, 0xF3, 0xA6, 0x31, 0x27,
  0xE7, 0x39, 0x84, 0x00, 0x00, 0xFF, 0x41, 0x08, 0xFF, 0x41, 0x08, 0xFF, 0x41, 0x08, 0xFF, 0x41,
  0x08, 0xFF, 0x41, 0x08, 0xFF, 0x41, 0x08, 0xFF, 0x41, 0x08, 0xFF, 0x41, 0x08, 0xFF, 0x41, 0x08,
  0xFF, 0x41, 0x08, 0xFF, 0x41, 0x08, 0xFF, 0x41, 0x08, 0xFF, 0x41, 0x08, 0xFF, 0x41, 0x08, 0xFF,
  0x41, 0x08, 0xFF, 0x41, 0x08, 0xFF, 0x41, 0x08, 0xFF, 0x41, 0x08, 0xFF, 0x41, 0x08, 0xFF, 0x41,
  0x08, 0xFF, 0x41, 0x08, 0xFF, 0x41, 0x08, 0xFF, 0x41, 0x08, 0xFF, 0x41, 0x08, 0xFF, 0x41, 0x08,
  0xFF, 0x41, 0x08, 0xFF, 0x20, 0x00, 0xFF, 0xA2, 0x10, 0xFF, 0x82, 0x08, 0xFF, 0x20, 0x00, 0xFF,
  0x20, 0x00, 0xFF, 0x00, 0x00, 0xFF, 0x25, 0x21, 0xFF, 0xA7, 0x31, 0xFF, 0xC7, 0x39, 0xFF, 0x08,
  0x42, 0xFF, 0x49, 0x42, 0xFF, 0x82, 0x10, 0xFF, 0x08, 0x42, 0xFF, 0x04, 0x21, 0xFF, 0x00, 0x00,
  0xFF, 0xC3, 0x18, 0xFF, 0xA2, 0x10, 0xFF, 0x20, 0x00, 0xFF, 0x41, 0x08, 0xFF, 0x82, 0x10, 0xFF,
  0x61, 0x08, 0xFF, 0xE8, 0x39, 0xFF, 0x6A, 0x4A, 0xFF, 0x08, 0x42, 0xFF, 0x6A, 0x4A, 0xFF, 0x25,
  0x21, 0xFF, 0x00, 0x00, 0xFF, 0x61, 0x08, 0xFF, 0x20, 0x00, 0xFF, 0x61, 0x08, 0xFF, 0x04, 0x21,
  0xFF, 0x82, 0x10, 0xFF, 0x00, 0x00, 0xFF, 0x66, 0x29, 0xFF, 0xA6, 0x31, 0xFF, 0xA2, 0x10, 0xFF,
  0x69, 0x4A, 0xFF, 0xC7, 0x39, 0xFF, 0x86, 0x31, 0xFF, 0x66, 0x29, 0xFF, 0xA3, 0x10, 0xFF, 0x00,
  0x00, 0xFF, 0x20, 0x00, 0xFF, 0x21, 0x00, 0xFF, 0x00, 0x00, 0xFF, 0xC3, 0x18, 0xFF, 0x11, 0x74,
  0xFF, 0xA7, 0x31, 0xFF, 0x86, 0x29, 0xFF, 0x8F, 0x63, 0xFF, 0x2D, 0x5B, 0xFF, 0x2D, 0x5B, 0xFF,
  0x0D, 0x5B, 0xFF, 0x0D, 0x5B, 0xFF, 0x0D, 0x5B, 0xFF, 0x0D, 0x5B, 0xFF, 0x0D, 0x5B, 0xFF, 0x0D,
  0x5B, 0xFF, 0x0D, 0x5B, 0xFF, 0x0D, 0x5B, 0xFF, 0x0D, 0x5B, 0xFF, 0x0D, 0x5B, 0xFF, 0x0D, 0x5B,
  0xFF, 0x0D, 0x5B, 0xFF, 0x0D, 0x5B, 0xFF, 0x0D, 0x5B, 0xFF, 0x0D, 0x5B, 0xFF, 0x0D, 0x5B, 0xFF,
  0x0D, 0x5B, 0xFF, 0x0D, 0x5B, 0xFF, 0x0D, 0x5B, 0xFF, 0x0D, 0x5B, 0xFF, 0x0D, 0x5B, 0xFF, 0x0D,
  0x5B, 0xFF, 0x2D, 0x5B, 0xFF, 0x2D, 0x5B, 0xFF, 0x2D, 0x5B, 0xFF, 0x2D, 0x5B, 0xFF, 0x0D, 0x5B,
  0xFF, 0x0D, 0x5B, 0xFF, 0x2D, 0x5B, 0xFF, 0x0D, 0x5B, 0xFF, 0x4E, 0x63, 0xFF, 0xCC, 0x52, 0xFF,
  0x25, 0x21, 0xFF, 0x0D, 0x5B, 0xFF, 0x2E, 0x5B, 0xFF, 0x0D, 0x5B, 0xFF, 0x0D, 0x5B, 0xFF, 0x0D,
  0x5B, 0xFF, 0x2E, 0x5B, 0xFF, 0x4E, 0x5B, 0xFF, 0x45, 0x21, 0xFF, 0x8B, 0x4A, 0xFF, 0x6E, 0x63,
  0xFF, 0x2D, 0x5B, 0xFF, 0x2D, 0x5B, 0xFF, 0x2D, 0x5B, 0xFF, 0x2D, 0x5B, 0xFF, 0x2D, 0x5B, 0xFF,
  0x0D, 0x5B, 0xFF, 0x0D, 0x5B, 0xFF, 0x2D, 0x5B, 0xFF, 0x2D, 0x5B, 0xFF, 0x2D, 0x5B, 0xFF, 0x0D,
  0x5B, 0xFF, 0x2D, 0x5B, 0xFF, 0x0D, 0x5B, 0xFF, 0x0D, 0x5B, 0xFF, 0x0D, 0x5B, 0xFF, 0x0D, 0x5B,
  0xFF, 0x0D, 0x5B, 0xFF, 0x0D, 0x5B, 0xFF, 0x0D, 0x5B, 0xFF, 0x0D, 0x5B, 0xFF, 0x0D, 0x5B, 0xFF,
  0x0D, 0x5B, 0xFF, 0x0D, 0x5B, 0xFF, 0x0D, 0x5B, 0xFF, 0x0D, 0x5B, 0xFF, 0x0D, 0x5B, 0xFF, 0x2D,
  0x5B, 0xFF, 0x2D, 0x5B, 0xFF, 0x2D, 0x5B, 0xFF, 0x2D, 0x5B, 0xFF, 0x2D, 0x5B, 0xFF, 0x2D, 0x5B,
  0xFF, 0x2D, 0x5B, 0xFF, 0x2D, 0x5B, 0xFF, 0x0D, 0x5B, 0xFF, 0x0D, 0x5B, 0xFF, 0x0D, 0x5B, 0xFF,
  0x0D, 0x5B, 0xFF, 0x0D, 0x5B, 0xFF, 0x0D, 0x5B, 0xFF, 0x2D, 0x5B, 0xFF, 0x2D, 0x5B, 0xFF, 0x2D,
  0x5B, 0xFF, 0x2E, 0x5B, 0xFF, 0x2D, 0x5B, 0xFF, 0x0D, 0x5B, 0xFF, 0x0D, 0x5B, 0xFF, 0x2D, 0x5B,
  0xFF, 0x0D, 0x5B, 0xFF, 0x0D, 0x5B, 0xFF, 0x0D, 0x5B, 0xFF, 0x0D, 0x5B, 0xFF, 0x0D, 0x5B, 0xFF,
  0x0D, 0x5B, 0xFF, 0x0D, 0x5B, 0xFF, 0x0D, 0x5B, 0xFF, 0x0D, 0x5B, 0xFF, 0x0D, 0x5B, 0xFF, 0x0D,
  0x5B, 0xFF, 0x0D, 0x5B, 0xFF, 0x0D, 0x5B, 0xFF, 0x0D, 0x5B, 0xFF, 0x2D, 0x5B, 0xFF, 0x0D, 0x5B,
  0xFF, 0x8F, 0x63, 0xFF, 0xC7, 0x31, 0xFF, 0xE8, 0x39, 0xFF, 0x6F, 0x63, 0xFF, 0x0D, 0x5B, 0xFF,
  0x2D, 0x5B, 0xFF, 0x0D, 0x5B, 0xFF, 0x0D, 0x5B, 0xFF, 0x0D, 0x5B, 0xFF, 0x0D, 0x5B, 0xFF, 0x2D,
  0x5B, 0xFF, 0xED, 0x52, 0xFF, 0xEC, 0x52, 0xFF, 0xAB, 0x4A, 0xFF, 0x8F, 0x63, 0xFF, 0x0D, 0x5B,
  0xFF, 0xA2, 0x10, 0xFF, 0x00, 0x00, 0xFF, 0x21, 0x00, 0xFF, 0x00, 0x00, 0xFF, 0x04, 0x19, 0xFF,
  0xA7, 0x31, 0xFF, 0xA7, 0x31, 0xFF, 0xE8, 0x39, 0xFF, 0x6A, 0x4A, 0xFF, 0xA2, 0x10, 0xFF, 0x45,
  0x29, 0xFF, 0x65, 0x29, 0xFF, 0x00, 0x00, 0xFF, 0x62, 0x08, 0xFF, 0xA2, 0x10, 0xFF, 0x41, 0x08,
  0xFF, 0x41, 0x08, 0xFF, 0x81, 0x08, 0xFF, 0x20, 0x00, 0xFF, 0x66, 0x29, 0xFF, 0x6A, 0x4A, 0xFF,
  0x28, 0x42, 0xFF, 0x8A, 0x52, 0xFF, 0x86, 0x31, 0xFF, 0x00, 0x00, 0xFF, 0x61, 0x08, 0xFF, 0x41,
  0x08, 0xFF, 0x20, 0x00, 0xFF, 0x82, 0x10, 0xFF, 0xC3, 0x10, 0xFF, 0x00, 0x00, 0xFF, 0x82, 0x10,
  0xFF, 0xE8, 0x39, 0xFF, 0x61, 0x08, 0xFF, 0x08, 0x3A, 0xFF, 0x49, 0x4A, 0xFF, 0xE8, 0x39, 0xFF,
  0xC7, 0x39, 0xFF, 0x25, 0x21, 0xFF, 0x00, 0x00, 0xFF, 0x20, 0x00, 0xFF, 0x41, 0x08, 0xFF, 0x20,
  0x00, 0xFF, 0x41, 0x08, 0xFF, 0x41, 0x08, 0xFF, 0x41, 0x00, 0xFF, 0x41, 0x00, 0xFF, 0x41, 0x00,
  0xFF, 0x41, 0x00, 0xFF, 0x41, 0x00, 0xFF, 0x41, 0x00, 0xFF, 0x41, 0x00, 0xFF, 0x41, 0x00, 0xFF,
  0x41, 0x00, 0xFF, 0x41, 0x00, 0xFF, 0x41, 0x08, 0xFF, 0x41, 0x08, 0xFF, 0x41, 0x08, 0xFF, 0x41,
  0x08, 0xFF, 0x41, 0x08, 0xFF, 0x41, 0x00, 0xFF, 0x41, 0x00, 0xFF, 0x41, 0x00, 0xFF, 0x41, 0x00,
  0xFF, 0x41, 0x00, 0xFF, 0x20, 0x00, 0xFF, 0x00, 0x00, 0xFF, 0xE7, 0x39, 0xFF, 0x2D, 0x6B, 0xFF,
  0x0C, 0x63, 0xFF, 0x49, 0x4A, 0xFF, 0xC3, 0x18, 0xED, 0x08, 0x42, 0x22, 0x30, 0x84, 0x40, 0x00,
  0x00, 0xFF, 0x20, 0x00, 0xFF, 0x00, 0x00, 0xFF, 0x41, 0x00, 0xFF, 0x41, 0x08, 0xFF, 0x41, 0x08,
  0xFF, 0x41, 0x08, 0xFF, 0x41, 0x08, 0xFF, 0x41, 0x08, 0xFF, 0x41, 0x08, 0xFF, 0x41, 0x08, 0xFF,
  0x41, 0x08, 0xFF, 0x41, 0x08, 0xFF, 0x41, 0x08, 0xFF, 0x41, 0x08, 0xFF, 0x41, 0x08, 0xFF, 0x41,
  0x08, 0xFF, 0x41, 0x08, 0xFF, 0x41, 0x08, 0xFF, 0x41, 0x08, 0xFF, 0x41, 0x08, 0xFF, 0x41, 0x08,
  0xFF, 0x21, 0x08, 0xFF, 0x41, 0x08, 0xFF, 0x41, 0x08, 0xFF, 0x41, 0x08, 0xFF, 0x20, 0x00, 0xFF,
  0x41, 0x08, 0xFF, 0xE4, 0x18, 0xFF, 0x41, 0x08, 0xFF, 0x20, 0x00, 0xFF, 0x00, 0x00, 0xFF, 0x61,
  0x08, 0xFF, 0xA6, 0x31, 0xFF, 0xA7, 0x31, 0xFF, 0xE8, 0x39, 0xFF, 0x6A, 0x4A, 0xFF, 0x04, 0x19,
  0xFF, 0x66, 0x29, 0xFF, 0xC7, 0x31, 0xFF, 0x00, 0x00, 0xFF, 0xA3, 0x10, 0xFF, 0xA2, 0x10, 0xFF,
  0x20, 0x00, 0xFF, 0x61, 0x08, 0xFF, 0x82, 0x10, 0xFF, 0x82, 0x10, 0xFF, 0x41, 0x08, 0xFF, 0xC7,
  0x31, 0xFF, 0x6A, 0x4A, 0xFF, 0x08, 0x42, 0xFF, 0x6A, 0x4A, 0xFF, 0x24, 0x21, 0xFF, 0x00, 0x00,
  0xFF, 0xA2, 0x10, 0xFF, 0x82, 0x10, 0xFF, 0x41, 0x08, 0xFF, 0x41, 0x08, 0xFF, 0x04, 0x21, 0xFF,
  0x82, 0x10, 0xFF, 0x00, 0x00, 0xFF, 0xA7, 0x31, 0xFF, 0xE3, 0x18, 0xFF, 0x45, 0x29, 0xFF, 0x49,
  0x42, 0xFF, 0xA7, 0x31, 0xFF, 0x86, 0x29, 0xFF, 0x25, 0x21, 0xFF, 0x20, 0x00, 0xFF, 0x20, 0x00,
  0xFF, 0x41, 0x08, 0xFF, 0x20, 0x00, 0xFF, 0x00, 0x00, 0xFF, 0x6B, 0x4A, 0xFF, 0xC8, 0x31, 0xFF,
  0x82, 0x10, 0xFF, 0x6A, 0x42, 0xFF, 0x4A, 0x42, 0xFF, 0x4A, 0x42, 0xFF, 0x4A, 0x42, 0xFF, 0x4A,
  0x42, 0xFF, 0x4A, 0x42, 0xFF, 0x4A, 0x42, 0xFF, 0x4A, 0x42, 0xFF, 0x4A, 0x42, 0xFF, 0x4A, 0x42,
  0xFF, 0x4A, 0x42, 0xFF, 0x4A, 0x42, 0xFF, 0x4A, 0x42, 0xFF, 0x4A, 0x42, 0xFF, 0x4A, 0x42, 0xFF,
  0x4A, 0x42, 0xFF, 0x4A, 0x42, 0xFF, 0x4A, 0x42, 0xFF, 0x4A, 0x42, 0xFF, 0x4A, 0x42, 0xFF, 0x4A,
  0x42, 0xFF, 0x2A, 0x42, 0xFF, 0x2A, 0x42, 0xFF, 0x2A, 0x42, 0xFF, 0x2A, 0x42, 0xFF, 0x4A, 0x42,
  0xFF, 0x4A, 0x42, 0xFF, 0x4A, 0x42, 0xFF, 0x2A, 0x42, 0xFF, 0x2A, 0x42, 0xFF, 0x2A, 0x42, 0xFF,
  0x4A, 0x42, 0xFF, 0x2A, 0x42, 0xFF, 0x6A, 0x42, 0xFF, 0xC8, 0x31, 0xFF, 0xC4, 0x10, 0xFF, 0x4A,
  0x42, 0xFF, 0x4A, 0x42, 0xFF, 0x29, 0x42, 0xFF, 0x29, 0x42, 0xFF, 0x29, 0x42, 0xFF, 0x4A, 0x42,
  0xFF, 0x4A, 0x42, 0xFF, 0xE4, 0x18, 0xFF, 0xC7, 0x31, 0xFF, 0x6A, 0x42, 0xFF, 0x2A, 0x42, 0xFF,
  0x4A, 0x42, 0xFF, 0x4A, 0x42, 0xFF, 0x4A, 0x42, 0xFF, 0x4A, 0x42, 0xFF, 0x4A, 0x42, 0xFF, 0x2A,
  0x42, 0xFF, 0x2A, 0x42, 0xFF, 0x4A, 0x42, 0xFF, 0x4A, 0x42, 0xFF, 0x4A, 0x42, 0xFF, 0x4A, 0x42,
  0xFF, 0x4A, 0x42, 0xFF, 0x4A, 0x42, 0xFF, 0x4A, 0x42, 0xFF, 0x2A, 0x42, 0xFF, 0x29, 0x3A, 0xFF,
  0x29, 0x3A, 0xFF, 0x2A, 0x42, 0xFF, 0x2A, 0x42, 0xFF, 0x2A, 0x42, 0xFF, 0x2A, 0x42, 0xFF, 0x2A,
  0x42, 0xFF, 0x4A, 0x42, 0xFF, 0x4A, 0x42, 0xFF, 0x2A, 0x42, 0xFF, 0x4A, 0x42, 0xFF, 0x4A, 0x42,
  0xFF, 0x4A, 0x42, 0xFF, 0x4A, 0x42, 0xFF, 0x4A, 0x42, 0xFF, 0x4A, 0x42, 0xFF, 0x2A, 0x42, 0xFF,
  0x4A, 0x42, 0xFF, 0x2A, 0x42, 0xFF, 0x2A, 0x42, 0xFF, 0x2A, 0x42, 0xFF, 0x29, 0x42, 0xFF, 0x4A,
  0x42, 0xFF, 0x4A, 0x42, 0xFF, 0x2A, 0x42, 0xFF, 0x29, 0x42, 0xFF, 0x29, 0x42, 0xFF, 0x2A, 0x42,
  0xFF, 0x4A, 0x42, 0xFF, 0x4A, 0x42, 0xFF, 0x2A, 0x42, 0xFF, 0x29, 0x42, 0xFF, 0x29, 0x42, 0xFF,
  0x4A, 0x42, 0xFF, 0x2A, 0x42, 0xFF, 0x29, 0x42, 0xFF, 0x29, 0x3A, 0xFF, 0x2A, 0x3A, 0xFF, 0x29,
  0x42, 0xFF, 0x29, 0x42, 0xFF, 0x29, 0x3A, 0xFF, 0x29, 0x3A, 0xFF, 0x29, 0x42, 0xFF, 0x2A, 0x42,
  0xFF, 0x2A, 0x42, 0xFF, 0x2A, 0x42, 0xFF, 0x2A, 0x42, 0xFF, 0x29, 0x42, 0xFF, 0x6B, 0x4A, 0xFF,
  0x45, 0x21, 0xFF, 0x66, 0x29, 0xFF, 0x6A, 0x42, 0xFF, 0x29, 0x3A, 0xFF, 0x29, 0x42, 0xFF, 0x2A,
  0x42, 0xFF, 0x2A, 0x42, 0xFF, 0x29, 0x3A, 0xFF, 0x29, 0x42, 0xFF, 0x29, 0x3A, 0xFF, 0x09, 0x3A,
  0xFF, 0xE8, 0x31, 0xFF, 0x6A, 0x42, 0xFF, 0xB0, 0x6B, 0xFF, 0x29, 0x42, 0xFF, 0x61, 0x08, 0xFF,
  0x00, 0x00, 0xFF, 0x00, 0x00, 0xFF, 0x41, 0x08, 0xFF, 0x86, 0x31, 0xFF, 0xA6, 0x31, 0xFF, 0xA7,
  0x31, 0xFF, 0x6A, 0x4A, 0xFF, 0x66, 0x29, 0xFF, 0xC3, 0x18, 0xFF, 0xA7, 0x31, 0xFF, 0x00, 0x00,
  0xFF, 0x82, 0x08, 0xFF, 0xA2, 0x10, 0xFF, 0x41, 0x08, 0xFF, 0x61, 0x08, 0xFF, 0x82, 0x10, 0xFF,
  0x82, 0x10, 0xFF, 0x00, 0x00, 0xFF, 0x65, 0x29, 0xFF, 0x8A, 0x4A, 0xFF, 0x29, 0x42, 0xFF, 0x8A,
  0x4A, 0xFF, 0x86, 0x31, 0xFF, 0x00, 0x00, 0xFF, 0x62, 0x08, 0xFF, 0x61, 0x08, 0xFF, 0x61, 0x08,
  0xFF, 0x20, 0x00, 0xFF, 0x61, 0x08, 0xFF, 0xA2, 0x10, 0xFF, 0x00, 0x00, 0xFF, 0xE4, 0x18, 0xFF,
  0x45, 0x29, 0xFF, 0xC3, 0x18, 0xFF, 0x8A, 0x4A, 0xFF, 0x08, 0x42, 0xFF, 0xC7, 0x31, 0xFF, 0x86,
  0x31, 0xFF, 0x62, 0x08, 0xFF, 0x00, 0x00, 0xFF, 0x41, 0x08, 0xFF, 0x41, 0x00, 0xFF, 0x20, 0x00,
  0xFF, 0x41, 0x08, 0xFF, 0x41, 0x00, 0xFF, 0x41, 0x00, 0xFF, 0x41, 0x00, 0xFF, 0x41, 0x00, 0xFF,
  0x41, 0x00, 0xFF, 0x41, 0x00, 0xFF, 0x41, 0x00, 0xFF, 0x41, 0x00, 0xFF, 0x41, 0x00, 0xFF, 0x41,
  0x00, 0xFF, 0x41, 0x00, 0xFF, 0x41, 0x00, 0xFF, 0x41, 0x00, 0xFF, 0x41, 0x08, 0xFF, 0x41, 0x00,
  0xFF, 0x41, 0x00, 0xFF, 0x41, 0x00, 0xFF, 0x41, 0x00, 0xFF, 0x41, 0x00, 0xFF, 0x41, 0x00, 0xFF,
  0x41, 0x00, 0xFF, 0x21, 0x00, 0xFF, 0x20, 0x00, 0xFF, 0x41, 0x08, 0xFF, 0x61, 0x08, 0xFF, 0x00,
  0x00, 0xFF, 0x04, 0x21, 0xCF, 0x0C, 0x63, 0x09, 0xD3, 0x9C, 0x00, 0x24, 0x21, 0xBF, 0x00, 0x00,
  0xFF, 0x41, 0x08, 0xFF, 0x41, 0x08, 0xFF, 0x41, 0x08, 0xFF, 0x41, 0x08, 0xFF, 0x41, 0x08, 0xFF,
  0x41, 0x08, 0xFF, 0x41, 0x08, 0xFF, 0x41, 0x08, 0xFF, 0x41, 0x08, 0xFF, 0x41, 0x08, 0xFF, 0x41,
  0x08, 0xFF, 0x41, 0x08, 0xFF, 0x41, 0x08, 0xFF, 0x41, 0x08, 0xFF, 0x41, 0x08, 0xFF, 0x41, 0x08,
  0xFF, 0x41, 0x08, 0xFF, 0x41, 0x08, 0xFF, 0x41, 0x08, 0xFF, 0x41, 0x08, 0xFF, 0x41, 0x08, 0xFF,
  0x41, 0x08, 0xFF, 0x41, 0x08, 0xFF, 0x41, 0x08, 0xFF, 0x20, 0x00, 0xFF, 0xA2, 0x10, 0xFF, 0x45,
  0x21, 0xFF, 0x00, 0x00, 0xFF, 0x20, 0x00, 0xFF, 0x00, 0x00, 0xFF, 0xE4, 0x18, 0xFF, 0xA6, 0x31,
  0xFF, 0xA7, 0x31, 0xFF, 0x28, 0x42, 0xFF, 0xE8, 0x39, 0xFF, 0xA3, 0x10, 0xFF, 0xC7, 0x39, 0xFF,
  0x61, 0x08, 0xFF, 0x82, 0x10, 0xFF, 0x20, 0x00, 0xFF, 0x00, 0x00, 0xFF, 0x61, 0x08, 0xFF, 0x82,
  0x10, 0xFF, 0x82, 0x10, 0xFF, 0x82, 0x10, 0xFF, 0x20, 0x00, 0xFF, 0x86, 0x29, 0xFF, 0x6A, 0x4A,
  0xFF, 0x08, 0x3A, 0xFF, 0x6A, 0x4A, 0xFF, 0x04, 0x21, 0xFF, 0x00, 0x00, 0xFF, 0xA2, 0x10, 0xFF,
  0x82, 0x10, 0xFF, 0x82, 0x10, 0xFF, 0x41, 0x08, 0xFF, 0x00, 0x00, 0xFF, 0x61, 0x08, 0xFF, 0x61,
  0x08, 0xFF, 0x82, 0x10, 0xFF, 0x45, 0x29, 0xFF, 0x62, 0x08, 0xFF, 0xE8, 0x39, 0xFF, 0xC7, 0x39,
  0xFF, 0x86, 0x31, 0xFF, 0x66, 0x29, 0xFF, 0x82, 0x08, 0xFF, 0x00, 0x00, 0xFF, 0x20, 0x00, 0xFF,
  0x41, 0x08, 0xFF, 0x00, 0x00, 0xFF, 0x04, 0x19, 0xFF, 0x66, 0x29, 0xFF, 0x82, 0x08, 0xFF, 0xC8,
  0x31, 0xFF, 0x87, 0x29, 0xFF, 0x86, 0x29, 0xFF, 0x87, 0x29, 0xFF, 0x87, 0x29, 0xFF, 0x87, 0x29,
  0xFF, 0x87, 0x29, 0xFF, 0x86, 0x29, 0xFF, 0x86, 0x29, 0xFF, 0x87, 0x29, 0xFF, 0x87, 0x29, 0xFF,
  0x87, 0x29, 0xFF, 0x87, 0x29, 0xFF, 0x86, 0x29, 0xFF, 0x86, 0x29, 0xFF, 0x86, 0x29, 0xFF, 0x66,
  0x29, 0xFF, 0x66, 0x29, 0xFF, 0x66, 0x21, 0xFF, 0x66, 0x29, 0xFF, 0x66, 0x29, 0xFF, 0x66, 0x29,
  0xFF, 0x66, 0x29, 0xFF, 0x66, 0x21, 0xFF, 0x66, 0x21, 0xFF, 0x66, 0x21, 0xFF, 0x66, 0x21, 0xFF,
  0x66, 0x21, 0xFF, 0x46, 0x21, 0xFF, 0x46, 0x21, 0xFF, 0x66, 0x21, 0xFF, 0x66, 0x21, 0xFF, 0x46,
  0x21, 0xFF, 0x66, 0x21, 0xFF, 0x25, 0x21, 0xFF, 0x82, 0x10, 0xFF, 0x66, 0x29, 0xFF, 0x66, 0x21,
  0xFF, 0x66, 0x21, 0xFF, 0x66, 0x21, 0xFF, 0x66, 0x21, 0xFF, 0x66, 0x21, 0xFF, 0x46, 0x21, 0xFF,
  0x82, 0x10, 0xFF, 0x45, 0x21, 0xFF, 0x66, 0x29, 0xFF, 0x45, 0x21, 0xFF, 0x45, 0x21, 0xFF, 0x46,
  0x21, 0xFF, 0x46, 0x21, 0xFF, 0x66, 0x21, 0xFF, 0x66, 0x21, 0xFF, 0x66, 0x21, 0xFF, 0x66, 0x21,
  0xFF, 0x66, 0x21, 0xFF, 0x46, 0x21, 0xFF, 0x46, 0x21, 0xFF, 0x46, 0x21, 0xFF, 0x46, 0x21, 0xFF,
  0x46, 0x21, 0xFF, 0x66, 0x21, 0xFF, 0x66, 0x21, 0xFF, 0x46, 0x21, 0xFF, 0x46, 0x21, 0xFF, 0x46,
  0x21, 0xFF, 0x46, 0x21, 0xFF, 0x45, 0x21, 0xFF, 0x45, 0x21, 0xFF, 0x45, 0x21, 0xFF, 0x46, 0x21,
  0xFF, 0x46, 0x21, 0xFF, 0x46, 0x21, 0xFF, 0x66, 0x21, 0xFF, 0x66, 0x21, 0xFF, 0x46, 0x21, 0xFF,
  0x46, 0x21, 0xFF, 0x46, 0x21, 0xFF, 0x46, 0x21, 0xFF, 0x45, 0x21, 0xFF, 0x45, 0x21, 0xFF, 0x45,
  0x21, 0xFF, 0x46, 0x21, 0xFF, 0x46, 0x21, 0xFF, 0x46, 0x21, 0xFF, 0x46, 0x21, 0xFF, 0x46, 0x21,
  0xFF, 0x45, 0x21, 0xFF, 0x45, 0x21, 0xFF, 0x45, 0x21, 0xFF, 0x45, 0x21, 0xFF, 0x45, 0x21, 0xFF,
  0x46, 0x21, 0xFF, 0x46, 0x21, 0xFF, 0x66, 0x21, 0xFF, 0x66, 0x21, 0xFF, 0x66, 0x21, 0xFF, 0x46,
  0x21, 0xFF, 0x45, 0x21, 0xFF, 0x45, 0x21, 0xFF, 0x45, 0x21, 0xFF, 0x46, 0x21, 0xFF, 0x66, 0x21,
  0xFF, 0x66, 0x21, 0xFF, 0x66, 0x21, 0xFF, 0x66, 0x21, 0xFF, 0x66, 0x21, 0xFF, 0x46, 0x21, 0xFF,
  0x46, 0x21, 0xFF, 0x45, 0x21, 0xFF, 0x45, 0x21, 0xFF, 0x66, 0x29, 0xFF, 0xA3, 0x10, 0xFF, 0xC4,
  0x10, 0xFF, 0x66, 0x29, 0xFF, 0x25, 0x21, 0xFF, 0x46, 0x21, 0xFF, 0x46, 0x21, 0xFF, 0x46, 0x21,
  0xFF, 0x46, 0x21, 0xFF, 0x45, 0x21, 0xFF, 0x46, 0x21, 0xFF, 0x66, 0x29, 0xFF, 0x66, 0x29, 0xFF,
  0x8B, 0x4A, 0xFF, 0xF1, 0x73, 0xFF, 0xE8, 0x39, 0xFF, 0x00, 0x00, 0xFF, 0x00, 0x00, 0xFF, 0x00,
  0x00, 0xFF, 0xC3, 0x18, 0xFF, 0xA7, 0x31, 0xFF, 0xA6, 0x31, 0xFF, 0xE8, 0x39, 0xFF, 0x28, 0x42,
  0xFF, 0x62, 0x08, 0xFF, 0x86, 0x29, 0xFF, 0xC3, 0x10, 0xFF, 0x20, 0x00, 0xFF, 0x00, 0x00, 0xFF,
  0x00, 0x00, 0xFF, 0x61, 0x08, 0xFF, 0x82, 0x10, 0xFF, 0x82, 0x08, 0xFF, 0x82, 0x10, 0xFF, 0x00,
  0x00, 0xFF, 0x45, 0x29, 0xFF, 0x8A, 0x4A, 0xFF, 0x29, 0x42, 0xFF, 0x8A, 0x52, 0xFF, 0x86, 0x29,
  0xFF, 0x00, 0x00, 0xFF, 0x82, 0x08, 0xFF, 0x82, 0x08, 0xFF, 0x61, 0x08, 0xFF, 0x41, 0x08, 0xFF,
  0x00, 0x00, 0xFF, 0x00, 0x00, 0xFF, 0x61, 0x08, 0xFF, 0x41, 0x08, 0xFF, 0x66, 0x29, 0xFF, 0xC3,
  0x18, 0xFF, 0xA7, 0x31, 0xFF, 0x49, 0x42, 0xFF, 0xC7, 0x31, 0xFF, 0xA6, 0x31, 0xFF, 0xE4, 0x18,
  0xFF, 0x00, 0x00, 0xFF, 0x41, 0x08, 0xFF, 0x41, 0x08, 0xFF, 0x20, 0x00, 0xFF, 0x41, 0x08, 0xFF,
  0x41, 0x08, 0xFF, 0x41, 0x08, 0xFF, 0x41, 0x08, 0xFF, 0x41, 0x00, 0xFF, 0x41, 0x00, 0xFF, 0x41,
  0x00, 0xFF, 0x41, 0x08, 0xFF, 0x41, 0x08, 0xFF, 0x41, 0x08, 0xFF, 0x41, 0x08, 0xFF, 0x41, 0x00,
  0xFF, 0x41, 0x00, 0xFF, 0x41, 0x00, 0xFF, 0x41, 0x00, 0xFF, 0x41, 0x00, 0xFF, 0x41, 0x08, 0xFF,
  0x41, 0x08, 0xFF, 0x41, 0x08, 0xFF, 0x41, 0x08, 0xFF, 0x41, 0x08, 0xFF, 0x41, 0x08, 0xFF, 0x41,
  0x08, 0xFF, 0x21, 0x08, 0xFF, 0x41, 0x08, 0xFF, 0x61, 0x08, 0xFF, 0x21, 0x00, 0xFF, 0x00, 0x00,
  0xFF, 0x6A, 0x4A, 0x4C, 0xEF, 0x7B, 0x00, 0x49, 0x4A, 0x77, 0x00, 0x00, 0xFF, 0x41, 0x08, 0xFF,
  0x41, 0x08, 0xFF, 0x41, 0x08, 0xFF, 0x41, 0x08, 0xFF, 0x41, 0x08, 0xFF, 0x41, 0x08, 0xFF, 0x41,
  0x08, 0xFF, 0x41, 0x08, 0xFF, 0x41, 0x08, 0xFF, 0x41, 0x08, 0xFF, 0x41, 0x08, 0xFF, 0x41, 0x08,
  0xFF, 0x41, 0x08, 0xFF, 0x41, 0x08, 0xFF, 0x41, 0x08, 0xFF, 0x41, 0x08, 0xFF, 0x41, 0x08, 0xFF,
  0x41, 0x08, 0xFF, 0x41, 0x08, 0xFF, 0x41, 0x08, 0xFF, 0x41, 0x08, 0xFF, 0x41, 0x08, 0xFF, 0x41,
  0x08, 0xFF, 0x41, 0x08, 0xFF, 0x20, 0x00, 0xFF, 0xA2, 0x10, 0xFF, 0xE3, 0x18, 0xFF, 0x00, 0x00,
  0xFF, 0x20, 0x00, 0xFF, 0x20, 0x00, 0xFF, 0x25, 0x21, 0xFF, 0x86, 0x31, 0xFF, 0xC7, 0x31, 0xFF,
  0x49, 0x42, 0xFF, 0x24, 0x21, 0xFF, 0x04, 0x21, 0xFF, 0xE3, 0x18, 0xFF, 0x25, 0x21, 0xFF, 0xAB,
  0x52, 0xFF, 0xA6, 0x31, 0xFF, 0xA2, 0x10, 0xFF, 0x20, 0x00, 0xFF, 0x00, 0x00, 0xFF, 0x61, 0x08,
  0xFF, 0x61, 0x08, 0xFF, 0x00, 0x00, 0xFF, 0x86, 0x29, 0xFF, 0x8B, 0x52, 0xFF, 0x49, 0x42, 0xFF,
  0xAB, 0x52, 0xFF, 0x04, 0x19, 0xFF, 0x00, 0x00, 0xFF, 0x61, 0x08, 0xFF, 0x41, 0x08, 0xFF, 0x00,
  0x00, 0xFF, 0x41, 0x08, 0xFF, 0x04, 0x19, 0xFF, 0xA7, 0x31, 0xFF, 0xCB, 0x5A, 0xFF, 0x25, 0x21,
  0xFF, 0xE4, 0x18, 0xFF, 0xA3, 0x10, 0xFF, 0x24, 0x21, 0xFF, 0xE8, 0x39, 0xFF, 0x86, 0x31, 0xFF,
  0x66, 0x29, 0xFF, 0xC3, 0x18, 0xFF, 0x00, 0x00, 0xFF, 0x20, 0x00, 0xFF, 0x41, 0x08, 0xFF, 0x00,
  0x00, 0xFF, 0x09, 0x3A, 0xFF, 0xF1, 0x73, 0xFF, 0x04, 0x19, 0xFF, 0x8B, 0x4A, 0xFF, 0xED, 0x52,
  0xFF, 0xCC, 0x52, 0xFF, 0xCC, 0x52, 0xFF, 0xCC, 0x52, 0xFF, 0xCC, 0x52, 0xFF, 0xCC, 0x52, 0xFF,
  0xCC, 0x52, 0xFF, 0xCC, 0x52, 0xFF, 0xCC, 0x52, 0xFF, 0xCC, 0x52, 0xFF, 0xCC, 0x52, 0xFF, 0xCC,
  0x52, 0xFF, 0xCC, 0x52, 0xFF, 0xCC, 0x52, 0xFF, 0xCC, 0x52, 0xFF, 0xCC, 0x52, 0xFF, 0xCC, 0x52,
  0xFF, 0xCC, 0x52, 0xFF, 0xCC, 0x52, 0xFF, 0xCC, 0x52, 0xFF, 0xCC, 0x52, 0xFF, 0xCC, 0x52, 0xFF,
  0xCC, 0x52, 0xFF, 0xCC, 0x52, 0xFF, 0xCC, 0x52, 0xFF, 0xCC, 0x52, 0xFF, 0xCC, 0x52, 0xFF, 0xCC,
  0x52, 0xFF, 0xCC, 0x52, 0xFF, 0xCC, 0x52, 0xFF, 0xCC, 0x52, 0xFF, 0xCC, 0x52, 0xFF, 0xED, 0x52,
  0xFF, 0xAC, 0x4A, 0xFF, 0x05, 0x19, 0xFF, 0xAC, 0x4A, 0xFF, 0x0D, 0x53, 0xFF, 0xCC, 0x52, 0xFF,
  0xCC, 0x52, 0xFF, 0xCC, 0x52, 0xFF, 0xED, 0x52, 0xFF, 0x0D, 0x53, 0xFF, 0x25, 0x21, 0xFF, 0x6A,
  0x42, 0xFF, 0x0D, 0x5B, 0xFF, 0xCC, 0x52, 0xFF, 0xCC, 0x52, 0xFF, 0xCC, 0x52, 0xFF, 0xCC, 0x52,
  0xFF, 0xCC, 0x52, 0xFF, 0xCC, 0x52, 0xFF, 0xCC, 0x52, 0xFF, 0xCC, 0x52, 0xFF, 0xCC, 0x52, 0xFF,
  0xCC, 0x52, 0xFF, 0xCC, 0x52, 0xFF, 0xCC, 0x52, 0xFF, 0xCC, 0x52, 0xFF, 0xCC, 0x52, 0xFF, 0xCC,
  0x52, 0xFF, 0xCC, 0x52, 0xFF, 0xCC, 0x52, 0xFF, 0xCC, 0x52, 0xFF, 0xCC, 0x52, 0xFF, 0xCC, 0x52,
  0xFF, 0xCC, 0x52, 0xFF, 0xCC, 0x4A, 0xFF, 0xCC, 0x52, 0xFF, 0xCC, 0x52, 0xFF, 0xCC, 0x52, 0xFF,
  0xCC, 0x52, 0xFF, 0xCC, 0x52, 0xFF, 0xCC, 0x52, 0xFF, 0xCC, 0x52, 0xFF, 0xCC, 0x52, 0xFF, 0xCC,
  0x52, 0xFF, 0xCC, 0x52, 0xFF, 0xCC, 0x52, 0xFF, 0xCC, 0x4A, 0xFF, 0xCC, 0x4A, 0xFF, 0xCC, 0x52,
  0xFF, 0xCC, 0x52, 0xFF, 0xCC, 0x52, 0xFF, 0xCC, 0x52, 0xFF, 0xCC, 0x4A, 0xFF, 0xCC, 0x52, 0xFF,
  0xCC, 0x52, 0xFF, 0xAC, 0x4A, 0xFF, 0xAC, 0x4A, 0xFF, 0xCC, 0x52, 0xFF, 0xCC, 0x52, 0xFF, 0xCC,
  0x52, 0xFF, 0xCC, 0x52, 0xFF, 0xCC, 0x52, 0xFF, 0xCC, 0x52, 0xFF, 0xCC, 0x52, 0xFF, 0xAC, 0x4A,
  0xFF, 0xAC, 0x4A, 0xFF, 0xAC, 0x4A, 0xFF, 0xAC, 0x4A, 0xFF, 0xAC, 0x4A, 0xFF, 0xAC, 0x4A, 0xFF,
  0xAC, 0x4A, 0xFF, 0xCC, 0x4A, 0xFF, 0xCC, 0x4A, 0xFF, 0xCC, 0x4A, 0xFF, 0xCC, 0x4A, 0xFF, 0xCC,
  0x52, 0xFF, 0xCC, 0x52, 0xFF, 0x2E, 0x5B, 0xFF, 0x66, 0x29, 0xFF, 0xA8, 0x31, 0xFF, 0x0D, 0x5B,
  0xFF, 0xAC, 0x4A, 0xFF, 0xCC, 0x4A, 0xFF, 0xCC, 0x52, 0xFF, 0xCC, 0x4A, 0xFF, 0xCC, 0x52, 0xFF,
  0xCC, 0x52, 0xFF, 0xCC, 0x52, 0xFF, 0xCC, 0x52, 0xFF, 0xCC, 0x52, 0xFF, 0x8F, 0x6B, 0xFF, 0x2E,
  0x5B, 0xFF, 0x04, 0x21, 0xFF, 0x00, 0x00, 0xFF, 0x20, 0x00, 0xFF, 0x00, 0x00, 0xFF, 0x25, 0x21,
  0xFF, 0xA7, 0x31, 0xFF, 0xA7, 0x31, 0xFF, 0x08, 0x42, 0xFF, 0x45, 0x29, 0xFF, 0xC3, 0x10, 0xFF,
  0x24, 0x21, 0xFF, 0x25, 0x21, 0xFF, 0x8A, 0x52, 0xFF, 0xA6, 0x31, 0xFF, 0xE3, 0x18, 0xFF, 0x40,
  0x00, 0xFF, 0x00, 0x00, 0xFF, 0x41, 0x08, 0xFF, 0x61, 0x08, 0xFF, 0x00, 0x00, 0xFF, 0x45, 0x29,
  0xFF, 0xCB, 0x52, 0xFF, 0x6A, 0x4A, 0xFF, 0xCB, 0x5A, 0xFF, 0x86, 0x31, 0xFF, 0x00, 0x00, 0xFF,
  0x41, 0x08, 0xFF, 0x20, 0x00, 0xFF, 0x00, 0x00, 0xFF, 0x20, 0x00, 0xFF, 0xC3, 0x18, 0xFF, 0x86,
  0x29, 0xFF, 0xAB, 0x52, 0xFF, 0x29, 0x42, 0xFF, 0xC3, 0x10, 0xFF, 0x45, 0x21, 0xFF, 0x04, 0x19,
  0xFF, 0x49, 0x42, 0xFF, 0xC7, 0x31, 0xFF, 0x86, 0x31, 0xFF, 0x25, 0x21, 0xFF, 0x41, 0x08, 0xFF,
  0x20, 0x00, 0xFF, 0x41, 0x08, 0xFF, 0x41, 0x08, 0xFF, 0x41, 0x08, 0xFF, 0x21, 0x00, 0xFF, 0x20,
  0x00, 0xFF, 0x20, 0x00, 0xFF, 0x20, 0x00, 0xFF, 0x20, 0x00, 0xFF, 0x20, 0x00, 0xFF, 0x20, 0x00,
  0xFF, 0x20, 0x00, 0xFF, 0x20, 0x00, 0xFF, 0x20, 0x00, 0xFF, 0x20, 0x00, 0xFF, 0x20, 0x00, 0xFF,
  0x20, 0x00, 0xFF, 0x20, 0x00, 0xFF, 0x20, 0x00, 0xFF, 0x20, 0x00, 0xFF, 0x20, 0x00, 0xFF, 0x20,
  0x00, 0xFF, 0x20, 0x00, 0xFF, 0x20, 0x00, 0xFF, 0x20, 0x00, 0xFF, 0x20, 0x00, 0xFF, 0x61, 0x08,
  0xFF, 0x82, 0x10, 0xFF, 0x82, 0x08, 0xFF, 0x82, 0x10, 0xFF, 0x00, 0x00, 0xFF, 0x04, 0x21, 0xBA,
  0x0F, 0x84, 0x00, 0x30, 0x84, 0x1A, 0xA2, 0x10, 0xEA, 0x00, 0x00, 0xFF, 0x20, 0x00, 0xFF, 0x20,
  0x00, 0xFF, 0x20, 0x00, 0xFF, 0x20, 0x00, 0xFF, 0x20, 0x00, 0xFF, 0x20, 0x00, 0xFF, 0x20, 0x00,
  0xFF, 0x20, 0x00, 0xFF, 0x20, 0x00, 0xFF, 0x20, 0x00, 0xFF, 0x20, 0x00, 0xFF, 0x20, 0x00, 0xFF,
  0x20, 0x00, 0xFF, 0x20, 0x00, 0xFF, 0x20, 0x00, 0xFF, 0x20, 0x00, 0xFF, 0x20, 0x00, 0xFF, 0x20,
  0x00, 0xFF, 0x20, 0x00, 0xFF, 0x20, 0x00, 0xFF, 0x20, 0x00, 0xFF, 0x20, 0x00, 0xFF, 0x20, 0x00,
  0xFF, 0x00, 0x00, 0xFF, 0xA2, 0x10, 0xFF, 0x82, 0x08, 0xFF, 0x20, 0x00, 0xFF, 0x00, 0x00, 0xFF,
  0x61, 0x08, 0xFF, 0x65, 0x29, 0xFF, 0x86, 0x31, 0xFF, 0xC7, 0x31, 0xFF, 0x08, 0x42, 0xFF, 0xE3,
  0x18, 0xFF, 0x24, 0x21, 0xFF, 0x82, 0x10, 0xFF, 0x08, 0x3A, 0xFF, 0xAB, 0x4A, 0xFF, 0xAB, 0x4A,
  0xFF, 0xAB, 0x52, 0xFF, 0x08, 0x3A, 0xFF, 0x04, 0x21, 0xFF, 0x61, 0x08, 0xFF, 0x00, 0x00, 0xFF,
  0x41, 0x00, 0xFF, 0x45, 0x21, 0xFF, 0xA7, 0x31, 0xFF, 0x04, 0x19, 0xFF, 0xC7, 0x39, 0xFF, 0x45,
  0x29, 0xFF, 0x41, 0x08, 0xFF, 0x21, 0x00, 0xFF, 0x82, 0x10, 0xFF, 0x86, 0x31, 0xFF, 0x8A, 0x52,
  0xFF, 0xEC, 0x5A, 0xFF, 0xCB, 0x52, 0xFF, 0xEC, 0x5A, 0xFF, 0x08, 0x3A, 0xFF, 0xA2, 0x10, 0xFF,
  0x24, 0x21, 0xFF, 0xA2, 0x10, 0xFF, 0xC7, 0x39, 0xFF, 0x86, 0x31, 0xFF, 0x86, 0x29, 0xFF, 0x04,
  0x19, 0xFF, 0x20, 0x00, 0xFF, 0x20, 0x00, 0xFF, 0x41, 0x08, 0xFF, 0x00, 0x00, 0xFF, 0x05, 0x19,
  0xFF, 0x52, 0x7C, 0xFF, 0xE8, 0x39, 0xFF, 0x4A, 0x42, 0xFF, 0x2E, 0x5B, 0xFF, 0xED, 0x52, 0xFF,
  0xED, 0x52, 0xFF, 0xED, 0x52, 0xFF, 0xED, 0x52, 0xFF, 0xED, 0x52, 0xFF, 0xCC, 0x52, 0xFF, 0xCC,
  0x52, 0xFF, 0xCC, 0x52, 0xFF, 0xCC, 0x52, 0xFF, 0xCC, 0x52, 0xFF, 0xCC, 0x52, 0xFF, 0xCC, 0x52,
  0xFF, 0xCC, 0x52, 0xFF, 0xCC, 0x52, 0xFF, 0xCC, 0x52, 0xFF, 0xEC, 0x52, 0xFF, 0xEC, 0x52, 0xFF,
  0xEC, 0x52, 0xFF, 0xEC, 0x52, 0xFF, 0xEC, 0x52, 0xFF, 0xEC, 0x52, 0xFF, 0xEC, 0x52, 0xFF, 0xEC,
  0x52, 0xFF, 0xCC, 0x52, 0xFF, 0xCC, 0x52, 0xFF, 0xCC, 0x52, 0xFF, 0xCC, 0x52, 0xFF, 0xEC, 0x52,
  0xFF, 0xEC, 0x52, 0xFF, 0xEC, 0x52, 0xFF, 0xED, 0x52, 0xFF, 0xED, 0x52, 0xFF, 0xCC, 0x52, 0xFF,
  0x45, 0x21, 0xFF, 0xCC, 0x52, 0xFF, 0x2E, 0x5B, 0xFF, 0xED, 0x52, 0xFF, 0xED, 0x52, 0xFF, 0xED,
  0x52, 0xFF, 0xED, 0x52, 0xFF, 0x0D, 0x53, 0xFF, 0x45, 0x21, 0xFF, 0x8B, 0x4A, 0xFF, 0x2E, 0x5B,
  0xFF, 0xED, 0x52, 0xFF, 0xED, 0x52, 0xFF, 0xED, 0x52, 0xFF, 0xED, 0x52, 0xFF, 0xED, 0x52, 0xFF,
  0xED, 0x52, 0xFF, 0xED, 0x52, 0xFF, 0xED, 0x52, 0xFF, 0xED, 0x52, 0xFF, 0xED, 0x52, 0xFF, 0xED,
  0x52, 0xFF, 0xED, 0x52, 0xFF, 0xED, 0x52, 0xFF, 0xED, 0x52, 0xFF, 0xED, 0x52, 0xFF, 0xED, 0x52,
  0xFF, 0xED, 0x52, 0xFF, 0xED, 0x52, 0xFF, 0xED, 0x52, 0xFF, 0xED, 0x52, 0xFF, 0xED, 0x52, 0xFF,
  0xED, 0x52, 0xFF, 0xED, 0x52, 0xFF, 0xED, 0x52, 0xFF, 0xED, 0x52, 0xFF, 0xED, 0x52, 0xFF, 0xED,
  0x52, 0xFF, 0xED, 0x52, 0xFF, 0xED, 0x52, 0xFF, 0xED, 0x52, 0xFF, 0xED, 0x52, 0xFF, 0xED, 0x52,
  0xFF, 0xED, 0x52, 0xFF, 0xED, 0x52, 0xFF, 0xED, 0x52, 0xFF, 0xED, 0x52, 0xFF, 0xED, 0x52, 0xFF,
  0xED, 0x52, 0xFF, 0xED, 0x52, 0xFF, 0xED, 0x52, 0xFF, 0xED, 0x52, 0xFF, 0xED, 0x52, 0xFF, 0xED,
  0x52, 0xFF, 0xED, 0x52, 0xFF, 0xED, 0x52, 0xFF, 0xED, 0x52, 0xFF, 0xED, 0x52, 0xFF, 0xED, 0x52,
  0xFF, 0xED, 0x52, 0xFF, 0xED, 0x52, 0xFF, 0xED, 0x52, 0xFF, 0xED, 0x52, 0xFF, 0xED, 0x52, 0xFF,
  0xED, 0x52, 0xFF, 0xED, 0x52, 0xFF, 0xED, 0x52, 0xFF, 0xED, 0x52, 0xFF, 0xED, 0x52, 0xFF, 0xED,
  0x52, 0xFF, 0xED, 0x52, 0xFF, 0xED, 0x52, 0xFF, 0xED, 0x52, 0xFF, 0xED, 0x52, 0xFF, 0xED, 0x52,
  0xFF, 0x4E, 0x63, 0xFF, 0xA7, 0x31, 0xFF, 0x09, 0x3A, 0xFF, 0x4E, 0x5B, 0xFF, 0xED, 0x52, 0xFF,
  0xED, 0x52, 0xFF, 0xED, 0x52, 0xFF, 0xED, 0x52, 0xFF, 0x0D, 0x53, 0xFF, 0x0D, 0x5B, 0xFF, 0x0D,
  0x5B, 0xFF, 0x0D, 0x53, 0xFF, 0x0D, 0x53, 0xFF, 0x73, 0x84, 0xFF, 0xAB, 0x4A, 0xFF, 0x41, 0x08,
  0xFF, 0x20, 0x00, 0xFF, 0x00, 0x00, 0xFF, 0x41, 0x08, 0xFF, 0x65, 0x29, 0xFF, 0xA7, 0x31, 0xFF,
  0xA7, 0x31, 0xFF, 0x08, 0x3A, 0xFF, 0xC3, 0x18, 0xFF, 0x04, 0x21, 0xFF, 0xC3, 0x18, 0xFF, 0xE8,
  0x39, 0xFF, 0xCC, 0x52, 0xFF, 0xCB, 0x52, 0xFF, 0xAB, 0x52, 0xFF, 0x49, 0x42, 0xFF, 0x86, 0x29,
  0xFF, 0x82, 0x10, 0xFF, 0x00, 0x00, 0xFF, 0x41, 0x08, 0xFF, 0x45, 0x21, 0xFF, 0xC7, 0x31, 0xFF,
  0xE3, 0x18, 0xFF, 0xA7, 0x31, 0xFF, 0x86, 0x31, 0xFF, 0x61, 0x08, 0xFF, 0x20, 0x00, 0xFF, 0x61,
  0x08, 0xFF, 0x65, 0x29, 0xFF, 0x49, 0x42, 0xFF, 0xAB, 0x52, 0xFF, 0xCC, 0x5A, 0xFF, 0xAB, 0x52,
  0xFF, 0xCB, 0x52, 0xFF, 0xE4, 0x18, 0xFF, 0x04, 0x21, 0xFF, 0xE4, 0x18, 0xFF, 0xE8, 0x39, 0xFF,
  0xE8, 0x39, 0xFF, 0x86, 0x31, 0xFF, 0x45, 0x29, 0xFF, 0x61, 0x08, 0xFF, 0x00, 0x00, 0xFF, 0x41,
  0x08, 0xFF, 0x20, 0x00, 0xFF, 0x41, 0x08, 0xFF, 0x41, 0x08, 0xFF, 0x41, 0x08, 0xFF, 0x41, 0x08,
  0xFF, 0x41, 0x08, 0xFF, 0x41, 0x08, 0xFF, 0x41, 0x08, 0xFF, 0x41, 0x08, 0xFF, 0x41, 0x08, 0xFF,
  0x41, 0x08, 0xFF, 0x41, 0x08, 0xFF, 0x41, 0x08, 0xFF, 0x41, 0x08, 0xFF, 0x41, 0x08, 0xFF, 0x41,
  0x08, 0xFF, 0x41, 0x08, 0xFF, 0x41, 0x08, 0xFF, 0x41, 0x08, 0xFF, 0x41, 0x08, 0xFF, 0x41, 0x08,
  0xFF, 0x41, 0x08, 0xFF, 0x41, 0x08, 0xFF, 0x41, 0x08, 0xFF, 0x41, 0x08, 0xFF, 0x21, 0x00, 0xFF,
  0x20, 0x00, 0xFF, 0x41, 0x08, 0xFF, 0x20, 0x00, 0xFF, 0x00, 0x00, 0xD8, 0x71, 0x8C, 0x00, 0x92,
  0x94, 0x00, 0x65, 0x29, 0xAC, 0x00, 0x00, 0xFF, 0x41, 0x08, 0xFF, 0x21, 0x00, 0xFF, 0x21, 0x00,
  0xFF, 0x21, 0x00, 0xFF, 0x21, 0x00, 0xFF, 0x21, 0x00, 0xFF, 0x21, 0x00, 0xFF, 0x21, 0x00, 0xFF,
  0x21, 0x00, 0xFF, 0x21, 0x00, 0xFF, 0x21, 0x00, 0xFF, 0x21, 0x00, 0xFF, 0x21, 0x00, 0xFF, 0x21,
  0x00, 0xFF, 0x21, 0x00, 0xFF, 0x21, 0x00, 0xFF, 0x21, 0x00, 0xFF, 0x21, 0x00, 0xFF, 0x21, 0x00,
  0xFF, 0x21, 0x00, 0xFF, 0x20, 0x00, 0xFF, 0x20, 0x00, 0xFF, 0x20, 0x00, 0xFF, 0x20, 0x00, 0xFF,
  0xE3, 0x18, 0xFF, 0x61, 0x08, 0xFF, 0x20, 0x00, 0xFF, 0x00, 0x00, 0xFF, 0xA2, 0x10, 0xFF, 0x66,
  0x29, 0xFF, 0x86, 0x29, 0xFF, 0xE8, 0x39, 0xFF, 0xC7, 0x31, 0xFF, 0xE3, 0x18, 0xFF, 0x24, 0x21,
  0xFF, 0x24, 0x21, 0xFF, 0x8B, 0x4A, 0xFF, 0x49, 0x42, 0xFF, 0x09, 0x3A, 0xFF, 0x29, 0x42, 0xFF,
  0x6A, 0x4A, 0xFF, 0x6A, 0x4A, 0xFF, 0x08, 0x3A, 0xFF, 0xC7, 0x31, 0xFF, 0x86, 0x29, 0xFF, 0xC3,
  0x10, 0xFF, 0x00, 0x00, 0xFF, 0x41, 0x08, 0xFF, 0x00, 0x00, 0xFF, 0xE4, 0x18, 0xFF, 0x45, 0x21,
  0xFF, 0x49, 0x42, 0xFF, 0xEC, 0x5A, 0xFF, 0xEC, 0x5A, 0xFF, 0xCB, 0x52, 0xFF, 0x6A, 0x4A, 0xFF,
  0x49, 0x4A, 0xFF, 0x8A, 0x4A, 0xFF, 0xCB, 0x52, 0xFF, 0x04, 0x21, 0xFF, 0x24, 0x21, 0xFF, 0xA2,
  0x10, 0xFF, 0x86, 0x29, 0xFF, 0xA7, 0x31, 0xFF, 0x66, 0x29, 0xFF, 0x25, 0x21, 0xFF, 0x61, 0x08,
  0xFF, 0x00, 0x00, 0xFF, 0x41, 0x08, 0xFF, 0xA2, 0x10, 0xFF, 0x00, 0x00, 0xFF, 0xC7, 0x31, 0xFF,
  0x08, 0x3A, 0xFF, 0xE7, 0x39, 0xFF, 0x69, 0x4A, 0xFF, 0x29, 0x42, 0xFF, 0x49, 0x42, 0xFF, 0x29,
  0x42, 0xFF, 0x29, 0x42, 0xFF, 0x29, 0x42, 0xFF, 0x08, 0x42, 0xFF, 0x08, 0x3A, 0xFF, 0x08, 0x3A,
  0xFF, 0x08, 0x3A, 0xFF, 0xE8, 0x39, 0xFF, 0xE8, 0x39, 0xFF, 0xE8, 0x39, 0xFF, 0xE8, 0x39, 0xFF,
  0xE8, 0x39, 0xFF, 0x08, 0x3A, 0xFF, 0x08, 0x42, 0xFF, 0x08, 0x3A, 0xFF, 0x08, 0x3A, 0xFF, 0x08,
  0x3A, 0xFF, 0x08, 0x3A, 0xFF, 0x08, 0x3A, 0xFF, 0x08, 0x3A, 0xFF, 0x08, 0x3A, 0xFF, 0x08, 0x42,
  0xFF, 0x08, 0x42, 0xFF, 0x08, 0x3A, 0xFF, 0x08, 0x42, 0xFF, 0x08, 0x3A, 0xFF, 0x08, 0x3A, 0xFF,
  0x08, 0x3A, 0xFF, 0x08, 0x3A, 0xFF, 0x08, 0x3A, 0xFF, 0x08, 0x42, 0xFF, 0x45, 0x29, 0xFF, 0xE8,
  0x39, 0xFF, 0x29, 0x42, 0xFF, 0x08, 0x42, 0xFF, 0x08, 0x3A, 0xFF, 0x08, 0x3A, 0xFF, 0x28, 0x42,
  0xFF, 0x28, 0x42, 0xFF, 0x45, 0x29, 0xFF, 0xE7, 0x39, 0xFF, 0x29, 0x42, 0xFF, 0x08, 0x42, 0xFF,
  0x08, 0x42, 0xFF, 0x08, 0x42, 0xFF, 0x08, 0x3A, 0xFF, 0x08, 0x42, 0xFF, 0x29, 0x42, 0xFF, 0x29,
  0x42, 0xFF, 0x29, 0x42, 0xFF, 0x29, 0x42, 0xFF, 0x29, 0x42, 0xFF, 0x29, 0x42, 0xFF, 0x29, 0x42,
  0xFF, 0x29, 0x42, 0xFF, 0x29, 0x42, 0xFF, 0x29, 0x42, 0xFF, 0x29, 0x42, 0xFF, 0x29, 0x42, 0xFF,
  0x29, 0x42, 0xFF, 0x29, 0x42, 0xFF, 0x29, 0x42, 0xFF, 0x29, 0x42, 0xFF, 0x29, 0x42, 0xFF, 0x29,
  0x42, 0xFF, 0x29, 0x42, 0xFF, 0x29, 0x42, 0xFF, 0x29, 0x42, 0xFF, 0x29, 0x42, 0xFF, 0x29, 0x42,
  0xFF, 0x29, 0x42, 0xFF, 0x29, 0x42, 0xFF, 0x29, 0x42, 0xFF, 0x29, 0x42, 0xFF, 0x29, 0x42, 0xFF,
  0x29, 0x42, 0xFF, 0x29, 0x42, 0xFF, 0x29, 0x42, 0xFF, 0x29, 0x42, 0xFF, 0x29, 0x42, 0xFF, 0x29,
  0x42, 0xFF, 0x49, 0x42, 0xFF, 0x49, 0x4A, 0xFF, 0x49, 0x42, 0xFF, 0x49, 0x42, 0xFF, 0x49, 0x42,
  0xFF, 0x49, 0x42, 0xFF, 0x49, 0x42, 0xFF, 0x49, 0x4A, 0xFF, 0x49, 0x42, 0xFF, 0x49, 0x42, 0xFF,
  0x49, 0x42, 0xFF, 0x49, 0x42, 0xFF, 0x49, 0x42, 0xFF, 0x49, 0x42, 0xFF, 0x49, 0x42, 0xFF, 0x49,
  0x42, 0xFF, 0x49, 0x42, 0xFF, 0x49, 0x42, 0xFF, 0x49, 0x42, 0xFF, 0x49, 0x42, 0xFF, 0x49, 0x42,
  0xFF, 0x49, 0x42, 0xFF, 0x49, 0x42, 0xFF, 0x49, 0x42, 0xFF, 0x49, 0x4A, 0xFF, 0x8A, 0x4A, 0xFF,
  0x66, 0x29, 0xFF, 0xC7, 0x31, 0xFF, 0x6A, 0x4A, 0xFF, 0x49, 0x4A, 0xFF, 0x49, 0x4A, 0xFF, 0x49,
  0x42, 0xFF, 0x49, 0x42, 0xFF, 0x49, 0x42, 0xFF, 0x69, 0x4A, 0xFF, 0x6A, 0x4A, 0xFF, 0x6A, 0x4A,
  0xFF, 0x6A, 0x4A, 0xFF, 0xCB, 0x5A, 0xFF, 0xE8, 0x39, 0xFF, 0x82, 0x10, 0xFF, 0x00, 0x00, 0xFF,
  0x00, 0x00, 0xFF, 0x61, 0x08, 0xFF, 0x66, 0x29, 0xFF, 0xA6, 0x31, 0xFF, 0xC7, 0x31, 0xFF, 0xC7,
  0x31, 0xFF, 0xA2, 0x10, 0xFF, 0x25, 0x21, 0xFF, 0x25, 0x21, 0xFF, 0x6A, 0x4A, 0xFF, 0x6A, 0x4A,
  0xFF, 0x29, 0x42, 0xFF, 0x49, 0x4A, 0xFF, 0x8A, 0x4A, 0xFF, 0xAB, 0x52, 0xFF, 0x8A, 0x52, 0xFF,
  0xE8, 0x39, 0xFF, 0x25, 0x21, 0xFF, 0xA3, 0x10, 0xFF, 0x00, 0x00, 0xFF, 0x41, 0x08, 0xFF, 0x20,
  0x00, 0xFF, 0xA2, 0x10, 0xFF, 0x66, 0x29, 0xFF, 0x49, 0x42, 0xFF, 0xAB, 0x52, 0xFF, 0xCC, 0x52,
  0xFF, 0xAB, 0x52, 0xFF, 0x6A, 0x4A, 0xFF, 0x49, 0x42, 0xFF, 0x49, 0x42, 0xFF, 0xEC, 0x5A, 0xFF,
  0xA7, 0x31, 0xFF, 0xE4, 0x18, 0xFF, 0x24, 0x21, 0xFF, 0x66, 0x29, 0xFF, 0x08, 0x42, 0xFF, 0x86,
  0x31, 0xFF, 0x66, 0x29, 0xFF, 0x82, 0x10, 0xFF, 0x00, 0x00, 0xFF, 0x41, 0x08, 0xFF, 0x00, 0x00,
  0xFF, 0x20, 0x00, 0xFF, 0x41, 0x08, 0xFF, 0x41, 0x08, 0xFF, 0x41, 0x08, 0xFF, 0x41, 0x08, 0xFF,
  0x41, 0x08, 0xFF, 0x41, 0x08, 0xFF, 0x41, 0x08, 0xFF, 0x41, 0x08, 0xFF, 0x41, 0x08, 0xFF, 0x41,
  0x08, 0xFF, 0x41, 0x08, 0xFF, 0x41, 0x08, 0xFF, 0x41, 0x08, 0xFF, 0x41, 0x08, 0xFF, 0x41, 0x08,
  0xFF, 0x41, 0x08, 0xFF, 0x41, 0x08, 0xFF, 0x41, 0x00, 0xFF, 0x41, 0x08, 0xFF, 0x41, 0x08, 0xFF,
  0x41, 0x08, 0xFF, 0x41, 0x08, 0xFF, 0x21, 0x00, 0xFF, 0x20, 0x00, 0xFF, 0x20, 0x00, 0xFF, 0x21,
  0x00, 0xFF, 0x20, 0x00, 0xFF, 0x00, 0x00, 0xBE, 0x30, 0x84, 0x00, 0x92, 0x94, 0x00, 0x6D, 0x6B,
  0x53, 0x00, 0x00, 0xFF, 0x21, 0x00, 0xFF, 0x41, 0x08, 0xFF, 0x21, 0x00, 0xFF, 0x21, 0x00, 0xFF,
  0x21, 0x00, 0xFF, 0x21, 0x00, 0xFF, 0x21, 0x00, 0xFF, 0x21, 0x00, 0xFF, 0x21, 0x00, 0xFF, 0x21,
  0x00, 0xFF, 0x21, 0x00, 0xFF, 0x21, 0x00, 0xFF, 0x21, 0x00, 0xFF, 0x21, 0x00, 0xFF, 0x21, 0x00,
  0xFF, 0x21, 0x00, 0xFF, 0x21, 0x00, 0xFF, 0x21, 0x00, 0xFF, 0x21, 0x00, 0xFF, 0x21, 0x00, 0xFF,
  0x20, 0x00, 0xFF, 0x20, 0x00, 0xFF, 0x20, 0x00, 0xFF, 0x20, 0x00, 0xFF, 0xC3, 0x18, 0xFF, 0x61,
  0x08, 0xFF, 0x20, 0x00, 0xFF, 0x00, 0x00, 0xFF, 0xC3, 0x10, 0xFF, 0x66, 0x29, 0xFF, 0x86, 0x29,
  0xFF, 0xE8, 0x39, 0xFF, 0x86, 0x29, 0xFF, 0xE3, 0x18, 0xFF, 0x04, 0x21, 0xFF, 0x86, 0x29, 0xFF,
  0x8A, 0x4A, 0xFF, 0x8B, 0x4A, 0xFF, 0x6A, 0x4A, 0xFF, 0x08, 0x3A, 0xFF, 0xE8, 0x39, 0xFF, 0xE8,
  0x39, 0xFF, 0x29, 0x42, 0xFF, 0x45, 0x21, 0xFF, 0xA3, 0x10, 0xFF, 0x61, 0x08, 0xFF, 0x20, 0x00,
  0xFF, 0xE4, 0x18, 0xFF, 0x41, 0x00, 0xFF, 0x41, 0x08, 0xFF, 0x61, 0x08, 0xFF, 0x86, 0x31, 0xFF,
  0xCB, 0x52, 0xFF, 0x6A, 0x4A, 0xFF, 0x6A, 0x4A, 0xFF, 0x8A, 0x4A, 0xFF, 0xCB, 0x5A, 0xFF, 0xCB,
  0x52, 0xFF, 0xAB, 0x52, 0xFF, 0x25, 0x21, 0xFF, 0xE4, 0x18, 0xFF, 0xC3, 0x18, 0xFF, 0x25, 0x21,
  0xFF, 0xA7, 0x31, 0xFF, 0x66, 0x29, 0xFF, 0x25, 0x21, 0xFF, 0x61, 0x08, 0xFF, 0x00, 0x00, 0xFF,
  0x00, 0x00, 0xFF, 0x04, 0x19, 0xFF, 0x41, 0x08, 0xFF, 0x00, 0x00, 0xFF, 0xC2, 0x18, 0xFF, 0xA2,
  0x10, 0xFF, 0xE3, 0x18, 0xFF, 0xC3, 0x18, 0xFF, 0xC3, 0x18, 0xFF, 0xC3, 0x18, 0xFF, 0xC3, 0x18,
  0xFF, 0xC3, 0x18, 0xFF, 0xC3, 0x18, 0xFF, 0xE3, 0x18, 0xFF, 0xE3, 0x18, 0xFF, 0xE3, 0x18, 0xFF,
  0xE3, 0x18, 0xFF, 0xE3, 0x18, 0xFF, 0xE3, 0x18, 0xFF, 0xE3, 0x18, 0xFF, 0xE3, 0x18, 0xFF, 0xE3,
  0x18, 0xFF, 0xE3, 0x18, 0xFF, 0xE3, 0x18, 0xFF, 0xE3, 0x18, 0xFF, 0xE3, 0x18, 0xFF, 0xE3, 0x18,
  0xFF, 0xE3, 0x18, 0xFF, 0xE3, 0x18, 0xFF, 0xE3, 0x18, 0xFF, 0xE3, 0x18, 0xFF, 0xE3, 0x18, 0xFF,
  0xE3, 0x18, 0xFF, 0xE3, 0x18, 0xFF, 0xE3, 0x18, 0xFF, 0xE3, 0x18, 0xFF, 0xE3, 0x18, 0xFF, 0xE3,
  0x18, 0xFF, 0xE3, 0x18, 0xFF, 0xE3, 0x18, 0xFF, 0xA2, 0x10, 0xFF, 0xC2, 0x18, 0xFF, 0xE3, 0x18,
  0xFF, 0xC3, 0x18, 0xFF, 0xC3, 0x18, 0xFF, 0xC3, 0x18, 0xFF, 0xE3, 0x18, 0xFF, 0xE3, 0x18, 0xFF,
  0xA2, 0x10, 0xFF, 0xC3, 0x18, 0xFF, 0xE3, 0x18, 0xFF, 0xC3, 0x18, 0xFF, 0xC3, 0x18, 0xFF, 0xC3,
  0x18, 0xFF, 0xC3, 0x18, 0xFF, 0xC3, 0x18, 0xFF, 0xC3, 0x18, 0xFF, 0xC3, 0x18, 0xFF, 0xC3, 0x18,
  0xFF, 0xC3, 0x18, 0xFF, 0xC3, 0x18, 0xFF, 0xC3, 0x18, 0xFF, 0xC3, 0x18, 0xFF, 0xC3, 0x18, 0xFF,
  0xC3, 0x18, 0xFF, 0xC3, 0x18, 0xFF, 0xC3, 0x18, 0xFF, 0xC3, 0x18, 0xFF, 0xC3, 0x18, 0xFF, 0xC3,
  0x18, 0xFF, 0xC3, 0x18, 0xFF, 0xC3, 0x18, 0xFF, 0xC3, 0x18, 0xFF, 0xC3, 0x18, 0xFF, 0xC3, 0x18,
  0xFF, 0xC3, 0x18, 0xFF, 0xC3, 0x18, 0xFF, 0xC3, 0x18, 0xFF, 0xC3, 0x18, 0xFF, 0xC3, 0x18, 0xFF,
  0xC3, 0x18, 0xFF, 0xC3, 0x18, 0xFF, 0xC3, 0x18, 0xFF, 0xC3, 0x18, 0xFF, 0xC3, 0x18, 0xFF, 0xC3,
  0x18, 0xFF, 0xC3, 0x18, 0xFF, 0xC3, 0x18, 0xFF, 0xC3, 0x18, 0xFF, 0xC3, 0x18, 0xFF, 0xC3, 0x18,
  0xFF, 0xC3, 0x18, 0xFF, 0xC3, 0x18, 0xFF, 0xC3, 0x18, 0xFF, 0xC3, 0x18, 0xFF, 0xC3, 0x18, 0xFF,
  0xC3, 0x18, 0xFF, 0xC3, 0x18, 0xFF, 0xC3, 0x18, 0xFF, 0xC3, 0x18, 0xFF, 0xC3, 0x18, 0xFF, 0xC3,
  0x18, 0xFF, 0xC3, 0x18, 0xFF, 0xC3, 0x18, 0xFF, 0xC3, 0x18, 0xFF, 0xC3, 0x18, 0xFF, 0xC3, 0x18,
  0xFF, 0xC3, 0x18, 0xFF, 0xC3, 0x18, 0xFF, 0xC3, 0x18, 0xFF, 0xC3, 0x18, 0xFF, 0xC3, 0x18, 0xFF,
  0xC3, 0x18, 0xFF, 0xC3, 0x18, 0xFF, 0xC3, 0x18, 0xFF, 0xC3, 0x18, 0xFF, 0x82, 0x10, 0xFF, 0xA2,
  0x18, 0xFF, 0xC3, 0x18, 0xFF, 0xC3, 0x18, 0xFF, 0xC3, 0x18, 0xFF, 0xC3, 0x18, 0xFF, 0xC3, 0x18,
  0xFF, 0xC3, 0x18, 0xFF, 0xC3, 0x18, 0xFF, 0xC2, 0x18, 0xFF, 0xC2, 0x18, 0xFF, 0xC3, 0x18, 0xFF,
  0xC2, 0x18, 0xFF, 0x45, 0x29, 0xFF, 0xA3, 0x10, 0xFF, 0x00, 0x00, 0xFF, 0x00, 0x00, 0xFF, 0x82,
  0x08, 0xFF, 0x86, 0x29, 0xFF, 0x86, 0x31, 0xFF, 0xC7, 0x39, 0xFF, 0x86, 0x31, 0xFF, 0xA3, 0x10,
  0xFF, 0x04, 0x19, 0xFF, 0x86, 0x29, 0xFF, 0xCB, 0x52, 0xFF, 0xAB, 0x52, 0xFF, 0xAB, 0x52, 0xFF,
  0x49, 0x4A, 0xFF, 0x29, 0x42, 0xFF, 0x29, 0x42, 0xFF, 0x6A, 0x4A, 0xFF, 0x65, 0x29, 0xFF, 0xC3,
  0x10, 0xFF, 0x82, 0x08, 0xFF, 0x20, 0x00, 0xFF, 0xC3, 0x18, 0xFF, 0x41, 0x08, 0xFF, 0x41, 0x08,
  0xFF, 0xC3, 0x10, 0xFF, 0x86, 0x29, 0xFF, 0xCC, 0x52, 0xFF, 0x6A, 0x4A, 0xFF, 0x4A, 0x4A, 0xFF,
  0x8A, 0x4A, 0xFF, 0xCB, 0x52, 0xFF, 0xCB, 0x52, 0xFF, 0xAB, 0x52, 0xFF, 0xE8, 0x39, 0xFF, 0x04,
  0x21, 0xFF, 0x25, 0x21, 0xFF, 0x04, 0x19, 0xFF, 0x28, 0x42, 0xFF, 0xA7, 0x31, 0xFF, 0x66, 0x29,
  0xFF, 0xA3, 0x10, 0xFF, 0x00, 0x00, 0xFF, 0x41, 0x00, 0xFF, 0x20, 0x00, 0xFF, 0x00, 0x00, 0xFF,
  0x20, 0x00, 0xFF, 0x20, 0x00, 0xFF, 0x20, 0x00, 0xFF, 0x20, 0x00, 0xFF, 0x20, 0x00, 0xFF, 0x20,
  0x00, 0xFF, 0x20, 0x00, 0xFF, 0x20, 0x00, 0xFF, 0x20, 0x00, 0xFF, 0x20, 0x00, 0xFF, 0x20, 0x00,
  0xFF, 0x20, 0x00, 0xFF, 0x20, 0x00, 0xFF, 0x20, 0x00, 0xFF, 0x20, 0x00, 0xFF, 0x20, 0x00, 0xFF,
  0x20, 0x00, 0xFF, 0x20, 0x00, 0xFF, 0x20, 0x00, 0xFF, 0x20, 0x00, 0xFF, 0x20, 0x00, 0xFF, 0x20,
  0x00, 0xFF, 0x20, 0x00, 0xFF, 0x20, 0x00, 0xFF, 0x20, 0x00, 0xFF, 0x20, 0x00, 0xFF, 0x00, 0x00,
  0xFF, 0x00, 0x00, 0x93, 0x96, 0xB5, 0x00, 0x17, 0xBE, 0x00, 0x14, 0xA5, 0x17, 0x82, 0x10, 0xDF,
  0x00, 0x00, 0xFF, 0x00, 0x00, 0xFF, 0x20, 0x00, 0xFF, 0x41, 0x08, 0xFF, 0x21, 0x00, 0xFF, 0x21,
  0x00, 0xFF, 0x21, 0x00, 0xFF, 0x21, 0x00, 0xFF, 0x21, 0x00, 0xFF, 0x21, 0x00, 0xFF, 0x21, 0x00,
  0xFF, 0x21, 0x00, 0xFF, 0x21, 0x00, 0xFF, 0x21, 0x00, 0xFF, 0x21, 0x00, 0xFF, 0x21, 0x00, 0xFF,
  0x21, 0x00, 0xFF, 0x21, 0x00, 0xFF, 0x20, 0x00, 0xFF, 0x20, 0x00, 0xFF, 0x20, 0x00, 0xFF, 0x20,
  0x00, 0xFF, 0x20, 0x00, 0xFF, 0x20, 0x00, 0xFF, 0xA3, 0x10, 0xFF, 0x41, 0x08, 0xFF, 0x20, 0x00,
  0xFF, 0x00, 0x00, 0xFF, 0xC3, 0x10, 0xFF, 0x66, 0x29, 0xFF, 0x66, 0x29, 0xFF, 0xE8, 0x39, 0xFF,
  0x45, 0x21, 0xFF, 0x04, 0x21, 0xFF, 0x25, 0x21, 0xFF, 0x00, 0x00, 0xFF, 0xA2, 0x10, 0xFF, 0xE3,
  0x18, 0xFF, 0x65, 0x29, 0xFF, 0x08, 0x42, 0xFF, 0x29, 0x42, 0xFF, 0x6A, 0x4A, 0xFF, 0xC7, 0x31,
  0xFF, 0x00, 0x00, 0xFF, 0x00, 0x00, 0xFF, 0x41, 0x00, 0xFF, 0xAF, 0x73, 0xFF, 0x35, 0x9D, 0xFF,
  0x6E, 0x63, 0xFF, 0x20, 0x00, 0xFF, 0xA2, 0x10, 0xFF, 0xA2, 0x10, 0xFF, 0x08, 0x42, 0xFF, 0xEC,
  0x5A, 0xFF, 0xCB, 0x52, 0xFF, 0x8A, 0x4A, 0xFF, 0xA7, 0x31, 0xFF, 0x24, 0x21, 0xFF, 0xC3, 0x18,
  0xFF, 0x00, 0x00, 0xFF, 0x04, 0x21, 0xFF, 0xC3, 0x18, 0xFF, 0xE4, 0x18, 0xFF, 0xA7, 0x31, 0xFF,
  0x65, 0x29, 0xFF, 0x45, 0x21, 0xFF, 0x61, 0x08, 0xFF, 0x00, 0x00, 0xFF, 0x00, 0x00, 0xFF, 0xE4,
  0x18, 0xFF, 0x82, 0x10, 0xFF, 0x41, 0x08, 0xFF, 0x04, 0x21, 0xFF, 0xA2, 0x10, 0xFF, 0x44, 0x29,
  0xFF, 0x24, 0x21, 0xFF, 0x24, 0x21, 0xFF, 0x04, 0x21, 0xFF, 0x24, 0x21, 0xFF, 0x24, 0x21, 0xFF,
  0x24, 0x21, 0xFF, 0x04, 0x21, 0xFF, 0x04, 0x21, 0xFF, 0x24, 0x21, 0xFF, 0x04, 0x21, 0xFF, 0x04,
  0x21, 0xFF, 0x04, 0x21, 0xFF, 0x04, 0x21, 0xFF, 0x04, 0x21, 0xFF, 0x24, 0x21, 0xFF, 0x24, 0x21,
  0xFF, 0x24, 0x21, 0xFF, 0x24, 0x21, 0xFF, 0x24, 0x21, 0xFF, 0x24, 0x21, 0xFF, 0x24, 0x21, 0xFF,
  0x24, 0x21, 0xFF, 0x24, 0x21, 0xFF, 0x24, 0x21, 0xFF, 0x24, 0x21, 0xFF, 0x24, 0x21, 0xFF, 0x24,
  0x21, 0xFF, 0x24, 0x21, 0xFF, 0x24, 0x21, 0xFF, 0x24, 0x21, 0xFF, 0x24, 0x21, 0xFF, 0x24, 0x21,
  0xFF, 0x45, 0x29, 0xFF, 0xA2, 0x10, 0xFF, 0xE3, 0x18, 0xFF, 0x45, 0x29, 0xFF, 0x24, 0x21, 0xFF,
  0x24, 0x21, 0xFF, 0x24, 0x21, 0xFF, 0x24, 0x21, 0xFF, 0x24, 0x21, 0xFF, 0xA2, 0x10, 0xFF, 0x04,
  0x21, 0xFF, 0x24, 0x21, 0xFF, 0x24, 0x21, 0xFF, 0x24, 0x21, 0xFF, 0x24, 0x21, 0xFF, 0x24, 0x21,
  0xFF, 0x24, 0x21, 0xFF, 0x24, 0x21, 0xFF, 0x24, 0x21, 0xFF, 0x24, 0x21, 0xFF, 0x24, 0x21, 0xFF,
  0x24, 0x21, 0xFF, 0x24, 0x21, 0xFF, 0x24, 0x21, 0xFF, 0x24, 0x21, 0xFF, 0x24, 0x21, 0xFF, 0x24,
  0x21, 0xFF, 0x24, 0x21, 0xFF, 0x24, 0x21, 0xFF, 0x24, 0x21, 0xFF, 0x24, 0x21, 0xFF, 0x24, 0x21,
  0xFF, 0x24, 0x21, 0xFF, 0x24, 0x21, 0xFF, 0x24, 0x21, 0xFF, 0x24, 0x21, 0xFF, 0x24, 0x21, 0xFF,
  0x24, 0x21, 0xFF, 0x24, 0x21, 0xFF, 0x24, 0x21, 0xFF, 0x24, 0x21, 0xFF, 0x24, 0x21, 0xFF, 0x24,
  0x21, 0xFF, 0x24, 0x21, 0xFF, 0x24, 0x21, 0xFF, 0x24, 0x21, 0xFF, 0x24, 0x21, 0xFF, 0x24, 0x21,
  0xFF, 0x24, 0x21, 0xFF, 0x24, 0x21, 0xFF, 0x24, 0x21, 0xFF, 0x24, 0x21, 0xFF, 0x24, 0x21, 0xFF,
  0x24, 0x21, 0xFF, 0x24, 0x21, 0xFF, 0x24, 0x21, 0xFF, 0x24, 0x21, 0xFF, 0x24, 0x21, 0xFF, 0x24,
  0x21, 0xFF, 0x24, 0x21, 0xFF, 0x24, 0x21, 0xFF, 0x24, 0x21, 0xFF, 0x24, 0x21, 0xFF, 0x24, 0x21,
  0xFF, 0x24, 0x21, 0xFF, 0x24, 0x21, 0xFF, 0x24, 0x21, 0xFF, 0x24, 0x21, 0xFF, 0x24, 0x21, 0xFF,
  0x24, 0x21, 0xFF, 0x24, 0x21, 0xFF, 0x24, 0x21, 0xFF, 0x24, 0x21, 0xFF, 0x24, 0x21, 0xFF, 0x24,
  0x21, 0xFF, 0x24, 0x21, 0xFF, 0x24, 0x21, 0xFF, 0xA2, 0x10, 0xFF, 0xE3, 0x18, 0xFF, 0x24, 0x21,
  0xFF, 0x24, 0x21, 0xFF, 0x24, 0x21, 0xFF, 0x24, 0x21, 0xFF, 0x24, 0x21, 0xFF, 0x24, 0x21, 0xFF,
  0x24, 0x21, 0xFF, 0x24, 0x21, 0xFF, 0x04, 0x21, 0xFF, 0x45, 0x29, 0xFF, 0x65, 0x29, 0xFF, 0x66,
  0x29, 0xFF, 0x61, 0x08, 0xFF, 0x00, 0x00, 0xFF, 0x00, 0x00, 0xFF, 0x82, 0x10, 0xFF, 0x66, 0x29,
  0xFF, 0x86, 0x29, 0xFF, 0xC7, 0x39, 0xFF, 0x45, 0x29, 0xFF, 0xC3, 0x18, 0xFF, 0x45, 0x21, 0xFF,
  0x21, 0x08, 0xFF, 0x82, 0x10, 0xFF, 0x25, 0x21, 0xFF, 0x08, 0x3A, 0xFF, 0x8A, 0x4A, 0xFF, 0x8A,
  0x4A, 0xFF, 0xAB, 0x52, 0xFF, 0xA7, 0x31, 0xFF, 0x61, 0x08, 0xFF, 0xA2, 0x10, 0xFF, 0x41, 0x08,
  0xFF, 0x8E, 0x6B, 0xFF, 0xF4, 0x9C, 0xFF, 0xAF, 0x73, 0xFF, 0xA3, 0x10, 0xFF, 0x41, 0x08, 0xFF,
  0x20, 0x00, 0xFF, 0x08, 0x3A, 0xFF, 0x0D, 0x5B, 0xFF, 0xEC, 0x5A, 0xFF, 0xCB, 0x52, 0xFF, 0xC7,
  0x39, 0xFF, 0xE3, 0x18, 0xFF, 0xC3, 0x18, 0xFF, 0x21, 0x00, 0xFF, 0x04, 0x19, 0xFF, 0x65, 0x29,
  0xFF, 0xC3, 0x18, 0xFF, 0x08, 0x3A, 0xFF, 0xA7, 0x31, 0xFF, 0x66, 0x29, 0xFF, 0xC3, 0x10, 0xFF,
  0x00, 0x00, 0xFF, 0x41, 0x00, 0xFF, 0x20, 0x00, 0xFF, 0x00, 0x00, 0xFF, 0x21, 0x00, 0xFF, 0x20,
  0x00, 0xFF, 0x20, 0x00, 0xFF, 0x20, 0x00, 0xFF, 0x20, 0x00, 0xFF, 0x20, 0x00, 0xFF, 0x20, 0x00,
  0xFF, 0x20, 0x00, 0xFF, 0x20, 0x00, 0xFF, 0x20, 0x00, 0xFF, 0x20, 0x00, 0xFF, 0x20, 0x00, 0xFF,
  0x20, 0x00, 0xFF, 0x20, 0x00, 0xFF, 0x20, 0x00, 0xFF, 0x20, 0x00, 0xFF, 0x20, 0x00, 0xFF, 0x20,
  0x00, 0xFF, 0x20, 0x00, 0xFF, 0x20, 0x00, 0xFF, 0x20, 0x00, 0xFF, 0x20, 0x00, 0xFF, 0x20, 0x00,
  0xFF, 0x20, 0x00, 0xFF, 0x20, 0x00, 0xFF, 0x20, 0x00, 0xFF, 0x00, 0x00, 0xFF, 0x00, 0x00, 0x3A,
  0x10, 0x84, 0x00, 0x10, 0x84, 0x00, 0x92, 0x8C, 0x00, 0x8A, 0x4A, 0x37, 0x00, 0x00, 0x7B, 0x00,
  0x00, 0xB3, 0x00, 0x00, 0xFF, 0x41, 0x00, 0xFF, 0x21, 0x00, 0xFF, 0x21, 0x00, 0xFF, 0x21, 0x00,
  0xFF, 0x21, 0x00, 0xFF, 0x21, 0x00, 0xFF, 0x21, 0x00, 0xFF, 0x21, 0x00, 0xFF, 0x21, 0x00, 0xFF,
  0x21, 0x00, 0xFF, 0x21, 0x00, 0xFF, 0x21, 0x00, 0xFF, 0x21, 0x00, 0xFF, 0x21, 0x00, 0xFF, 0x21,
  0x00, 0xFF, 0x20, 0x00, 0xFF, 0x20, 0x00, 0xFF, 0x20, 0x00, 0xFF, 0x20, 0x00, 0xFF, 0x20, 0x00,
  0xFF, 0x41, 0x08, 0xFF, 0xC3, 0x10, 0xFF, 0x41, 0x00, 0xFF, 0x20, 0x00, 0xFF, 0x00, 0x00, 0xFF,
  0xC3, 0x10, 0xFF, 0x45, 0x29, 0xFF, 0x65, 0x29, 0xFF, 0xC7, 0x31, 0xFF, 0x24, 0x21, 0xFF, 0x24,
  0x21, 0xFF, 0xE4, 0x18, 0xFF, 0x20, 0x00, 0xFF, 0xC7, 0x39, 0xFF, 0x82, 0x08, 0xFF, 0x41, 0x08,
  0xFF, 0x61, 0x08, 0xFF, 0x04, 0x19, 0xFF, 0xA7, 0x31, 0xFF, 0x66, 0x29, 0xFF, 0x82, 0x10, 0xFF,
  0x00, 0x00, 0xFF, 0x08, 0x3A, 0xFF, 0xD4, 0x94, 0xFF, 0x75, 0xA5, 0xFF, 0xB3, 0x8C, 0xFF, 0xC7,
  0x31, 0xFF, 0x00, 0x00, 0xFF, 0xA3, 0x10, 0xFF, 0xE8, 0x39, 0xFF, 0xE7, 0x39, 0xFF, 0x24, 0x21,
  0xFF, 0x61, 0x08, 0xFF, 0x20, 0x00, 0xFF, 0x65, 0x29, 0xFF, 0x49, 0x42, 0xFF, 0x00, 0x00, 0xFF,
  0xC3, 0x18, 0xFF, 0xC3, 0x18, 0xFF, 0xE3, 0x18, 0xFF, 0x86, 0x31, 0xFF, 0x45, 0x29, 0xFF, 0x25,
  0x21, 0xFF, 0x61, 0x08, 0xFF, 0x00, 0x00, 0xFF, 0x00, 0x00, 0xFF, 0xE3, 0x18, 0xFF, 0x04, 0x19,
  0xFF, 0x41, 0x08, 0xFF, 0x45, 0x29, 0xFF, 0xC3, 0x18, 0xFF, 0xC3, 0x18, 0xFF, 0xC3, 0x18, 0xFF,
  0xC3, 0x18, 0xFF, 0xC3, 0x18, 0xFF, 0xC3, 0x18, 0xFF, 0xC3, 0x18, 0xFF, 0xC3, 0x18, 0xFF, 0xC3,
  0x18, 0xFF, 0xE3, 0x18, 0xFF, 0xE3, 0x18, 0xFF, 0xE3, 0x18, 0xFF, 0xE3, 0x18, 0xFF, 0xE3, 0x18,
  0xFF, 0xE3, 0x18, 0xFF, 0xC3, 0x18, 0xFF, 0xE3, 0x18, 0xFF, 0xE3, 0x18, 0xFF, 0xE3, 0x18, 0xFF,
  0xE3, 0x18, 0xFF, 0xE3, 0x18, 0xFF, 0xE3, 0x18, 0xFF, 0xE3, 0x18, 0xFF, 0xE3, 0x18, 0xFF, 0xE3,
  0x18, 0xFF, 0xE3, 0x18, 0xFF, 0xE3, 0x18, 0xFF, 0xE3, 0x18, 0xFF, 0xE3, 0x18, 0xFF, 0xE3, 0x18,
  0xFF, 0xE3, 0x18, 0xFF, 0xE3, 0x18, 0xFF, 0xE3, 0x18, 0xFF, 0xE3, 0x18, 0xFF, 0x04, 0x21, 0xFF,
  0xC3, 0x18, 0xFF, 0xC3, 0x18, 0xFF, 0xE3, 0x18, 0xFF, 0xE3, 0x18, 0xFF, 0xE3, 0x18, 0xFF, 0xE3,
  0x18, 0xFF, 0xE3, 0x18, 0xFF, 0xE3, 0x18, 0xFF, 0xA2, 0x10, 0xFF, 0xE3, 0x18, 0xFF, 0xE3, 0x18,
  0xFF, 0xE3, 0x18, 0xFF, 0xE3, 0x18, 0xFF, 0xE3, 0x18, 0xFF, 0xE3, 0x18, 0xFF, 0xE3, 0x18, 0xFF,
  0xE3, 0x18, 0xFF, 0xE3, 0x18, 0xFF, 0xE3, 0x18, 0xFF, 0xE3, 0x18, 0xFF, 0xE3, 0x18, 0xFF, 0xE3,
  0x18, 0xFF, 0xE3, 0x18, 0xFF, 0xE3, 0x18, 0xFF, 0xE3, 0x18, 0xFF, 0xE3, 0x18, 0xFF, 0xE3, 0x18,
  0xFF, 0xE3, 0x18, 0xFF, 0xE3, 0x18, 0xFF, 0xE3, 0x18, 0xFF, 0xE3, 0x18, 0xFF, 0xE3, 0x18, 0xFF,
  0xE3, 0x18, 0xFF, 0xE3, 0x18, 0xFF, 0xE3, 0x18, 0xFF, 0xE3, 0x18, 0xFF, 0xE3, 0x18, 0xFF, 0xE3,
  0x18, 0xFF, 0xE3, 0x18, 0xFF, 0xE3, 0x18, 0xFF, 0xE3, 0x18, 0xFF, 0xE3, 0x18, 0xFF, 0xE3, 0x18,
  0xFF, 0xE3, 0x18, 0xFF, 0xE3, 0x18, 0xFF, 0xE3, 0x18, 0xFF, 0xE3, 0x18, 0xFF, 0xE3, 0x18, 0xFF,
  0xE3, 0x18, 0xFF, 0xE3, 0x18, 0xFF, 0xE3, 0x18, 0xFF, 0xE3, 0x18, 0xFF, 0xE3, 0x18, 0xFF, 0xE3,
  0x18, 0xFF, 0xE3, 0x18, 0xFF, 0xE3, 0x18, 0xFF, 0xE3, 0x18, 0xFF, 0xE3, 0x18, 0xFF, 0xE3, 0x18,
  0xFF, 0xE3, 0x18, 0xFF, 0xE3, 0x18, 0xFF, 0xE3, 0x18, 0xFF, 0xE3, 0x18, 0xFF, 0xE3, 0x18, 0xFF,
  0xE3, 0x18, 0xFF, 0xE3, 0x18, 0xFF, 0xE3, 0x18, 0xFF, 0xE3, 0x18, 0xFF, 0xE3, 0x18, 0xFF, 0xE3,
  0x18, 0xFF, 0xE3, 0x18, 0xFF, 0xE3, 0x18, 0xFF, 0xE3, 0x18, 0xFF, 0xE3, 0x18, 0xFF, 0xE3, 0x18,
  0xFF, 0xE3, 0x18, 0xFF, 0xA2, 0x10, 0xFF, 0xC3, 0x18, 0xFF, 0x04, 0x21, 0xFF, 0xE3, 0x18, 0xFF,
  0xE3, 0x18, 0xFF, 0xE3, 0x18, 0xFF, 0xE3, 0x18, 0xFF, 0xE3, 0x18, 0xFF, 0xE3, 0x18, 0xFF, 0xE3,
  0x18, 0xFF, 0xE3, 0x18, 0xFF, 0x45, 0x29, 0xFF, 0x65, 0x29, 0xFF, 0x45, 0x21, 0xFF, 0x41, 0x08,
  0xFF, 0x00, 0x00, 0xFF, 0x00, 0x00, 0xFF, 0x82, 0x10, 0xFF, 0x45, 0x29, 0xFF, 0x66, 0x29, 0xFF,
  0xC7, 0x31, 0xFF, 0x25, 0x21, 0xFF, 0xC3, 0x10, 0xFF, 0x04, 0x21, 0xFF, 0x00, 0x00, 0xFF, 0x86,
  0x31, 0xFF, 0x82, 0x10, 0xFF, 0x00, 0x00, 0xFF, 0x82, 0x08, 0xFF, 0x04, 0x21, 0xFF, 0xE8, 0x39,
  0xFF, 0xE7, 0x39, 0xFF, 0x82, 0x08, 0xFF, 0x00, 0x00, 0xFF, 0xA7, 0x31, 0xFF, 0xB3, 0x94, 0xFF,
  0x31, 0x84, 0xFF, 0x11, 0x84, 0xFF, 0x28, 0x42, 0xFF, 0x00, 0x00, 0xFF, 0x24, 0x21, 0xFF, 0x49,
  0x42, 0xFF, 0x49, 0x42, 0xFF, 0x45, 0x21, 0xFF, 0x82, 0x10, 0xFF, 0x41, 0x00, 0xFF, 0xA2, 0x10,
  0xFF, 0x08, 0x3A, 0xFF, 0x82, 0x08, 0xFF, 0xA2, 0x10, 0xFF, 0x65, 0x29, 0xFF, 0xC3, 0x18, 0xFF,
  0xE8, 0x39, 0xFF, 0xA7, 0x31, 0xFF, 0x66, 0x29, 0xFF, 0xC3, 0x10, 0xFF, 0x00, 0x00, 0xFF, 0x20,
  0x00, 0xFF, 0x20, 0x00, 0xFF, 0x00, 0x00, 0xFF, 0x20, 0x00, 0xFF, 0x20, 0x00, 0xFF, 0x20, 0x00,
  0xFF, 0x20, 0x00, 0xFF, 0x20, 0x00, 0xFF, 0x20, 0x00, 0xFF, 0x20, 0x00, 0xFF, 0x20, 0x00, 0xFF,
  0x20, 0x00, 0xFF, 0x20, 0x00, 0xFF, 0x20, 0x00, 0xFF, 0x20, 0x00, 0xFF, 0x20, 0x00, 0xFF, 0x20,
  0x00, 0xFF, 0x20, 0x00, 0xFF, 0x20, 0x00, 0xFF, 0x20, 0x00, 0xFF, 0x20, 0x00, 0xFF, 0x20, 0x00,
  0xFF, 0x20, 0x00, 0xFF, 0x20, 0x00, 0xFF, 0x20, 0x00, 0xFF, 0x20, 0x00, 0xFF, 0x20, 0x00, 0xFF,
  0x21, 0x00, 0xFF, 0x00, 0x00, 0xFF, 0x20, 0x00, 0xB6, 0x82, 0x10, 0x00, 0xEF, 0x7B, 0x00, 0xEF,
  0x7B, 0x00, 0x71, 0x8C, 0x00, 0x69, 0x4A, 0x00, 0x00, 0x00, 0x00, 0xAA, 0x52, 0x1D, 0xE3, 0x18,
  0xE6, 0x00, 0x00, 0xFF, 0x41, 0x08, 0xFF, 0x41, 0x00, 0xFF, 0x21, 0x00, 0xFF, 0x21, 0x00, 0xFF,
  0x21, 0x00, 0xFF, 0x21, 0x00, 0xFF, 0x21, 0x00, 0xFF, 0x21, 0x00, 0xFF, 0x21, 0x00, 0xFF, 0x21,
  0x00, 0xFF, 0x21, 0x00, 0xFF, 0x21, 0x00, 0xFF, 0x20, 0x00, 0xFF, 0x20, 0x00, 0xFF, 0x20, 0x00,
  0xFF, 0x20, 0x00, 0xFF, 0x20, 0x00, 0xFF, 0x20, 0x00, 0xFF, 0x20, 0x00, 0xFF, 0x61, 0x08, 0xFF,
  0xC3, 0x18, 0xFF, 0x20, 0x00, 0xFF, 0x20, 0x00, 0xFF, 0x00, 0x00, 0xFF, 0xC3, 0x10, 0xFF, 0x45,
  0x21, 0xFF, 0x25, 0x21, 0xFF, 0xA7, 0x31, 0xFF, 0x25, 0x21, 0xFF, 0x24, 0x21, 0xFF, 0xE3, 0x18,
  0xFF, 0x40, 0x00, 0xFF, 0x29, 0x42, 0xFF, 0x29, 0x42, 0xFF, 0x0C, 0x63, 0xFF, 0x61, 0x08, 0xFF,
  0x00, 0x00, 0xFF, 0x00, 0x00, 0xFF, 0xE3, 0x18, 0xFF, 0x45, 0x21, 0xFF, 0x00, 0x00, 0xFF, 0xC7,
  0x31, 0xFF, 0x52, 0x84, 0xFF, 0x8F, 0x6B, 0xFF, 0x52, 0x84, 0xFF, 0xA7, 0x31, 0xFF, 0x21, 0x00,
  0xFF, 0x86, 0x29, 0xFF, 0xC3, 0x18, 0xFF, 0x00, 0x00, 0xFF, 0x00, 0x00, 0xFF, 0x41, 0x08, 0xFF,
  0x49, 0x42, 0xFF, 0x8B, 0x52, 0xFF, 0xAB, 0x52, 0xFF, 0x00, 0x00, 0xFF, 0xC3, 0x18, 0xFF, 0xC3,
  0x18, 0xFF, 0xE3, 0x18, 0xFF, 0x86, 0x29, 0xFF, 0x25, 0x21, 0xFF, 0x04, 0x21, 0xFF, 0x61, 0x08,
  0xFF, 0x00, 0x00, 0xFF, 0x00, 0x00, 0xFF, 0xA2, 0x10, 0xFF, 0x66, 0x21, 0xFF, 0x82, 0x10, 0xFF,
  0x24, 0x21, 0xFF, 0x24, 0x21, 0xFF, 0x24, 0x21, 0xFF, 0x24, 0x21, 0xFF, 0x24, 0x21, 0xFF, 0x24,
  0x21, 0xFF, 0x24, 0x21, 0xFF, 0x24, 0x21, 0xFF, 0x24, 0x21, 0xFF, 0x24, 0x21, 0xFF, 0x24, 0x21,
  0xFF, 0x24, 0x21, 0xFF, 0x24, 0x21, 0xFF, 0x24, 0x21, 0xFF, 0x24, 0x21, 0xFF, 0x24, 0x21, 0xFF,
  0x24, 0x21, 0xFF, 0x24, 0x21, 0xFF, 0x24, 0x21, 0xFF, 0x24, 0x21, 0xFF, 0x24, 0x21, 0xFF, 0x24,
  0x21, 0xFF, 0x24, 0x21, 0xFF, 0x24, 0x21, 0xFF, 0x24, 0x21, 0xFF, 0x24, 0x21, 0xFF, 0x24, 0x21,
  0xFF, 0x24, 0x21, 0xFF, 0x24, 0x21, 0xFF, 0x24, 0x21, 0xFF, 0x24, 0x21, 0xFF, 0x24, 0x21, 0xFF,
  0x24, 0x21, 0xFF, 0x24, 0x21, 0xFF, 0x24, 0x21, 0xFF, 0x24, 0x21, 0xFF, 0x24, 0x21, 0xFF, 0x24,
  0x21, 0xFF, 0x24, 0x21, 0xFF, 0x24, 0x21, 0xFF, 0x24, 0x21, 0xFF, 0x24, 0x21, 0xFF, 0x24, 0x21,
  0xFF, 0x24, 0x21, 0xFF, 0x24, 0x21, 0xFF, 0x24, 0x21, 0xFF, 0x24, 0x21, 0xFF, 0x24, 0x21, 0xFF,
  0x24, 0x21, 0xFF, 0x24, 0x21, 0xFF, 0x24, 0x21, 0xFF, 0x24, 0x21, 0xFF, 0x24, 0x21, 0xFF, 0x24,
  0x21, 0xFF, 0x24, 0x21, 0xFF, 0x24, 0x21, 0xFF, 0x24, 0x21, 0xFF, 0x24, 0x21, 0xFF, 0x24, 0x21,
  0xFF, 0x24, 0x21, 0xFF, 0x24, 0x21, 0xFF, 0x24, 0x21, 0xFF, 0x24, 0x21, 0xFF, 0x24, 0x21, 0xFF,
  0x24, 0x21, 0xFF, 0x24, 0x21, 0xFF, 0x24, 0x21, 0xFF, 0x24, 0x21, 0xFF, 0x24, 0x21, 0xFF, 0x24,
  0x21, 0xFF, 0x24, 0x21, 0xFF, 0x24, 0x21, 0xFF, 0x24, 0x21, 0xFF, 0x24, 0x21, 0xFF, 0x24, 0x21,
  0xFF, 0x24, 0x21, 0xFF, 0x24, 0x21, 0xFF, 0x24, 0x21, 0xFF, 0x24, 0x21, 0xFF, 0x24, 0x21, 0xFF,
  0x24, 0x21, 0xFF, 0x24, 0x21, 0xFF, 0x24, 0x21, 0xFF, 0x24, 0x21, 0xFF, 0x24, 0x21, 0xFF, 0x24,
  0x21, 0xFF, 0x24, 0x21, 0xFF, 0x24, 0x21, 0xFF, 0x24, 0x21, 0xFF, 0x24, 0x21, 0xFF, 0x24, 0x21,
  0xFF, 0x24, 0x21, 0xFF, 0x24, 0x21, 0xFF, 0x24, 0x21, 0xFF, 0x24, 0x21, 0xFF, 0x24, 0x21, 0xFF,
  0x24, 0x21, 0xFF, 0x24, 0x21, 0xFF, 0x24, 0x21, 0xFF, 0x24, 0x21, 0xFF, 0x24, 0x21, 0xFF, 0x24,
  0x21, 0xFF, 0x24, 0x21, 0xFF, 0x24, 0x21, 0xFF, 0x24, 0x21, 0xFF, 0x24, 0x21, 0xFF, 0x24, 0x21,
  0xFF, 0x24, 0x21, 0xFF, 0x24, 0x21, 0xFF, 0x24, 0x21, 0xFF, 0x24, 0x21, 0xFF, 0x24, 0x21, 0xFF,
  0xC3, 0x18, 0xFF, 0x04, 0x21, 0xFF, 0x24, 0x21, 0xFF, 0x04, 0x21, 0xFF, 0x24, 0x21, 0xFF, 0x24,
  0x21, 0xFF, 0x24, 0x21, 0xFF, 0x24, 0x21, 0xFF, 0x24, 0x21, 0xFF, 0x24, 0x21, 0xFF, 0x24, 0x21,
  0xFF, 0x65, 0x29, 0xFF, 0xA2, 0x10, 0xFF, 0xA3, 0x10, 0xFF, 0x41, 0x08, 0xFF, 0x00, 0x00, 0xFF,
  0x00, 0x00, 0xFF, 0x82, 0x10, 0xFF, 0x25, 0x21, 0xFF, 0x45, 0x21, 0xFF, 0xA7, 0x31, 0xFF, 0x25,
  0x21, 0xFF, 0xC3, 0x18, 0xFF, 0x04, 0x21, 0xFF, 0x00, 0x00, 0xFF, 0xAB, 0x52, 0xFF, 0xC7, 0x39,
  0xFF, 0x00, 0x00, 0xFF, 0x00, 0x00, 0xFF, 0x00, 0x00, 0xFF, 0x00, 0x00, 0xFF, 0x45, 0x21, 0xFF,
  0xC7, 0x31, 0xFF, 0x20, 0x00, 0xFF, 0x24, 0x21, 0xFF, 0x8E, 0x6B, 0xFF, 0xEC, 0x5A, 0xFF, 0xAF,
  0x73, 0xFF, 0xA7, 0x31, 0xFF, 0x41, 0x00, 0xFF, 0x45, 0x29, 0xFF, 0x04, 0x21, 0xFF, 0x20, 0x00,
  0xFF, 0x00, 0x00, 0xFF, 0x00, 0x00, 0xFF, 0xA7, 0x31, 0xFF, 0x8A, 0x4A, 0xFF, 0x8A, 0x4A, 0xFF,
  0xA2, 0x10, 0xFF, 0x82, 0x10, 0xFF, 0x45, 0x29, 0xFF, 0xE4, 0x18, 0xFF, 0xE7, 0x39, 0xFF, 0x86,
  0x29, 0xFF, 0x45, 0x29, 0xFF, 0xC3, 0x10, 0xFF, 0x00, 0x00, 0xFF, 0x20, 0x00, 0xFF, 0x20, 0x00,
  0xFF, 0x20, 0x00, 0xFF, 0x20, 0x00, 0xFF, 0x20, 0x00, 0xFF, 0x20, 0x00, 0xFF, 0x20, 0x00, 0xFF,
  0x20, 0x00, 0xFF, 0x20, 0x00, 0xFF, 0x20, 0x00, 0xFF, 0x20, 0x00, 0xFF, 0x20, 0x00, 0xFF, 0x20,
  0x00, 0xFF, 0x20, 0x00, 0xFF, 0x20, 0x00, 0xFF, 0x20, 0x00, 0xFF, 0x20, 0x00, 0xFF, 0x20, 0x00,
  0xFF, 0x20, 0x00, 0xFF, 0x20, 0x00, 0xFF, 0x20, 0x00, 0xFF, 0x20, 0x00, 0xFF, 0x20, 0x00, 0xFF,
  0x20, 0x00, 0xFF, 0x20, 0x00, 0xFF, 0x20, 0x00, 0xFF, 0x21, 0x00, 0xFF, 0x20, 0x00, 0xFF, 0x00,
  0x00, 0xFF, 0xA2, 0x10, 0x55, 0xC3, 0x18, 0x00, 0xF0, 0x7B, 0x00, 0xF0, 0x7B, 0x00, 0x71, 0x8C,
  0x00, 0x29, 0x42, 0x00, 0x04, 0x21, 0x00, 0x91, 0x8C, 0x00, 0x08, 0x3A, 0x87, 0x00, 0x00, 0xFF,
  0x00, 0x00, 0xFF, 0x20, 0x00, 0xFF, 0x41, 0x00, 0xFF, 0x41, 0x00, 0xFF, 0x41, 0x00, 0xFF, 0x41,
  0x00, 0xFF, 0x41, 0x00, 0xFF, 0x21, 0x00, 0xFF, 0x21, 0x00, 0xFF, 0x21, 0x00, 0xFF, 0x21, 0x00,
  0xFF, 0x20, 0x00, 0xFF, 0x20, 0x00, 0xFF, 0x20, 0x00, 0xFF, 0x20, 0x00, 0xFF, 0x20, 0x00, 0xFF,
  0x20, 0x00, 0xFF, 0x20, 0x00, 0xFF, 0x20, 0x00, 0xFF, 0x61, 0x08, 0xFF, 0xE3, 0x18, 0xFF, 0x20,
  0x00, 0xFF, 0x20, 0x00, 0xFF, 0x00, 0x00, 0xFF, 0xA3, 0x10, 0xFF, 0x25, 0x21, 0xFF, 0x24, 0x21,
  0xFF, 0x86, 0x29, 0xFF, 0x45, 0x21, 0xFF, 0x04, 0x21, 0xFF, 0x24, 0x21, 0xFF, 0x20, 0x00, 0xFF,
  0xE8, 0x39, 0xFF, 0xC7, 0x31, 0xFF, 0xAF, 0x73, 0xFF, 0x45, 0x21, 0xFF, 0x00, 0x00, 0xFF, 0x00,
  0x00, 0xFF, 0xA2, 0x10, 0xFF, 0xA6, 0x31, 0xFF, 0xE4, 0x18, 0xFF, 0x00, 0x00, 0xFF, 0x8A, 0x4A,
  0xFF, 0x10, 0x7C, 0xFF, 0xEC, 0x5A, 0xFF, 0x41, 0x08, 0xFF, 0x04, 0x21, 0xFF, 0x29, 0x42, 0xFF,
  0x04, 0x21, 0xFF, 0x20, 0x00, 0xFF, 0x61, 0x08, 0xFF, 0x04, 0x21, 0xFF, 0x8B, 0x52, 0xFF, 0x29,
  0x42, 0xFF, 0x6A, 0x4A, 0xFF, 0x00, 0x00, 0xFF, 0xE4, 0x18, 0xFF, 0xC3, 0x18, 0xFF, 0xE4, 0x18,
  0xFF, 0x66, 0x29, 0xFF, 0x24, 0x21, 0xFF, 0x04, 0x19, 0xFF, 0x41, 0x08, 0xFF, 0x00, 0x00, 0xFF,
  0x00, 0x00, 0xFF, 0x82, 0x08, 0xFF, 0x86, 0x29, 0xFF, 0x04, 0x19, 0xFF, 0xA2, 0x10, 0xFF, 0x61,
  0x08, 0xFF, 0x04, 0x21, 0xFF, 0xC3, 0x18, 0xFF, 0xE3, 0x18, 0xFF, 0xC3, 0x18, 0xFF, 0xC3, 0x18,
  0xFF, 0xC3, 0x18, 0xFF, 0xC3, 0x18, 0xFF, 0xC3, 0x18, 0xFF, 0xC3, 0x18, 0xFF, 0xC3, 0x18, 0xFF,
  0xC3, 0x18, 0xFF, 0xC3, 0x18, 0xFF, 0xC3, 0x18, 0xFF, 0xC3, 0x18, 0xFF, 0xC3, 0x18, 0xFF, 0xC3,
  0x18, 0xFF, 0xC3, 0x18, 0xFF, 0xC3, 0x18, 0xFF, 0xC3, 0x18, 0xFF, 0xC3, 0x18, 0xFF, 0xC3, 0x18,
  0xFF, 0xC3, 0x18, 0xFF, 0xC3, 0x18, 0xFF, 0xC3, 0x18, 0xFF, 0xC3, 0x18, 0xFF, 0xE3, 0x18, 0xFF,
  0xC3, 0x18, 0xFF, 0xC3, 0x18, 0xFF, 0xC3, 0x18, 0xFF, 0xC3, 0x18, 0xFF, 0xC3, 0x18, 0xFF, 0xE3,
  0x18, 0xFF, 0xE3, 0x18, 0xFF, 0xE3, 0x18, 0xFF, 0xE3, 0x18, 0xFF, 0xC3, 0x18, 0xFF, 0xE3, 0x18,
  0xFF, 0xE3, 0x18, 0xFF, 0xC3, 0x18, 0xFF, 0xE3, 0x18, 0xFF, 0xE3, 0x18, 0xFF, 0xE3, 0x18, 0xFF,
  0xE3, 0x18, 0xFF, 0xE3, 0x18, 0xFF, 0xE3, 0x18, 0xFF, 0xE3, 0x18, 0xFF, 0xE3, 0x18, 0xFF, 0xE3,
  0x18, 0xFF, 0xE3, 0x18, 0xFF, 0xE3, 0x18, 0xFF, 0xE3, 0x18, 0xFF, 0xE3, 0x18, 0xFF, 0xE3, 0x18,
  0xFF, 0xE3, 0x18, 0xFF, 0xE3, 0x18, 0xFF, 0xE3, 0x18, 0xFF, 0xE3, 0x18, 0xFF, 0xE3, 0x18, 0xFF,
  0xE3, 0x18, 0xFF, 0xE3, 0x18, 0xFF, 0xE3, 0x18, 0xFF, 0xE3, 0x18, 0xFF, 0xE3, 0x18, 0xFF, 0xE3,
  0x18, 0xFF, 0xE3, 0x18, 0xFF, 0xE3, 0x18, 0xFF, 0xE3, 0x18, 0xFF, 0xE3, 0x18, 0xFF, 0xE3, 0x18,
  0xFF, 0xE3, 0x18, 0xFF, 0xE3, 0x18, 0xFF, 0xE3, 0x18, 0xFF, 0xE3, 0x18, 0xFF, 0xE3, 0x18, 0xFF,
  0xE3, 0x18, 0xFF, 0xE3, 0x18, 0xFF, 0xE3, 0x18, 0xFF, 0xE3, 0x18, 0xFF, 0xE3, 0x18, 0xFF, 0xE3,
  0x18, 0xFF, 0xE3, 0x18, 0xFF, 0xE3, 0x18, 0xFF, 0xE3, 0x18, 0xFF, 0xC3, 0x18, 0xFF, 0xC3, 0x18,
  0xFF, 0xC3, 0x18, 0xFF, 0xC3, 0x18, 0xFF, 0xE3, 0x18, 0xFF, 0xE3, 0x18, 0xFF, 0xE3, 0x18, 0xFF,
  0xE3, 0x18, 0xFF, 0xE3, 0x18, 0xFF, 0xE3, 0x18, 0xFF, 0xE3, 0x18, 0xFF, 0xC3, 0x18, 0xFF, 0xE3,
  0x18, 0xFF, 0xC3, 0x18, 0xFF, 0xC3, 0x18, 0xFF, 0xC3, 0x18, 0xFF, 0xC3, 0x18, 0xFF, 0xC3, 0x18,
  0xFF, 0xC3, 0x18, 0xFF, 0xC3, 0x18, 0xFF, 0xC3, 0x18, 0xFF, 0xC3, 0x18, 0xFF, 0xC3, 0x18, 0xFF,
  0xC3, 0x18, 0xFF, 0xC3, 0x18, 0xFF, 0xE3, 0x18, 0xFF, 0xE3, 0x18, 0xFF, 0x81, 0x08, 0xFF, 0xC3,
  0x18, 0xFF, 0xC3, 0x18, 0xFF, 0xC3, 0x18, 0xFF, 0xC3, 0x18, 0xFF, 0xC3, 0x18, 0xFF, 0xC3, 0x18,
  0xFF, 0xE3, 0x18, 0xFF, 0xC3, 0x18, 0xFF, 0xE3, 0x18, 0xFF, 0xC3, 0x18, 0xFF, 0x24, 0x21, 0xFF,
  0x61, 0x08, 0xFF, 0xE4, 0x18, 0xFF, 0x41, 0x00, 0xFF, 0x00, 0x00, 0xFF, 0x00, 0x00, 0xFF, 0x82,
  0x08, 0xFF, 0x25, 0x21, 0xFF, 0x04, 0x21, 0xFF, 0x66, 0x29, 0xFF, 0x45, 0x21, 0xFF, 0xC3, 0x18,
  0xFF, 0x45, 0x21, 0xFF, 0x00, 0x00, 0xFF, 0x29, 0x42, 0xFF, 0x09, 0x42, 0xFF, 0xE4, 0x18, 0xFF,
  0x82, 0x08, 0xFF, 0x61, 0x08, 0xFF, 0x00, 0x00, 0xFF, 0xE3, 0x18, 0xFF, 0xC7, 0x31, 0xFF, 0xC3,
  0x18, 0xFF, 0x00, 0x00, 0xFF, 0xE7, 0x39, 0xFF, 0x8E, 0x6B, 0xFF, 0x6A, 0x4A, 0xFF, 0x00, 0x00,
  0xFF, 0x61, 0x08, 0xFF, 0x8A, 0x4A, 0xFF, 0x24, 0x21, 0xFF, 0x00, 0x00, 0xFF, 0x62, 0x08, 0xFF,
  0x21, 0x00, 0xFF, 0xE8, 0x39, 0xFF, 0x08, 0x3A, 0xFF, 0x6A, 0x4A, 0xFF, 0x82, 0x10, 0xFF, 0xA2,
  0x10, 0xFF, 0x45, 0x29, 0xFF, 0x04, 0x21, 0xFF, 0xA7, 0x31, 0xFF, 0x65, 0x29, 0xFF, 0x45, 0x21,
  0xFF, 0xA2, 0x10, 0xFF, 0x00, 0x00, 0xFF, 0x20, 0x00, 0xFF, 0x20, 0x00, 0xFF, 0x00, 0x00, 0xFF,
  0x20, 0x00, 0xFF, 0x20, 0x00, 0xFF, 0x20, 0x00, 0xFF, 0x20, 0x00, 0xFF, 0x20, 0x00, 0xFF, 0x20,
  0x00, 0xFF, 0x20, 0x00, 0xFF, 0x20, 0x00, 0xFF, 0x20, 0x00, 0xFF, 0x20, 0x00, 0xFF, 0x20, 0x00,
  0xFF, 0x20, 0x00, 0xFF, 0x20, 0x00, 0xFF, 0x20, 0x00, 0xFF, 0x20, 0x00, 0xFF, 0x20, 0x00, 0xFF,
  0x21, 0x00, 0xFF, 0x21, 0x00, 0xFF, 0x21, 0x00, 0xFF, 0x21, 0x00, 0xFF, 0x21, 0x00, 0xFF, 0x21,
  0x00, 0xFF, 0x21, 0x00, 0xFF, 0x20, 0x00, 0xFF, 0x00, 0x00, 0xFF, 0x45, 0x29, 0x9D, 0x8A, 0x52,
  0x00, 0x49, 0x4A, 0x00, 0xF0, 0x7B, 0x00, 0xF0, 0x7B, 0x00, 0x71, 0x8C, 0x00, 0x29, 0x42, 0x00,
  0x4C, 0x63, 0x00, 0xB2, 0x94, 0x00, 0x92, 0x8C, 0x01, 0x28, 0x42, 0x94, 0x41, 0x08, 0xF7, 0x00,
  0x00, 0xFF, 0x00, 0x00, 0xFF, 0x00, 0x00, 0xFF, 0x00, 0x00, 0xFF, 0x00, 0x00, 0xFF, 0x00, 0x00,
  0xFF, 0x00, 0x00, 0xFF, 0x20, 0x00, 0xFF, 0x20, 0x00, 0xFF, 0x20, 0x00, 0xFF, 0x40, 0x00, 0xFF,
  0x20, 0x00, 0xFF, 0x20, 0x00, 0xFF, 0x41, 0x00, 0xFF, 0x21, 0x00, 0xFF, 0x20, 0x00, 0xFF, 0x21,
  0x00, 0xFF, 0x20, 0x00, 0xFF, 0x41, 0x08, 0xFF, 0xC3, 0x10, 0xFF, 0x20, 0x00, 0xFF, 0x20, 0x00,
  0xFF, 0x00, 0x00, 0xFF, 0x82, 0x10, 0xFF, 0x25, 0x21, 0xFF, 0x04, 0x21, 0xFF, 0x45, 0x21, 0xFF,
  0x65, 0x29, 0xFF, 0xE3, 0x18, 0xFF, 0x66, 0x29, 0xFF, 0x00, 0x00, 0xFF, 0xC7, 0x39, 0xFF, 0x86,
  0x29, 0xFF, 0x6E, 0x6B, 0xFF, 0x0C, 0x5B, 0xFF, 0x00, 0x00, 0xFF, 0x00, 0x00, 0xFF, 0x65, 0x29,
  0xFF, 0x0C, 0x5B, 0xFF, 0x86, 0x29, 0xFF, 0x61, 0x08, 0xFF, 0x00, 0x00, 0xFF, 0x04, 0x21, 0xFF,
  0x41, 0x08, 0xFF, 0xA2, 0x10, 0xFF, 0x25, 0x21, 0xFF, 0x6A, 0x4A, 0xFF, 0xE7, 0x39, 0xFF, 0x00,
  0x00, 0xFF, 0x00, 0x00, 0xFF, 0xA7, 0x31, 0xFF, 0x8A, 0x4A, 0xFF, 0x6A, 0x4A, 0xFF, 0x29, 0x42,
  0xFF, 0x00, 0x00, 0xFF, 0x45, 0x21, 0xFF, 0xC3, 0x10, 0xFF, 0x04, 0x21, 0xFF, 0x45, 0x29, 0xFF,
  0x04, 0x21, 0xFF, 0x04, 0x19, 0xFF, 0x41, 0x08, 0xFF, 0x00, 0x00, 0xFF, 0x00, 0x00, 0xFF, 0x82,
  0x08, 0xFF, 0x86, 0x29, 0xFF, 0x25, 0x21, 0xFF, 0xE3, 0x18, 0xFF, 0x61, 0x08, 0xFF, 0xE3, 0x18,
  0xFF, 0xC3, 0x18, 0xFF, 0xC3, 0x18, 0xFF, 0xC3, 0x18, 0xFF, 0xC3, 0x18, 0xFF, 0xC3, 0x18, 0xFF,
  0xC3, 0x18, 0xFF, 0xC3, 0x18, 0xFF, 0xC3, 0x18, 0xFF, 0xC3, 0x18, 0xFF, 0xC3, 0x18, 0xFF, 0xC3,
  0x18, 0xFF, 0xC3, 0x18, 0xFF, 0xC3, 0x18, 0xFF, 0xC3, 0x18, 0xFF, 0xC3, 0x18, 0xFF, 0xC3, 0x18,
  0xFF, 0xC3, 0x18, 0xFF, 0xC3, 0x18, 0xFF, 0xC3, 0x18, 0xFF, 0xC3, 0x18, 0xFF, 0xC3, 0x18, 0xFF,
  0xC3, 0x18, 0xFF, 0xC3, 0x18, 0xFF, 0xC3, 0x18, 0xFF, 0xC3, 0x18, 0xFF, 0xC3, 0x18, 0xFF, 0xC3,
  0x18, 0xFF, 0xC3, 0x18, 0xFF, 0xC3, 0x18, 0xFF, 0xC3, 0x18, 0xFF, 0xC3, 0x18, 0xFF, 0xC3, 0x18,
  0xFF, 0xC3, 0x18, 0xFF, 0xC3, 0x18, 0xFF, 0xC3, 0x18, 0xFF, 0xC3, 0x18, 0xFF, 0xC3, 0x18, 0xFF,
  0xC3, 0x18, 0xFF, 0xC3, 0x18, 0xFF, 0xC3, 0x18, 0xFF, 0xC3, 0x18, 0xFF, 0xC3, 0x18, 0xFF, 0xC3,
  0x18, 0xFF, 0xC3, 0x18, 0xFF, 0xC3, 0x18, 0xFF, 0xC3, 0x18, 0xFF, 0xC3, 0x18, 0xFF, 0xC3, 0x18,
  0xFF, 0xC3, 0x18, 0xFF, 0xC3, 0x18, 0xFF, 0xC3, 0x18, 0xFF, 0xC3, 0x18, 0xFF, 0xC3, 0x18, 0xFF,
  0xC3, 0x18, 0xFF, 0xC3, 0x18, 0xFF, 0xC3, 0x18, 0xFF, 0xC3, 0x18, 0xFF, 0xC3, 0x18, 0xFF, 0xC3,
  0x18, 0xFF, 0xC3, 0x18, 0xFF, 0xC3, 0x18, 0xFF, 0xC3, 0x18, 0xFF, 0xC3, 0x18, 0xFF, 0xC3, 0x18,
  0xFF, 0xC3, 0x18, 0xFF, 0xC3, 0x18, 0xFF, 0xC3, 0x18, 0xFF, 0xC3, 0x18, 0xFF, 0xC3, 0x18, 0xFF,
  0xC3, 0x18, 0xFF, 0xC3, 0x18, 0xFF, 0xC3, 0x18, 0xFF, 0xC3, 0x18, 0xFF, 0xC3, 0x18, 0xFF, 0xC3,
  0x18, 0xFF, 0xC3, 0x18, 0xFF, 0xC3, 0x18, 0xFF, 0xC3, 0x18, 0xFF, 0xC3, 0x18, 0xFF, 0xC3, 0x18,
  0xFF, 0xC3, 0x18, 0xFF, 0xC3, 0x18, 0xFF, 0xC3, 0x18, 0xFF, 0xC3, 0x18, 0xFF, 0xC3, 0x18, 0xFF,
  0xC3, 0x18, 0xFF, 0xC3, 0x18, 0xFF, 0xC3, 0x18, 0xFF, 0xC3, 0x18, 0xFF, 0xC3, 0x18, 0xFF, 0xC3,
  0x18, 0xFF, 0xC3, 0x18, 0xFF, 0xC3, 0x18, 0xFF, 0xC3, 0x18, 0xFF, 0xC3, 0x18, 0xFF, 0xC3, 0x18,
  0xFF, 0xC3, 0x18, 0xFF, 0xC3, 0x18, 0xFF, 0xC3, 0x18, 0xFF, 0xC3, 0x18, 0xFF, 0xC3, 0x18, 0xFF,
  0xC3, 0x18, 0xFF, 0xC3, 0x18, 0xFF, 0xC3, 0x18, 0xFF, 0xC3, 0x18, 0xFF, 0xC3, 0x18, 0xFF, 0xC3,
  0x18, 0xFF, 0xC3, 0x18, 0xFF, 0xC2, 0x10, 0xFF, 0x61, 0x08, 0xFF, 0xC3, 0x18, 0xFF, 0xC3, 0x18,
  0xFF, 0xC3, 0x18, 0xFF, 0xC3, 0x18, 0xFF, 0xC3, 0x18, 0xFF, 0xC3, 0x18, 0xFF, 0xC3, 0x18, 0xFF,
  0xC3, 0x18, 0xFF, 0xC3, 0x18, 0xFF, 0xC3, 0x18, 0xFF, 0x04, 0x21, 0xFF, 0x82, 0x10, 0xFF, 0x05,
  0x19, 0xFF, 0x20, 0x00, 0xFF, 0x20, 0x00, 0xFF, 0x00, 0x00, 0xFF, 0x62, 0x08, 0xFF, 0x25, 0x21,
  0xFF, 0x04, 0x21, 0xFF, 0x24, 0x21, 0xFF, 0x66, 0x29, 0xFF, 0xA2, 0x10, 0xFF, 0x66, 0x29, 0xFF,
  0x00, 0x00, 0xFF, 0xC7, 0x39, 0xFF, 0x4A, 0x4A, 0xFF, 0x66, 0x29, 0xFF, 0x25, 0x21, 0xFF, 0x41,
  0x08, 0xFF, 0x00, 0x00, 0xFF, 0xE3, 0x18, 0xFF, 0xCB, 0x52, 0xFF, 0x28, 0x42, 0xFF, 0x82, 0x10,
  0xFF, 0x00, 0x00, 0xFF, 0xA3, 0x10, 0xFF, 0x41, 0x00, 0xFF, 0x82, 0x10, 0xFF, 0xA2, 0x10, 0xFF,
  0x08, 0x3A, 0xFF, 0xEC, 0x5A, 0xFF, 0x00, 0x00, 0xFF, 0x00, 0x00, 0xFF, 0x41, 0x00, 0xFF, 0x08,
  0x42, 0xFF, 0xE8, 0x39, 0xFF, 0x8A, 0x52, 0xFF, 0x20, 0x00, 0xFF, 0xE3, 0x18, 0xFF, 0x25, 0x21,
  0xFF, 0x24, 0x21, 0xFF, 0x86, 0x29, 0xFF, 0x25, 0x21, 0xFF, 0x25, 0x21, 0xFF, 0x82, 0x10, 0xFF,
  0x00, 0x00, 0xFF, 0x20, 0x00, 0xFF, 0x20, 0x00, 0xFF, 0x20, 0x00, 0xFF, 0x20, 0x00, 0xFF, 0x21,
  0x00, 0xFF, 0x21, 0x00, 0xFF, 0x21, 0x00, 0xFF, 0x21, 0x00, 0xFF, 0x21, 0x00, 0xFF, 0x21, 0x00,
  0xFF, 0x20, 0x00, 0xFF, 0x20, 0x00, 0xFF, 0x20, 0x00, 0xFF, 0x20, 0x00, 0xFF, 0x20, 0x00, 0xFF,
  0x20, 0x00, 0xFF, 0x00, 0x00, 0xFF, 0x00, 0x00, 0xFF, 0x00, 0x00, 0xFF, 0x00, 0x00, 0xFF, 0x00,
  0x00, 0xFF, 0x00, 0x00, 0xFF, 0x00, 0x00, 0xFF, 0x00, 0x00, 0xFF, 0x00, 0x00, 0xFF, 0x00, 0x00,
  0xFF, 0x00, 0x00, 0xFF, 0x45, 0x29, 0xAD, 0x75, 0xAD, 0x06, 0xD7, 0xBD, 0x00, 0x96, 0xB5, 0x00,
  0xF0, 0x7B, 0x00, 0xF0, 0x7B, 0x00, 0x71, 0x8C, 0x00, 0x29, 0x42, 0x00, 0x0C, 0x63, 0x00, 0x92,
  0x8C, 0x00, 0xB2, 0x94, 0x00, 0x50, 0x84, 0x02, 0x04, 0x21, 0x1B, 0x69, 0x4A, 0x4C, 0xE7, 0x39,
  0x7B, 0x45, 0x29, 0x9E, 0xE3, 0x18, 0xBC, 0x82, 0x10, 0xE6, 0x41, 0x08, 0xF5, 0x61, 0x08, 0xFE,
  0x41, 0x08, 0xFF, 0x00, 0x00, 0xFF, 0x00, 0x00, 0xFF, 0x00, 0x00, 0xFF, 0x00, 0x00, 0xFF, 0x00,
  0x00, 0xFF, 0x00, 0x00, 0xFF, 0x00, 0x00, 0xFF, 0x00, 0x00, 0xFF, 0x20, 0x00, 0xFF, 0x00, 0x00,
  0xFF, 0x20, 0x00, 0xFF, 0xA2, 0x10, 0xFF, 0x00, 0x00, 0xFF, 0x00, 0x00, 0xFF, 0x00, 0x00, 0xFF,
  0x61, 0x08, 0xFF, 0x04, 0x19, 0xFF, 0x04, 0x19, 0xFF, 0x04, 0x19, 0xFF, 0x86, 0x29, 0xFF, 0xC3,
  0x10, 0xFF, 0x86, 0x31, 0xFF, 0x20, 0x00, 0xFF, 0xE4, 0x18, 0xFF, 0xC7, 0x39, 0xFF, 0x49, 0x4A,
  0xFF, 0x35, 0xA5, 0xFF, 0x82, 0x08, 0xFF, 0xA2, 0x10, 0xFF, 0xEC, 0x5A, 0xFF, 0x04, 0x19, 0xFF,
  0xA2, 0x10, 0xFF, 0x65, 0x29, 0xFF, 0x04, 0x19, 0xFF, 0xA7, 0x31, 0xFF, 0xA6, 0x31, 0xFF, 0x04,
  0x21, 0xFF, 0x61, 0x08, 0xFF, 0x82, 0x08, 0xFF, 0xAA, 0x52, 0xFF, 0x45, 0x29, 0xFF, 0x00, 0x00,
  0xFF, 0xCB, 0x5A, 0xFF, 0x29, 0x42, 0xFF, 0xCB, 0x5A, 0xFF, 0x65, 0x29, 0xFF, 0x00, 0x00, 0xFF,
  0xA6, 0x31, 0xFF, 0x82, 0x10, 0xFF, 0x45, 0x29, 0xFF, 0x04, 0x21, 0xFF, 0x04, 0x19, 0xFF, 0xE3,
  0x18, 0xFF, 0x20, 0x00, 0xFF, 0x20, 0x00, 0xFF, 0x00, 0x00, 0xFF, 0x82, 0x08, 0xFF, 0x66, 0x29,
  0xFF, 0x45, 0x29, 0xFF, 0x24, 0x21, 0xFF, 0xA2, 0x18, 0xFF, 0xE3, 0x18, 0xFF, 0xE3, 0x18, 0xFF,
  0xE3, 0x18, 0xFF, 0xE3, 0x18, 0xFF, 0xE3, 0x18, 0xFF, 0xE3, 0x18, 0xFF, 0xE3, 0x18, 0xFF, 0xE3,
  0x18, 0xFF, 0xE3, 0x18, 0xFF, 0xE3, 0x18, 0xFF, 0xE3, 0x18, 0xFF, 0xE3, 0x18, 0xFF, 0xE3, 0x18,
  0xFF, 0xE3, 0x18, 0xFF, 0xE3, 0x18, 0xFF, 0xE3, 0x18, 0xFF, 0xE3, 0x18, 0xFF, 0xE3, 0x18, 0xFF,
  0xE3, 0x18, 0xFF, 0xE3, 0x18, 0xFF, 0xE3, 0x18, 0xFF, 0xE3, 0x18, 0xFF, 0xE3, 0x18, 0xFF, 0xE3,
  0x18, 0xFF, 0xE3, 0x18, 0xFF, 0xE3, 0x18, 0xFF, 0xE3, 0x18, 0xFF, 0xE3, 0x18, 0xFF, 0xE3, 0x18,
  0xFF, 0xE3, 0x18, 0xFF, 0xE3, 0x18, 0xFF, 0xE3, 0x18, 0xFF, 0xE3, 0x18, 0xFF, 0xE3, 0x18, 0xFF,
  0xE3, 0x18, 0xFF, 0xE3, 0x18, 0xFF, 0xE3, 0x18, 0xFF, 0xE3, 0x18, 0xFF, 0xE3, 0x18, 0xFF, 0xE3,
  0x18, 0xFF, 0xE3, 0x18, 0xFF, 0xE3, 0x18, 0xFF, 0xE3, 0x18, 0xFF, 0xE3, 0x18, 0xFF, 0xE3, 0x18,
  0xFF, 0xE3, 0x18, 0xFF, 0xE3, 0x18, 0xFF, 0xE3, 0x18, 0xFF, 0xE3, 0x18, 0xFF, 0xE3, 0x18, 0xFF,
  0xE3, 0x18, 0xFF, 0xE3, 0x18, 0xFF, 0xE3, 0x18, 0xFF, 0xE3, 0x18, 0xFF, 0xE3, 0x18, 0xFF, 0xE3,
  0x18, 0xFF, 0xE3, 0x18, 0xFF, 0xE3, 0x18, 0xFF, 0xE3, 0x18, 0xFF, 0xE3, 0x18, 0xFF, 0xE3, 0x18,
  0xFF, 0xE3, 0x18, 0xFF, 0xE3, 0x18, 0xFF, 0xE3, 0x18, 0xFF, 0xE3, 0x18, 0xFF, 0xE3, 0x18, 0xFF,
  0xE3, 0x18, 0xFF, 0xE3, 0x18, 0xFF, 0xE3, 0x18, 0xFF, 0xE3, 0x18, 0xFF, 0xE3, 0x18, 0xFF, 0xE3,
  0x18, 0xFF, 0xE3, 0x18, 0xFF, 0xE3, 0x18, 0xFF, 0xE3, 0x18, 0xFF, 0xE3, 0x18, 0xFF, 0xE3, 0x18,
  0xFF, 0xE3, 0x18, 0xFF, 0xE3, 0x18, 0xFF, 0xE3, 0x18, 0xFF, 0xE3, 0x18, 0xFF, 0xE3, 0x18, 0xFF,
  0xE3, 0x18, 0xFF, 0xE3, 0x18, 0xFF, 0xE3, 0x18, 0xFF, 0xE3, 0x18, 0xFF, 0xE3, 0x18, 0xFF, 0xE3,
  0x18, 0xFF, 0xE3, 0x18, 0xFF, 0xE3, 0x18, 0xFF, 0xE3, 0x18, 0xFF, 0xE3, 0x18, 0xFF, 0xE3, 0x18,
  0xFF, 0xE3, 0x18, 0xFF, 0xE3, 0x18, 0xFF, 0xE3, 0x18, 0xFF, 0xE3, 0x18, 0xFF, 0xE3, 0x18, 0xFF,
  0xE3, 0x18, 0xFF, 0xE3, 0x18, 0xFF, 0xE3, 0x18, 0xFF, 0xE3, 0x18, 0xFF, 0xE3, 0x18, 0xFF, 0xE3,
  0x18, 0xFF, 0xE3, 0x18, 0xFF, 0xE3, 0x18, 0xFF, 0xE3, 0x18, 0xFF, 0xE3, 0x18, 0xFF, 0xE3, 0x18,
  0xFF, 0xE3, 0x18, 0xFF, 0xC3, 0x18, 0xFF, 0x04, 0x21, 0xFF, 0x04, 0x21, 0xFF, 0xE3, 0x18, 0xFF,
  0x03, 0x19, 0xFF, 0x04, 0x21, 0xFF, 0x04, 0x21, 0xFF, 0x04, 0x21, 0xFF, 0x04, 0x21, 0xFF, 0xE3,
  0x18, 0xFF, 0x24, 0x21, 0xFF, 0xE3, 0x18, 0xFF, 0xA3, 0x10, 0xFF, 0x45, 0x21, 0xFF, 0x20, 0x00,
  0xFF, 0x20, 0x00, 0xFF, 0x00, 0x00, 0xFF, 0x61, 0x08, 0xFF, 0x24, 0x21, 0xFF, 0x04, 0x21, 0xFF,
  0xE4, 0x18, 0xFF, 0x86, 0x29, 0xFF, 0xA2, 0x10, 0xFF, 0x66, 0x29, 0xFF, 0x62, 0x08, 0xFF, 0x82,
  0x10, 0xFF, 0xCC, 0x52, 0xFF, 0x66, 0x29, 0xFF, 0x29, 0x42, 0xFF, 0x61, 0x08, 0xFF, 0x82, 0x10,
  0xFF, 0xEB, 0x5A, 0xFF, 0x66, 0x29, 0xFF, 0x04, 0x19, 0xFF, 0x86, 0x31, 0xFF, 0x86, 0x31, 0xFF,
  0x65, 0x29, 0xFF, 0xA7, 0x31, 0xFF, 0x86, 0x31, 0xFF, 0x82, 0x10, 0xFF, 0x00, 0x00, 0xFF, 0x6A,
  0x4A, 0xFF, 0x28, 0x42, 0xFF, 0x00, 0x00, 0xFF, 0x45, 0x29, 0xFF, 0x49, 0x42, 0xFF, 0x8A, 0x4A,
  0xFF, 0x08, 0x42, 0xFF, 0x00, 0x00, 0xFF, 0x45, 0x29, 0xFF, 0xC3, 0x18, 0xFF, 0x45, 0x29, 0xFF,
  0x45, 0x21, 0xFF, 0x04, 0x21, 0xFF, 0x04, 0x21, 0xFF, 0x62, 0x08, 0xFF, 0x00, 0x00, 0xFF, 0x00,
  0x00, 0xFF, 0x00, 0x00, 0xFF, 0x20, 0x00, 0xFF, 0x00, 0x00, 0xFF, 0x20, 0x00, 0xFF, 0x20, 0x00,
  0xFF, 0x00, 0x00, 0xFF, 0x00, 0x00, 0xFF, 0x00, 0x00, 0xFF, 0x00, 0x00, 0xFF, 0x00, 0x00, 0xFF,
  0x00, 0x00, 0xFF, 0x00, 0x00, 0xFF, 0x00, 0x00, 0xFF, 0x00, 0x00, 0xFF, 0x20, 0x00, 0xFF, 0x41,
  0x08, 0xFF, 0x61, 0x08, 0xFF, 0x41, 0x08, 0xFA, 0x61, 0x08, 0xEB, 0xA2, 0x10, 0xE9, 0x61, 0x08,
  0xE1, 0x41, 0x08, 0xC5, 0x04, 0x21, 0xAC, 0x24, 0x21, 0xA4, 0x61, 0x08, 0x91, 0x20, 0x00, 0x4C,
  0xAA, 0x52, 0x04, 0xD7, 0xBD, 0x00, 0x55, 0xAD, 0x00, 0x55, 0xA5, 0x00, 0xF0, 0x7B, 0x00, 0xF0,
  0x7B, 0x00, 0x71, 0x8C, 0x00, 0x29, 0x42, 0x00, 0x0C, 0x63, 0x00, 0x92, 0x8C, 0x00, 0xB2, 0x94,
  0x00, 0xCE, 0x73, 0x00, 0xE3, 0x18, 0x00, 0x4D, 0x63, 0x00, 0xAA, 0x52, 0x00, 0x65, 0x31, 0x00,
  0x8A, 0x52, 0x00, 0xF3, 0x9C, 0x0F, 0x28, 0x42, 0x2C, 0x8A, 0x52, 0x4F, 0x65, 0x29, 0x65, 0xE3,
  0x18, 0x7E, 0x49, 0x42, 0x9D, 0xA6, 0x31, 0xAB, 0xA2, 0x10, 0xBA, 0x82, 0x10, 0xCF, 0x65, 0x29,
  0xD7, 0xC3, 0x18, 0xE2, 0x20, 0x00, 0xF7, 0x20, 0x00, 0xFF, 0x61, 0x08, 0xFF, 0x20, 0x00, 0xFF,
  0x21, 0x00, 0xFF, 0x00, 0x00, 0xFF, 0x00, 0x00, 0xFF, 0x00, 0x00, 0xFF, 0x00, 0x00, 0xFF, 0xE4,
  0x18, 0xFF, 0x04, 0x21, 0xFF, 0xE3, 0x18, 0xFF, 0x66, 0x29, 0xFF, 0xE3, 0x18, 0xFF, 0x25, 0x21,
  0xFF, 0x24, 0x21, 0xFF, 0x00, 0x00, 0xFF, 0x49, 0x4A, 0xFF, 0xE8, 0x41, 0xFF, 0x6E, 0x6B, 0xFF,
  0xE8, 0x39, 0xFF, 0x6A, 0x4A, 0xFF, 0x25, 0x21, 0xFF, 0x82, 0x08, 0xFF, 0xC3, 0x10, 0xFF, 0xA7,
  0x31, 0xFF, 0xE3, 0x18, 0xFF, 0x20, 0x00, 0xFF, 0xE4, 0x18, 0xFF, 0x08, 0x3A, 0xFF, 0xC3, 0x10,
  0xFF, 0x62, 0x08, 0xFF, 0xC3, 0x18, 0xFF, 0x8A, 0x52, 0xFF, 0x65, 0x29, 0xFF, 0x08, 0x42, 0xFF,
  0xAA, 0x52, 0xFF, 0x0C, 0x5B, 0xFF, 0x20, 0x00, 0xFF, 0xE4, 0x18, 0xFF, 0x25, 0x21, 0xFF, 0xA3,
  0x10, 0xFF, 0x66, 0x29, 0xFF, 0xE3, 0x18, 0xFF, 0x04, 0x19, 0xFF, 0xC3, 0x10, 0xFF, 0x20, 0x00,
  0xFF, 0x20, 0x00, 0xFF, 0x00, 0x00, 0xFF, 0x82, 0x08, 0xFF, 0xA7, 0x31, 0xFF, 0x45, 0x29, 0xFF,
  0xC3, 0x18, 0xFF, 0xC3, 0x10, 0xFF, 0xA2, 0x10, 0xFF, 0xA2, 0x10, 0xFF, 0xA2, 0x10, 0xFF, 0xA2,
  0x10, 0xFF, 0xA2, 0x10, 0xFF, 0x82, 0x10, 0xFF, 0x82, 0x10, 0xFF, 0x82, 0x10, 0xFF, 0x82, 0x10,
  0xFF, 0x82, 0x10, 0xFF, 0x82, 0x10, 0xFF, 0x82, 0x10, 0xFF, 0x82, 0x10, 0xFF, 0x82, 0x10, 0xFF,
  0x82, 0x10, 0xFF, 0x82, 0x10, 0xFF, 0x82, 0x10, 0xFF, 0x82, 0x10, 0xFF, 0x82, 0x10, 0xFF, 0x82,
  0x10, 0xFF, 0x82, 0x10, 0xFF, 0x82, 0x10, 0xFF, 0x82, 0x10, 0xFF, 0x82, 0x10, 0xFF, 0x82, 0x10,
  0xFF, 0x82, 0x10, 0xFF, 0x82, 0x10, 0xFF, 0x82, 0x10, 0xFF, 0x82, 0x10, 0xFF, 0x82, 0x10, 0xFF,
  0x82, 0x10, 0xFF, 0x82, 0x10, 0xFF, 0x82, 0x10, 0xFF, 0x82, 0x10, 0xFF, 0x82, 0x10, 0xFF, 0x61,
  0x08, 0xFF, 0x61, 0x08, 0xFF, 0x61, 0x08, 0xFF, 0x61, 0x08, 0xFF, 0x61, 0x08, 0xFF, 0x61, 0x08,
  0xFF, 0x61, 0x08, 0xFF, 0x61, 0x08, 0xFF, 0x41, 0x08, 0xFF, 0x61, 0x08, 0xFF, 0x61, 0x08, 0xFF,
  0x61, 0x08, 0xFF, 0x61, 0x08, 0xFF, 0x61, 0x08, 0xFF, 0x41, 0x08, 0xFF, 0x41, 0x08, 0xFF, 0x41,
  0x08, 0xFF, 0x41, 0x08, 0xFF, 0x41, 0x08, 0xFF, 0x41, 0x08, 0xFF, 0x41, 0x08, 0xFF, 0x41, 0x08,
  0xFF, 0x41, 0x08, 0xFF, 0x41, 0x08, 0xFF, 0x41, 0x08, 0xFF, 0x41, 0x08, 0xFF, 0x41, 0x08, 0xFF,
  0x41, 0x08, 0xFF, 0x41, 0x08, 0xFF, 0x41, 0x08, 0xFF, 0x41, 0x08, 0xFF, 0x41, 0x08, 0xFF, 0x41,
  0x08, 0xFF, 0x41, 0x08, 0xFF, 0x41, 0x08, 0xFF, 0x41, 0x08, 0xFF, 0x41, 0x08, 0xFF, 0x41, 0x08,
  0xFF, 0x41, 0x08, 0xFF, 0x41, 0x08, 0xFF, 0x41, 0x08, 0xFF, 0x41, 0x08, 0xFF, 0x41, 0x08, 0xFF,
  0x41, 0x08, 0xFF, 0x41, 0x08, 0xFF, 0x41, 0x08, 0xFF, 0x41, 0x08, 0xFF, 0x41, 0x08, 0xFF, 0x41,
  0x08, 0xFF, 0x41, 0x08, 0xFF, 0x41, 0x08, 0xFF, 0x41, 0x08, 0xFF, 0x41, 0x08, 0xFF, 0x41, 0x08,
  0xFF, 0x41, 0x08, 0xFF, 0x41, 0x08, 0xFF, 0x41, 0x08, 0xFF, 0x41, 0x08, 0xFF, 0x41, 0x08, 0xFF,
  0x41, 0x08, 0xFF, 0x41, 0x08, 0xFF, 0x41, 0x08, 0xFF, 0x41, 0x08, 0xFF, 0x41, 0x08, 0xFF, 0x41,
  0x08, 0xFF, 0x41, 0x08, 0xFF, 0x41, 0x08, 0xFF, 0x41, 0x08, 0xFF, 0x41, 0x08, 0xFF, 0x41, 0x08,
  0xFF, 0x41, 0x08, 0xFF, 0x41, 0x08, 0xFF, 0x41, 0x08, 0xFF, 0x41, 0x08, 0xFF, 0x41, 0x08, 0xFF,
  0x41, 0x08, 0xFF, 0x41, 0x08, 0xFF, 0x41, 0x08, 0xFF, 0x41, 0x08, 0xFF, 0x41, 0x08, 0xFF, 0x41,
  0x08, 0xFF, 0x41, 0x08, 0xFF, 0x61, 0x08, 0xFF, 0x61, 0x08, 0xFF, 0x41, 0x08, 0xFF, 0x61, 0x08,
  0xFF, 0x20, 0x00, 0xFF, 0x04, 0x19, 0xFF, 0x45, 0x21, 0xFF, 0x00, 0x00, 0xFF, 0x00, 0x00, 0xFF,
  0x20, 0x00, 0xFF, 0x20, 0x00, 0xFF, 0xE4, 0x18, 0xFF, 0x25, 0x21, 0xFF, 0xE3, 0x18, 0xFF, 0x66,
  0x29, 0xFF, 0x25, 0x21, 0xFF, 0xC3, 0x18, 0xFF, 0x86, 0x29, 0xFF, 0x00, 0x00, 0xFF, 0x6A, 0x4A,
  0xFF, 0x6A, 0x4A, 0xFF, 0x86, 0x31, 0xFF, 0x61, 0x08, 0xFF, 0x6A, 0x4A, 0xFF, 0xC7, 0x31, 0xFF,
  0x62, 0x08, 0xFF, 0x82, 0x08, 0xFF, 0x6A, 0x4A, 0xFF, 0x65, 0x29, 0xFF, 0x61, 0x08, 0xFF, 0xC3,
  0x18, 0xFF, 0xC7, 0x39, 0xFF, 0x04, 0x19, 0xFF, 0x21, 0x00, 0xFF, 0x61, 0x08, 0xFF, 0x8A, 0x52,
  0xFF, 0x25, 0x21, 0xFF, 0x45, 0x29, 0xFF, 0xCB, 0x52, 0xFF, 0x4D, 0x63, 0xFF, 0xA2, 0x10, 0xFF,
  0x61, 0x08, 0xFF, 0x65, 0x29, 0xFF, 0x82, 0x10, 0xFF, 0x86, 0x29, 0xFF, 0x04, 0x21, 0xFF, 0x04,
  0x19, 0xFF, 0x04, 0x19, 0xFF, 0x20, 0x00, 0xFF, 0x00, 0x00, 0xFF, 0x00, 0x00, 0xFF, 0x00, 0x00,
  0xFF, 0x00, 0x00, 0xFF, 0x20, 0x00, 0xFF, 0x20, 0x00, 0xFF, 0x20, 0x00, 0xF8, 0x61, 0x08, 0xEC,
  0xA2, 0x10, 0xE5, 0x45, 0x29, 0xD8, 0x82, 0x10, 0xCF, 0x20, 0x00, 0xC4, 0x03, 0x21, 0xB5, 0xA6,
  0x31, 0xA5, 0xEB, 0x5A, 0x9A, 0x45, 0x29, 0x92, 0x41, 0x08, 0x76, 0x49, 0x4A, 0x59, 0xCB, 0x5A,
  0x56, 0x04, 0x21, 0x3F, 0x4D, 0x6B, 0x19, 0x96, 0xB5, 0x13, 0x28, 0x42, 0x0B, 0x61, 0x08, 0x00,
  0x85, 0x29, 0x00, 0xA7, 0x31, 0x00, 0xA2, 0x10, 0x00, 0x61, 0x08, 0x00, 0x49, 0x4A, 0x00, 0xB6,
  0xB5, 0x00, 0x55, 0xAD, 0x00, 0x55, 0xA5, 0x00, 0xF0, 0x7B, 0x00, 0xF0, 0x7B, 0x00, 0x71, 0x8C,
  0x00, 0x29, 0x42, 0x00, 0x0C, 0x63, 0x00, 0x92, 0x8C, 0x00, 0xB2, 0x94, 0x00, 0xCE, 0x73, 0x00,
  0xE3, 0x18, 0x00, 0xEB, 0x5A, 0x00, 0x69, 0x4A, 0x00, 0x45, 0x29, 0x00, 0x69, 0x4A, 0x00, 0xF3,
  0x9C, 0x00, 0x28, 0x42, 0x00, 0x8A, 0x52, 0x00, 0x24, 0x21, 0x00, 0xC7, 0x39, 0x00, 0x18, 0xBE,
  0x00, 0x91, 0x8C, 0x00, 0x65, 0x29, 0x00, 0x86, 0x31, 0x08, 0x0F, 0x7C, 0x0F, 0x28, 0x42, 0x18,
  0x82, 0x10, 0x29, 0x82, 0x10, 0x34, 0xC3, 0x18, 0x3B, 0x8A, 0x4A, 0x43, 0xE7, 0x39, 0x62, 0x0C,
  0x5B, 0x4D, 0xAA, 0x52, 0x4E, 0x24, 0x29, 0x60, 0x24, 0x21, 0xBD, 0xA2, 0x10, 0xFF, 0x24, 0x21,
  0xFF, 0xE3, 0x18, 0xFF, 0x04, 0x21, 0xFF, 0x86, 0x31, 0xFF, 0xA2, 0x10, 0xFF, 0xE7, 0x39, 0xFF,
  0x00, 0x00, 0xFF, 0x04, 0x21, 0xFF, 0xEC, 0x5A, 0xFF, 0xC3, 0x18, 0xFF, 0x69, 0x4A, 0xFF, 0x86,
  0x29, 0xFF, 0xA2, 0x10, 0xFF, 0xA3, 0x10, 0xFF, 0x45, 0x21, 0xFF, 0xC3, 0x18, 0xFF, 0x04, 0x21,
  0xFF, 0x86, 0x31, 0xFF, 0xA2, 0x10, 0xFF, 0x65, 0x29, 0xFF, 0x08, 0x3A, 0xFF, 0x62, 0x08, 0xFF,
  0x62, 0x08, 0xFF, 0x25, 0x21, 0xFF, 0xAA, 0x52, 0xFF, 0xC3, 0x10, 0xFF, 0x2D, 0x63, 0xFF, 0xC7,
  0x39, 0xFF, 0x00, 0x00, 0xFF, 0xA7, 0x31, 0xFF, 0x82, 0x08, 0xFF, 0x45, 0x29, 0xFF, 0x24, 0x21,
  0xFF, 0xC3, 0x18, 0xFF, 0xE4, 0x18, 0xFF, 0x82, 0x10, 0xFF, 0x00, 0x00, 0xFF, 0x00, 0x00, 0xFF,
  0x00, 0x00, 0xFF, 0x21, 0x00, 0xFF, 0x04, 0x21, 0xFF, 0xE3, 0x18, 0xFF, 0x82, 0x08, 0xFF, 0xA2,
  0x10, 0xFF, 0x82, 0x10, 0xFF, 0x82, 0x08, 0xFF, 0x82, 0x08, 0xFF, 0x82, 0x08, 0xFF, 0x82, 0x08,
  0xFF, 0x62, 0x08, 0xFF, 0x62, 0x08, 0xFF, 0x62, 0x08, 0xFF, 0x62, 0x08, 0xFF, 0x62, 0x08, 0xFF,
  0x61, 0x08, 0xFF, 0x62, 0x08, 0xFF, 0x62, 0x08, 0xFF, 0x62, 0x08, 0xFF, 0x62, 0x08, 0xFF, 0x62,
  0x08, 0xFF, 0x62, 0x08, 0xFF, 0x62, 0x08, 0xFF, 0x62, 0x08, 0xFF, 0x62, 0x08, 0xFF, 0x62, 0x08,
  0xFF, 0x82, 0x08, 0xFF, 0x82, 0x08, 0xFF, 0x82, 0x08, 0xFF, 0x82, 0x08, 0xFF, 0x82, 0x08, 0xFF,
  0x82, 0x08, 0xFF, 0x41, 0x00, 0xFF, 0x00, 0x00, 0xFF, 0x00, 0x00, 0xFF, 0x00, 0x00, 0xFF, 0x00,
  0x00, 0xFF, 0x00, 0x00, 0xFF, 0x00, 0x00, 0xFF, 0x00, 0x00, 0xFF, 0x20, 0x00, 0xFF, 0x82, 0x08,
  0xFA, 0x62, 0x08, 0xFA, 0x61, 0x08, 0xF9, 0x61, 0x08, 0xF9, 0x61, 0x08, 0xFA, 0x61, 0x08, 0xFA,
  0x61, 0x08, 0xFA, 0x61, 0x08, 0xFA, 0x41, 0x08, 0xFA, 0x41, 0x00, 0xFB, 0x41, 0x00, 0xFB, 0x21,
  0x00, 0xFB, 0x20, 0x00, 0xFA, 0x21, 0x00, 0xFA, 0x41, 0x00, 0xFA, 0x41, 0x00, 0xFA, 0x41, 0x00,
  0xFA, 0x41, 0x00, 0xFA, 0x41, 0x00, 0xFA, 0x41, 0x00, 0xFA, 0x41, 0x00, 0xFA, 0x41, 0x00, 0xFA,
  0x41, 0x00, 0xFA, 0x21, 0x00, 0xFA, 0x21, 0x00, 0xFA, 0x20, 0x00, 0xFA, 0x21, 0x00, 0xFA, 0x41,
  0x00, 0xFA, 0x21, 0x00, 0xFA, 0x20, 0x00, 0xFA, 0x20, 0x00, 0xFA, 0x20, 0x00, 0xFA, 0x21, 0x00,
  0xFA, 0x20, 0x00, 0xFA, 0x20, 0x00, 0xFA, 0x20, 0x00, 0xFA, 0x20, 0x00, 0xFA, 0x20, 0x00, 0xFA,
  0x20, 0x00, 0xFA, 0x20, 0x00, 0xFA, 0x20, 0x00, 0xFA, 0x20, 0x00, 0xFA, 0x20, 0x00, 0xFA, 0x20,
  0x00, 0xFA, 0x00, 0x00, 0xFB, 0x20, 0x00, 0xFB, 0x20, 0x00, 0xFA, 0x20, 0x00, 0xFA, 0x20, 0x00,
  0xFA, 0x20, 0x00, 0xFB, 0x20, 0x00, 0xFB, 0x00, 0x00, 0xFB, 0x00, 0x00, 0xFB, 0x00, 0x00, 0xFB,
  0x00, 0x00, 0xFB, 0x00, 0x00, 0xFB, 0x00, 0x00, 0xFB, 0x00, 0x00, 0xFB, 0x00, 0x00, 0xFB, 0x00,
  0x00, 0xFB, 0x00, 0x00, 0xFB, 0x00, 0x00, 0xFB, 0x00, 0x00, 0xFB, 0x00, 0x00, 0xFB, 0x00, 0x00,
  0xFB, 0x00, 0x00, 0xFB, 0x00, 0x00, 0xFB, 0x00, 0x00, 0xFB, 0x00, 0x00, 0xFB, 0x00, 0x00, 0xFB,
  0x00, 0x00, 0xFB, 0x00, 0x00, 0xFB, 0x20, 0x00, 0xFA, 0x20, 0x00, 0xFA, 0x00, 0x00, 0xFB, 0x00,
  0x00, 0xFB, 0x20, 0x00, 0xFA, 0x20, 0x00, 0xFA, 0x00, 0x00, 0xFA, 0x00, 0x00, 0xFB, 0x00, 0x00,
  0xFB, 0x00, 0x00, 0xFB, 0x00, 0x00, 0xFB, 0x00, 0x00, 0xFB, 0x00, 0x00, 0xFB, 0x21, 0x00, 0xFA,
  0x82, 0x08, 0xF9, 0x82, 0x08, 0xFB, 0x00, 0x00, 0xFF, 0x20, 0x00, 0xFF, 0x20, 0x00, 0xFF, 0x00,
  0x00, 0xFF, 0xA3, 0x10, 0xFF, 0x25, 0x21, 0xFF, 0xE4, 0x18, 0xFF, 0x04, 0x19, 0xFF, 0xE8, 0x39,
  0xFF, 0x61, 0x08, 0xFF, 0x86, 0x31, 0xFF, 0xA2, 0x10, 0xFF, 0xC3, 0x18, 0xFF, 0x0C, 0x5B, 0xFF,
  0x61, 0x08, 0xFF, 0xC7, 0x39, 0xFF, 0x29, 0x42, 0xFF, 0x62, 0x08, 0xFF, 0x82, 0x08, 0xFF, 0xA7,
  0x31, 0xFF, 0x86, 0x31, 0xFF, 0xE3, 0x18, 0xFF, 0x86, 0x31, 0xFF, 0x25, 0x21, 0xFF, 0xE4, 0x18,
  0xFF, 0xC7, 0x39, 0xFF, 0xA2, 0x10, 0xFF, 0x41, 0x00, 0xFF, 0xC3, 0x10, 0xFF, 0xAB, 0x52, 0xFF,
  0x82, 0x10, 0xFF, 0xCB, 0x5A, 0xFF, 0xAA, 0x52, 0xFF, 0x00, 0x00, 0xFF, 0x86, 0x31, 0xFF, 0xC3,
  0x10, 0xFF, 0x04, 0x21, 0xFF, 0x66, 0x29, 0xFF, 0xE4, 0x18, 0xFF, 0x04, 0x21, 0xFF, 0x62, 0x08,
  0xFF, 0x41, 0x08, 0xE0, 0x69, 0x4A, 0x4C, 0x0B, 0x5B, 0x48, 0x8D, 0x6B, 0x44, 0x4D, 0x6B, 0x4E,
  0x2C, 0x63, 0x42, 0x00, 0x00, 0x36, 0x82, 0x10, 0x2B, 0x45, 0x29, 0x22, 0xC7, 0x39, 0x1B, 0xEF,
  0x7B, 0x11, 0xA6, 0x31, 0x07, 0x61, 0x08, 0x00, 0x8A, 0x52, 0x00, 0x51, 0x8C, 0x00, 0x7D, 0xEF,
  0x00, 0x2D, 0x63, 0x00, 0x00, 0x00, 0x00, 0x49, 0x4A, 0x00, 0xCB, 0x5A, 0x00, 0x04, 0x21, 0x00,
  0x4D, 0x6B, 0x00, 0x96, 0xB5, 0x00, 0x29, 0x42, 0x00, 0x41, 0x08, 0x00, 0x45, 0x29, 0x00, 0x86,
  0x31, 0x00, 0x82, 0x10, 0x00, 0x61, 0x08, 0x00, 0x49, 0x4A, 0x00, 0xB6, 0xB5, 0x00, 0x55, 0xAD,
  0x00, 0x55, 0xA5, 0x00, 0xF0, 0x7B, 0x00, 0xF0, 0x7B, 0x00, 0x71, 0x8C, 0x00, 0x29, 0x42, 0x00,
  0x0C, 0x63, 0x00, 0x92, 0x8C, 0x00, 0xB2, 0x94, 0x00, 0xCE, 0x73, 0x00, 0xE3, 0x18, 0x00, 0xEB,
  0x5A, 0x00, 0x69, 0x4A, 0x00, 0x45, 0x29, 0x00, 0x69, 0x4A, 0x00, 0xD3, 0x9C, 0x00, 0x08, 0x42,
  0x00, 0x8A, 0x52, 0x00, 0x24, 0x21, 0x00, 0xA6, 0x31, 0x00, 0x75, 0xA5, 0x00, 0xEF, 0x7B, 0x00,
  0x45, 0x29, 0x00, 0x65, 0x29, 0x00, 0x8D, 0x6B, 0x00, 0xE7, 0x39, 0x00, 0x61, 0x08, 0x00, 0x62,
  0x08, 0x00, 0x82, 0x10, 0x00, 0x8D, 0x6B, 0x00, 0xCB, 0x5A, 0x00, 0x51, 0x84, 0x00, 0x8D, 0x6B,
  0x00, 0x28, 0x42, 0x00, 0xEF, 0x7B, 0x3A, 0x62, 0x08, 0xFF, 0xE4, 0x18, 0xFF, 0xE4, 0x18, 0xFF,
  0xC3, 0x10, 0xFF, 0xA7, 0x31, 0xFF, 0x24, 0x21, 0xFF, 0x45, 0x21, 0xFF, 0x66, 0x29, 0xFF, 0x00,
  0x00, 0xFF, 0xC3, 0x10, 0xFF, 0x29, 0x42, 0xFF, 0xE7, 0x39, 0xFF, 0xA3, 0x10, 0xFF, 0xC3, 0x10,
  0xFF, 0x86, 0x29, 0xFF, 0x66, 0x29, 0xFF, 0xC7, 0x39, 0xFF, 0x8E, 0x73, 0xFF, 0x6E, 0x6B, 0xFF,
  0x6D, 0x6B, 0xFF, 0x86, 0x31, 0xFF, 0x08, 0x42, 0xFF, 0x66, 0x29, 0xFF, 0x62, 0x08, 0xFF, 0x82,
  0x10, 0xFF, 0xC7, 0x39, 0xFF, 0xE8, 0x39, 0xFF, 0x04, 0x19, 0xFF, 0x00, 0x00, 0xFF, 0x45, 0x29,
  0xFF, 0x25, 0x21, 0xFF, 0xE3, 0x18, 0xFF, 0xC7, 0x31, 0xFF, 0xC3, 0x18, 0xFF, 0xE3, 0x18, 0xFF,
  0xE4, 0x18, 0xFF, 0x41, 0x08, 0xFF, 0x00, 0x00, 0xFF, 0x41, 0x08, 0xFC, 0x45, 0x29, 0x92, 0xA2,
  0x10, 0xAC, 0x00, 0x00, 0xFF, 0x41, 0x08, 0xFE, 0xA2, 0x10, 0xCB, 0x00, 0x00, 0xBF, 0x00, 0x00,
  0xC5, 0x00, 0x00, 0xC5, 0x00, 0x00, 0xC5, 0x00, 0x00, 0xC5, 0x00, 0x00, 0xC5, 0x00, 0x00, 0xC5,
  0x00, 0x00, 0xC5, 0x00, 0x00, 0xC5, 0x00, 0x00, 0xC5, 0x00, 0x00, 0xC5, 0x00, 0x00, 0xC5, 0x00,
  0x00, 0xC5, 0x00, 0x00, 0xC5, 0x00, 0x00, 0xC5, 0x00, 0x00, 0xC5, 0x00, 0x00, 0xC4, 0x00, 0x00,
  0xC4, 0x20, 0x00, 0xC4, 0x20, 0x00, 0xC4, 0x00, 0x00, 0xC4, 0x00, 0x00, 0xC4, 0x00, 0x00, 0xC5,
  0x00, 0x00, 0xC5, 0x00, 0x00, 0xC5, 0x00, 0x00, 0xC5, 0x00, 0x00, 0xC5, 0x00, 0x00, 0xC5, 0xC3,
  0x10, 0xC5, 0xE7, 0x39, 0xC7, 0xA6, 0x31, 0xC8, 0xA6, 0x31, 0xCA, 0xA6, 0x31, 0xC9, 0xA6, 0x31,
  0xC8, 0xC7, 0x39, 0xC7, 0x86, 0x31, 0xD8, 0x28, 0x42, 0x97, 0xC7, 0x31, 0x2B, 0xA2, 0x10, 0x2C,
  0x24, 0x21, 0x2F, 0x04, 0x21, 0x2F, 0xE3, 0x18, 0x30, 0xE3, 0x18, 0x31, 0xE3, 0x18, 0x31, 0xE3,
  0x18, 0x30, 0xC3, 0x18, 0x31, 0xA2, 0x10, 0x33, 0x82, 0x10, 0x33, 0x82, 0x10, 0x33, 0xA2, 0x10,
  0x33, 0xA2, 0x10, 0x33, 0xA2, 0x10, 0x33, 0xA2, 0x10, 0x33, 0xA2, 0x10, 0x33, 0xA2, 0x10, 0x32,
  0xC3, 0x10, 0x32, 0xC3, 0x18, 0x31, 0xC3, 0x18, 0x31, 0xC3, 0x18, 0x31, 0xC3, 0x18, 0x31, 0xC3,
  0x10, 0x32, 0xC3, 0x18, 0x31, 0xC3, 0x10, 0x32, 0xA3, 0x10, 0x32, 0xA3, 0x10, 0x32, 0xA2, 0x10,
  0x32, 0xA2, 0x10, 0x33, 0xA2, 0x10, 0x33, 0xA2, 0x10, 0x32, 0xC3, 0x18, 0x31, 0xC3, 0x10, 0x32,
  0xA3, 0x10, 0x32, 0xA3, 0x10, 0x32, 0xA3, 0x10, 0x32, 0xC3, 0x10, 0x32, 0xC3, 0x10, 0x32, 0xA2,
  0x10, 0x32, 0xA2, 0x10, 0x33, 0xA2, 0x10, 0x33, 0xA2, 0x10, 0x33, 0x82, 0x10, 0x33, 0x82, 0x10,
  0x33, 0x82, 0x10, 0x33, 0xA2, 0x10, 0x32, 0xC3, 0x18, 0x32, 0xC3, 0x10, 0x32, 0xA2, 0x10, 0x33,
  0x82, 0x10, 0x33, 0x82, 0x10, 0x33, 0x82, 0x10, 0x33, 0x82, 0x08, 0x33, 0x61, 0x08, 0x34, 0x41,
  0x08, 0x35, 0x61, 0x08, 0x34, 0x82, 0x08, 0x34, 0x82, 0x10, 0x33, 0x82, 0x10, 0x33, 0x82, 0x08,
  0x34, 0x61, 0x08, 0x34, 0x61, 0x08, 0x34, 0x61, 0x08, 0x34, 0x61, 0x08, 0x34, 0x61, 0x08, 0x34,
  0x61, 0x08, 0x34, 0x61, 0x08, 0x34, 0x61, 0x08, 0x34, 0x61, 0x08, 0x34, 0x82, 0x08, 0x34, 0x82,
  0x10, 0x33, 0xA2, 0x10, 0x33, 0xA2, 0x10, 0x33, 0x82, 0x10, 0x33, 0x82, 0x10, 0x33, 0xA2, 0x10,
  0x33, 0xA2, 0x10, 0x33, 0x82, 0x10, 0x33, 0x82, 0x10, 0x33, 0x82, 0x10, 0x33, 0x82, 0x08, 0x34,
  0x62, 0x08, 0x34, 0x62, 0x08, 0x34, 0x82, 0x10, 0x33, 0xA2, 0x10, 0x33, 0x61, 0x08, 0x2D, 0x65,
  0x29, 0x29, 0xE3, 0x18, 0xC1, 0x00, 0x00, 0xFF, 0x41, 0x00, 0xFF, 0x00, 0x00, 0xFF, 0x61, 0x08,
  0xFF, 0x04, 0x21, 0xFF, 0x04, 0x19, 0xFF, 0xC3, 0x10, 0xFF, 0xC7, 0x31, 0xFF, 0x86, 0x31, 0xFF,
  0xC3, 0x18, 0xFF, 0xC7, 0x31, 0xFF, 0x00, 0x00, 0xFF, 0x61, 0x08, 0xFF, 0x24, 0x21, 0xFF, 0x49,
  0x4A, 0xFF, 0xC3, 0x10, 0xFF, 0x62, 0x08, 0xFF, 0x45, 0x21, 0xFF, 0x08, 0x3A, 0xFF, 0x25, 0x21,
  0xFF, 0x2D, 0x63, 0xFF, 0x4D, 0x63, 0xFF, 0x6E, 0x6B, 0xFF, 0xE8, 0x39, 0xFF, 0x04, 0x21, 0xFF,
  0xA7, 0x31, 0xFF, 0x61, 0x08, 0xFF, 0x41, 0x00, 0xFF, 0x86, 0x29, 0xFF, 0x29, 0x42, 0xFF, 0xE3,
  0x18, 0xFF, 0x41, 0x08, 0xFF, 0xE3, 0x18, 0xFF, 0x66, 0x29, 0xFF, 0x82, 0x10, 0xFF, 0xC7, 0x31,
  0xFF, 0x04, 0x19, 0xFF, 0xE4, 0x18, 0xFF, 0x04, 0x19, 0xFF, 0x21, 0x00, 0xFF, 0x45, 0x29, 0x8F,
  0x4C, 0x6B, 0x00, 0x30, 0x84, 0x00, 0x13, 0x9D, 0x00, 0xD3, 0x94, 0x00, 0x51, 0x84, 0x00, 0x00,
  0x00, 0x00, 0x82, 0x10, 0x00, 0x24, 0x21, 0x00, 0xA6, 0x31, 0x00, 0x6D, 0x6B, 0x00, 0x66, 0x29,
  0x00, 0x61, 0x08, 0x00, 0x49, 0x4A, 0x00, 0xCF, 0x7B, 0x00, 0x9A, 0xD6, 0x00, 0xEB, 0x5A, 0x00,
  0x00, 0x00, 0x00, 0x49, 0x4A, 0x00, 0xCB, 0x5A, 0x00, 0x04, 0x21, 0x00, 0x2C, 0x63, 0x00, 0x76,
  0xB5, 0x00, 0x28, 0x42, 0x00, 0x41, 0x08, 0x00, 0x45, 0x29, 0x00, 0x86, 0x31, 0x00, 0x82, 0x10,
  0x00, 0x61, 0x08, 0x00, 0x49, 0x4A, 0x00, 0xB6, 0xB5, 0x00, 0x55, 0xAD, 0x00, 0x55, 0xA5, 0x00,
  0xF0, 0x7B, 0x00, 0xF0, 0x7B, 0x00, 0x71, 0x8C, 0x00, 0x29, 0x42, 0x00, 0x0C, 0x63, 0x00, 0x92,
  0x8C, 0x00, 0xB2, 0x94, 0x00, 0xCE, 0x73, 0x00, 0xE3, 0x18, 0x00, 0xEB, 0x5A, 0x00, 0x69, 0x4A,
  0x00, 0x45, 0x29, 0x00, 0x69, 0x4A, 0x00, 0xD3, 0x9C, 0x00, 0x08, 0x42, 0x00, 0x8A, 0x52, 0x00,
  0x24, 0x21, 0x00, 0xA6, 0x31, 0x00, 0x75, 0xA5, 0x00, 0xEF, 0x7B, 0x00, 0x45, 0x29, 0x00, 0x65,
  0x29, 0x00, 0x8D, 0x6B, 0x00, 0xE7, 0x39, 0x00, 0x61, 0x08, 0x00, 0x62, 0x08, 0x00, 0xA2, 0x10,
  0x00, 0x2C, 0x63, 0x00, 0x8A, 0x4A, 0x00, 0xEF, 0x7B, 0x00, 0x0B, 0x5B, 0x00, 0xAA, 0x52, 0x00,
  0x71, 0x8C, 0x05, 0xC3, 0x18, 0xC3, 0x62, 0x08, 0xFF, 0x04, 0x21, 0xFF, 0xC3, 0x18, 0xFF, 0xE3,
  0x18, 0xFF, 0x08, 0x42, 0xFF, 0xA2, 0x10, 0xFF, 0x86, 0x31, 0xFF, 0xA3, 0x10, 0xFF, 0x61, 0x08,
  0xFF, 0x6A, 0x4A, 0xFF, 0xE4, 0x18, 0xFF, 0x82, 0x10, 0xFF, 0x66, 0x29, 0xFF, 0x08, 0x3A, 0xFF,
  0x41, 0x08, 0xFF, 0x08, 0x42, 0xFF, 0xAA, 0x52, 0xFF, 0x8A, 0x52, 0xFF, 0xEC, 0x5A, 0xFF, 0x08,
  0x42, 0xFF, 0x41, 0x00, 0xFF, 0x49, 0x4A, 0xFF, 0x45, 0x29, 0xFF, 0x62, 0x08, 0xFF, 0xC3, 0x10,
  0xFF, 0x49, 0x42, 0xFF, 0x82, 0x08, 0xFF, 0xC3, 0x10, 0xFF, 0x08, 0x3A, 0xFF, 0x82, 0x10, 0xFF,
  0x28, 0x42, 0xFF, 0x04, 0x19, 0xFF, 0xC3, 0x10, 0xFF, 0xE4, 0x18, 0xFF, 0x82, 0x10, 0xFF, 0x00,
  0x00, 0xFF, 0x00, 0x00, 0xFF, 0x86, 0x31, 0x9D, 0x4D, 0x6B, 0x00, 0xCF, 0x7B, 0x00, 0xA2, 0x10,
  0xE6, 0xC3, 0x18, 0xF2, 0x49, 0x4A, 0x11, 0x00, 0x00, 0x00, 0x00, 0x00, 0x00, 0x00, 0x00, 0x00,
  0x20, 0x00, 0x00, 0x20, 0x00, 0x00, 0x00, 0x00, 0x00, 0x00, 0x00, 0x00, 0x00, 0x00, 0x00, 0x00,
  0x00, 0x00, 0x00, 0x00, 0x00, 0x00, 0x00, 0x00, 0x00, 0x00, 0x00, 0x00, 0x00, 0x00, 0x00, 0x00,
  0x00, 0x00, 0x00, 0x00, 0x00, 0x00, 0x00, 0x20, 0x00, 0x00, 0x20, 0x00, 0x00, 0x41, 0x00, 0x00,
  0x41, 0x00, 0x00, 0x40, 0x00, 0x00, 0x20, 0x00, 0x00, 0x20, 0x00, 0x00, 0x20, 0x00, 0x00, 0x20,
  0x00, 0x00, 0x20, 0x00, 0x00, 0x00, 0x00, 0x00, 0x00, 0x00, 0x00, 0xAA, 0x52, 0x00, 0x3C, 0xE7,
  0x00, 0x38, 0xC6, 0x00, 0x18, 0xC6, 0x00, 0x18, 0xC6, 0x00, 0x59, 0xCE, 0x00, 0x9A, 0xD6, 0x00,
  0xBA, 0xD6, 0x00, 0x51, 0x8C, 0x00, 0x45, 0x21, 0x00, 0xA2, 0x10, 0x00, 0x24, 0x21, 0x00, 0x24,
  0x21, 0x00, 0x04, 0x19, 0x00, 0xE3, 0x18, 0x00, 0xE3, 0x18, 0x00, 0xE4, 0x18, 0x00, 0xC3, 0x18,
  0x00, 0xA2, 0x10, 0x00, 0x82, 0x10, 0x00, 0x82, 0x10, 0x00, 0xA2, 0x10, 0x00, 0xC3, 0x10, 0x00,
  0xC3, 0x10, 0x00, 0xC3, 0x10, 0x00, 0xA2, 0x10, 0x00, 0xC2, 0x10, 0x00, 0xC3, 0x18, 0x00, 0xC3,
  0x18, 0x00, 0xC3, 0x18, 0x00, 0xC3, 0x18, 0x00, 0xC3, 0x18, 0x00, 0xC3, 0x18, 0x00, 0xC3, 0x18,
  0x00, 0xC3, 0x18, 0x00, 0xC3, 0x10, 0x00, 0xC3, 0x10, 0x00, 0xC3, 0x10, 0x00, 0xA2, 0x10, 0x00,
  0xA2, 0x10, 0x00, 0xC3, 0x10, 0x00, 0xC3, 0x18, 0x00, 0xC3, 0x18, 0x00, 0xC3, 0x10, 0x00, 0xC3,
  0x10, 0x00, 0xC3, 0x10, 0x00, 0xC3, 0x10, 0x00, 0xC3, 0x10, 0x00, 0xC3, 0x10, 0x00, 0xA2, 0x10,
  0x00, 0xA2, 0x10, 0x00, 0xA2, 0x10, 0x00, 0xA2, 0x10, 0x00, 0x82, 0x10, 0x00, 0x82, 0x10, 0x00,
  0xA2, 0x10, 0x00, 0xC3, 0x18, 0x00, 0xC3, 0x18, 0x00, 0xA2, 0x10, 0x00, 0x82, 0x10, 0x00, 0x82,
  0x10, 0x00, 0x82, 0x10, 0x00, 0x82, 0x08, 0x00, 0x61, 0x08, 0x00, 0x41, 0x08, 0x00, 0x61, 0x08,
  0x00, 0x82, 0x08, 0x00, 0x82, 0x10, 0x00, 0x82, 0x10, 0x00, 0x82, 0x08, 0x00, 0x61, 0x08, 0x00,
  0x61, 0x08, 0x00, 0x61, 0x08, 0x00, 0x61, 0x08, 0x00, 0x61, 0x08, 0x00, 0x61, 0x08, 0x00, 0x61,
  0x08, 0x00, 0x61, 0x08, 0x00, 0x61, 0x08, 0x00, 0x62, 0x08, 0x00, 0x82, 0x10, 0x00, 0xA2, 0x10,
  0x00, 0xA2, 0x10, 0x00, 0xA2, 0x10, 0x00, 0x82, 0x10, 0x00, 0xA2, 0x10, 0x00, 0xA2, 0x10, 0x00,
  0xA2, 0x10, 0x00, 0x82, 0x10, 0x00, 0x82, 0x10, 0x00, 0x82, 0x08, 0x00, 0x62, 0x08, 0x00, 0x62,
  0x08, 0x00, 0x82, 0x10, 0x00, 0xA2, 0x10, 0x00, 0x20, 0x00, 0x00, 0x86, 0x31, 0x00, 0x8E, 0x73,
  0x4C, 0x61, 0x08, 0xFF, 0x00, 0x00, 0xFF, 0x20, 0x00, 0xFF, 0x00, 0x00, 0xFF, 0xC3, 0x18, 0xFF,
  0x04, 0x19, 0xFF, 0xC3, 0x18, 0xFF, 0xC3, 0x10, 0xFF, 0x29, 0x42, 0xFF, 0xC3, 0x18, 0xFF, 0x65,
  0x29, 0xFF, 0x25, 0x21, 0xFF, 0x00, 0x00, 0xFF, 0x6A, 0x4A, 0xFF, 0x65, 0x29, 0xFF, 0x62, 0x08,
  0xFF, 0xE4, 0x18, 0xFF, 0x69, 0x4A, 0xFF, 0x82, 0x08, 0xFF, 0xE7, 0x39, 0xFF, 0xEC, 0x5A, 0xFF,
  0x6A, 0x4A, 0xFF, 0x6A, 0x4A, 0xFF, 0x49, 0x4A, 0xFF, 0x41, 0x08, 0xFF, 0x66, 0x29, 0xFF, 0xA7,
  0x31, 0xFF, 0x41, 0x08, 0xFF, 0x82, 0x08, 0xFF, 0x6A, 0x4A, 0xFF, 0x25, 0x21, 0xFF, 0x41, 0x08,
  0xFF, 0x29, 0x42, 0xFF, 0x82, 0x10, 0xFF, 0xA7, 0x31, 0xFF, 0x45, 0x29, 0xFF, 0xC3, 0x10, 0xFF,
  0xE4, 0x18, 0xFF, 0xC3, 0x10, 0xFF, 0x00, 0x00, 0xFF, 0x30, 0x84, 0x30, 0xF3, 0x9C, 0x00, 0xEF,
  0x7B, 0x00, 0x71, 0x8C, 0x00, 0x51, 0x8C, 0x00, 0xEF, 0x7B, 0x00, 0x00, 0x00, 0x00, 0x82, 0x10,
  0x00, 0x24, 0x21, 0x00, 0xA6, 0x31, 0x00, 0x6D, 0x6B, 0x00, 0x66, 0x29, 0x00, 0x61, 0x08, 0x00,
  0x49, 0x4A, 0x00, 0xCF, 0x7B, 0x00, 0x9A, 0xD6, 0x00, 0xEB, 0x5A, 0x00, 0x00, 0x00, 0x00, 0x49,
  0x4A, 0x00, 0xCB, 0x5A, 0x00, 0x04, 0x21, 0x00, 0x2C, 0x63, 0x00, 0x76, 0xB5, 0x00, 0x28, 0x42,
  0x00, 0x41, 0x08, 0x00, 0x45, 0x29, 0x00, 0x86, 0x31, 0x00, 0x82, 0x10, 0x00, 0x61, 0x08, 0x00,
  0x49, 0x4A, 0x00, 0xB6, 0xB5, 0x00, 0x55, 0xAD, 0x00, 0x55, 0xA5, 0x00, 0x8E, 0x73, 0x00, 0x8E,
  0x73, 0x00, 0x10, 0x84, 0x00, 0x86, 0x31, 0x00, 0x8A, 0x4A, 0x00, 0x50, 0x84, 0x00, 0x51, 0x8C,
  0x00, 0x4D, 0x6B, 0x00, 0x20, 0x00, 0x00, 0xEB, 0x5A, 0x00, 0x8A, 0x4A, 0x00, 0x45, 0x29, 0x00,
  0x69, 0x4A, 0x00, 0xD3, 0x9C, 0x00, 0x08, 0x42, 0x00, 0x8A, 0x52, 0x00, 0x24, 0x21, 0x00, 0xA6,
  0x31, 0x00, 0x75, 0xA5, 0x00, 0xEF, 0x7B, 0x00, 0x45, 0x29, 0x00, 0x65, 0x29, 0x00, 0x8D, 0x6B,
  0x00, 0xE7, 0x39, 0x00, 0x61, 0x08, 0x00, 0x62, 0x08, 0x00, 0xA2, 0x10, 0x00, 0x2C, 0x63, 0x00,
  0x8A, 0x4A, 0x00, 0x8D, 0x6B, 0x00, 0xCE, 0x73, 0x00, 0x14, 0xA5, 0x00, 0x18, 0xC6, 0x00, 0x4D,
  0x6B, 0x5C, 0x00, 0x00, 0xFF, 0x04, 0x19, 0xFF, 0xE4, 0x18, 0xFF, 0xA3, 0x10, 0xFF, 0x25, 0x21,
  0xFF, 0xE7, 0x39, 0xFF, 0x82, 0x10, 0xFF, 0x08, 0x3A, 0xFF, 0x66, 0x29, 0xFF, 0x04, 0x21, 0xFF,
  0x86, 0x29, 0xFF, 0x45, 0x21, 0xFF, 0x28, 0x42, 0xFF, 0x45, 0x29, 0xFF, 0xA7, 0x31, 0xFF, 0x45,
  0x29, 0xFF, 0x04, 0x19, 0xFF, 0x04, 0x21, 0xFF, 0xE4, 0x18, 0xFF, 0x45, 0x21, 0xFF, 0x45, 0x21,
  0xFF, 0xE4, 0x18, 0xFF, 0x8A, 0x4A, 0xFF, 0x04, 0x19, 0xFF, 0x04, 0x19, 0xFF, 0xA7, 0x31, 0xFF,
  0x08, 0x3A, 0xFF, 0xAB, 0x52, 0xFF, 0xE3, 0x18, 0xFF, 0x08, 0x3A, 0xFF, 0x86, 0x29, 0xFF, 0xA3,
  0x10, 0xFF, 0xE3, 0x18, 0xFF, 0xE3, 0x18, 0xFF, 0x20, 0x00, 0xFF, 0x00, 0x00, 0xFF, 0x61, 0x10,
  0xF3, 0xF0, 0x83, 0x2F, 0xB3, 0x9C, 0x00, 0xD2, 0x9C, 0x00, 0xA6, 0x31, 0xB4, 0xA2, 0x10, 0xF0,
  0xEB, 0x5A, 0x11, 0xA2, 0x10, 0x00, 0x00, 0x00, 0x00, 0x00, 0x00, 0x00, 0x20, 0x00, 0x00, 0x20,
  0x00, 0x00, 0x00, 0x00, 0x00, 0x00, 0x00, 0x00, 0x00, 0x00, 0x00, 0x00, 0x00, 0x00, 0x00, 0x00,
  0x00, 0x00, 0x00, 0x00, 0x00, 0x00, 0x00, 0x00, 0x00, 0x00, 0x00, 0x00, 0x00, 0x00, 0x00, 0x00,
  0x00, 0x00, 0x00, 0x20, 0x00, 0x00, 0x20, 0x00, 0x00, 0x41, 0x00, 0x00, 0x41, 0x00, 0x00, 0x40,
  0x00, 0x00, 0x20, 0x00, 0x00, 0x20, 0x00, 0x00, 0x20, 0x00, 0x00, 0x20, 0x00, 0x00, 0x20, 0x00,
  0x00, 0x00, 0x00, 0x00, 0x00, 0x00, 0x00, 0x69, 0x4A, 0x00, 0x79, 0xCE, 0x00, 0x96, 0xB5, 0x00,
  0x75, 0xAD, 0x00, 0x75, 0xB5, 0x00, 0xB6, 0xB5, 0x00, 0xF7, 0xBD, 0x00, 0xF7, 0xBD, 0x00, 0xEF,
  0x7B, 0x00, 0x45, 0x29, 0x00, 0xA2, 0x10, 0x00, 0x24, 0x21, 0x00, 0x04, 0x21, 0x00, 0xE3, 0x18,
  0x00, 0xE3, 0x18, 0x00, 0xE3, 0x18, 0x00, 0xE3, 0x18, 0x00, 0xC3, 0x18, 0x00, 0xA2, 0x10, 0x00,
  0x82, 0x10, 0x00, 0x82, 0x10, 0x00, 0xA2, 0x10, 0x00, 0xA2, 0x10, 0x00, 0xA2, 0x10, 0x00, 0xA2,
  0x10, 0x00, 0xA2, 0x10, 0x00, 0xA2, 0x10, 0x00, 0xC3, 0x10, 0x00, 0xC3, 0x18, 0x00, 0xC3, 0x18,
  0x00, 0xC3, 0x18, 0x00, 0xC3, 0x18, 0x00, 0xC3, 0x10, 0x00, 0xC3, 0x18, 0x00, 0xC3, 0x10, 0x00,
  0xA3, 0x10, 0x00, 0xA3, 0x10, 0x00, 0xA2, 0x10, 0x00, 0xA2, 0x10, 0x00, 0xA2, 0x10, 0x00, 0xA2,
  0x10, 0x00, 0xC3, 0x18, 0x00, 0xC3, 0x10, 0x00, 0xA3, 0x10, 0x00, 0xA3, 0x10, 0x00, 0xA3, 0x10,
  0x00, 0xC3, 0x10, 0x00, 0xC3, 0x10, 0x00, 0xA2, 0x10, 0x00, 0xA2, 0x10, 0x00, 0xA2, 0x10, 0x00,
  0xA2, 0x10, 0x00, 0x82, 0x10, 0x00, 0x82, 0x10, 0x00, 0x82, 0x10, 0x00, 0xA2, 0x10, 0x00, 0xC3,
  0x18, 0x00, 0xC3, 0x10, 0x00, 0xA2, 0x10, 0x00, 0x82, 0x10, 0x00, 0x82, 0x10, 0x00, 0x82, 0x10,
  0x00, 0x82, 0x08, 0x00, 0x61, 0x08, 0x00, 0x41, 0x08, 0x00, 0x61, 0x08, 0x00, 0x82, 0x08, 0x00,
  0x82, 0x10, 0x00, 0x82, 0x10, 0x00, 0x82, 0x08, 0x00, 0x61, 0x08, 0x00, 0x61, 0x08, 0x00, 0x61,
  0x08, 0x00, 0x61, 0x08, 0x00, 0x61, 0x08, 0x00, 0x61, 0x08, 0x00, 0x61, 0x08, 0x00, 0x61, 0x08,
  0x00, 0x61, 0x08, 0x00, 0x82, 0x08, 0x00, 0x82, 0x10, 0x00, 0xA2, 0x10, 0x00, 0xA2, 0x10, 0x00,
  0x82, 0x10, 0x00, 0x82, 0x10, 0x00, 0xA2, 0x10, 0x00, 0xA2, 0x10, 0x00, 0x82, 0x10, 0x00, 0x82,
  0x10, 0x00, 0x82, 0x10, 0x00, 0x82, 0x08, 0x00, 0x62, 0x08, 0x00, 0x62, 0x08, 0x00, 0x82, 0x10,
  0x00, 0x82, 0x10, 0x00, 0x41, 0x00, 0x00, 0x8A, 0x52, 0x00, 0x95, 0xB5, 0x00, 0x28, 0x42, 0x9D,
  0x00, 0x00, 0xFF, 0x20, 0x00, 0xFF, 0x00, 0x00, 0xFF, 0x61, 0x08, 0xFF, 0x04, 0x19, 0xFF, 0xE4,
  0x18, 0xFF, 0xA3, 0x10, 0xFF, 0x04, 0x19, 0xFF, 0x28, 0x42, 0xFF, 0x82, 0x10, 0xFF, 0xC7, 0x31,
  0xFF, 0x66, 0x29, 0xFF, 0x66, 0x29, 0xFF, 0xA6, 0x31, 0xFF, 0xE3, 0x18, 0xFF, 0x08, 0x3A, 0xFF,
  0x24, 0x21, 0xFF, 0x04, 0x21, 0xFF, 0xA6, 0x31, 0xFF, 0xE4, 0x18, 0xFF, 0xE3, 0x18, 0xFF, 0xE3,
  0x18, 0xFF, 0x25, 0x21, 0xFF, 0xA6, 0x31, 0xFF, 0xC3, 0x18, 0xFF, 0x08, 0x42, 0xFF, 0x86, 0x31,
  0xFF, 0x25, 0x21, 0xFF, 0x86, 0x29, 0xFF, 0x45, 0x29, 0xFF, 0x8A, 0x52, 0xFF, 0x04, 0x19, 0xFF,
  0x65, 0x29, 0xFF, 0xE7, 0x39, 0xFF, 0xA2, 0x10, 0xFF, 0xC3, 0x18, 0xFF, 0x04, 0x19, 0xFF, 0x00,
  0x00, 0xFF, 0x86, 0x31, 0xA2, 0xB6, 0xB5, 0x00, 0xF7, 0xBD, 0x00, 0x71, 0x8C, 0x00, 0x51, 0x8C,
  0x00, 0x51, 0x8C, 0x00, 0xEF, 0x7B, 0x00, 0x00, 0x00, 0x00, 0x82, 0x10, 0x00, 0x24, 0x21, 0x00,
  0xA6, 0x31, 0x00, 0x6D, 0x6B, 0x00, 0x66, 0x29, 0x00, 0x61, 0x08, 0x00, 0x49, 0x4A, 0x00, 0xCF,
  0x7B, 0x00, 0x9A, 0xD6, 0x00, 0xEB, 0x5A, 0x00, 0x00, 0x00, 0x00, 0x49, 0x4A, 0x00, 0xCB, 0x5A,
  0x00, 0x04, 0x21, 0x00, 0x2C, 0x63, 0x00, 0x76, 0xB5, 0x00, 0x28, 0x42, 0x00, 0x41, 0x08, 0x00,
  0x45, 0x29, 0x00, 0x86, 0x31, 0x00, 0x82, 0x10, 0x00, 0x61, 0x08, 0x00, 0x49, 0x4A, 0x00, 0xB6,
  0xB5, 0x00, 0x55, 0xAD, 0x00, 0x55, 0xA5, 0x00, 0x55, 0xAD, 0x00, 0x55, 0xAD, 0x00, 0x96, 0xB5,
  0x00, 0x72, 0x8C, 0x00, 0xF3, 0x9C, 0x00, 0xB6, 0xB5, 0x00, 0xB6, 0xB5, 0x00, 0x34, 0xA5, 0x00,
  0xAF, 0x73, 0x00, 0x2C, 0x63, 0x00, 0xE7, 0x39, 0x00, 0xE3, 0x18, 0x00, 0x28, 0x42, 0x00, 0xD3,
  0x94, 0x00, 0xC7, 0x39, 0x00, 0x49, 0x4A, 0x00, 0xC3, 0x10, 0x00, 0x45, 0x29, 0x00, 0x54, 0xA5,
  0x00, 0xCF, 0x73, 0x00, 0xE3, 0x18, 0x00, 0x04, 0x21, 0x00, 0x4D, 0x6B, 0x00, 0xA6, 0x31, 0x00,
  0x00, 0x00, 0x00, 0x00, 0x00, 0x00, 0x41, 0x08, 0x00, 0x0B, 0x5B, 0x00, 0x49, 0x42, 0x00, 0x6D,
  0x6B, 0x00, 0x75, 0xAD, 0x00, 0x38, 0xC6, 0x00, 0x38, 0xC6, 0x00, 0x18, 0xC6, 0x00, 0x24, 0x21,
  0xC9, 0x00, 0x00, 0xFF, 0x04, 0x19, 0xFF, 0xE3, 0x18, 0xFF, 0xA2, 0x10, 0xFF, 0x86, 0x31, 0xFF,
  0x08, 0x3A, 0xFF, 0xA2, 0x10, 0xFF, 0x08, 0x3A, 0xFF, 0xA7, 0x31, 0xFF, 0x25, 0x21, 0xFF, 0x08,
  0x42, 0xFF, 0xA2, 0x10, 0xFF, 0x66, 0x29, 0xFF, 0x4E, 0x6B, 0xFF, 0xCB, 0x5A, 0xFF, 0x6A, 0x4A,
  0xFF, 0x49, 0x42, 0xFF, 0x49, 0x42, 0xFF, 0xAB, 0x52, 0xFF, 0x2D, 0x63, 0xFF, 0x45, 0x29, 0xFF,
  0xC3, 0x18, 0xFF, 0x49, 0x4A, 0xFF, 0x86, 0x29, 0xFF, 0xE8, 0x39, 0xFF, 0x6A, 0x4A, 0xFF, 0xE3,
  0x18, 0xFF, 0x07, 0x3A, 0xFF, 0xC7, 0x31, 0xFF, 0xA2, 0x10, 0xFF, 0xE3, 0x18, 0xFF, 0xE4, 0x18,
  0xFF, 0x82, 0x10, 0xFF, 0x00, 0x00, 0xFF, 0x00, 0x00, 0xFF, 0x2D, 0x6B, 0x7F, 0x1C, 0xE7, 0x00,
  0xB6, 0xB5, 0x00, 0x2C, 0x63, 0x00, 0xEB, 0x5A, 0x3A, 0xCB, 0x5A, 0x92, 0xD3, 0x9C, 0x09, 0x51,
  0x8C, 0x00, 0xE3, 0x18, 0x00, 0x00, 0x00, 0x00, 0x00, 0x00, 0x00, 0x00, 0x00, 0x00, 0x00, 0x00,
  0x00, 0x00, 0x00, 0x00, 0x00, 0x00, 0x00, 0x00, 0x00, 0x00, 0x00, 0x00, 0x00, 0x00, 0x00, 0x00,
  0x00, 0x00, 0x00, 0x00, 0x00, 0x00, 0x00, 0x00, 0x00, 0x00, 0x00, 0x00, 0x00, 0x00, 0x00, 0x00,
  0x00, 0x00, 0x00, 0x00, 0x00, 0x00, 0x00, 0x00, 0x00, 0x00, 0x00, 0x00, 0x00, 0x00, 0x00, 0x00,
  0x00, 0x00, 0x00, 0x00, 0x00, 0x00, 0x00, 0x00, 0x00, 0x00, 0x00, 0x00, 0x00, 0x00, 0x00, 0x00,
  0x00, 0x00, 0x00, 0x49, 0x4A, 0x00, 0x99, 0xD6, 0x00, 0x95, 0xB5, 0x00, 0x75, 0xAD, 0x00, 0x75,
  0xB5, 0x00, 0xB6, 0xB5, 0x00, 0xF7, 0xBD, 0x00, 0x18, 0xC6, 0x00, 0xCF, 0x7B, 0x00, 0x04, 0x19,
  0x00, 0x61, 0x08, 0x00, 0xC3, 0x18, 0x00, 0xC3, 0x18, 0x00, 0x82, 0x10, 0x00, 0x82, 0x08, 0x00,
  0x82, 0x10, 0x00, 0x82, 0x10, 0x00, 0x62, 0x08, 0x00, 0x41, 0x00, 0x00, 0x20, 0x00, 0x00, 0x20,
  0x00, 0x00, 0x41, 0x08, 0x00, 0x61, 0x08, 0x00, 0x61, 0x08, 0x00, 0x61, 0x08, 0x00, 0x41, 0x08,
  0x00, 0x61, 0x08, 0x00, 0x61, 0x08, 0x00, 0x61, 0x08, 0x00, 0x61, 0x08, 0x00, 0x61, 0x08, 0x00,
  0x61, 0x08, 0x00, 0x61, 0x08, 0x00, 0x61, 0x08, 0x00, 0x61, 0x08, 0x00, 0x61, 0x08, 0x00, 0x61,
  0x08, 0x00, 0x61, 0x08, 0x00, 0x41, 0x08, 0x00, 0x41, 0x08, 0x00, 0x61, 0x08, 0x00, 0x61, 0x08,
  0x00, 0x61, 0x08, 0x00, 0x61, 0x08, 0x00, 0x61, 0x08, 0x00, 0x61, 0x08, 0x00, 0x61, 0x08, 0x00,
  0x61, 0x08, 0x00, 0x61, 0x08, 0x00, 0x41, 0x08, 0x00, 0x41, 0x08, 0x00, 0x41, 0x08, 0x00, 0x41,
  0x00, 0x00, 0x20, 0x00, 0x00, 0x20, 0x00, 0x00, 0x41, 0x08, 0x00, 0x61, 0x08, 0x00, 0x61, 0x08,
  0x00, 0x41, 0x00, 0x00, 0x20, 0x00, 0x00, 0x20, 0x00, 0x00, 0x20, 0x00, 0x00, 0x20, 0x00, 0x00,
  0x00, 0x00, 0x00, 0x00, 0x00, 0x00, 0x00, 0x00, 0x00, 0x20, 0x00, 0x00, 0x41, 0x00, 0x00, 0x20,
  0x00, 0x00, 0x20, 0x00, 0x00, 0x00, 0x00, 0x00, 0x00, 0x00, 0x00, 0x00, 0x00, 0x00, 0x00, 0x00,
  0x00, 0x00, 0x00, 0x00, 0x00, 0x00, 0x00, 0x00, 0x00, 0x00, 0x00, 0x00, 0x00, 0x00, 0x00, 0x00,
  0x20, 0x00, 0x00, 0x40, 0x00, 0x00, 0x41, 0x08, 0x00, 0x41, 0x08, 0x00, 0x41, 0x00, 0x00, 0x41,
  0x00, 0x00, 0x41, 0x00, 0x00, 0x41, 0x00, 0x00, 0x41, 0x00, 0x00, 0x20, 0x00, 0x00, 0x20, 0x00,
  0x00, 0x20, 0x00, 0x00, 0x20, 0x00, 0x00, 0x00, 0x00, 0x00, 0x20, 0x00, 0x00, 0x20, 0x00, 0x00,
  0x41, 0x08, 0x00, 0xD3, 0x9C, 0x00, 0xD7, 0xB5, 0x00, 0x34, 0xA5, 0x12, 0x04, 0x21, 0xD9, 0x00,
  0x00, 0xFF, 0x20, 0x00, 0xFF, 0x00, 0x00, 0xFF, 0xC3, 0x10, 0xFF, 0xE4, 0x18, 0xFF, 0xE4, 0x18,
  0xFF, 0x82, 0x10, 0xFF, 0x66, 0x29, 0xFF, 0x49, 0x4A, 0xFF, 0xA2, 0x10, 0xFF, 0xC7, 0x39, 0xFF,
  0xC7, 0x31, 0xFF, 0x25, 0x21, 0xFF, 0x49, 0x42, 0xFF, 0x45, 0x29, 0xFF, 0xE3, 0x18, 0xFF, 0x6E,
  0x6B, 0xFF, 0x0C, 0x5B, 0xFF, 0x6A, 0x4A, 0xFF, 0x29, 0x42, 0xFF, 0x49, 0x42, 0xFF, 0x8A, 0x52,
  0xFF, 0x2D, 0x63, 0xFF, 0x08, 0x3A, 0xFF, 0x82, 0x10, 0xFF, 0x28, 0x42, 0xFF, 0x86, 0x29, 0xFF,
  0x86, 0x29, 0xFF, 0x6A, 0x4A, 0xFF, 0x04, 0x21, 0xFF, 0x24, 0x21, 0xFF, 0x08, 0x3A, 0xFF, 0xC3,
  0x10, 0xFF, 0xC3, 0x18, 0xFF, 0xE4, 0x18, 0xFF, 0x82, 0x10, 0xFF, 0x00, 0x00, 0xFA, 0x30, 0x84,
  0x32, 0xF7, 0xBD, 0x00, 0x55, 0xAD, 0x00, 0x55, 0xAD, 0x00, 0x71, 0x8C, 0x00, 0x50, 0x84, 0x00,
  0xCF, 0x7B, 0x00, 0x00, 0x00, 0x00, 0x20, 0x00, 0x00, 0xC3, 0x18, 0x00, 0x45, 0x29, 0x00, 0x2C,
  0x63, 0x00, 0x24, 0x21, 0x00, 0x00, 0x00, 0x00, 0x08, 0x42, 0x00, 0xAE, 0x73, 0x00, 0x9A, 0xD6,
  0x00, 0xAA, 0x52, 0x00, 0x00, 0x00, 0x00, 0xE7, 0x39, 0x00, 0x8A, 0x52, 0x00, 0xA2, 0x10, 0x00,
  0x0C, 0x63, 0x00, 0x76, 0xAD, 0x00, 0xC7, 0x39, 0x00, 0x00, 0x00, 0x00, 0xE3, 0x18, 0x00, 0x24,
  0x21, 0x00, 0x20, 0x00, 0x00, 0x00, 0x00, 0x00, 0x08, 0x3A, 0x00, 0x96, 0xB5, 0x00, 0x55, 0xA5,
  0x00, 0x34, 0xA5, 0x00, 0x1C, 0xE7, 0x00, 0x1C, 0xE7, 0x00, 0x1C, 0xE7, 0x00, 0x5D, 0xEF, 0x00,
  0x3D, 0xE7, 0x00, 0x1C, 0xE7, 0x00, 0xFC, 0xE6, 0x00, 0x1C, 0xDF, 0x00, 0x3D, 0xE7, 0x00, 0xD7,
  0xB5, 0x00, 0x55, 0xA5, 0x00, 0x14, 0xA5, 0x00, 0x35, 0xA5, 0x00, 0xB6, 0xB5, 0x00, 0xF3, 0x9C,
  0x00, 0x55, 0xAD, 0x00, 0x96, 0xB5, 0x00, 0x75, 0xAD, 0x00, 0x18, 0xC6, 0x00, 0x96, 0xB5, 0x00,
  0xF3, 0x9C, 0x00, 0xD3, 0x9C, 0x00, 0x14, 0xA5, 0x00, 0xB3, 0x94, 0x00, 0xF3, 0x9C, 0x00, 0xD3,
  0x94, 0x00, 0xD3, 0x9C, 0x00, 0x71, 0x8C, 0x00, 0x89, 0x4A, 0x00, 0xCF, 0x7B, 0x00, 0x99, 0xCE,
  0x00, 0x99, 0xD6, 0x00, 0x58, 0xC6, 0x00, 0x3C, 0xE7, 0x00, 0xCF, 0x7B, 0x46, 0x00, 0x00, 0xFF,
  0x82, 0x10, 0xFF, 0xE4, 0x18, 0xFF, 0xE3, 0x18, 0xFF, 0x82, 0x10, 0xFF, 0x86, 0x31, 0xFF, 0x49,
  0x4A, 0xFF, 0xC3, 0x18, 0xFF, 0x86, 0x31, 0xFF, 0x49, 0x42, 0xFF, 0xC7, 0x39, 0xFF, 0x20, 0x00,
  0xFF, 0x00, 0x00, 0xFF, 0x82, 0x10, 0xFF, 0x25, 0x21, 0xFF, 0x86, 0x29, 0xFF, 0x86, 0x31, 0xFF,
  0x86, 0x29, 0xFF, 0x25, 0x21, 0xFF, 0xC3, 0x18, 0xFF, 0x41, 0x08, 0xFF, 0x00, 0x00, 0xFF, 0x86,
  0x31, 0xFF, 0x49, 0x42, 0xFF, 0xA6, 0x31, 0xFF, 0xC3, 0x18, 0xFF, 0x08, 0x3A, 0xFF, 0xA7, 0x31,
  0xFF, 0x62, 0x08, 0xFF, 0xC3, 0x18, 0xFF, 0xE3, 0x18, 0xFF, 0xE3, 0x18, 0xFF, 0x20, 0x00, 0xFF,
  0x00, 0x00, 0xFF, 0x61, 0x08, 0xB8, 0xB2, 0x94, 0x00, 0x9A, 0xD6, 0x00, 0x96, 0xB5, 0x00, 0xCB,
  0x5A, 0x00, 0x4C, 0x63, 0x00, 0x92, 0x94, 0x00, 0xF4, 0xA4, 0x00, 0x96, 0xB5, 0x00, 0xEB, 0x5A,
  0x00, 0x20, 0x00, 0x00, 0xC3, 0x18, 0x00, 0xC3, 0x18, 0x00, 0xC3, 0x18, 0x00, 0xC3, 0x18, 0x00,
  0xC3, 0x10, 0x00, 0xC3, 0x10, 0x00, 0xC3, 0x18, 0x00, 0xC3, 0x18, 0x00, 0xC3, 0x18, 0x00, 0xC3,
  0x18, 0x00, 0xC3, 0x18, 0x00, 0xC3, 0x18, 0x00, 0xC3, 0x18, 0x00, 0xE3, 0x18, 0x00, 0xE3, 0x18,
  0x00, 0xE3, 0x18, 0x00, 0xE3, 0x18, 0x00, 0xE3, 0x18, 0x00, 0xE3, 0x18, 0x00, 0xC3, 0x18, 0x00,
  0xC3, 0x18, 0x00, 0xC3, 0x18, 0x00, 0xC3, 0x18, 0x00, 0xC3, 0x18, 0x00, 0x41, 0x08, 0x00, 0xCB,
  0x5A, 0x00, 0x59, 0xCE, 0x00, 0x96, 0xB5, 0x00, 0x75, 0xAD, 0x00, 0x76, 0xAD, 0x00, 0xB6, 0xB5,
  0x00, 0xD7, 0xBD, 0x00, 0xF7, 0xBD, 0x00, 0x10, 0x84, 0x00, 0xC7, 0x39, 0x00, 0x45, 0x29, 0x00,
  0xA6, 0x31, 0x00, 0xA6, 0x31, 0x00, 0x86, 0x31, 0x00, 0x66, 0x29, 0x00, 0x86, 0x31, 0x00, 0x86,
  0x31, 0x00, 0x65, 0x29, 0x00, 0x45, 0x21, 0x00, 0x24, 0x21, 0x00, 0x44, 0x21, 0x00, 0x45, 0x21,
  0x00, 0x45, 0x29, 0x00, 0x45, 0x29, 0x00, 0x45, 0x29, 0x00, 0x45, 0x29, 0x00, 0x45, 0x29, 0x00,
  0x45, 0x29, 0x00, 0x65, 0x29, 0x00, 0x65, 0x29, 0x00, 0x65, 0x29, 0x00, 0x65, 0x29, 0x00, 0x65,
  0x29, 0x00, 0x65, 0x29, 0x00, 0x65, 0x29, 0x00, 0x45, 0x29, 0x00, 0x45, 0x29, 0x00, 0x45, 0x29,
  0x00, 0x45, 0x29, 0x00, 0x45, 0x29, 0x00, 0x45, 0x29, 0x00, 0x65, 0x29, 0x00, 0x65, 0x29, 0x00,
  0x65, 0x29, 0x00, 0x45, 0x29, 0x00, 0x65, 0x29, 0x00, 0x65, 0x29, 0x00, 0x45, 0x29, 0x00, 0x45,
  0x29, 0x00, 0x45, 0x29, 0x00, 0x45, 0x21, 0x00, 0x45, 0x21, 0x00, 0x25, 0x21, 0x00, 0x24, 0x21,
  0x00, 0x24, 0x21, 0x00, 0x45, 0x21, 0x00, 0x45, 0x29, 0x00, 0x45, 0x29, 0x00, 0x45, 0x21, 0x00,
  0x24, 0x21, 0x00, 0x24, 0x21, 0x00, 0x24, 0x21, 0x00, 0x24, 0x21, 0x00, 0x04, 0x19, 0x00, 0xE4,
  0x18, 0x00, 0x04, 0x19, 0x00, 0x24, 0x21, 0x00, 0x24, 0x21, 0x00, 0x24, 0x21, 0x00, 0x24, 0x21,
  0x00, 0x04, 0x21, 0x00, 0x04, 0x21, 0x00, 0x04, 0x21, 0x00, 0x04, 0x19, 0x00, 0x04, 0x19, 0x00,
  0x04, 0x19, 0x00, 0x04, 0x19, 0x00, 0x04, 0x21, 0x00, 0x04, 0x21, 0x00, 0x24, 0x21, 0x00, 0x24,
  0x21, 0x00, 0x45, 0x21, 0x00, 0x45, 0x21, 0x00, 0x25, 0x21, 0x00, 0x24, 0x21, 0x00, 0x25, 0x21,
  0x00, 0x25, 0x21, 0x00, 0x25, 0x21, 0x00, 0x24, 0x21, 0x00, 0x24, 0x21, 0x00, 0x24, 0x21, 0x00,
  0x04, 0x21, 0x00, 0x04, 0x19, 0x00, 0x24, 0x21, 0x00, 0x24, 0x21, 0x00, 0x45, 0x21, 0x00, 0xD3,
  0x94, 0x00, 0x75, 0xAD, 0x00, 0x96, 0xAD, 0x00, 0xCF, 0x73, 0x2C, 0x00, 0x00, 0xF1, 0x00, 0x00,
  0xFF, 0x20, 0x00, 0xFF, 0x41, 0x08, 0xFF, 0xE4, 0x18, 0xFF, 0xE3, 0x18, 0xFF, 0xC3, 0x18, 0xFF,
  0x62, 0x08, 0xFF, 0x86, 0x29, 0xFF, 0xAA, 0x52, 0xFF, 0x04, 0x19, 0xFF, 0x66, 0x29, 0xFF, 0x29,
  0x42, 0xFF, 0x29, 0x42, 0xFF, 0x61, 0x08, 0xFF, 0x00, 0x00, 0xFF, 0xE3, 0x18, 0xFF, 0x66, 0x29,
  0xFF, 0xC7, 0x39, 0xFF, 0xE8, 0x39, 0xFF, 0xC7, 0x39, 0xFF, 0x66, 0x29, 0xFF, 0xE4, 0x18, 0xFF,
  0x41, 0x08, 0xFF, 0x00, 0x00, 0xFF, 0x45, 0x29, 0xFF, 0x6A, 0x4A, 0xFF, 0x08, 0x42, 0xFF, 0x04,
  0x21, 0xFF, 0x86, 0x31, 0xFF, 0x08, 0x3A, 0xFF, 0xA3, 0x10, 0xFF, 0xC3, 0x10, 0xFF, 0xE3, 0x18,
  0xFF, 0xC3, 0x18, 0xFF, 0x00, 0x00, 0xFF, 0x66, 0x31, 0x75, 0xB3, 0x94, 0x00, 0x75, 0xAD, 0x00,
  0x34, 0xA5, 0x00, 0xF4, 0xA4, 0x00, 0x91, 0x8C, 0x00, 0x0F, 0x7C, 0x00, 0xD3, 0x9C, 0x00, 0xF0,
  0x7B, 0x00, 0x31, 0x84, 0x00, 0x92, 0x8C, 0x00, 0xD3, 0x9C, 0x00, 0x55, 0xAD, 0x00, 0x14, 0xA5,
  0x00, 0x14, 0xA5, 0x00, 0x34, 0xA5, 0x00, 0x55, 0xAD, 0x00, 0x18, 0xC6, 0x00, 0x75, 0xAD, 0x00,
  0xF3, 0x9C, 0x00, 0x76, 0xAD, 0x00, 0xD7, 0xBD, 0x00, 0x55, 0xA5, 0x00, 0x75, 0xAD, 0x00, 0xF7,
  0xBD, 0x00, 0x55, 0xAD, 0x00, 0x14, 0x9D, 0x00, 0x55, 0xAD, 0x00, 0x75, 0xAD, 0x00, 0x55, 0xAD,
  0x00, 0x96, 0xB5, 0x00, 0xF3, 0x9C, 0x00, 0x34, 0xA5, 0x00, 0x96, 0xB5, 0x00, 0x75, 0xAD, 0x00,
  0xBA, 0xD6, 0x00, 0xBA, 0xD6, 0x00, 0xBA, 0xD6, 0x00, 0xBA, 0xD6, 0x00, 0xBA, 0xD6, 0x00, 0xBA,
  0xD6, 0x00, 0xBA, 0xD6, 0x00, 0x9A, 0xD6, 0x00, 0x79, 0xCE, 0x00, 0x79, 0xCE, 0x00, 0x9A, 0xD6,
  0x00, 0x9A, 0xD6, 0x00, 0x59, 0xCE, 0x00, 0xF8, 0xBD, 0x00, 0x18, 0xBE, 0x00, 0x7A, 0xCE, 0x00,
  0x5D, 0xEF, 0x00, 0xFB, 0xDE, 0x00, 0x59, 0xCE, 0x00, 0x59, 0xC6, 0x00, 0x59, 0xCE, 0x00, 0x59,
  0xC6, 0x00, 0xB7, 0xB5, 0x00, 0xD7, 0xBD, 0x00, 0xBA, 0xD6, 0x00, 0x7A, 0xCE, 0x00, 0x59, 0xCE,
  0x00, 0xD7, 0xBD, 0x00, 0x96, 0xB5, 0x00, 0x55, 0xA5, 0x00, 0x34, 0xA5, 0x00, 0xF7, 0xBD, 0x00,
  0x18, 0xC6, 0x00, 0x38, 0xC6, 0x00, 0x75, 0xAD, 0x00, 0x08, 0x42, 0x89, 0x00, 0x00, 0xFF, 0xE4,
  0x18, 0xFF, 0x04, 0x19, 0xFF, 0xC3, 0x18, 0xFF, 0x82, 0x08, 0xFF, 0x66, 0x29, 0xFF, 0x8A, 0x52,
  0xFF, 0x65, 0x29, 0xFF, 0xE3, 0x18, 0xFF, 0xC7, 0x39, 0xFF, 0x49, 0x4A, 0xFF, 0x65, 0x29, 0xFF,
  0x82, 0x10, 0xFF, 0x20, 0x00, 0xFF, 0x00, 0x00, 0xFF, 0x00, 0x00, 0xFF, 0x00, 0x00, 0xFF, 0x20,
  0x00, 0xFF, 0x61, 0x08, 0xFF, 0x04, 0x21, 0xFF, 0xE7, 0x39, 0xFF, 0xA6, 0x31, 0xFF, 0xE3, 0x18,
  0xFF, 0x04, 0x21, 0xFF, 0x28, 0x42, 0xFF, 0x86, 0x29, 0xFF, 0x62, 0x08, 0xFF, 0xA3, 0x10, 0xFF,
  0xC3, 0x10, 0xFF, 0xE3, 0x18, 0xFF, 0x41, 0x08, 0xFF, 0x00, 0x00, 0xFF, 0x86, 0x31, 0xDC, 0x51,
  0x8C, 0x17, 0x96, 0xB5, 0x00, 0xDB, 0xDE, 0x00, 0x96, 0xB5, 0x00, 0x10, 0x7C, 0x00, 0x2C, 0x63,
  0x00, 0xCF, 0x7B, 0x00, 0xD3, 0x9C, 0x00, 0xF4, 0x9C, 0x00, 0x75, 0xAD, 0x00, 0xB7, 0xB5, 0x00,
  0x96, 0xAD, 0x00, 0x96, 0xAD, 0x00, 0x96, 0xAD, 0x00, 0x96, 0xAD, 0x00, 0x96, 0xAD, 0x00, 0x96,
  0xAD, 0x00, 0x96, 0xAD, 0x00, 0x97, 0xAD, 0x00, 0x97, 0xB5, 0x00, 0x97, 0xB5, 0x00, 0x96, 0xAD,
  0x00, 0x96, 0xAD, 0x00, 0x96, 0xAD, 0x00, 0x97, 0xAD, 0x00, 0x97, 0xAD, 0x00, 0x96, 0xAD, 0x00,
  0x96, 0xAD, 0x00, 0x96, 0xAD, 0x00, 0x96, 0xAD, 0x00, 0x96, 0xAD, 0x00, 0x96, 0xAD, 0x00, 0x96,
  0xAD, 0x00, 0xB7, 0xAD, 0x00, 0xB7, 0xB5, 0x00, 0xB7, 0xB5, 0x00, 0x96, 0xAD, 0x00, 0x96, 0xAD,
  0x00, 0x76, 0xAD, 0x00, 0x76, 0xAD, 0x00, 0x76, 0xAD, 0x00, 0x96, 0xAD, 0x00, 0x76, 0xAD, 0x00,
  0x76, 0xAD, 0x00, 0x76, 0xAD, 0x00, 0x76, 0xAD, 0x00, 0x76, 0xAD, 0x00, 0x76, 0xAD, 0x00, 0x96,
  0xAD, 0x00, 0x96, 0xAD, 0x00, 0x96, 0xAD, 0x00, 0x96, 0xAD, 0x00, 0x96, 0xAD, 0x00, 0x96, 0xAD,
  0x00, 0x96, 0xAD, 0x00, 0x96, 0xAD, 0x00, 0x96, 0xAD, 0x00, 0x96, 0xAD, 0x00, 0x96, 0xAD, 0x00,
  0x96, 0xAD, 0x00, 0x96, 0xAD, 0x00, 0x76, 0xAD, 0x00, 0x76, 0xAD, 0x00, 0x76, 0xAD, 0x00, 0x96,
  0xAD, 0x00, 0x96, 0xAD, 0x00, 0x76, 0xAD, 0x00, 0x76, 0xAD, 0x00, 0x96, 0xAD, 0x00, 0x96, 0xAD,
  0x00, 0x96, 0xAD, 0x00, 0x96, 0xAD, 0x00, 0x96, 0xAD, 0x00, 0x96, 0xAD, 0x00, 0x96, 0xAD, 0x00,
  0x76, 0xAD, 0x00, 0x76, 0xAD, 0x00, 0x76, 0xAD, 0x00, 0x76, 0xAD, 0x00, 0x96, 0xAD, 0x00, 0x96,
  0xAD, 0x00, 0x96, 0xAD, 0x00, 0x76, 0xAD, 0x00, 0x76, 0xAD, 0x00, 0x76, 0xAD, 0x00, 0x76, 0xAD,
  0x00, 0x76, 0xAD, 0x00, 0x76, 0xAD, 0x00, 0x76, 0xAD, 0x00, 0x76, 0xAD, 0x00, 0x76, 0xAD, 0x00,
  0x76, 0xAD, 0x00, 0x76, 0xAD, 0x00, 0x76, 0xAD, 0x00, 0x76, 0xAD, 0x00, 0x76, 0xAD, 0x00, 0x76,
  0xAD, 0x00, 0x76, 0xAD, 0x00, 0x76, 0xAD, 0x00, 0x76, 0xAD, 0x00, 0x76, 0xAD, 0x00, 0x76, 0xAD,
  0x00, 0x75, 0xA5, 0x00, 0x55, 0xA5, 0x00, 0x55, 0xA5, 0x00, 0x55, 0xA5, 0x00, 0x55, 0xA5, 0x00,
  0x55, 0xA5, 0x00, 0x55, 0xA5, 0x00, 0x55, 0xA5, 0x00, 0x55, 0xA5, 0x00, 0x55, 0xA5, 0x00, 0x55,
  0xA5, 0x00, 0x55, 0xA5, 0x00, 0x76, 0xAD, 0x00, 0x76, 0xAD, 0x00, 0x56, 0xA5, 0x00, 0x55, 0xA5,
  0x00, 0x55, 0xA5, 0x00, 0x55, 0xA5, 0x00, 0x56, 0xA5, 0x00, 0x55, 0xA5, 0x00, 0x55, 0xA5, 0x00,
  0x55, 0xA5, 0x00, 0x55, 0xA5, 0x00, 0x35, 0xA5, 0x00, 0x35, 0xA5, 0x00, 0x35, 0xA5, 0x00, 0x55,
  0xA5, 0x00, 0x55, 0xA5, 0x00, 0x55, 0xA5, 0x00, 0x55, 0xA5, 0x00, 0x35, 0xA5, 0x00, 0x55, 0xA5,
  0x00, 0x34, 0xA5, 0x00, 0xAE, 0x73, 0x00, 0xA2, 0x10, 0x49, 0x61, 0x08, 0xF8, 0x00, 0x00, 0xFF,
  0x00, 0x00, 0xFF, 0x82, 0x08, 0xFF, 0x04, 0x19, 0xFF, 0xC3, 0x18, 0xFF, 0xC3, 0x18, 0xFF, 0x62,
  0x08, 0xFF, 0x86, 0x31, 0xFF, 0xCB, 0x5A, 0xFF, 0x65, 0x29, 0xFF, 0xE4, 0x18, 0xFF, 0x08, 0x42,
  0xFF, 0x8A, 0x52, 0xFF, 0x45, 0x29, 0xFF, 0x00, 0x00, 0xFF, 0x00, 0x00, 0xFF, 0x00, 0x00, 0xFF,
  0x00, 0x00, 0xFF, 0x00, 0x00, 0xFF, 0x00, 0x00, 0xFF, 0x41, 0x08, 0xFF, 0xC3, 0x18, 0xFF, 0x08,
  0x42, 0xFF, 0x69, 0x4A, 0xFF, 0x45, 0x29, 0xFF, 0xE3, 0x18, 0xFF, 0x49, 0x4A, 0xFF, 0xE8, 0x39,
  0xFF, 0xA2, 0x08, 0xFF, 0xC3, 0x10, 0xFF, 0xC3, 0x18, 0xFF, 0xE3, 0x18, 0xFF, 0x00, 0x00, 0xFF,
  0x45, 0x29, 0xB7, 0xB2, 0x94, 0x00, 0x92, 0x94, 0x00, 0x72, 0x8C, 0x00, 0x72, 0x8C, 0x00, 0x92,
  0x94, 0x00, 0xF4, 0x9C, 0x00, 0xD3, 0x9C, 0x00, 0xF4, 0x9C, 0x00, 0x96, 0xB5, 0x00, 0xB7, 0xB5,
  0x00, 0xD7, 0xBD, 0x00, 0x18, 0xC6, 0x00, 0x18, 0xC6, 0x00, 0x79, 0xCE, 0x00, 0xFB, 0xDE, 0x00,
  0x59, 0xCE, 0x00, 0xF7, 0xBD, 0x00, 0xF7, 0xBD, 0x00, 0x79, 0xCE, 0x00, 0xDB, 0xDE, 0x00, 0xDB,
  0xD6, 0x00, 0xFC, 0xE6, 0x00, 0xFB, 0xDE, 0x00, 0x59, 0xCE, 0x00, 0x18, 0xC6, 0x00, 0x9A, 0xD6,
  0x00, 0xDB, 0xDE, 0x00, 0xFB, 0xDE, 0x00, 0x1C, 0xDF, 0x00, 0x5D, 0xEF, 0x00, 0x7D, 0xEF, 0x00,
  0x1C, 0xE7, 0x00, 0xBA, 0xD6, 0x00, 0xBB, 0xD6, 0x00, 0xBB, 0xD6, 0x00, 0xBA, 0xD6, 0x00, 0xBA,
  0xD6, 0x00, 0xBA, 0xD6, 0x00, 0xBA, 0xD6, 0x00, 0xBA, 0xD6, 0x00, 0xBA, 0xD6, 0x00, 0xBA, 0xD6,
  0x00, 0x9A, 0xD6, 0x00, 0x79, 0xCE, 0x00, 0x38, 0xC6, 0x00, 0x39, 0xC6, 0x00, 0x18, 0xC6, 0x00,
  0xF8, 0xBD, 0x00, 0xD7, 0xBD, 0x00, 0xB6, 0xB5, 0x00, 0x18, 0xC6, 0x00, 0xBA, 0xD6, 0x00, 0x79,
  0xCE, 0x00, 0x59, 0xC6, 0x00, 0x18, 0xC6, 0x00, 0xF7, 0xBD, 0x00, 0xD7, 0xB5, 0x00, 0x96, 0xAD,
  0x00, 0x76, 0xAD, 0x00, 0x18, 0xC6, 0x00, 0xF7, 0xBD, 0x00, 0xD7, 0xB5, 0x00, 0xB7, 0xB5, 0x00,
  0xB6, 0xB5, 0x00, 0x55, 0xAD, 0x00, 0x14, 0x9D, 0x00, 0xF4, 0x9C, 0x00, 0x34, 0xA5, 0x00, 0x75,
  0xAD, 0x00, 0x79, 0xCE, 0x00, 0xD7, 0xBD, 0x00, 0xE3, 0x18, 0xA6, 0x00, 0x00, 0xFF, 0xE4, 0x18,
  0xFF, 0xE4, 0x18, 0xFF, 0xC3, 0x18, 0xFF, 0x62, 0x08, 0xFF, 0xC3, 0x10, 0xFF, 0x6A, 0x4A, 0xFF,
  0x28, 0x42, 0xFF, 0x24, 0x21, 0xFF, 0x24, 0x21, 0xFF, 0x86, 0x31, 0xFF, 0xE7, 0x39, 0xFF, 0xC7,
  0x39, 0xFF, 0x86, 0x31, 0xFF, 0x65, 0x29, 0xFF, 0x65, 0x29, 0xFF, 0x86, 0x31, 0xFF, 0xA7, 0x31,
  0xFF, 0x86, 0x29, 0xFF, 0x25, 0x21, 0xFF, 0x24, 0x21, 0xFF, 0xE7, 0x39, 0xFF, 0x49, 0x42, 0xFF,
  0xE3, 0x18, 0xFF, 0x62, 0x08, 0xFF, 0xC3, 0x10, 0xFF, 0xC3, 0x10, 0xFF, 0xC3, 0x18, 0xFF, 0x61,
  0x08, 0xFF, 0x00, 0x00, 0xFF, 0x00, 0x00, 0xC2, 0x4D, 0x6B, 0x18, 0xFF, 0xFF, 0x00, 0xDB, 0xDE,
  0x00, 0xD7, 0xB5, 0x00, 0x76, 0xAD, 0x00, 0xB7, 0xB5, 0x00, 0xF4, 0x9C, 0x00, 0xF3, 0x9C, 0x00,
  0x55, 0xA5, 0x00, 0x96, 0xAD, 0x00, 0xB7, 0xB5, 0x00, 0xB7, 0xAD, 0x00, 0x96, 0xAD, 0x00, 0x96,
  0xAD, 0x00, 0x96, 0xAD, 0x00, 0x96, 0xAD, 0x00, 0x96, 0xAD, 0x00, 0x96, 0xAD, 0x00, 0x96, 0xAD,
  0x00, 0xB7, 0xB5, 0x00, 0xB7, 0xB5, 0x00, 0xB7, 0xB5, 0x00, 0xB7, 0xB5, 0x00, 0xB7, 0xB5, 0x00,
  0xB7, 0xB5, 0x00, 0xB7, 0xB5, 0x00, 0xB7, 0xB5, 0x00, 0x96, 0xAD, 0x00, 0x96, 0xAD, 0x00, 0x96,
  0xAD, 0x00, 0x97, 0xAD, 0x00, 0x97, 0xAD, 0x00, 0x96, 0xAD, 0x00, 0xB6, 0xAD, 0x00, 0xB7, 0xB5,
  0x00, 0xB7, 0xB5, 0x00, 0xB7, 0xB5, 0x00, 0xB6, 0xAD, 0x00, 0x96, 0xAD, 0x00, 0x76, 0xAD, 0x00,
  0x76, 0xAD, 0x00, 0x76, 0xAD, 0x00, 0x96, 0xAD, 0x00, 0x76, 0xAD, 0x00, 0x76, 0xAD, 0x00, 0x76,
  0xAD, 0x00, 0x76, 0xAD, 0x00, 0x76, 0xAD, 0x00, 0x76, 0xAD, 0x00, 0x96, 0xAD, 0x00, 0x96, 0xAD,
  0x00, 0x96, 0xAD, 0x00, 0x96, 0xAD, 0x00, 0x96, 0xAD, 0x00, 0x96, 0xAD, 0x00, 0x96, 0xAD, 0x00,
  0x96, 0xAD, 0x00, 0x96, 0xAD, 0x00, 0x96, 0xAD, 0x00, 0x96, 0xAD, 0x00, 0x96, 0xAD, 0x00, 0x96,
  0xAD, 0x00, 0x76, 0xAD, 0x00, 0x76, 0xAD, 0x00, 0x76, 0xAD, 0x00, 0x96, 0xAD, 0x00, 0x96, 0xAD,
  0x00, 0x76, 0xAD, 0x00, 0x76, 0xAD, 0x00, 0x96, 0xAD, 0x00, 0x96, 0xAD, 0x00, 0x96, 0xAD, 0x00,
  0x96, 0xAD, 0x00, 0x96, 0xAD, 0x00, 0x96, 0xAD, 0x00, 0x96, 0xAD, 0x00, 0x76, 0xAD, 0x00, 0x76,
  0xAD, 0x00, 0x76, 0xAD, 0x00, 0x76, 0xAD, 0x00, 0x96, 0xAD, 0x00, 0x96, 0xAD, 0x00, 0x96, 0xAD,
  0x00, 0x76, 0xAD, 0x00, 0x76, 0xAD, 0x00, 0x76, 0xAD, 0x00, 0x76, 0xAD, 0x00, 0x76, 0xAD, 0x00,
  0x76, 0xAD, 0x00, 0x76, 0xAD, 0x00, 0x76, 0xAD, 0x00, 0x76, 0xAD, 0x00, 0x76, 0xAD, 0x00, 0x76,
  0xAD, 0x00, 0x76, 0xAD, 0x00, 0x76, 0xAD, 0x00, 0x76, 0xAD, 0x00, 0x76, 0xAD, 0x00, 0x76, 0xAD,
  0x00, 0x76, 0xAD, 0x00, 0x76, 0xAD, 0x00, 0x76, 0xAD, 0x00, 0x76, 0xAD, 0x00, 0x76, 0xA5, 0x00,
  0x56, 0xA5, 0x00, 0x56, 0xA5, 0x00, 0x55, 0xA5, 0x00, 0x55, 0xA5, 0x00, 0x76, 0xA5, 0x00, 0x76,
  0xA5, 0x00, 0x76, 0xA5, 0x00, 0x56, 0xA5, 0x00, 0x56, 0xA5, 0x00, 0x56, 0xA5, 0x00, 0x76, 0xA5,
  0x00, 0x76, 0xAD, 0x00, 0x76, 0xAD, 0x00, 0x56, 0xA5, 0x00, 0x55, 0xA5, 0x00, 0x55, 0xA5, 0x00,
  0x56, 0xA5, 0x00, 0x56, 0xA5, 0x00, 0x55, 0xA5, 0x00, 0x55, 0xA5, 0x00, 0x55, 0xA5, 0x00, 0x55,
  0xA5, 0x00, 0x35, 0xA5, 0x00, 0x35, 0xA5, 0x00, 0x35, 0xA5, 0x00, 0x55, 0xA5, 0x00, 0x55, 0xA5,
  0x00, 0x55, 0xA5, 0x00, 0x55, 0xA5, 0x00, 0x35, 0xA5, 0x00, 0x35, 0xA5, 0x00, 0x96, 0xAD, 0x00,
  0x10, 0x7C, 0x00, 0x45, 0x29, 0x00, 0x85, 0x31, 0x43, 0x00, 0x00, 0xF4, 0x00, 0x00, 0xFF, 0x00,
  0x00, 0xFF, 0x82, 0x08, 0xFF, 0xE4, 0x18, 0xFF, 0xC3, 0x18, 0xFF, 0xE3, 0x18, 0xFF, 0x82, 0x08,
  0xFF, 0xC3, 0x10, 0xFF, 0x29, 0x42, 0xFF, 0xC7, 0x31, 0xFF, 0x24, 0x21, 0xFF, 0x65, 0x29, 0xFF,
  0xE7, 0x39, 0xFF, 0xE7, 0x39, 0xFF, 0xA6, 0x31, 0xFF, 0x65, 0x29, 0xFF, 0x65, 0x29, 0xFF, 0x86,
  0x31, 0xFF, 0x86, 0x31, 0xFF, 0x86, 0x31, 0xFF, 0xC7, 0x39, 0xFF, 0x65, 0x29, 0xFF, 0xE3, 0x18,
  0xFF, 0x86, 0x31, 0xFF, 0x69, 0x4A, 0xFF, 0x45, 0x29, 0xFF, 0x62, 0x08, 0xFF, 0xC3, 0x18, 0xFF,
  0xC3, 0x18, 0xFF, 0xE3, 0x18, 0xFF, 0x00, 0x00, 0xFF, 0xC3, 0x18, 0xD8, 0x51, 0x8C, 0x11, 0xD3,
  0x9C, 0x00, 0x72, 0x8C, 0x00, 0x72, 0x8C, 0x00, 0xB2, 0x94, 0x00, 0xD3, 0x9C, 0x00, 0xF3, 0x9C,
  0x00, 0xF3, 0x9C, 0x00, 0xD3, 0x9C, 0x00, 0x14, 0xA5, 0x00, 0x35, 0xA5, 0x00, 0x75, 0xAD, 0x00,
  0xB6, 0xB5, 0x00, 0xD7, 0xBD, 0x00, 0x18, 0xBE, 0x00, 0x59, 0xC6, 0x00, 0xF7, 0xBD, 0x00, 0xB6,
  0xB5, 0x00, 0xF8, 0xBD, 0x00, 0x18, 0xC6, 0x00, 0x38, 0xC6, 0x00, 0x59, 0xCE, 0x00, 0x9A, 0xD6,
  0x00, 0x59, 0xCE, 0x00, 0x18, 0xC6, 0x00, 0x18, 0xC6, 0x00, 0x39, 0xC6, 0x00, 0x59, 0xCE, 0x00,
  0x79, 0xCE, 0x00, 0x9A, 0xCE, 0x00, 0xBA, 0xD6, 0x00, 0xBB, 0xD6, 0x00, 0xBB, 0xD6, 0x00, 0xBB,
  0xD6, 0x00, 0xBB, 0xD6, 0x00, 0xBB, 0xD6, 0x00, 0xBA, 0xD6, 0x00, 0xBA, 0xD6, 0x00, 0xBA, 0xD6,
  0x00, 0xBA, 0xD6, 0x00, 0xBA, 0xD6, 0x00, 0xBA, 0xD6, 0x00, 0xBA, 0xD6, 0x00, 0x9A, 0xD6, 0x00,
  0x79, 0xCE, 0x00, 0x38, 0xC6, 0x00, 0x39, 0xC6, 0x00, 0x18, 0xC6, 0x00, 0xF8, 0xBD, 0x00, 0xD7,
  0xBD, 0x00, 0xB6, 0xB5, 0x00, 0x18, 0xC6, 0x00, 0xBA, 0xD6, 0x00, 0x79, 0xCE, 0x00, 0x59, 0xC6,
  0x00, 0x18, 0xC6, 0x00, 0xF7, 0xBD, 0x00, 0xD7, 0xB5, 0x00, 0x96, 0xAD, 0x00, 0x76, 0xAD, 0x00,
  0x18, 0xC6, 0x00, 0xF7, 0xBD, 0x00, 0xD7, 0xB5, 0x00, 0xB6, 0xB5, 0x00, 0x96, 0xB5, 0x00, 0x55,
  0xAD, 0x00, 0x14, 0xA5, 0x00, 0xF4, 0x9C, 0x00, 0xF3, 0x9C, 0x00, 0xF3, 0x9C, 0x00, 0x75, 0xAD,
  0x00, 0x55, 0xAD, 0x00, 0xEB, 0x5A, 0x05, 0x40, 0x00, 0xB5, 0x00, 0x00, 0xFF, 0xE3, 0x18, 0xFF,
  0xE4, 0x18, 0xFF, 0xC3, 0x18, 0xFF, 0x82, 0x10, 0xFF, 0x62, 0x08, 0xFF, 0x66, 0x29, 0xFF, 0x29,
  0x42, 0xFF, 0x28, 0x42, 0xFF, 0xE7, 0x39, 0xFF, 0x65, 0x29, 0xFF, 0x24, 0x21, 0xFF, 0x24, 0x21,
  0xFF, 0x04, 0x21, 0xFF, 0x24, 0x21, 0xFF, 0x24, 0x21, 0xFF, 0x45, 0x29, 0xFF, 0xC7, 0x39, 0xFF,
  0x49, 0x42, 0xFF, 0x29, 0x42, 0xFF, 0x66, 0x29, 0xFF, 0x82, 0x08, 0xFF, 0x82, 0x08, 0xFF, 0xC3,
  0x10, 0xFF, 0xA3, 0x10, 0xFF, 0xA3, 0x10, 0xFF, 0x00, 0x00, 0xFF, 0x00, 0x00, 0xFF, 0x65, 0x31,
  0xB4, 0x08, 0x42, 0x09, 0x10, 0x84, 0x00, 0x7A, 0xCE, 0x00, 0x76, 0xAD, 0x00, 0x35, 0xA5, 0x00,
  0x55, 0xA5, 0x00, 0x55, 0xA5, 0x00, 0x96, 0xAD, 0x00, 0x96, 0xAD, 0x00, 0x96, 0xAD, 0x00, 0x76,
  0xAD, 0x00, 0x96, 0xAD, 0x00, 0x96, 0xAD, 0x00, 0x96, 0xAD, 0x00, 0x96, 0xAD, 0x00, 0x96, 0xAD,
  0x00, 0x76, 0xAD, 0x00, 0x76, 0xAD, 0x00, 0x76, 0xAD, 0x00, 0x96, 0xAD, 0x00, 0x96, 0xAD, 0x00,
  0x96, 0xAD, 0x00, 0x96, 0xAD, 0x00, 0x96, 0xAD, 0x00, 0x96, 0xAD, 0x00, 0x96, 0xAD, 0x00, 0x96,
  0xAD, 0x00, 0x96, 0xAD, 0x00, 0x96, 0xAD, 0x00, 0x76, 0xAD, 0x00, 0x76, 0xAD, 0x00, 0x96, 0xAD,
  0x00, 0x96, 0xAD, 0x00, 0x96, 0xAD, 0x00, 0x96, 0xAD, 0x00, 0x96, 0xAD, 0x00, 0x96, 0xAD, 0x00,
  0x96, 0xAD, 0x00, 0x96, 0xAD, 0x00, 0x96, 0xAD, 0x00, 0x76, 0xAD, 0x00, 0x76, 0xAD, 0x00, 0x76,
  0xAD, 0x00, 0x96, 0xAD, 0x00, 0x76, 0xAD, 0x00, 0x76, 0xAD, 0x00, 0x76, 0xAD, 0x00, 0x76, 0xAD,
  0x00, 0x76, 0xAD, 0x00, 0x76, 0xAD, 0x00, 0x76, 0xAD, 0x00, 0x96, 0xAD, 0x00, 0x96, 0xAD, 0x00,
  0x76, 0xAD, 0x00, 0x76, 0xAD, 0x00, 0x76, 0xAD, 0x00, 0x76, 0xAD, 0x00, 0x96, 0xAD, 0x00, 0x96,
  0xAD, 0x00, 0x96, 0xAD, 0x00, 0x76, 0xAD, 0x00, 0x96, 0xAD, 0x00, 0x76, 0xAD, 0x00, 0x76, 0xAD,
  0x00, 0x76, 0xAD, 0x00, 0x76, 0xAD, 0x00, 0x76, 0xAD, 0x00, 0x76, 0xAD, 0x00, 0x76, 0xAD, 0x00,
  0x76, 0xAD, 0x00, 0x76, 0xAD, 0x00, 0x76, 0xAD, 0x00, 0x76, 0xAD, 0x00, 0x76, 0xAD, 0x00, 0x76,
  0xAD, 0x00, 0x76, 0xAD, 0x00, 0x76, 0xAD, 0x00, 0x76, 0xAD, 0x00, 0x76, 0xA5, 0x00, 0x76, 0xA5,
  0x00, 0x76, 0xAD, 0x00, 0x76, 0xAD, 0x00, 0x76, 0xAD, 0x00, 0x76, 0xAD, 0x00, 0x76, 0xAD, 0x00,
  0x76, 0xAD, 0x00, 0x76, 0xA5, 0x00, 0x76, 0xA5, 0x00, 0x76, 0xA5, 0x00, 0x76, 0xAD, 0x00, 0x76,
  0xAD, 0x00, 0x55, 0xA5, 0x00, 0x55, 0xA5, 0x00, 0x55, 0xA5, 0x00, 0x55, 0xA5, 0x00, 0x55, 0xA5,
  0x00, 0x76, 0xAD, 0x00, 0x76, 0xAD, 0x00, 0x76, 0xAD, 0x00, 0x76, 0xAD, 0x00, 0x76, 0xAD, 0x00,
  0x76, 0xAD, 0x00, 0x76, 0xAD, 0x00, 0x55, 0xA5, 0x00, 0x55, 0xA5, 0x00, 0x55, 0xA5, 0x00, 0x55,
  0xA5, 0x00, 0x55, 0xA5, 0x00, 0x55, 0xA5, 0x00, 0x55, 0xA5, 0x00, 0x55, 0xA5, 0x00, 0x55, 0xA5,
  0x00, 0x55, 0xA5, 0x00, 0x55, 0xA5, 0x00, 0x55, 0xA5, 0x00, 0x55, 0xA5, 0x00, 0x55, 0xA5, 0x00,
  0x55, 0xA5, 0x00, 0x55, 0xA5, 0x00, 0x55, 0xA5, 0x00, 0x55, 0xA5, 0x00, 0x55, 0xA5, 0x00, 0x55,
  0xA5, 0x00, 0x55, 0xA5, 0x00, 0x35, 0xA5, 0x00, 0x35, 0xA5, 0x00, 0x35, 0xA5, 0x00, 0x35, 0xA5,
  0x00, 0x35, 0xA5, 0x00, 0x35, 0xA5, 0x00, 0x35, 0xA5, 0x00, 0x35, 0xA5, 0x00, 0x35, 0xA5, 0x00,
  0x35, 0xA5, 0x00, 0x35, 0xA5, 0x00, 0x35, 0xA5, 0x00, 0x55, 0xA5, 0x00, 0x76, 0xAD, 0x00, 0x14,
  0x9D, 0x00, 0xEB, 0x5A, 0x00, 0xA6, 0x31, 0x36, 0x04, 0x21, 0xDB, 0x00, 0x00, 0xFF, 0x00, 0x00,
  0xFF, 0x82, 0x08, 0xFF, 0xE4, 0x18, 0xFF, 0xC3, 0x18, 0xFF, 0xC3, 0x18, 0xFF, 0x82, 0x10, 0xFF,
  0x62, 0x08, 0xFF, 0x45, 0x29, 0xFF, 0x28, 0x42, 0xFF, 0x28, 0x42, 0xFF, 0xA7, 0x31, 0xFF, 0x65,
  0x29, 0xFF, 0x65, 0x29, 0xFF, 0x65, 0x29, 0xFF, 0x65, 0x29, 0xFF, 0x65, 0x29, 0xFF, 0x65, 0x29,
  0xFF, 0x65, 0x29, 0xFF, 0xA6, 0x31, 0xFF, 0xC7, 0x39, 0xFF, 0x08, 0x3A, 0xFF, 0xA7, 0x31, 0xFF,
  0xC3, 0x10, 0xFF, 0x82, 0x08, 0xFF, 0xC3, 0x10, 0xFF, 0xC3, 0x18, 0xFF, 0xC3, 0x18, 0xFF, 0x00,
  0x00, 0xFF, 0x82, 0x10, 0xD9, 0x2C, 0x63, 0x22, 0x31, 0x8C, 0x00, 0x71, 0x8C, 0x00, 0x92, 0x8C,
  0x00, 0x92, 0x94, 0x00, 0xB2, 0x94, 0x00, 0xD3, 0x9C, 0x00, 0xF4, 0x9C, 0x00, 0xD3, 0x9C, 0x00,
  0xD3, 0x9C, 0x00, 0x14, 0xA5, 0x00, 0x35, 0xA5, 0x00, 0x75, 0xAD, 0x00, 0xB6, 0xB5, 0x00, 0xD7,
  0xBD, 0x00, 0x18, 0xBE, 0x00, 0x59, 0xC6, 0x00, 0xF7, 0xBD, 0x00, 0xB6, 0xB5, 0x00, 0xF8, 0xBD,
  0x00, 0x18, 0xC6, 0x00, 0x38, 0xC6, 0x00, 0x59, 0xCE, 0x00, 0x9A, 0xD6, 0x00, 0x59, 0xCE, 0x00,
  0x18, 0xC6, 0x00, 0x18, 0xC6, 0x00, 0x39, 0xC6, 0x00, 0x59, 0xCE, 0x00, 0x79, 0xCE, 0x00, 0x9A,
  0xCE, 0x00, 0xBA, 0xD6, 0x00, 0xBB, 0xD6, 0x00, 0xBA, 0xD6, 0x00, 0xBA, 0xD6, 0x00, 0xBA, 0xD6,
  0x00, 0xBA, 0xD6, 0x00, 0xBA, 0xD6, 0x00, 0xBA, 0xD6, 0x00, 0xBA, 0xD6, 0x00, 0xBA, 0xD6, 0x00,
  0xBA, 0xD6, 0x00, 0xBA, 0xD6, 0x00, 0xBA, 0xD6, 0x00, 0x9A, 0xD6, 0x00, 0x79, 0xCE, 0x00, 0x38,
  0xC6, 0x00, 0x39, 0xC6, 0x00, 0x18, 0xC6, 0x00, 0xF8, 0xBD, 0x00, 0xD7, 0xBD, 0x00, 0xB6, 0xB5,
  0x00, 0x18, 0xC6, 0x00, 0xBA, 0xD6, 0x00, 0x79, 0xCE, 0x00, 0x59, 0xC6, 0x00, 0x18, 0xC6, 0x00,
  0xF7, 0xBD, 0x00, 0xD7, 0xB5, 0x00, 0x96, 0xAD, 0x00, 0x76, 0xAD, 0x00, 0x18, 0xC6, 0x00, 0xF7,
  0xBD, 0x00, 0xD7, 0xB5, 0x00, 0xB6, 0xB5, 0x00, 0x96, 0xB5, 0x00, 0x55, 0xAD, 0x00, 0x14, 0xA5,
  0x00, 0x14, 0x9D, 0x00, 0xF4, 0x9C, 0x00, 0xF3, 0x9C, 0x00, 0xD3, 0x9C, 0x00, 0x72, 0x8C, 0x00,
  0xEF, 0x7B, 0x00, 0xA6, 0x31, 0x00, 0x41, 0x08, 0xA8, 0x00, 0x00, 0xFF, 0xA2, 0x10, 0xFF, 0xE4,
  0x18, 0xFF, 0xC3, 0x18, 0xFF, 0xC3, 0x18, 0xFF, 0x82, 0x10, 0xFF, 0x62, 0x08, 0xFF, 0x04, 0x21,
  0xFF, 0xC7, 0x39, 0xFF, 0x29, 0x42, 0xFF, 0x28, 0x42, 0xFF, 0x08, 0x42, 0xFF, 0x28, 0x42, 0xFF,
  0x28, 0x42, 0xFF, 0x29, 0x42, 0xFF, 0x29, 0x42, 0xFF, 0xC7, 0x39, 0xFF, 0x24, 0x21, 0xFF, 0x82,
  0x08, 0xFF, 0x82, 0x10, 0xFF, 0xA3, 0x10, 0xFF, 0xC3, 0x10, 0xFF, 0xC3, 0x10, 0xFF, 0x82, 0x10,
  0xFF, 0x00, 0x00, 0xFF, 0xC3, 0x18, 0xD6, 0xAE, 0x73, 0x47, 0x14, 0xA5, 0x00, 0xD8, 0xB5, 0x00,
  0x59, 0xC6, 0x00, 0xB7, 0xB5, 0x00, 0xB7, 0xB5, 0x00, 0xB7, 0xB5, 0x00, 0x96, 0xAD, 0x00, 0x96,
  0xAD, 0x00, 0x96, 0xAD, 0x00, 0x96, 0xAD, 0x00, 0xB6, 0xAD, 0x00, 0xB7, 0xB5, 0x00, 0xB7, 0xB5,
  0x00, 0xB7, 0xB5, 0x00, 0xB7, 0xB5, 0x00, 0xB7, 0xB5, 0x00, 0xB7, 0xB5, 0x00, 0xB7, 0xB5, 0x00,
  0xB7, 0xB5, 0x00, 0xB7, 0xB5, 0x00, 0xB7, 0xB5, 0x00, 0xB7, 0xB5, 0x00, 0xB7, 0xB5, 0x00, 0xB7,
  0xB5, 0x00, 0xB7, 0xB5, 0x00, 0xB7, 0xB5, 0x00, 0xB7, 0xB5, 0x00, 0xB7, 0xB5, 0x00, 0xB7, 0xB5,
  0x00, 0xB7, 0xB5, 0x00, 0xB7, 0xB5, 0x00, 0xB7, 0xB5, 0x00, 0xB7, 0xB5, 0x00, 0xB7, 0xB5, 0x00,
  0xB7, 0xB5, 0x00, 0xB7, 0xB5, 0x00, 0xB7, 0xB5, 0x00, 0xD7, 0xB5, 0x00, 0xD7, 0xB5, 0x00, 0xB7,
  0xB5, 0x00, 0xB7, 0xB5, 0x00, 0xB7, 0xB5, 0x00, 0xB7, 0xB5, 0x00, 0xB7, 0xB5, 0x00, 0xB7, 0xB5,
  0x00, 0xB7, 0xAD, 0x00, 0xB6, 0xAD, 0x00, 0x96, 0xAD, 0x00, 0x96, 0xAD, 0x00, 0x96, 0xAD, 0x00,
  0x96, 0xAD, 0x00, 0xB6, 0xB5, 0x00, 0xB7, 0xB5, 0x00, 0xB7, 0xB5, 0x00, 0xB7, 0xB5, 0x00, 0x97,
  0xAD, 0x00, 0xB7, 0xAD, 0x00, 0xB7, 0xB5, 0x00, 0xB7, 0xB5, 0x00, 0xB7, 0xB5, 0x00, 0xB7, 0xB5,
  0x00, 0xB7, 0xB5, 0x00, 0xB7, 0xB5, 0x00, 0xB7, 0xAD, 0x00, 0x96, 0xAD, 0x00, 0x96, 0xAD, 0x00,
  0x96, 0xAD, 0x00, 0x96, 0xAD, 0x00, 0x96, 0xAD, 0x00, 0x96, 0xAD, 0x00, 0x96, 0xAD, 0x00, 0x96,
  0xAD, 0x00, 0xB6, 0xAD, 0x00, 0x97, 0xAD, 0x00, 0x97, 0xAD, 0x00, 0xB6, 0xAD, 0x00, 0xB6, 0xAD,
  0x00, 0x96, 0xAD, 0x00, 0x96, 0xAD, 0x00, 0x96, 0xAD, 0x00, 0x96, 0xAD, 0x00, 0x96, 0xAD, 0x00,
  0x96, 0xAD, 0x00, 0xB6, 0xAD, 0x00, 0x96, 0xAD, 0x00, 0x96, 0xAD, 0x00, 0x96, 0xAD, 0x00, 0x96,
  0xAD, 0x00, 0x96, 0xAD, 0x00, 0x96, 0xAD, 0x00, 0x96, 0xAD, 0x00, 0x96, 0xAD, 0x00, 0x96, 0xAD,
  0x00, 0x96, 0xAD, 0x00, 0x76, 0xAD, 0x00, 0x76, 0xAD, 0x00, 0x96, 0xAD, 0x00, 0x96, 0xAD, 0x00,
  0x96, 0xAD, 0x00, 0x96, 0xAD, 0x00, 0x96, 0xAD, 0x00, 0x96, 0xAD, 0x00, 0x96, 0xAD, 0x00, 0x96,
  0xAD, 0x00, 0x96, 0xAD, 0x00, 0x76, 0xAD, 0x00, 0x76, 0xAD, 0x00, 0x76, 0xAD, 0x00, 0x76, 0xAD,
  0x00, 0x76, 0xAD, 0x00, 0x76, 0xAD, 0x00, 0x76, 0xAD, 0x00, 0x76, 0xAD, 0x00, 0x76, 0xAD, 0x00,
  0x76, 0xAD, 0x00, 0x76, 0xAD, 0x00, 0x76, 0xAD, 0x00, 0x76, 0xAD, 0x00, 0x76, 0xAD, 0x00, 0x76,
  0xAD, 0x00, 0x76, 0xAD, 0x00, 0x75, 0xAD, 0x00, 0x76, 0xAD, 0x00, 0x76, 0xAD, 0x00, 0x76, 0xAD,
  0x00, 0x75, 0xA5, 0x00, 0x75, 0xA5, 0x00, 0x55, 0xA5, 0x00, 0x55, 0xA5, 0x00, 0x55, 0xA5, 0x00,
  0x55, 0xA5, 0x00, 0x56, 0xA5, 0x00, 0x76, 0xA5, 0x00, 0x76, 0xA5, 0x00, 0x56, 0xA5, 0x00, 0x55,
  0xA5, 0x00, 0x55, 0xA5, 0x00, 0x76, 0xAD, 0x00, 0x96, 0xAD, 0x00, 0x96, 0xAD, 0x00, 0xD7, 0xB5,
  0x00, 0x14, 0x9D, 0x00, 0x14, 0x9D, 0x04, 0xCB, 0x5A, 0x71, 0x41, 0x08, 0xF0, 0x00, 0x00, 0xFF,
  0x20, 0x00, 0xFF, 0xC3, 0x10, 0xFF, 0xE3, 0x18, 0xFF, 0xC3, 0x18, 0xFF, 0xC3, 0x10, 0xFF, 0x82,
  0x10, 0xFF, 0x62, 0x08, 0xFF, 0x04, 0x21, 0xFF, 0xC7, 0x31, 0xFF, 0x08, 0x42, 0xFF, 0x28, 0x42,
  0xFF, 0x28, 0x42, 0xFF, 0x28, 0x42, 0xFF, 0x08, 0x42, 0xFF, 0x28, 0x42, 0xFF, 0x08, 0x42, 0xFF,
  0xA7, 0x31, 0xFF, 0x45, 0x21, 0xFF, 0xA3, 0x10, 0xFF, 0x82, 0x10, 0xFF, 0xC3, 0x18, 0xFF, 0xC3,
  0x18, 0xFF, 0xE3, 0x18, 0xFF, 0xA2, 0x10, 0xFF, 0x00, 0x00, 0xFF, 0xA2, 0x10, 0xB7, 0xCB, 0x5A,
  0x06, 0xCF, 0x7B, 0x00, 0x30, 0x84, 0x00, 0x51, 0x8C, 0x00, 0x92, 0x8C, 0x00, 0x92, 0x94, 0x00,
  0xB2, 0x94, 0x00, 0xD3, 0x9C, 0x00, 0xF4, 0x9C, 0x00, 0xD3, 0x9C, 0x00, 0xD3, 0x9C, 0x00, 0x14,
  0xA5, 0x00, 0x35, 0xA5, 0x00, 0x75, 0xAD, 0x00, 0xB6, 0xB5, 0x00, 0xD7, 0xBD, 0x00, 0x18, 0xBE,
  0x00, 0x59, 0xC6, 0x00, 0xF7, 0xBD, 0x00, 0xB6, 0xB5, 0x00, 0xF8, 0xBD, 0x00, 0x18, 0xC6, 0x00,
  0x38, 0xC6, 0x00, 0x59, 0xCE, 0x00, 0x9A, 0xD6, 0x00, 0x59, 0xCE, 0x00, 0x18, 0xC6, 0x00, 0x18,
  0xC6, 0x00, 0x39, 0xC6, 0x00, 0x59, 0xCE, 0x00, 0x79, 0xCE, 0x00, 0x9A, 0xCE, 0x00, 0xBA, 0xD6,
  0x00, 0xBB, 0xD6, 0x00, 0xBA, 0xD6, 0x00, 0xBA, 0xD6, 0x00, 0xBA, 0xD6, 0x00, 0xBA, 0xD6, 0x00,
  0xBA, 0xD6, 0x00, 0xBA, 0xD6, 0x00, 0xBA, 0xD6, 0x00, 0xBA, 0xD6, 0x00, 0xBA, 0xD6, 0x00, 0xBA,
  0xD6, 0x00, 0xBA, 0xD6, 0x00, 0x9A, 0xD6, 0x00, 0x79, 0xCE, 0x00, 0x38, 0xC6, 0x00, 0x39, 0xC6,
  0x00, 0x18, 0xC6, 0x00, 0xF8, 0xBD, 0x00, 0xD7, 0xBD, 0x00, 0xB6, 0xB5, 0x00, 0x38, 0xC6, 0x00,
  0xFB, 0xDE, 0x00, 0xBA, 0xD6, 0x00, 0x79, 0xCE, 0x00, 0x39, 0xC6, 0x00, 0x18, 0xC6, 0x00, 0xF7,
  0xBD, 0x00, 0xB6, 0xB5, 0x00, 0xB6, 0xB5, 0x00, 0x59, 0xCE, 0x00, 0x39, 0xC6, 0x00, 0x18, 0xBE,
  0x00, 0xF8, 0xBD, 0x00, 0xD7, 0xBD, 0x00, 0x96, 0xB5, 0x00, 0x55, 0xAD, 0x00, 0x35, 0xA5, 0x00,
  0x34, 0xA5, 0x00, 0x34, 0xA5, 0x00, 0x14, 0x9D, 0x00, 0xD3, 0x9C, 0x12, 0xB3, 0x94, 0x2B, 0x71,
  0x8C, 0x19, 0xF3, 0x9C, 0x00, 0xC7, 0x39, 0x94, 0x00, 0x00, 0xFF, 0x41, 0x08, 0xFF, 0xE3, 0x18,
  0xFF, 0xE3, 0x18, 0xFF, 0xC3, 0x18, 0xFF, 0xC3, 0x18, 0xFF, 0xA2, 0x10, 0xFF, 0x62, 0x08, 0xFF,
  0xA2, 0x10, 0xFF, 0xC3, 0x18, 0xFF, 0x04, 0x19, 0xFF, 0x04, 0x19, 0xFF, 0xE4, 0x18, 0xFF, 0xC3,
  0x18, 0xFF, 0xA3, 0x10, 0xFF, 0x82, 0x08, 0xFF, 0x82, 0x10, 0xFF, 0xC3, 0x18, 0xFF, 0xC3, 0x10,
  0xFF, 0xC3, 0x10, 0xFF, 0xC3, 0x10, 0xFF, 0x41, 0x08, 0xFF, 0x00, 0x00, 0xFF, 0x24, 0x21, 0xFF,
  0x35, 0xA5, 0xA7, 0xD7, 0xB5, 0x38, 0x55, 0xA5, 0x69, 0x55, 0xA5, 0x73, 0x35, 0xA5, 0x70, 0x35,
  0xA5, 0x70, 0x35, 0x9D, 0x71, 0x14, 0x9D, 0x72, 0xF4, 0x9C, 0x72, 0xF4, 0x9C, 0x73, 0xF4, 0x9C,
  0x73, 0x14, 0x9D, 0x73, 0x14, 0x9D, 0x72, 0x14, 0x9D, 0x72, 0x35, 0xA5, 0x71, 0x35, 0xA5, 0x71,
  0x34, 0x9D, 0x71, 0x35, 0xA5, 0x71, 0x35, 0xA5, 0x71, 0x15, 0x9D, 0x72, 0x15, 0x9D, 0x72, 0x15,
  0x9D, 0x72, 0x35, 0x9D, 0x71, 0x35, 0xA5, 0x71, 0x35, 0xA5, 0x71, 0x35, 0xA5, 0x71, 0x35, 0xA5,
  0x71, 0x35, 0xA5, 0x71, 0x35, 0xA5, 0x71, 0x35, 0xA5, 0x71, 0x35, 0xA5, 0x71, 0x35, 0xA5, 0x71,
  0x35, 0x9D, 0x72, 0x35, 0x9D, 0x71, 0x35, 0xA5, 0x71, 0x35, 0xA5, 0x71, 0x35, 0xA5, 0x71, 0x35,
  0xA5, 0x71, 0x35, 0xA5, 0x71, 0x55, 0xA5, 0x71, 0x55, 0xA5, 0x71, 0x35, 0xA5, 0x71, 0x35, 0xA5,
  0x72, 0x35, 0xA5, 0x72, 0x35, 0xA5, 0x72, 0x35, 0xA5, 0x72, 0x35, 0x9D, 0x72, 0x35, 0x9D, 0x72,
  0x35, 0x9D, 0x72, 0x15, 0x9D, 0x73, 0x14, 0x9D, 0x73, 0x14, 0x9D, 0x73, 0x14, 0x9D, 0x73, 0x35,
  0x9D, 0x72, 0x35, 0xA5, 0x71, 0x35, 0xA5, 0x71, 0x35, 0x9D, 0x72, 0x15, 0x9D, 0x72, 0x35, 0x9D,
  0x72, 0x35, 0xA5, 0x72, 0x35, 0xA5, 0x72, 0x35, 0x9D, 0x72, 0x35, 0xA5, 0x72, 0x35, 0xA5, 0x72,
  0x35, 0x9D, 0x72, 0x35, 0x9D, 0x72, 0x14, 0x9D, 0x73, 0x14, 0x9D, 0x73, 0x14, 0x9D, 0x73, 0x14,
  0x9D, 0x73, 0x14, 0x9D, 0x73, 0x14, 0x9D, 0x73, 0x14, 0x9D, 0x73, 0x14, 0x9D, 0x73, 0x34, 0x9D,
  0x72, 0x15, 0x9D, 0x72, 0x15, 0x9D, 0x72, 0x35, 0x9D, 0x72, 0x35, 0x9D, 0x72, 0x15, 0x9D, 0x73,
  0x14, 0x9D, 0x73, 0x14, 0x9D, 0x73, 0x14, 0x9D, 0x73, 0x14, 0x9D, 0x73, 0x15, 0x9D, 0x72, 0x35,
  0x9D, 0x72, 0x14, 0x9D, 0x73, 0x14, 0x9D, 0x73, 0x14, 0x9D, 0x73, 0x14, 0x9D, 0x73, 0x14, 0x9D,
  0x73, 0x14, 0x9D, 0x73, 0x14, 0x9D, 0x73, 0x14, 0x9D, 0x73, 0x14, 0x9D, 0x73, 0x14, 0x9D, 0x73,
  0x14, 0x9D, 0x74, 0x14, 0x9D, 0x73, 0x14, 0x9D, 0x73, 0x14, 0x9D, 0x73, 0x14, 0x9D, 0x73, 0x14,
  0x9D, 0x73, 0x14, 0x9D, 0x73, 0x14, 0x9D, 0x73, 0x14, 0x9D, 0x73, 0x14, 0x9D, 0x73, 0x14, 0x9D,
  0x74, 0xF4, 0x9C, 0x74, 0xF4, 0x9C, 0x75, 0xF4, 0x9C, 0x75, 0xF4, 0x9C, 0x75, 0xF4, 0x9C, 0x75,
  0xF4, 0x9C, 0x75, 0xF4, 0x9C, 0x75, 0xF4, 0x9C, 0x75, 0xF4, 0x9C, 0x75, 0xF4, 0x9C, 0x75, 0xF4,
  0x9C, 0x75, 0xF4, 0x9C, 0x74, 0xF4, 0x9C, 0x74, 0x14, 0x9D, 0x74, 0xF4, 0x9C, 0x74, 0xF4, 0x9C,
  0x75, 0xF4, 0x9C, 0x75, 0xF4, 0x9C, 0x74, 0xF4, 0x9C, 0x74, 0xF4, 0x9C, 0x75, 0xF4, 0x9C, 0x75,
  0xF4, 0x9C, 0x75, 0xF4, 0x94, 0x76, 0xD4, 0x94, 0x76, 0xD4, 0x94, 0x76, 0xD4, 0x94, 0x76, 0xF4,
  0x9C, 0x76, 0xF4, 0x9C, 0x75, 0xF4, 0x9C, 0x75, 0xF4, 0x9C, 0x75, 0xF4, 0x9C, 0x75, 0xF4, 0x9C,
  0x75, 0xF4, 0x9C, 0x75, 0xF4, 0x9C, 0x74, 0xF4, 0x9C, 0x75, 0xD3, 0x94, 0x77, 0xF4, 0x9C, 0x7B,
  0x14, 0x9D, 0x63, 0xF8, 0xBD, 0x46, 0xEF, 0x7B, 0xD2, 0xE3, 0x18, 0xFF, 0x00, 0x00, 0xFF, 0x00,
  0x00, 0xFF, 0x61, 0x08, 0xFF, 0xE3, 0x18, 0xFF, 0xC3, 0x18, 0xFF, 0xC3, 0x18, 0xFF, 0xC3, 0x18,
  0xFF, 0x82, 0x10, 0xFF, 0x82, 0x08, 0xFF, 0xA3, 0x10, 0xFF, 0xC3, 0x18, 0xFF, 0xE4, 0x18, 0xFF,
  0xE4, 0x18, 0xFF, 0xE4, 0x18, 0xFF, 0xC3, 0x10, 0xFF, 0xA2, 0x10, 0xFF, 0x82, 0x08, 0xFF, 0x82,
  0x10, 0xFF, 0xC3, 0x18, 0xFF, 0xE3, 0x18, 0xFF, 0xE3, 0x18, 0xFF, 0xE3, 0x18, 0xFF, 0x61, 0x08,
  0xFF, 0x00, 0x00, 0xFF, 0x04, 0x21, 0xFF, 0xF0, 0x7B, 0x75, 0xCF, 0x7B, 0x00, 0x51, 0x8C, 0x26,
  0x71, 0x8C, 0x26, 0x72, 0x8C, 0x26, 0xB2, 0x94, 0x25, 0xB3, 0x94, 0x25, 0xF3, 0x9C, 0x25, 0x14,
  0xA5, 0x25, 0x34, 0xA5, 0x25, 0x14, 0xA5, 0x29, 0xF4, 0x9C, 0x18, 0x35, 0xA5, 0x00, 0x75, 0xAD,
  0x00, 0x96, 0xB5, 0x00, 0xD7, 0xBD, 0x00, 0x18, 0xC6, 0x00, 0x58, 0xC6, 0x00, 0x9A, 0xD6, 0x00,
  0x38, 0xC6, 0x00, 0xD7, 0xBD, 0x00, 0x18, 0xC6, 0x00, 0x39, 0xC6, 0x00, 0x59, 0xCE, 0x00, 0x7A,
  0xCE, 0x00, 0xBB, 0xD6, 0x00, 0x79, 0xCE, 0x00, 0x18, 0xC6, 0x00, 0x18, 0xC6, 0x00, 0x39, 0xC6,
  0x00, 0x59, 0xCE, 0x00, 0x79, 0xCE, 0x00, 0x9A, 0xCE, 0x00, 0xBA, 0xD6, 0x00, 0xBB, 0xD6, 0x00,
  0xBA, 0xD6, 0x00, 0xBA, 0xD6, 0x00, 0xBA, 0xD6, 0x00, 0xBA, 0xD6, 0x00, 0xBA, 0xD6, 0x00, 0xBA,
  0xD6, 0x00, 0xBA, 0xD6, 0x00, 0xBA, 0xD6, 0x00, 0xBA, 0xD6, 0x00, 0xBA, 0xD6, 0x00, 0xBA, 0xD6,
  0x02, 0x9A, 0xD6, 0x18, 0x79, 0xCE, 0x0C, 0x38, 0xC6, 0x36, 0x38, 0xC6, 0x48, 0x18, 0xC6, 0x3D,
  0xF8, 0xBD, 0x38, 0xF7, 0xBD, 0x36, 0xB6, 0xB5, 0x59, 0xD7, 0xBD, 0x7D, 0x18, 0xC6, 0x79, 0xD7,
  0xBD, 0x76, 0xB6, 0xB5, 0x72, 0x96, 0xAD, 0x74, 0x55, 0xAD, 0x73, 0x55, 0xA5, 0x70, 0x14, 0x9D,
  0xA5, 0xF3, 0x9C, 0xBF, 0x14, 0x9D, 0xB8, 0xF3, 0x9C, 0xB9, 0xD3, 0x9C, 0xB9, 0xD3, 0x94, 0xB9,
  0xB2, 0x94, 0xBA, 0x72, 0x8C, 0xBA, 0x51, 0x8C, 0xBB, 0x51, 0x84, 0xBB, 0x51, 0x84, 0xBB, 0x51,
  0x84, 0xBB, 0x30, 0x84, 0xB5, 0x10, 0x84, 0xD7, 0xEF, 0x7B, 0xFD, 0x10, 0x84, 0xFD, 0x71, 0x8C,
  0xBA, 0x10, 0x84, 0xBD, 0xC7, 0x31, 0xFF, 0x00, 0x00, 0xFF, 0x00, 0x00, 0xFF, 0x82, 0x08, 0xFF,
  0xE3, 0x18, 0xFF, 0xE3, 0x18, 0xFF, 0xE3, 0x18, 0xFF, 0xE3, 0x18, 0xFF, 0xC3, 0x18, 0xFF, 0xC3,
  0x18, 0xFF, 0xC3, 0x10, 0xFF, 0xC3, 0x10, 0xFF, 0xC3, 0x10, 0xFF, 0xC3, 0x10, 0xFF, 0xC3, 0x10,
  0xFF, 0xE3, 0x18, 0xFF, 0xE3, 0x18, 0xFF, 0xE3, 0x18, 0xFF, 0xC3, 0x10, 0xFF, 0x41, 0x08, 0xFF,
  0x00, 0x00, 0xFF, 0x00, 0x00, 0xFF, 0x08, 0x3A, 0xFF, 0xF0, 0x7B, 0xFF, 0xCF, 0x73, 0xFF, 0x4E,
  0x63, 0xFF, 0x6E, 0x6B, 0xFF, 0x6E, 0x6B, 0xFF, 0x8E, 0x6B, 0xFF, 0x8E, 0x6B, 0xFF, 0x8E, 0x6B,
  0xFF, 0x8E, 0x6B, 0xFF, 0x8E, 0x6B, 0xFF, 0x8E, 0x6B, 0xFF, 0x8E, 0x6B, 0xFF, 0x8F, 0x6B, 0xFF,
  0xAF, 0x73, 0xFF, 0xAF, 0x73, 0xFF, 0xAF, 0x73, 0xFF, 0xCF, 0x73, 0xFF, 0xCF, 0x73, 0xFF, 0xCF,
  0x73, 0xFF, 0xCF, 0x73, 0xFF, 0xCF, 0x73, 0xFF, 0xCF, 0x73, 0xFF, 0xCF, 0x73, 0xFF, 0xD0, 0x73,
  0xFF, 0xF0, 0x73, 0xFF, 0xF0, 0x73, 0xFF, 0xF0, 0x73, 0xFF, 0xF0, 0x73, 0xFF, 0xF0, 0x73, 0xFF,
  0xF0, 0x73, 0xFF, 0xF0, 0x73, 0xFF, 0xF0, 0x73, 0xFF, 0xD0, 0x73, 0xFF, 0xD0, 0x73, 0xFF, 0xD0,
  0x73, 0xFF, 0xF0, 0x73, 0xFF, 0xF0, 0x73, 0xFF, 0xF0, 0x73, 0xFF, 0xF0, 0x73, 0xFF, 0xF0, 0x73,
  0xFF, 0xF0, 0x7B, 0xFF, 0xF0, 0x7B, 0xFF, 0xF0, 0x7B, 0xFF, 0xF0, 0x7B, 0xFF, 0xF0, 0x7B, 0xFF,
  0xF0, 0x7B, 0xFF, 0xF0, 0x73, 0xFF, 0xF0, 0x73, 0xFF, 0xF0, 0x73, 0xFF, 0xF0, 0x73, 0xFF, 0xF0,
  0x73, 0xFF, 0xF0, 0x73, 0xFF, 0xF0, 0x73, 0xFF, 0xF0, 0x73, 0xFF, 0xF0, 0x7B, 0xFF, 0xF0, 0x7B,
  0xFF, 0xF0, 0x7B, 0xFF, 0xF0, 0x73, 0xFF, 0xF0, 0x7B, 0xFF, 0xF0, 0x7B, 0xFF, 0xF0, 0x7B, 0xFF,
  0xF0, 0x73, 0xFF, 0xF0, 0x73, 0xFF, 0xF0, 0x7B, 0xFF, 0xF0, 0x7B, 0xFF, 0xF0, 0x73, 0xFF, 0xF0,
  0x73, 0xFF, 0xF0, 0x73, 0xFF, 0xF0, 0x73, 0xFF, 0xF0, 0x73, 0xFF, 0xF0, 0x73, 0xFF, 0xF0, 0x73,
  0xFF, 0xF0, 0x73, 0xFF, 0xF0, 0x73, 0xFF, 0xF0, 0x73, 0xFF, 0xF0, 0x73, 0xFF, 0xF0, 0x73, 0xFF,
  0xF0, 0x73, 0xFF, 0xF0, 0x73, 0xFF, 0xF0, 0x73, 0xFF, 0xF0, 0x73, 0xFF, 0xF0, 0x73, 0xFF, 0xF0,
  0x73, 0xFF, 0xF0, 0x73, 0xFF, 0xF0, 0x73, 0xFF, 0xF0, 0x73, 0xFF, 0xF0, 0x73, 0xFF, 0xF0, 0x73,
  0xFF, 0xF0, 0x73, 0xFF, 0xF0, 0x73, 0xFF, 0xF0, 0x73, 0xFF, 0xF0, 0x73, 0xFF, 0xF0, 0x73, 0xFF,
  0xF0, 0x73, 0xFF, 0xF0, 0x73, 0xFF, 0xF0, 0x73, 0xFF, 0xD0, 0x73, 0xFF, 0xF0, 0x73, 0xFF, 0xF0,
  0x73, 0xFF, 0xF0, 0x73, 0xFF, 0xF0, 0x73, 0xFF, 0xF0, 0x73, 0xFF, 0xF0, 0x73, 0xFF, 0xF0, 0x73,
  0xFF, 0xF0, 0x73, 0xFF, 0xF0, 0x73, 0xFF, 0xF0, 0x73, 0xFF, 0xF0, 0x73, 0xFF, 0xD0, 0x73, 0xFF,
  0xCF, 0x73, 0xFF, 0xCF, 0x73, 0xFF, 0xD0, 0x73, 0xFF, 0xD0, 0x73, 0xFF, 0xD0, 0x73, 0xFF, 0xD0,
  0x73, 0xFF, 0xD0, 0x73, 0xFF, 0xD0, 0x73, 0xFF, 0xD0, 0x73, 0xFF, 0xCF, 0x73, 0xFF, 0xCF, 0x73,
  0xFF, 0xCF, 0x73, 0xFF, 0xD0, 0x73, 0xFF, 0xD0, 0x73, 0xFF, 0xD0, 0x73, 0xFF, 0xD0, 0x73, 0xFF,
  0xD0, 0x73, 0xFF, 0xD0, 0x73, 0xFF, 0xD0, 0x73, 0xFF, 0xCF, 0x73, 0xFF, 0xCF, 0x73, 0xFF, 0xCF,
  0x73, 0xFF, 0xAF, 0x73, 0xFF, 0xAF, 0x73, 0xFF, 0xAF, 0x73, 0xFF, 0xAF, 0x73, 0xFF, 0xAF, 0x73,
  0xFF, 0xCF, 0x73, 0xFF, 0xAF, 0x73, 0xFF, 0xCF, 0x73, 0xFF, 0xCF, 0x73, 0xFF, 0xCF, 0x73, 0xFF,
  0xCF, 0x73, 0xFF, 0xAF, 0x73, 0xFF, 0xAF, 0x73, 0xFF, 0xAF, 0x6B, 0xFF, 0x8E, 0x6B, 0xFF, 0x6E,
  0x6B, 0xFF, 0xD0, 0x73, 0xFF, 0x8E, 0x6B, 0xFF, 0xCB, 0x52, 0xFF, 0xA6, 0x31, 0xFF, 0x00, 0x00,
  0xFF, 0x00, 0x00, 0xFF, 0x61, 0x08, 0xFF, 0xC3, 0x18, 0xFF, 0xE3, 0x18, 0xFF, 0xE3, 0x18, 0xFF,
  0xE3, 0x18, 0xFF, 0xC3, 0x18, 0xFF, 0xC3, 0x10, 0xFF, 0xC3, 0x10, 0xFF, 0xC3, 0x10, 0xFF, 0xA3,
  0x10, 0xFF, 0xC3, 0x10, 0xFF, 0xC3, 0x10, 0xFF, 0xE4, 0x18, 0xFF, 0xE4, 0x18, 0xFF, 0xE4, 0x18,
  0xFF, 0xC3, 0x18, 0xFF, 0x61, 0x08, 0xFF, 0x00, 0x00, 0xFF, 0x20, 0x00, 0xFF, 0xC7, 0x39, 0xFF,
  0x8E, 0x73, 0xFF, 0x8E, 0x6B, 0xFF, 0x6D, 0x6B, 0xF8, 0x8E, 0x73, 0xF8, 0xAF, 0x73, 0xF8, 0xCF,
  0x7B, 0xF8, 0xEF, 0x7B, 0xF7, 0xEF, 0x7B, 0xF7, 0xF0, 0x7B, 0xF6, 0x10, 0x84, 0xF6, 0x30, 0x84,
  0xF6, 0x31, 0x84, 0xFD, 0x51, 0x8C, 0xE1, 0x71, 0x8C, 0xB3, 0x92, 0x94, 0xBA, 0xB2, 0x94, 0xBA,
  0xD3, 0x9C, 0xBA, 0x14, 0xA5, 0xB9, 0x34, 0xA5, 0xB9, 0x75, 0xAD, 0xB8, 0x55, 0xAD, 0xBF, 0x75,
  0xAD, 0xA7, 0x96, 0xB5, 0x6F, 0xB6, 0xB5, 0x73, 0xD7, 0xBD, 0x78, 0xF7, 0xBD, 0x78, 0x38, 0xC6,
  0x78, 0x18, 0xC6, 0x7C, 0xF8, 0xBD, 0x6F, 0x18, 0xC6, 0x42, 0x39, 0xC6, 0x40, 0x59, 0xCE, 0x46,
  0x79, 0xCE, 0x2F, 0x9A, 0xCE, 0x0C, 0xBA, 0xD6, 0x17, 0xBB, 0xD6, 0x02, 0xBA, 0xD6, 0x00, 0xBA,
  0xD6, 0x00, 0xBA, 0xD6, 0x00, 0xBA, 0xD6, 0x00, 0xBA, 0xD6, 0x00, 0xBA, 0xD6, 0x00, 0xBA, 0xD6,
  0x00, 0xBA, 0xD6, 0x00, 0xBA, 0xD6, 0x00, 0xBA, 0xD6, 0x00, 0xBA, 0xD6, 0x29, 0x9A, 0xD6, 0x9D,
  0x59, 0xCE, 0xC6, 0x38, 0xC6, 0xE9, 0xF7, 0xBD, 0xEB, 0xD7, 0xBD, 0xFB, 0x96, 0xB5, 0xFF, 0x76,
  0xAD, 0xFF, 0x55, 0xAD, 0xFF, 0x14, 0xA5, 0xFF, 0xD3, 0x94, 0xFF, 0x92, 0x94, 0xFF, 0x30, 0x84,
  0xFF, 0x10, 0x84, 0xFF, 0xF0, 0x7B, 0xFF, 0xCF, 0x7B, 0xFF, 0xAF, 0x73, 0xFF, 0x8E, 0x73, 0xFF,
  0x4D, 0x6B, 0xFF, 0x0C, 0x63, 0xFF, 0x0C, 0x63, 0xFF, 0x0C, 0x63, 0xFF, 0x0C, 0x63, 0xFF, 0xEC,
  0x5A, 0xFF, 0xEC, 0x5A, 0xFF, 0xEB, 0x5A, 0xFF, 0xEB, 0x5A, 0xFF, 0xEC, 0x5A, 0xFF, 0xEC, 0x5A,
  0xFF, 0x0C, 0x5B, 0xFF, 0x0C, 0x63, 0xFF, 0xEC, 0x5A, 0xFF, 0xCB, 0x5A, 0xFF, 0xEC, 0x5A, 0xFF,
  0x6E, 0x6B, 0xFF, 0xAA, 0x52, 0xFF, 0x04, 0x21, 0xFF, 0x00, 0x00, 0xFF, 0x00, 0x00, 0xFF, 0x41,
  0x00, 0xFF, 0x82, 0x10, 0xFF, 0xC3, 0x10, 0xFF, 0xC3, 0x10, 0xFF, 0xE3, 0x18, 0xFF, 0xE3, 0x18,
  0xFF, 0xE4, 0x18, 0xFF, 0xE3, 0x18, 0xFF, 0xC3, 0x18, 0xFF, 0xC3, 0x18, 0xFF, 0xC3, 0x10, 0xFF,
  0xA2, 0x10, 0xFF, 0x41, 0x00, 0xFF, 0x00, 0x00, 0xFF, 0x20, 0x00, 0xFF, 0x25, 0x21, 0xFF, 0xAB,
  0x52, 0xFF, 0x8E, 0x6B, 0xFF, 0x2D, 0x63, 0xFF, 0x0C, 0x5B, 0xFF, 0x4D, 0x63, 0xFF, 0x6E, 0x6B,
  0xFF, 0x6E, 0x6B, 0xFF, 0x8E, 0x6B, 0xFF, 0xAF, 0x6B, 0xFF, 0xAF, 0x73, 0xFF, 0xAF, 0x73, 0xFF,
  0xAF, 0x73, 0xFF, 0xAF, 0x73, 0xFF, 0xAF, 0x73, 0xFF, 0xCF, 0x73, 0xFF, 0xD0, 0x73, 0xFF, 0xD0,
  0x73, 0xFF, 0xF0, 0x73, 0xFF, 0xF0, 0x73, 0xFF, 0xF0, 0x7B, 0xFF, 0xF0, 0x7B, 0xFF, 0xF0, 0x7B,
  0xFF, 0xF0, 0x7B, 0xFF, 0x10, 0x7C, 0xFF, 0x10, 0x7C, 0xFF, 0x10, 0x7C, 0xFF, 0x10, 0x7C, 0xFF,
  0x31, 0x7C, 0xFF, 0x31, 0x7C, 0xFF, 0x31, 0x7C, 0xFF, 0x31, 0x7C, 0xFF, 0x11, 0x7C, 0xFF, 0x31,
  0x7C, 0xFF, 0x31, 0x7C, 0xFF, 0x10, 0x7C, 0xFF, 0x10, 0x7C, 0xFF, 0x11, 0x7C, 0xFF, 0x31, 0x7C,
  0xFF, 0x11, 0x7C, 0xFF, 0x31, 0x7C, 0xFF, 0x31, 0x7C, 0xFF, 0x31, 0x7C, 0xFF, 0x31, 0x7C, 0xFF,
  0x31, 0x84, 0xFF, 0x31, 0x84, 0xFF, 0x31, 0x7C, 0xFF, 0x31, 0x7C, 0xFF, 0x31, 0x7C, 0xFF, 0x31,
  0x7C, 0xFF, 0x31, 0x7C, 0xFF, 0x31, 0x7C, 0xFF, 0x31, 0x84, 0xFF, 0x31, 0x7C, 0xFF, 0x31, 0x7C,
  0xFF, 0x31, 0x84, 0xFF, 0x31, 0x84, 0xFF, 0x31, 0x84, 0xFF, 0x31, 0x84, 0xFF, 0x31, 0x84, 0xFF,
  0x31, 0x84, 0xFF, 0x31, 0x84, 0xFF, 0x31, 0x84, 0xFF, 0x31, 0x84, 0xFF, 0x31, 0x7C, 0xFF, 0x31,
  0x84, 0xFF, 0x31, 0x84, 0xFF, 0x31, 0x84, 0xFF, 0x31, 0x84, 0xFF, 0x31, 0x7C, 0xFF, 0x31, 0x84,
  0xFF, 0x31, 0x84, 0xFF, 0x31, 0x7C, 0xFF, 0x31, 0x7C, 0xFF, 0x31, 0x7C, 0xFF, 0x31, 0x7C, 0xFF,
  0x31, 0x7C, 0xFF, 0x31, 0x7C, 0xFF, 0x31, 0x7C, 0xFF, 0x31, 0x7C, 0xFF, 0x31, 0x84, 0xFF, 0x31,
  0x84, 0xFF, 0x31, 0x84, 0xFF, 0x31, 0x84, 0xFF, 0x31, 0x84, 0xFF, 0x31, 0x7C, 0xFF, 0x31, 0x84,
  0xFF, 0x31, 0x84, 0xFF, 0x31, 0x7C, 0xFF, 0x31, 0x7C, 0xFF, 0x31, 0x7C, 0xFF, 0x31, 0x7C, 0xFF,
  0x31, 0x7C, 0xFF, 0x11, 0x7C, 0xFF, 0x31, 0x7C, 0xFF, 0x11, 0x7C, 0xFF, 0x31, 0x7C, 0xFF, 0x31,
  0x7C, 0xFF, 0x31, 0x7C, 0xFF, 0x31, 0x7C, 0xFF, 0x11, 0x7C, 0xFF, 0x31, 0x7C, 0xFF, 0x31, 0x7C,
  0xFF, 0x31, 0x7C, 0xFF, 0x31, 0x7C, 0xFF, 0x11, 0x7C, 0xFF, 0x31, 0x7C, 0xFF, 0x11, 0x7C, 0xFF,
  0x31, 0x7C, 0xFF, 0x31, 0x7C, 0xFF, 0x11, 0x7C, 0xFF, 0x31, 0x7C, 0xFF, 0x10, 0x7C, 0xFF, 0x10,
  0x7C, 0xFF, 0x11, 0x7C, 0xFF, 0x10, 0x7C, 0xFF, 0x10, 0x7C, 0xFF, 0x10, 0x7C, 0xFF, 0x10, 0x7C,
  0xFF, 0x10, 0x7C, 0xFF, 0x10, 0x7C, 0xFF, 0x10, 0x7C, 0xFF, 0x10, 0x7C, 0xFF, 0x10, 0x7C, 0xFF,
  0x10, 0x7C, 0xFF, 0x10, 0x7C, 0xFF, 0x10, 0x7C, 0xFF, 0x10, 0x7C, 0xFF, 0x10, 0x7C, 0xFF, 0x10,
  0x7C, 0xFF, 0x10, 0x7C, 0xFF, 0x10, 0x7C, 0xFF, 0x10, 0x7C, 0xFF, 0xF0, 0x73, 0xFF, 0xF0, 0x73,
  0xFF, 0xCF, 0x73, 0xFF, 0xCF, 0x73, 0xFF, 0xCF, 0x73, 0xFF, 0xCF, 0x73, 0xFF, 0xCF, 0x73, 0xFF,
  0xAF, 0x73, 0xFF, 0xAF, 0x73, 0xFF, 0xAF, 0x73, 0xFF, 0xAF, 0x73, 0xFF, 0xAF, 0x6B, 0xFF, 0x8F,
  0x6B, 0xFF, 0x8E, 0x6B, 0xFF, 0x6E, 0x6B, 0xFF, 0x6E, 0x6B, 0xFF, 0x2D, 0x63, 0xFF, 0xEC, 0x5A,
  0xFF, 0xCC, 0x52, 0xFF, 0x0C, 0x5B, 0xFF, 0x2D, 0x63, 0xFF, 0x8A, 0x4A, 0xFF, 0x04, 0x21, 0xFF,
  0x20, 0x00, 0xFF, 0x00, 0x00, 0xFF, 0x20, 0x00, 0xFF, 0x82, 0x10, 0xFF, 0xA3, 0x10, 0xFF, 0xC3,
  0x18, 0xFF, 0xE3, 0x18, 0xFF, 0xE3, 0x18, 0xFF, 0xC3, 0x18, 0xFF, 0xC3, 0x18, 0xFF, 0xC3, 0x10,
  0xFF, 0xC3, 0x10, 0xFF, 0xA3, 0x10, 0xFF, 0x82, 0x08, 0xFF, 0x20, 0x00, 0xFF, 0x00, 0x00, 0xFF,
  0x41, 0x08, 0xFF, 0x45, 0x29, 0xFF, 0xAA, 0x52, 0xFF, 0x4D, 0x63, 0xFF, 0xEB, 0x5A, 0xFF, 0xAB,
  0x52, 0xFF, 0xCB, 0x52, 0xFF, 0xCB, 0x52, 0xFF, 0xCB, 0x5A, 0xFF, 0xEB, 0x5A, 0xFF, 0xEB, 0x5A,
  0xFF, 0xEB, 0x5A, 0xFF, 0xEB, 0x5A, 0xFF, 0xCB, 0x5A, 0xFF, 0xEB, 0x5A, 0xFF, 0x0C, 0x5B, 0xFF,
  0x2C, 0x63, 0xFF, 0x2C, 0x63, 0xFF, 0x0C, 0x63, 0xFF, 0x2C, 0x63, 0xFF, 0x6E, 0x6B, 0xFF, 0x8E,
  0x73, 0xFF, 0xAF, 0x73, 0xFF, 0xCF, 0x7B, 0xFF, 0x10, 0x84, 0xFF, 0x51, 0x84, 0xFF, 0x51, 0x8C,
  0xFF, 0x92, 0x94, 0xFF, 0xD3, 0x9C, 0xFF, 0xF4, 0x9C, 0xFF, 0x14, 0xA5, 0xFF, 0x55, 0xAD, 0xFF,
  0x96, 0xB5, 0xFF, 0xB7, 0xB5, 0xF8, 0xF7, 0xBD, 0xEA, 0x18, 0xC6, 0xED, 0x59, 0xCE, 0xE7, 0x7A,
  0xCE, 0xC3, 0xBA, 0xD6, 0x83, 0xBB, 0xD6, 0x0A, 0xBA, 0xD6, 0x00, 0xBA, 0xD6, 0x00, 0xBA, 0xD6,
  0x00, 0xBA, 0xD6, 0x00, 0xBA, 0xD6, 0x00, 0xBA, 0xD6, 0x00, 0xBA, 0xD6, 0x00, 0xBA, 0xD6, 0x00,
  0xBA, 0xD6, 0x00, 0xBA, 0xD6, 0x00, 0xBA, 0xD6, 0x08, 0x9A, 0xD6, 0x14, 0x79, 0xCE, 0x42, 0x79,
  0xCE, 0x46, 0x18, 0xC6, 0x35, 0xF7, 0xBD, 0x68, 0xF7, 0xBD, 0x85, 0xB7, 0xB5, 0x80, 0x96, 0xB5,
  0x7A, 0x75, 0xAD, 0x74, 0x35, 0xA5, 0x6C, 0x34, 0xA5, 0x94, 0x55, 0xAD, 0xC3, 0x55, 0xA5, 0xBD,
  0x14, 0xA5, 0xBC, 0xF3, 0x9C, 0xBC, 0xB2, 0x94, 0xB5, 0x71, 0x8C, 0xC3, 0x51, 0x8C, 0xEF, 0x51,
  0x84, 0xF1, 0x30, 0x84, 0xF0, 0xF0, 0x7B, 0xF1, 0xCF, 0x7B, 0xF1, 0xAE, 0x73, 0xF3, 0x8E, 0x73,
  0xF1, 0x6D, 0x6B, 0xF7, 0x2D, 0x63, 0xFF, 0x2C, 0x63, 0xFF, 0xEC, 0x5A, 0xFF, 0xAA, 0x52, 0xFF,
  0xAA, 0x52, 0xFF, 0xAA, 0x52, 0xFF, 0x8A, 0x52, 0xFF, 0x69, 0x4A, 0xFF, 0x69, 0x4A, 0xFF, 0xCB,
  0x52, 0xFF, 0xCB, 0x5A, 0xFF, 0xE7, 0x39, 0xFF, 0xC3, 0x10, 0xFF, 0x00, 0x00, 0xFF, 0x00, 0x00,
  0xFF, 0x00, 0x00, 0xFF, 0x00, 0x00, 0xFF, 0x00, 0x00, 0xFF, 0x21, 0x00, 0xFF, 0x41, 0x00, 0xFF,
  0x00, 0x00, 0xFF, 0x00, 0x00, 0xFF, 0x00, 0x00, 0xFF, 0x00, 0x00, 0xFF, 0x00, 0x00, 0xFF, 0x00,
  0x00, 0xFF, 0xA3, 0x10, 0xFF, 0xA7, 0x31, 0xFF, 0x4A, 0x42, 0xFF, 0x49, 0x42, 0xFF, 0x08, 0x3A,
  0xFF, 0x29, 0x42, 0xFF, 0x6A, 0x4A, 0xFF, 0x8A, 0x4A, 0xFF, 0xAB, 0x52, 0xFF, 0xCC, 0x52, 0xFF,
  0xEC, 0x5A, 0xFF, 0x0C, 0x5B, 0xFF, 0x2D, 0x5B, 0xFF, 0x2D, 0x63, 0xFF, 0x4D, 0x63, 0xFF, 0x4D,
  0x63, 0xFF, 0x4D, 0x63, 0xFF, 0x6E, 0x63, 0xFF, 0x6E, 0x6B, 0xFF, 0x8E, 0x6B, 0xFF, 0x8E, 0x6B,
  0xFF, 0x8E, 0x6B, 0xFF, 0x8F, 0x6B, 0xFF, 0xAF, 0x6B, 0xFF, 0xAF, 0x6B, 0xFF, 0xAF, 0x6B, 0xFF,
  0xAF, 0x6B, 0xFF, 0xCF, 0x73, 0xFF, 0xCF, 0x73, 0xFF, 0xCF, 0x73, 0xFF, 0xD0, 0x73, 0xFF, 0xD0,
  0x73, 0xFF, 0xCF, 0x73, 0xFF, 0xCF, 0x73, 0xFF, 0xCF, 0x73, 0xFF, 0xCF, 0x73, 0xFF, 0xCF, 0x73,
  0xFF, 0xCF, 0x73, 0xFF, 0xCF, 0x73, 0xFF, 0xCF, 0x73, 0xFF, 0xCF, 0x73, 0xFF, 0xCF, 0x73, 0xFF,
  0xCF, 0x73, 0xFF, 0xF0, 0x73, 0xFF, 0xD0, 0x73, 0xFF, 0xCF, 0x73, 0xFF, 0xD0, 0x73, 0xFF, 0xD0,
  0x73, 0xFF, 0xF0, 0x73, 0xFF, 0xF0, 0x73, 0xFF, 0xF0, 0x73, 0xFF, 0xF0, 0x73, 0xFF, 0xF0, 0x73,
  0xFF, 0xD0, 0x73, 0xFF, 0xD0, 0x73, 0xFF, 0xCF, 0x73, 0xFF, 0xCF, 0x73, 0xFF, 0xD0, 0x73, 0xFF,
  0xF0, 0x73, 0xFF, 0xF0, 0x7B, 0xFF, 0xF0, 0x7B, 0xFF, 0xF0, 0x7B, 0xFF, 0xF0, 0x7B, 0xFF, 0xF0,
  0x7B, 0xFF, 0xF0, 0x7B, 0xFF, 0xF0, 0x73, 0xFF, 0xF0, 0x73, 0xFF, 0xF0, 0x73, 0xFF, 0xF0, 0x73,
  0xFF, 0xF0, 0x73, 0xFF, 0xF0, 0x73, 0xFF, 0xF0, 0x73, 0xFF, 0xD0, 0x73, 0xFF, 0xD0, 0x73, 0xFF,
  0xD0, 0x73, 0xFF, 0xF0, 0x73, 0xFF, 0xEF, 0x73, 0xFF, 0xCF, 0x73, 0xFF, 0xCF, 0x73, 0xFF, 0xD0,
  0x73, 0xFF, 0xF0, 0x73, 0xFF, 0xD0, 0x73, 0xFF, 0xD0, 0x73, 0xFF, 0xF0, 0x73, 0xFF, 0xF0, 0x73,
  0xFF, 0xF0, 0x73, 0xFF, 0xF0, 0x73, 0xFF, 0xF0, 0x73, 0xFF, 0xF0, 0x7B, 0xFF, 0xF0, 0x7B, 0xFF,
  0xF0, 0x73, 0xFF, 0xF0, 0x73, 0xFF, 0xF0, 0x73, 0xFF, 0xD0, 0x73, 0xFF, 0xD0, 0x73, 0xFF, 0xCF,
  0x73, 0xFF, 0xCF, 0x73, 0xFF, 0xCF, 0x73, 0xFF, 0xCF, 0x73, 0xFF, 0xCF, 0x73, 0xFF, 0xCF, 0x73,
  0xFF, 0xD0, 0x73, 0xFF, 0xCF, 0x73, 0xFF, 0xCF, 0x73, 0xFF, 0xD0, 0x73, 0xFF, 0xCF, 0x73, 0xFF,
  0xD0, 0x73, 0xFF, 0xCF, 0x73, 0xFF, 0xCF, 0x73, 0xFF, 0xD0, 0x73, 0xFF, 0xCF, 0x73, 0xFF, 0xD0,
  0x73, 0xFF, 0xCF, 0x73, 0xFF, 0xCF, 0x73, 0xFF, 0xCF, 0x73, 0xFF, 0xCF, 0x73, 0xFF, 0xCF, 0x73,
  0xFF, 0xCF, 0x73, 0xFF, 0xCF, 0x73, 0xFF, 0xCF, 0x73, 0xFF, 0xCF, 0x73, 0xFF, 0xCF, 0x73, 0xFF,
  0xCF, 0x73, 0xFF, 0xCF, 0x73, 0xFF, 0xCF, 0x73, 0xFF, 0xAF, 0x73, 0xFF, 0xAF, 0x73, 0xFF, 0xAF,
  0x73, 0xFF, 0xAF, 0x73, 0xFF, 0xCF, 0x73, 0xFF, 0xAF, 0x73, 0xFF, 0xCF, 0x73, 0xFF, 0xAF, 0x73,
  0xFF, 0xAF, 0x73, 0xFF, 0xAF, 0x6B, 0xFF, 0x8E, 0x6B, 0xFF, 0x6E, 0x6B, 0xFF, 0x6E, 0x63, 0xFF,
  0x4E, 0x63, 0xFF, 0x4D, 0x63, 0xFF, 0x4D, 0x63, 0xFF, 0x4D, 0x63, 0xFF, 0x2D, 0x63, 0xFF, 0x2D,
  0x63, 0xFF, 0x2D, 0x5B, 0xFF, 0x0C, 0x5B, 0xFF, 0xEC, 0x5A, 0xFF, 0xCC, 0x52, 0xFF, 0xCB, 0x52,
  0xFF, 0xAB, 0x52, 0xFF, 0x8A, 0x4A, 0xFF, 0x49, 0x42, 0xFF, 0x29, 0x42, 0xFF, 0x08, 0x3A, 0xFF,
  0xE8, 0x39, 0xFF, 0xC7, 0x31, 0xFF, 0xE8, 0x39, 0xFF, 0x09, 0x3A, 0xFF, 0xA7, 0x31, 0xFF, 0x04,
  0x19, 0xFF, 0x41, 0x08, 0xFF, 0x00, 0x00, 0xFF, 0x00, 0x00, 0xFF, 0x00, 0x00, 0xFF, 0x20, 0x00,
  0xFF, 0x20, 0x00, 0xFF, 0x21, 0x00, 0xFF, 0x20, 0x00, 0xFF, 0x00, 0x00, 0xFF, 0x00, 0x00, 0xFF,
  0x00, 0x00, 0xFF, 0x00, 0x00, 0xFF, 0x21, 0x08, 0xFF, 0x65, 0x29, 0xFF, 0x8A, 0x4A, 0xFF, 0xAB,
  0x52, 0xFF, 0x49, 0x4A, 0xFF, 0x28, 0x42, 0xFF, 0x49, 0x42, 0xFF, 0x6A, 0x4A, 0xFF, 0x6A, 0x4A,
  0xFF, 0x69, 0x4A, 0xFF, 0x8A, 0x4A, 0xFF, 0xCB, 0x5A, 0xFF, 0x4D, 0x6B, 0xF6, 0x6D, 0x6B, 0xF3,
  0x6D, 0x6B, 0xF6, 0x8E, 0x6B, 0xF4, 0xAF, 0x73, 0xF3, 0xCF, 0x7B, 0xF2, 0xEF, 0x7B, 0xF1, 0x10,
  0x7C, 0xF0, 0x10, 0x84, 0xF0, 0x51, 0x8C, 0xF4, 0x71, 0x8C, 0xD1, 0x72, 0x8C, 0xB7, 0x92, 0x94,
  0xBC, 0xB3, 0x94, 0xBB, 0xF4, 0x9C, 0xBA, 0x34, 0xA5, 0xBA, 0x75, 0xAD, 0xC0, 0x55, 0xA5, 0xB4,
  0x34, 0xA5, 0x79, 0x75, 0xAD, 0x73, 0x96, 0xB5, 0x75, 0xD7, 0xB5, 0x74, 0xD7, 0xBD, 0x7E, 0xD7,
  0xBD, 0x65, 0xF8, 0xC5, 0x39, 0x59, 0xCE, 0x3A, 0x79, 0xCE, 0x49, 0x79, 0xCE, 0x3F, 0xBA, 0xD6,
  0x0A, 0xBB, 0xD6, 0x00, 0xBA, 0xD6, 0x00, 0xBA, 0xD6, 0x00, 0xBA, 0xD6, 0x00, 0xBA, 0xD6, 0x00,
  0xBA, 0xD6, 0x00, 0xBA, 0xD6, 0x00, 0xBA, 0xD6, 0x00, 0xBA, 0xD6, 0x00, 0xBA, 0xD6, 0x00, 0xBA,
  0xD6, 0x00, 0xBA, 0xD6, 0x00, 0x9A, 0xD6, 0x00, 0x79, 0xCE, 0x00, 0x79, 0xCE, 0x00, 0x38, 0xC6,
  0x00, 0xF7, 0xBD, 0x00, 0xF7, 0xBD, 0x00, 0xD7, 0xBD, 0x00, 0xB6, 0xB5, 0x00, 0x76, 0xAD, 0x00,
  0x35, 0xA5, 0x00, 0x75, 0xAD, 0x00, 0x79, 0xCE, 0x00, 0x9A, 0xD6, 0x00, 0x38, 0xC6, 0x00, 0xF7,
  0xBD, 0x00, 0x96, 0xB5, 0x00, 0x34, 0xA5, 0x05, 0x34, 0xA5, 0x23, 0x96, 0xB5, 0x26, 0x75, 0xAD,
  0x25, 0x14, 0xA5, 0x25, 0xD3, 0x9C, 0x26, 0x92, 0x94, 0x27, 0x51, 0x8C, 0x26, 0x10, 0x84, 0x27,
  0x71, 0x8C, 0x59, 0x10, 0x84, 0x67, 0x92, 0x94, 0x62, 0x96, 0xB5, 0x62, 0xF3, 0x9C, 0x63, 0x92,
  0x94, 0x64, 0x10, 0x84, 0x67, 0xF0, 0x7B, 0x68, 0xEF, 0x7B, 0x68, 0xCF, 0x7B, 0x69, 0xCF, 0x7B,
  0x6A, 0xEF, 0x7B, 0x6B, 0xEF, 0x7B, 0x6C, 0x8E, 0x73, 0x6B, 0xAA, 0x52, 0x6E, 0xC7, 0x39, 0x76,
  0x45, 0x29, 0x7B, 0xE3, 0x18, 0x92, 0x82, 0x10, 0xAA, 0x82, 0x10, 0xA6, 0x08, 0x42, 0xA6, 0x49,
  0x4A, 0xA8, 0x28, 0x42, 0xA8, 0x8A, 0x52, 0xA8, 0x0C, 0x63, 0xA8, 0x8E, 0x6B, 0xA9, 0x8E, 0x6B,
  0xA9, 0x6E, 0x6B, 0xA8, 0x4D, 0x63, 0xAA, 0x6D, 0x6B, 0xAA, 0x8E, 0x6B, 0xA9, 0xAF, 0x73, 0xA9,
  0xAF, 0x73, 0xA9, 0xF0, 0x7B, 0xA9, 0x10, 0x7C, 0xA9, 0x10, 0x84, 0xA8, 0x31, 0x84, 0xA8, 0x31,
  0x84, 0xA8, 0x51, 0x84, 0xA8, 0x51, 0x84, 0xA8, 0x51, 0x84, 0xA8, 0x51, 0x84, 0xA8, 0x72, 0x8C,
  0xA8, 0x72, 0x8C, 0xA8, 0x72, 0x8C, 0xA8, 0x72, 0x8C, 0xA8, 0x72, 0x8C, 0xA8, 0x72, 0x8C, 0xA8,
  0x92, 0x8C, 0xA8, 0x92, 0x8C, 0xA8, 0x92, 0x8C, 0xA8, 0x92, 0x8C, 0xA8, 0x92, 0x8C, 0xA8, 0x92,
  0x8C, 0xA8, 0x93, 0x8C, 0xA8, 0x93, 0x8C, 0xA8, 0xB2, 0x8C, 0xA8, 0xB3, 0x8C, 0xA8, 0xB3, 0x8C,
  0xA8, 0xB3, 0x8C, 0xA8, 0xB3, 0x8C, 0xA8, 0xB3, 0x8C, 0xA8, 0x93, 0x8C, 0xA8, 0xB3, 0x8C, 0xA8,
  0xB3, 0x94, 0xA8, 0xB3, 0x94, 0xA8, 0xB3, 0x8C, 0xA8, 0x93, 0x8C, 0xA8, 0xB3, 0x8C, 0xA8, 0x93,
  0x8C, 0xA8, 0x92, 0x8C, 0xA8, 0x92, 0x8C, 0xA8, 0x92, 0x8C, 0xA8, 0x93, 0x8C, 0xA8, 0xB3, 0x94,
  0xA8, 0xB3, 0x94, 0xA8, 0xB3, 0x94, 0xA8, 0xB3, 0x94, 0xA8, 0xB3, 0x94, 0xA8, 0xB3, 0x94, 0xA8,
  0xB3, 0x94, 0xA8, 0xB3, 0x8C, 0xA8, 0xB3, 0x8C, 0xA8, 0xB3, 0x8C, 0xA8, 0xB3, 0x94, 0xA8, 0xB3,
  0x94, 0xA8, 0xB3, 0x94, 0xA8, 0xB3, 0x94, 0xA8, 0xB3, 0x94, 0xA8, 0xB3, 0x94, 0xA8, 0xB3, 0x94,
  0xA8, 0xB3, 0x94, 0xA8, 0xB3, 0x94, 0xA8, 0xB3, 0x94, 0xA8, 0xB3, 0x94, 0xA8, 0xB3, 0x94, 0xA8,
  0xB3, 0x94, 0xA8, 0xB3, 0x94, 0xA8, 0xB3, 0x94, 0xA8, 0xB3, 0x94, 0xA8, 0xB3, 0x8C, 0xA8, 0xB3,
  0x8C, 0xA8, 0xB3, 0x8C, 0xA8, 0xB3, 0x8C, 0xA8, 0xB3, 0x8C, 0xA8, 0xB3, 0x8C, 0xA8, 0xB3, 0x8C,
  0xA8, 0xB3, 0x8C, 0xA8, 0xB3, 0x8C, 0xA8, 0xB3, 0x94, 0xA8, 0xB3, 0x94, 0xA8, 0x93, 0x8C, 0xA8,
  0x93, 0x8C, 0xA8, 0xB3, 0x94, 0xA8, 0xB3, 0x94, 0xA8, 0xB3, 0x94, 0xA8, 0xB3, 0x94, 0xA8, 0xB3,
  0x94, 0xA8, 0xB3, 0x94, 0xA8, 0xB3, 0x94, 0xA8, 0xB3, 0x94, 0xA8, 0xB3, 0x8C, 0xA8, 0x93, 0x8C,
  0xA8, 0xB3, 0x8C, 0xA8, 0xB3, 0x8C, 0xA8, 0xB3, 0x8C, 0xA8, 0xB3, 0x8C, 0xA8, 0xB3, 0x8C, 0xA8,
  0xB3, 0x8C, 0xA8, 0xB3, 0x8C, 0xA8, 0xB3, 0x8C, 0xA8, 0xB3, 0x8C, 0xA8, 0xB2, 0x8C, 0xA8, 0x92,
  0x8C, 0xA8, 0x92, 0x8C, 0xA8, 0xB2, 0x8C, 0xA8, 0xB2, 0x8C, 0xA8, 0x92, 0x8C, 0xA8, 0xB3, 0x8C,
  0xA8, 0xB3, 0x8C, 0xA8, 0xB3, 0x8C, 0xA8, 0xB3, 0x8C, 0xA8, 0x92, 0x8C, 0xA8, 0x92, 0x8C, 0xA8,
  0x92, 0x8C, 0xA8, 0x93, 0x8C, 0xA8, 0x93, 0x8C, 0xA8, 0x93, 0x8C, 0xA8, 0x93, 0x8C, 0xA8, 0x92,
  0x8C, 0xA8, 0x92, 0x8C, 0xA8, 0x92, 0x8C, 0xA8, 0x92, 0x8C, 0xA8, 0x92, 0x8C, 0xA8, 0x92, 0x8C,
  0xA8, 0x92, 0x8C, 0xA8, 0x92, 0x8C, 0xA8, 0x92, 0x8C, 0xA8, 0x92, 0x8C, 0xA8, 0x92, 0x8C, 0xA8,
  0x92, 0x8C, 0xA8, 0x72, 0x8C, 0xA8, 0x72, 0x8C, 0xA8, 0x72, 0x8C, 0xA8, 0x72, 0x8C, 0xA8, 0x72,
  0x8C, 0xA8, 0x72, 0x8C, 0xA8, 0x72, 0x8C, 0xA8, 0x72, 0x8C, 0xA8, 0x72, 0x8C, 0xA8, 0x72, 0x8C,
  0xA8, 0x51, 0x84, 0xA8, 0x51, 0x84, 0xA8, 0x31, 0x84, 0xA8, 0x31, 0x84, 0xA8, 0x10, 0x7C, 0xA8,
  0x10, 0x7C, 0xA8, 0xF0, 0x7B, 0xA8, 0xF0, 0x7B, 0xA8, 0xF0, 0x7B, 0xA8, 0xF0, 0x7B, 0xA7, 0xCF,
  0x73, 0xA7, 0xAE, 0x73, 0xA7, 0xAF, 0x73, 0xA7, 0x31, 0x84, 0xA6, 0x10, 0x7C, 0xA6, 0x4E, 0x6B,
  0xA7, 0xAB, 0x52, 0xA9, 0xE7, 0x39, 0x85, 0x44, 0x21, 0x78, 0xA2, 0x10, 0x8D, 0xA2, 0x10, 0x8E,
  0x61, 0x08, 0x91, 0xA2, 0x10, 0x8D, 0xE3, 0x18, 0x87, 0x65, 0x29, 0x7C, 0x69, 0x4A, 0x6F, 0x0C,
  0x63, 0x6E, 0xF0, 0x7B, 0x6B, 0x51, 0x8C, 0x6A, 0x30, 0x84, 0x69, 0xAF, 0x73, 0x6A, 0xAF, 0x73,
  0x6A, 0xCF, 0x73, 0x6A, 0xF0, 0x7B, 0x68, 0x30, 0x84, 0x68, 0x71, 0x8C, 0x65, 0xD3, 0x9C, 0x64,
  0x55, 0xAD, 0x68, 0x55, 0xAD, 0x5B, 0xF0, 0x7B, 0x2B, 0xCF, 0x7B, 0x25, 0x10, 0x84, 0x29, 0x51,
  0x8C, 0x28, 0x92, 0x94, 0x27, 0xD3, 0x9C, 0x26, 0xF3, 0x9C, 0x26, 0x14, 0xA5, 0x25, 0x75, 0xAD,
  0x25, 0x96, 0xB5, 0x27, 0x14, 0xA5, 0x0D, 0x34, 0xA5, 0x00, 0x55, 0xAD, 0x00, 0x96, 0xAD, 0x00,
  0xF7, 0xBD, 0x00, 0x39, 0xC6, 0x00, 0x9A, 0xD6, 0x00, 0xF7, 0xBD, 0x00, 0x14, 0xA5, 0x00, 0x75,
  0xAD, 0x00, 0xB6, 0xB5, 0x00, 0xD7, 0xBD, 0x00, 0xF7, 0xBD, 0x00, 0xD7, 0xBD, 0x00, 0x18, 0xC6,
  0x00, 0x59, 0xCE, 0x00, 0x79, 0xCE, 0x00, 0x79, 0xCE, 0x00, 0xBA, 0xD6, 0x00, 0xBB, 0xD6, 0x00,
  0xBA, 0xD6, 0x00, 0xBA, 0xD6, 0x00, 0xBA, 0xD6, 0x00, 0xBA, 0xD6, 0x00,
};

const lv_img_dsc_t tiltdash_side_105_alpha = {
  .header.cf = LV_IMG_CF_TRUE_COLOR_ALPHA,
  .header.always_zero = 0,
  .header.reserved = 0,
  .header.w = 276,
  .header.h = 105,
  .data_size = 86940,
  .data = tiltdash_side_105_alpha_map,
};
