#include "lvgl.h"

// VW_T4_Side_105.png 276x105 -> RGB565 SWAP16

#ifndef LV_ATTRIBUTE_MEM_ALIGN
#define LV_ATTRIBUTE_MEM_ALIGN
#endif
#ifndef LV_ATTRIBUTE_IMG
#define LV_ATTRIBUTE_IMG
#endif

static const LV_ATTRIBUTE_MEM_ALIGN LV_ATTRIBUTE_LARGE_CONST LV_ATTRIBUTE_IMG uint16_t tiltdash_side_105_map[] = {
  0x0000, 0x0000, 0x0000, 0x0000, 0x0000, 0x0000, 0x0000, 0x0000, 0x0000, 0x0000, 0x0000, 0x0000, 0x0000,
  0x0000, 0x0000, 0x0000, 0x0000, 0x0000, 0x0000, 0x0000, 0x0000, 0x0000, 0x0000, 0x0000, 0x0000, 0x0000,
  0x0000, 0x0000, 0x0000, 0x0000, 0x0000, 0x0000, 0x0000, 0x0000, 0x0000, 0x0000, 0x0000, 0x0000, 0x0000,
  0x0000, 0x0000, 0x0000, 0x0000, 0x0000, 0x0000, 0x0000, 0x0000, 0x0000, 0x0000, 0x0000, 0x0000, 0x0000,
  0x0000, 0x0000, 0x0000, 0x0000, 0x0000, 0x0000, 0x0000, 0x0000, 0x0000, 0x0000, 0x0000, 0x0000, 0x0000,
  0x0000, 0x0000, 0x0000, 0x0000, 0x0000, 0x0000, 0x0000, 0x0000, 0x0000, 0x0000, 0x0000, 0x0000, 0x0000,
  0x0000, 0x0000, 0x0000, 0x0000, 0x0000, 0x0000, 0x0000, 0x0000, 0x0000, 0x2000, 0x2000, 0x2000, 0x2000,
  0x2000, 0x8210, 0xE318, 0x6108, 0x2000, 0x6108, 0x2421, 0x2421, 0x0421, 0x0421, 0x0421, 0x0421, 0xE318,
  0xE318, 0xE318, 0xC318, 0xA210, 0x8108, 0x6108, 0x6108, 0x6108, 0xA210, 0x6108, 0x0000, 0x2000, 0x4100,
  0x0000, 0x0000, 0x2000, 0xA210, 0xA210, 0xA210, 0xA210, 0x8210, 0x8210, 0x8210, 0x8210, 0x8210, 0x8210,
  0x8210, 0x8210, 0x8210, 0x8210, 0x8210, 0x6108, 0x6108, 0x8108, 0x8210, 0x6208, 0x8210, 0x8210, 0x8210,
  0x8108, 0x6108, 0x6108, 0x6108, 0x6108, 0x6108, 0x4108, 0x6108, 0x6108, 0x6108, 0x6108, 0x6108, 0x6108,
  0x6108, 0x6108, 0x6108, 0x6108, 0x4108, 0x4108, 0x6108, 0x6108, 0x6108, 0x6108, 0x6108, 0x8110, 0x6108,
  0x6108, 0x6108, 0x6108, 0x6108, 0x6108, 0x6108, 0x6108, 0x6108, 0x6108, 0x6108, 0x6108, 0x4108, 0x4108,
  0x2008, 0x4108, 0x6108, 0x6108, 0x8208, 0x8210, 0x8210, 0x8108, 0x6108, 0x4108, 0x4108, 0x4108, 0x6108,
  0x6108, 0x6108, 0x6108, 0x6108, 0x6108, 0x4108, 0x4108, 0x4108, 0x4000, 0x2000, 0x2000, 0x4008, 0x4108,
  0x4108, 0x4108, 0x8210, 0x8210, 0x6108, 0x6108, 0x4108, 0x8110, 0x8210, 0x8210, 0x8210, 0x8210, 0x8210,
  0x8210, 0x8210, 0x6108, 0x6108, 0x8210, 0x6108, 0x8210, 0x6108, 0x6108, 0x6108, 0x8210, 0x6108, 0xA210,
  0xA210, 0x8210, 0x4108, 0x6108, 0xC318, 0xC318, 0xC318, 0xA210, 0xA210, 0xE318, 0xE418, 0xE318, 0x2421,
  0x8210, 0x2000, 0x2000, 0xC318, 0x6208, 0x0000, 0x2000, 0x0000, 0x0000, 0x0000, 0x0000, 0x0000, 0x0000,
  0x0000, 0x0000, 0x0000, 0x0000, 0x0000, 0x0000, 0x0000, 0x0000, 0x0000, 0x0000, 0x0000, 0x0000, 0x0000,
  0x0000, 0x0000, 0x0000, 0x0000, 0x0000, 0x0000, 0x0000, 0x0000, 0x0000, 0x0000, 0x0000, 0x0000, 0x0000,
  0x0000, 0x0000, 0x0000, 0x0000, 0x0000, 0x0000, 0x0000, 0x0000, 0x0000, 0x0000, 0x0000, 0x0000, 0x0000,
  0x0000, 0x0000, 0x0000, 0x0000, 0x0000, 0x0000, 0x0000, 0x0000, 0x0000, 0x0000, 0x0000, 0x0000, 0x0000,
  0x0000, 0x0000, 0x0000, 0x0000, 0x0000, 0x0000, 0x0000, 0x0000, 0x0000, 0x0000, 0x0000, 0x0000, 0x0000,
  0x0000, 0x0000, 0x0000, 0x0000, 0x0000, 0x0000, 0x0000, 0x0000, 0x0000, 0x0000, 0x0000, 0x0000, 0x0000,
  0x0000, 0x0000, 0x0000, 0x0000, 0x0000, 0x0000, 0x0000, 0x0000, 0x0000, 0x0000, 0x0000, 0x0000, 0x0000,
  0x0000, 0x0000, 0x0000, 0x0000, 0x0000, 0x0000, 0x2000, 0xA210, 0x8210, 0x2421, 0x6529, 0xA731, 0xA631,
  0xC731, 0xA631, 0xE739, 0x6A4A, 0x2842, 0xE739, 0x2942, 0x694A, 0x2942, 0xA731, 0xC739, 0x2942, 0x8A52,
  0x8A52, 0xAA52, 0xEC5A, 0x4D6B, 0x8E6B, 0x6E6B, 0x8E73, 0xAF73, 0xAF73, 0xAF73, 0xAF73, 0x8E73, 0xCF73,
  0xCF73, 0xCF73, 0xF07B, 0xF07B, 0x107C, 0xCF73, 0x4D63, 0x4D63, 0x4D63, 0x4D63, 0x4D63, 0x6E6B, 0x6E6B,
  0x6E6B, 0x8E6B, 0x8E6B, 0x8F73, 0xAF73, 0x8E73, 0x8E73, 0x8E73, 0xAF73, 0xCF73, 0xCF73, 0xF07B, 0xF07B,
  0x107C, 0x107C, 0x107C, 0x107C, 0x1084, 0x3184, 0x3184, 0x3184, 0x3184, 0x3184, 0x5184, 0x518C, 0x518C,
  0x5184, 0x518C, 0x728C, 0x728C, 0x728C, 0x728C, 0x928C, 0x928C, 0x928C, 0x928C, 0x928C, 0x928C, 0xB394,
  0xB394, 0xB394, 0xD394, 0xD394, 0xD394, 0xD394, 0xD394, 0xD394, 0xD394, 0xD394, 0xB394, 0xB394, 0xD394,
  0xD394, 0xD394, 0xB394, 0xB394, 0xB394, 0xD394, 0xD394, 0xD394, 0xD394, 0xD394, 0xD394, 0xD394, 0xB394,
  0xB394, 0xB394, 0xB394, 0xB394, 0xB394, 0x9294, 0x9394, 0xB394, 0x928C, 0x928C, 0x728C, 0x728C, 0x728C,
  0x718C, 0x518C, 0x5184, 0x5184, 0x518C, 0x3184, 0x1084, 0x107C, 0xF07B, 0x107C, 0xF07B, 0xCF7B, 0xCF73,
  0xCF73, 0xCF73, 0xCF73, 0xCF73, 0xAF73, 0xAF73, 0x8E6B, 0x8E6B, 0x8E6B, 0x6E6B, 0x6D6B, 0x4D63, 0x4D63,
  0x4D63, 0x8F73, 0x4D63, 0x0C5B, 0x8E6B, 0xCF73, 0xAF73, 0x8E6B, 0x8E6B, 0xAF73, 0x6E6B, 0xCB52, 0x8A52,
  0x494A, 0x2942, 0xC739, 0x083A, 0x494A, 0x2842, 0xE839, 0x8529, 0x8631, 0x8631, 0x4529, 0xE318, 0x4108,
  0x0000, 0x0000, 0x0000, 0x0000, 0x0000, 0x0000, 0x0000, 0x0000, 0x0000, 0x0000, 0x0000, 0x0000, 0x0000,
  0x0000, 0x0000, 0x0000, 0x0000, 0x0000, 0x0000, 0x0000, 0x0000, 0x0000, 0x0000, 0x0000, 0x0000, 0x0000,
  0x0000, 0x0000, 0x0000, 0x0000, 0x0000, 0x0000, 0x0000, 0x0000, 0x0000, 0x0000, 0x0000, 0x0000, 0x0000,
  0x0000, 0x0000, 0x0000, 0x0000, 0x0000, 0x0000, 0x0000, 0x0000, 0x0000, 0x0000, 0x0000, 0x0000, 0x0000,
  0x0000, 0x0000, 0x0000, 0x0000, 0x0000, 0x0000, 0x0000, 0x0000, 0x0000, 0x0000, 0x0000, 0x0000, 0x0000,
  0x0000, 0x0000, 0x0000, 0x0000, 0x0000, 0x0000, 0x0000, 0x0000, 0x0000, 0x0000, 0x0000, 0x0000, 0x0000,
  0x0000, 0x0000, 0x0000, 0x0000, 0x0000, 0x0000, 0x0000, 0x0000, 0x0000, 0x0000, 0x0000, 0x0000, 0x0000,
  0x0000, 0x0000, 0x0000, 0x0000, 0x0000, 0x0000, 0x0000, 0xA210, 0xA210, 0xC318, 0x8A52, 0x8E73, 0xAF73,
  0x3184, 0xB394, 0xF49C, 0x35A5, 0x35A5, 0x35A5, 0x76AD, 0x76AD, 0x97AD, 0xB7B5, 0xB7B5, 0xB7B5, 0xD7B5,
  0xD7B5, 0xB7B5, 0xB7B5, 0xB7B5, 0xB7B5, 0xB7B5, 0xB7B5, 0xB7B5, 0xB7B5, 0xB7B5, 0xB7B5, 0xB7B5, 0xB7B5,
  0xB7B5, 0xB7B5, 0xB7B5, 0xB7B5, 0xB7B5, 0xB7B5, 0xB7B5, 0xB7B5, 0xB7B5, 0xD7B5, 0xD7B5, 0xD7B5, 0xD7B5,
  0xD7B5, 0xD7B5, 0xD7B5, 0xD7B5, 0xD7B5, 0xD7B5, 0xD7B5, 0xB7B5, 0xD7B5, 0xD7B5, 0xD7B5, 0xD7B5, 0xB7B5,
  0xB7B5, 0xB7B5, 0xB7B5, 0xB7B5, 0xB7B5, 0xB7B5, 0xB7B5, 0xB7B5, 0xB7B5, 0xB7B5, 0xB7B5, 0xB7B5, 0xB7B5,
  0xB7AD, 0xB7AD, 0xB7AD, 0xB7AD, 0xB7AD, 0xB7AD, 0x97AD, 0x97AD, 0x97AD, 0x97AD, 0x97AD, 0x97AD, 0x97AD,
  0x97AD, 0x97AD, 0x97AD, 0x97AD, 0x96AD, 0x96AD, 0x96AD, 0x96AD, 0x96AD, 0x96AD, 0x96AD, 0x96AD, 0x96AD,
  0x96AD, 0x96AD, 0x96AD, 0x96AD, 0x96AD, 0x96AD, 0x96AD, 0x97AD, 0x96AD, 0x96AD, 0x96AD, 0x96AD, 0x96AD,
  0x96AD, 0x96AD, 0x96AD, 0x96AD, 0x96AD, 0x96AD, 0x97AD, 0x97AD, 0x97AD, 0x97AD, 0x97AD, 0x97AD, 0x97AD,
  0x97AD, 0x97AD, 0x97AD, 0x97AD, 0xB7AD, 0xB7B5, 0xB7B5, 0xB7AD, 0xB7B5, 0xB7B5, 0xB7B5, 0xB7B5, 0xB7B5,
  0xB7B5, 0xB7B5, 0xB7B5, 0xB7B5, 0xB7B5, 0xB7B5, 0xB7B5, 0xD7B5, 0xD7B5, 0xD7B5, 0xD7B5, 0xD7B5, 0xD8B5,
  0xD8B5, 0xD8B5, 0xD8B5, 0xD8B5, 0xB7B5, 0xD8B5, 0xF8BD, 0xB7B5, 0xB7B5, 0xB7B5, 0xB7B5, 0xB7B5, 0xB7B5,
  0xB7B5, 0xD7B5, 0xD7B5, 0xD7B5, 0xD7B5, 0xD7B5, 0xD7B5, 0xB7B5, 0xD7B5, 0xB7B5, 0x149D, 0x76AD, 0x728C,
  0x2C63, 0x6E6B, 0x4521, 0x8210, 0x4108, 0x0000, 0x0000, 0x0000, 0x0000, 0x0000, 0x0000, 0x0000, 0x0000,
  0x0000, 0x0000, 0x0000, 0x0000, 0x0000, 0x0000, 0x0000, 0x0000, 0x0000, 0x0000, 0x0000, 0x0000, 0x0000,
  0x0000, 0x0000, 0x0000, 0x0000, 0x0000, 0x0000, 0x0000, 0x0000, 0x0000, 0x0000, 0x0000, 0x0000, 0x0000,
  0x0000, 0x0000, 0x0000, 0x0000, 0x0000, 0x0000, 0x0000, 0x0000, 0x0000, 0x0000, 0x0000, 0x0000, 0x0000,
  0x0000, 0x0000, 0x0000, 0x0000, 0x0000, 0x0000, 0x0000, 0x0000, 0x0000, 0x0000, 0x0000, 0x0000, 0x0000,
  0x0000, 0x0000, 0x0000, 0x0000, 0x0000, 0x0000, 0x0000, 0x0000, 0x0000, 0x0000, 0x0000, 0x0000, 0x0000,
  0x0000, 0x0000, 0x0000, 0x0000, 0x0000, 0x0000, 0x0000, 0x0000, 0x0000, 0x0000, 0x0000, 0x0000, 0x0000,
  0x0000, 0x0000, 0x0000, 0x0000, 0x0000, 0x0000, 0x0000, 0x0000, 0xA210, 0xC318, 0x4529, 0xCF7B, 0x35A5,
  0x97AD, 0xB7B5, 0x96AD, 0x76AD, 0x56A5, 0x76AD, 0x76AD, 0x76AD, 0x76AD, 0x76AD, 0x76AD, 0x76A5, 0x56AD,
  0x56A5, 0x56A5, 0x56A5, 0x56A5, 0x55A5, 0x55A5, 0x56A5, 0x55A5, 0x55A5, 0x55A5, 0x55A5, 0x55A5, 0x55A5,
  0x55A5, 0x55A5, 0x55A5, 0x55A5, 0x55A5, 0x55A5, 0x55A5, 0x55A5, 0x56A5, 0x55A5, 0x55A5, 0x55A5, 0x55A5,
  0x55A5, 0x55A5, 0x55A5, 0x55A5, 0x55A5, 0x55A5, 0x55A5, 0x55A5, 0x55A5, 0x55A5, 0x55A5, 0x55A5, 0x55A5,
  0x55A5, 0x55A5, 0x55A5, 0x55A5, 0x55A5, 0x55A5, 0x55A5, 0x55A5, 0x55A5, 0x55A5, 0x55A5, 0x55A5, 0x55A5,
  0x55A5, 0x55A5, 0x55A5, 0x55A5, 0x55A5, 0x55A5, 0x55A5, 0x55A5, 0x55A5, 0x55A5, 0x55A5, 0x55A5, 0x55A5,
  0x55A5, 0x55A5, 0x55A5, 0x55A5, 0x55A5, 0x55A5, 0x55A5, 0x55A5, 0x55A5, 0x55A5, 0x55A5, 0x55A5, 0x55A5,
  0x55A5, 0x55A5, 0x55A5, 0x55A5, 0x55A5, 0x55A5, 0x55A5, 0x55A5, 0x55A5, 0x55A5, 0x55A5, 0x55A5, 0x55A5,
  0x55A5, 0x55A5, 0x55A5, 0x55A5, 0x55A5, 0x55A5, 0x55A5, 0x55A5, 0x55A5, 0x55A5, 0x55A5, 0x55A5, 0x55A5,
  0x35A5, 0x55A5, 0x55A5, 0x55A5, 0x55A5, 0x55A5, 0x55A5, 0x55A5, 0x55A5, 0x35A5, 0x35A5, 0x35A5, 0x35A5,
  0x35A5, 0x35A5, 0x55A5, 0x55A5, 0x55A5, 0x55A5, 0x55A5, 0x35A5, 0x35A5, 0x55A5, 0x55A5, 0x35A5, 0x35A5,
  0x35A5, 0x35A5, 0x35A5, 0x35A5, 0x35A5, 0x55A5, 0x55A5, 0x55A5, 0x35A5, 0x35A5, 0x35A5, 0x35A5, 0x35A5,
  0x35A5, 0x35A5, 0x35A5, 0x35A5, 0x55A5, 0x55A5, 0x35A5, 0x55A5, 0x55A5, 0x55A5, 0x55A5, 0x55A5, 0x56A5,
  0x76AD, 0x96AD, 0xB7B5, 0x5184, 0x76A5, 0xF8BD, 0x4D63, 0xC318, 0xA210, 0x0000, 0x0000, 0x0000, 0x0000,
  0x0000, 0x0000, 0x0000, 0x0000, 0x0000, 0x0000, 0x0000, 0x0000, 0x0000, 0x0000, 0x0000, 0x0000, 0x0000,
  0x0000, 0x0000, 0x0000, 0x0000, 0x0000, 0x0000, 0x0000, 0x0000, 0x0000, 0x0000, 0x0000, 0x0000, 0x0000,
  0x0000, 0x0000, 0x0000, 0x0000, 0x0000, 0x0000, 0x0000, 0x0000, 0x0000, 0x0000, 0x0000, 0x0000, 0x0000,
  0x0000, 0x0000, 0x0000, 0x0000, 0x0000, 0x0000, 0x0000, 0x0000, 0x0000, 0x0000, 0x0000, 0x0000, 0x0000,
  0x0000, 0x0000, 0x0000, 0x0000, 0x0000, 0x0000, 0x0000, 0x0000, 0x0000, 0x0000, 0x0000, 0x0000, 0x0000,
  0x0000, 0x0000, 0x0000, 0x0000, 0x0000, 0x0000, 0x0000, 0x0000, 0x0000, 0x0000, 0x0000, 0x0000, 0x0000,
  0x0000, 0x0000, 0x0000, 0x0000, 0x0000, 0x0000, 0x0000, 0x0000, 0x0000, 0x8210, 0xE318, 0x4942, 0x6108,
  0xE839, 0x728C, 0x96AD, 0x76A5, 0xD394, 0xF49C, 0x149D, 0xF49C, 0x518C, 0x3184, 0x3184, 0x3084, 0x1084,
  0x3084, 0x3184, 0x3184, 0x3184, 0x3184, 0x3184, 0x3184, 0x3184, 0x3184, 0x1084, 0x3084, 0x3184, 0x3184,
  0x3184, 0x3184, 0x3184, 0x3184, 0x3184, 0x1084, 0x107C, 0x107C, 0x107C, 0x107C, 0x107C, 0xF07B, 0xF07B,
  0x107C, 0x107C, 0x107C, 0xF07B, 0x1084, 0x3184, 0x3184, 0x3184, 0x3184, 0x3184, 0x1084, 0x1084, 0x107C,
  0x107C, 0x107C, 0x1084, 0x3084, 0x1084, 0x1084, 0x107C, 0x107C, 0x107C, 0x107C, 0x107C, 0x107C, 0x1084,
  0x107C, 0x107C, 0x107C, 0x107C, 0x1084, 0x1084, 0x107C, 0x107C, 0x107C, 0x107C, 0x107C, 0x107C, 0x107C,
  0x107C, 0x1084, 0x1084, 0x107C, 0x107C, 0x107C, 0x107C, 0x107C, 0x107C, 0x107C, 0x1084, 0x107C, 0x107C,
  0x107C, 0xF07B, 0xF07B, 0xF07B, 0xF07B, 0xF07B, 0xF07B, 0xF07B, 0x107C, 0x107C, 0x1084, 0x1084, 0x3084,
  0x3084, 0x1084, 0x1084, 0x107C, 0x107C, 0x107C, 0x107C, 0xF07B, 0xF07B, 0xF07B, 0x107C, 0x107C, 0x1084,
  0x3084, 0x3084, 0x1084, 0x1084, 0x3084, 0x1084, 0x107C, 0x107C, 0x107C, 0x107C, 0x107C, 0x107C, 0x3184,
  0x5184, 0x5184, 0x5184, 0x3184, 0x3184, 0x3084, 0x3084, 0x1084, 0x1084, 0x3084, 0x3184, 0x3184, 0x1084,
  0x3084, 0x3184, 0x5184, 0x5184, 0x3184, 0x3184, 0x5184, 0x3184, 0x3184, 0x3184, 0x3184, 0x5184, 0x5184,
  0x5184, 0x3184, 0x5184, 0x5184, 0x5184, 0x5184, 0x5184, 0x5184, 0x718C, 0x728C, 0x728C, 0x718C, 0x518C,
  0x5184, 0x518C, 0x5184, 0x3184, 0x1084, 0x728C, 0xCF73, 0x8A52, 0x76AD, 0x7ACE, 0x5184, 0x4108, 0xE318,
  0x0000, 0x0000, 0x0000, 0x0000, 0x0000, 0x0000, 0x0000, 0x0000, 0x0000, 0x0000, 0x0000, 0x0000, 0x0000,
  0x0000, 0x0000, 0x0000, 0x0000, 0x0000, 0x0000, 0x0000, 0x0000, 0x0000, 0x0000, 0x0000, 0x0000, 0x0000,
  0x0000, 0x0000, 0x0000, 0x0000, 0x0000, 0x0000, 0x0000, 0x0000, 0x0000, 0x0000, 0x0000, 0x0000, 0x0000,
  0x0000, 0x0000, 0x0000, 0x0000, 0x0000, 0x0000, 0x0000, 0x0000, 0x0000, 0x0000, 0x0000, 0x0000, 0x0000,
  0x0000, 0x0000, 0x0000, 0x0000, 0x0000, 0x0000, 0x0000, 0x0000, 0x0000, 0x0000, 0x0000, 0x0000, 0x0000,
  0x0000, 0x0000, 0x0000, 0x0000, 0x0000, 0x0000, 0x0000, 0x0000, 0x0000, 0x0000, 0x0000, 0x0000, 0x0000,
  0x0000, 0x0000, 0x0000, 0x0000, 0x0000, 0x0000, 0x0000, 0x0000, 0x0000, 0x0000, 0x2000, 0x8210, 0x6108,
  0x4D5B, 0x569D, 0xB384, 0xAB4A, 0x8629, 0xC731, 0xB394, 0xB7B5, 0x55A5, 0x56A5, 0x35A5, 0x728C, 0x5184,
  0x5184, 0x3184, 0x5184, 0x5184, 0x5184, 0x3184, 0x3184, 0x3184, 0x5184, 0x5184, 0x518C, 0x5184, 0x5184,
  0x5184, 0x5184, 0x5184, 0x5184, 0x518C, 0x718C, 0x518C, 0x518C, 0x5184, 0x5184, 0x5184, 0x5184, 0x5184,
  0x5184, 0x728C, 0x518C, 0x5184, 0x5184, 0x728C, 0x728C, 0x728C, 0x928C, 0x928C, 0x928C, 0x728C, 0x928C,
  0x728C, 0x728C, 0x728C, 0x728C, 0x728C, 0x928C, 0x928C, 0x928C, 0x728C, 0x728C, 0x728C, 0x728C, 0x728C,
  0x928C, 0x928C, 0x928C, 0x728C, 0x728C, 0x728C, 0x728C, 0x928C, 0x928C, 0x728C, 0x728C, 0x728C, 0x728C,
  0x728C, 0x728C, 0x728C, 0x728C, 0x728C, 0x928C, 0x728C, 0x728C, 0x728C, 0x728C, 0x728C, 0x728C, 0x728C,
  0x728C, 0x728C, 0x728C, 0x728C, 0x728C, 0x728C, 0x718C, 0x718C, 0x718C, 0x518C, 0x718C, 0x728C, 0x728C,
  0x928C, 0x928C, 0x928C, 0x928C, 0x728C, 0x928C, 0x928C, 0x9394, 0x728C, 0x728C, 0x518C, 0x518C, 0x718C,
  0x718C, 0x718C, 0x728C, 0x728C, 0x728C, 0x728C, 0x728C, 0x728C, 0x728C, 0x728C, 0x718C, 0x518C, 0x518C,
  0x518C, 0x728C, 0x728C, 0x928C, 0x928C, 0x928C, 0x928C, 0x728C, 0x518C, 0x5184, 0x5184, 0x5184, 0x5184,
  0x5184, 0x5184, 0x5184, 0x518C, 0x518C, 0x728C, 0x728C, 0x728C, 0x728C, 0x728C, 0x518C, 0x5184, 0x518C,
  0x518C, 0x518C, 0x518C, 0x518C, 0x518C, 0x728C, 0x528C, 0x5184, 0x5184, 0x5184, 0x728C, 0x728C, 0x728C,
  0x728C, 0x728C, 0x728C, 0x728C, 0x518C, 0x518C, 0x518C, 0x5184, 0x5184, 0x728C, 0x5184, 0x35A5, 0xF49C,
  0x59C6, 0xCB5A, 0xC318, 0x0000, 0x0000, 0x0000, 0x0000, 0x0000, 0x0000, 0x0000, 0x0000, 0x0000, 0x0000,
  0x0000, 0x0000, 0x0000, 0x0000, 0x0000, 0x0000, 0x0000, 0x0000, 0x0000, 0x0000, 0x0000, 0x0000, 0x0000,
  0x0000, 0x0000, 0x0000, 0x0000, 0x0000, 0x0000, 0x0000, 0x0000, 0x0000, 0x0000, 0x0000, 0x0000, 0x0000,
  0x0000, 0x0000, 0x0000, 0x0000, 0x0000, 0x0000, 0x0000, 0x0000, 0x0000, 0x0000, 0x0000, 0x0000, 0x0000,
  0x0000, 0x0000, 0x0000, 0x0000, 0x0000, 0x0000, 0x0000, 0x0000, 0x0000, 0x0000, 0x0000, 0x0000, 0x0000,
  0x0000, 0x0000, 0x0000, 0x0000, 0x0000, 0x0000, 0x0000, 0x0000, 0x0000, 0x0000, 0x0000, 0x0000, 0x0000,
  0x0000, 0x0000, 0x0000, 0x0000, 0x0000, 0x0000, 0x0000, 0x0000, 0x0000, 0x0000, 0x0000, 0x0000, 0x8210,
  0xC318, 0x8629, 0x727C, 0x158D, 0xF06B, 0x727C, 0xD384, 0xCB52, 0x4108, 0x6E6B, 0x149D, 0x3184, 0x718C,
  0x518C, 0x728C, 0x928C, 0x9294, 0xB394, 0xB394, 0xD394, 0xD394, 0xF49C, 0xF49C, 0xD394, 0xF49C, 0xF49C,
  0x149D, 0xF49C, 0xD394, 0xD49C, 0xF49C, 0xF49C, 0xF49C, 0xF494, 0xF494, 0xF49C, 0xD494, 0xD49C, 0xD494,
  0xF49C, 0xB394, 0x728C, 0x728C, 0x5184, 0x9294, 0x928C, 0x728C, 0x728C, 0x728C, 0x928C, 0x728C, 0xF49C,
  0x35A5, 0x35A5, 0x35A5, 0x159D, 0x149D, 0x159D, 0x149D, 0x149D, 0x159D, 0x35A5, 0x35A5, 0x159D, 0x15A5,
  0x15A5, 0x35A5, 0x35A5, 0x159D, 0x159D, 0x359D, 0x35A5, 0x35A5, 0x159D, 0x159D, 0x159D, 0x159D, 0x159D,
  0x159D, 0x159D, 0x159D, 0x159D, 0x159D, 0x159D, 0x159D, 0x35A5, 0x359D, 0x159D, 0x159D, 0x159D, 0x159D,
  0x159D, 0x159D, 0x159D, 0x159D, 0x159D, 0x159D, 0x159D, 0x149D, 0x159D, 0x159D, 0x35A5, 0x35A5, 0x35A5,
  0x359D, 0x35A5, 0x35A5, 0x35A5, 0x359D, 0x35A5, 0x35A5, 0xD394, 0x528C, 0x728C, 0x3184, 0x728C, 0x728C,
  0xD394, 0x35A5, 0x359D, 0x35A5, 0x35A5, 0x35A5, 0x35A5, 0x35A5, 0x35A5, 0x35A5, 0x35A5, 0x35A5, 0x35A5,
  0x35A5, 0x35A5, 0x35A5, 0x35A5, 0x35A5, 0x55A5, 0x55A5, 0x55A5, 0x35A5, 0x35A5, 0x35A5, 0x35A5, 0x55A5,
  0x35A5, 0x35A5, 0x35A5, 0x55A5, 0x55A5, 0x35A5, 0x35A5, 0x35A5, 0x55A5, 0x55A5, 0x35A5, 0x35A5, 0x55A5,
  0x55A5, 0x55A5, 0x35A5, 0x149D, 0x35A5, 0x35A5, 0x35A5, 0x359D, 0x149D, 0x15A5, 0x35A5, 0x35A5, 0x149D,
  0x149D, 0x149D, 0x35A5, 0x15A5, 0x149D, 0xF49C, 0x149D, 0x35A5, 0xD394, 0x728C, 0x928C, 0x9294, 0xD394,
  0xB394, 0x928C, 0x35A5, 0x55A5, 0xB7B5, 0xC310, 0x2421, 0x0000, 0x0000, 0x0000, 0x0000, 0x0000, 0x0000,
  0x0000, 0x0000, 0x0000, 0x0000, 0x0000, 0x0000, 0x0000, 0x0000, 0x0000, 0x0000, 0x0000, 0x0000, 0x0000,
  0x0000, 0x0000, 0x0000, 0x0000, 0x0000, 0x0000, 0x0000, 0x0000, 0x0000, 0x0000, 0x0000, 0x0000, 0x0000,
  0x0000, 0x0000, 0x0000, 0x0000, 0x0000, 0x0000, 0x0000, 0x0000, 0x0000, 0x0000, 0x0000, 0x0000, 0x0000,
  0x0000, 0x0000, 0x0000, 0x0000, 0x0000, 0x0000, 0x0000, 0x0000, 0x0000, 0x0000, 0x0000, 0x0000, 0x0000,
  0x0000, 0x0000, 0x0000, 0x0000, 0x0000, 0x0000, 0x0000, 0x0000, 0x0000, 0x0000, 0x0000, 0x0000, 0x0000,
  0x0000, 0x0000, 0x0000, 0x0000, 0x0000, 0x0000, 0x0000, 0x0000, 0x0000, 0x0000, 0x0000, 0x0000, 0x0000,
  0x0000, 0x8210, 0xA210, 0xEB52, 0x148D, 0x9384, 0xD06B, 0xF06B, 0x9284, 0x6942, 0x0000, 0x8E73, 0x35A5,
  0x3184, 0x928C, 0x35A5, 0x149D, 0xF49C, 0xF49C, 0x149D, 0x149D, 0xF49C, 0x149D, 0x149D, 0x35A5, 0x35A5,
  0x149D, 0x14A5, 0x34A5, 0x35A5, 0x149D, 0xF49C, 0xF49C, 0x149D, 0x149D, 0x149D, 0xF49C, 0xF49C, 0xD394,
  0xB394, 0x728C, 0x3184, 0x718C, 0xF49C, 0x928C, 0x928C, 0xAF73, 0x8E6B, 0xB394, 0xB394, 0x6E6B, 0xAF73,
  0x9394, 0x149D, 0x9294, 0xAA52, 0x694A, 0x6A4A, 0x6A4A, 0x8A4A, 0x6A4A, 0x6A4A, 0x694A, 0x694A, 0x694A,
  0x6A4A, 0x694A, 0x694A, 0x694A, 0x694A, 0x494A, 0x494A, 0x494A, 0x694A, 0x694A, 0x694A, 0x694A, 0x694A,
  0x694A, 0x6A4A, 0x6A4A, 0x694A, 0x694A, 0x694A, 0x694A, 0x694A, 0x494A, 0x694A, 0x6A4A, 0x6A4A, 0x694A,
  0x694A, 0x694A, 0x694A, 0x694A, 0x694A, 0x694A, 0x694A, 0x6A4A, 0x6A4A, 0x6A4A, 0x694A, 0x694A, 0x694A,
  0x6A4A, 0x6A4A, 0x6A4A, 0x6A4A, 0x8A52, 0xAA52, 0xAA52, 0xAA52, 0xAA52, 0xCB52, 0x728C, 0xF49C, 0x5184,
  0x2C63, 0x3184, 0xF49C, 0x928C, 0xCB5A, 0x8A4A, 0xCB52, 0xEB5A, 0xEB5A, 0xCB5A, 0xCB52, 0xCB52, 0xAB52,
  0xAB52, 0xCB52, 0xCB5A, 0xCB5A, 0xCB5A, 0xCB5A, 0xCB5A, 0xEB5A, 0xEC5A, 0xEC5A, 0xEC5A, 0xEB5A, 0xEB5A,
  0x0C5B, 0x0C63, 0x0C63, 0x0C63, 0x0C63, 0x2D63, 0x4D6B, 0x4D6B, 0x4D63, 0x2D63, 0x4D63, 0x4D6B, 0x6D6B,
  0x6D6B, 0x6D6B, 0x8E73, 0x8E73, 0xAE73, 0xAE73, 0xAE73, 0xCF73, 0xEF7B, 0xEF7B, 0xEF7B, 0xCF7B, 0xF07B,
  0xF07B, 0xF07B, 0xEF7B, 0xCF7B, 0xEF7B, 0x107C, 0x107C, 0xF07B, 0xEF7B, 0xCF7B, 0x3184, 0x35A5, 0xB394,
  0x3184, 0x518C, 0x9294, 0x718C, 0x8E73, 0x149D, 0x149D, 0x19BE, 0xAF73, 0xC318, 0x0000, 0x0000, 0x0000,
  0x0000, 0x0000, 0x0000, 0x0000, 0x0000, 0x0000, 0x0000, 0x0000, 0x0000, 0x0000, 0x0000, 0x0000, 0x0000,
  0x0000, 0x0000, 0x0000, 0x0000, 0x0000, 0x0000, 0x0000, 0x0000, 0x0000, 0x0000, 0x0000, 0x0000, 0x0000,
  0x0000, 0x0000, 0x0000, 0x0000, 0x0000, 0x0000, 0x0000, 0x0000, 0x0000, 0x0000, 0x0000, 0x0000, 0x0000,
  0x0000, 0x0000, 0x0000, 0x0000, 0x0000, 0x0000, 0x0000, 0x0000, 0x0000, 0x0000, 0x0000, 0x0000, 0x0000,
  0x0000, 0x0000, 0x0000, 0x0000, 0x0000, 0x0000, 0x0000, 0x0000, 0x0000, 0x0000, 0x0000, 0x0000, 0x0000,
  0x0000, 0x0000, 0x0000, 0x0000, 0x0000, 0x0000, 0x0000, 0x0000, 0x0000, 0x0000, 0x0000, 0x0000, 0x0000,
  0x0000, 0x0000, 0x2000, 0x2421, 0xC310, 0x9384, 0xF8AD, 0x1074, 0xF06B, 0x1174, 0x727C, 0xC729, 0x0000,
  0xF07B, 0x76AD, 0x928C, 0x39C6, 0xB7AD, 0x2C63, 0xAB52, 0xAB52, 0x694A, 0x294A, 0x0842, 0xC739, 0xA631,
  0x8631, 0x6529, 0x4529, 0x4529, 0x4529, 0x2421, 0x2421, 0x2421, 0x2521, 0x2421, 0x0421, 0x0421, 0x0421,
  0x0421, 0x0421, 0xE320, 0xE318, 0xC218, 0x8210, 0x4108, 0x8A52, 0xB7B5, 0x76AD, 0x35A5, 0x107C, 0x35A5,
  0x96AD, 0x3184, 0x728C, 0xD7B5, 0xD394, 0x0421, 0x0000, 0x2000, 0x2000, 0x4000, 0x4108, 0x4108, 0x4108,
  0x2100, 0x2000, 0x2000, 0x2000, 0x2000, 0x2000, 0x2000, 0x2000, 0x2000, 0x0000, 0x2000, 0x2000, 0x2000,
  0x2000, 0x2000, 0x2000, 0x2000, 0x2000, 0x2000, 0x2000, 0x2000, 0x2000, 0x2000, 0x2000, 0x2000, 0x2000,
  0x2000, 0x2000, 0x2000, 0x2000, 0x2000, 0x2000, 0x2000, 0x2000, 0x2000, 0x2000, 0x2000, 0x2000, 0x2000,
  0x2000, 0x2000, 0x2000, 0x2000, 0x2000, 0x2000, 0x2000, 0x2000, 0x2008, 0x4008, 0x4008, 0x2008, 0x0000,
  0x2421, 0x35A5, 0x97AD, 0xF07B, 0x55A5, 0x97AD, 0xA631, 0x0000, 0x4108, 0x4108, 0x6108, 0x6108, 0x4108,
  0x4108, 0x2000, 0x2000, 0x2000, 0x4000, 0x4108, 0x2000, 0x2000, 0x2000, 0x2000, 0x2000, 0x2000, 0x2000,
  0x2000, 0x2000, 0x2000, 0x2000, 0x2000, 0x2000, 0x2000, 0x4008, 0x4008, 0x4008, 0x4108, 0x4108, 0x4108,
  0x2000, 0x2000, 0x2000, 0x2008, 0x4108, 0x4008, 0x2008, 0x4008, 0x4108, 0x6108, 0x4108, 0x4108, 0x6108,
  0x6108, 0x6108, 0x6108, 0x6108, 0x6108, 0x6108, 0x6108, 0x6108, 0x6108, 0x6108, 0x8108, 0x8110, 0x6108,
  0x4108, 0x0842, 0xB7B5, 0x96AD, 0x35A5, 0x35A5, 0xB7B5, 0xF07B, 0xF07B, 0x76AD, 0x159D, 0xB7B5, 0x4529,
  0x0421, 0x0000, 0x0000, 0x0000, 0x0000, 0x0000, 0x0000, 0x0000, 0x0000, 0x0000, 0x0000, 0x0000, 0x0000,
  0x0000, 0x0000, 0x0000, 0x0000, 0x0000, 0x0000, 0x0000, 0x0000, 0x0000, 0x0000, 0x0000, 0x0000, 0x0000,
  0x0000, 0x0000, 0x0000, 0x0000, 0x0000, 0x0000, 0x0000, 0x0000, 0x0000, 0x0000, 0x0000, 0x0000, 0x0000,
  0x0000, 0x0000, 0x0000, 0x0000, 0x0000, 0x0000, 0x0000, 0x0000, 0x0000, 0x0000, 0x0000, 0x0000, 0x0000,
  0x0000, 0x0000, 0x0000, 0x0000, 0x0000, 0x0000, 0x0000, 0x0000, 0x0000, 0x0000, 0x0000, 0x0000, 0x0000,
  0x0000, 0x0000, 0x0000, 0x0000, 0x0000, 0x0000, 0x0000, 0x0000, 0x0000, 0x0000, 0x0000, 0x0000, 0x0000,
  0x0000, 0x0000, 0x0000, 0x0000, 0x6108, 0xA210, 0x0419, 0xF48C, 0x769D, 0x9384, 0x517C, 0xF06B, 0x527C,
  0xC731, 0x2000, 0x728C, 0x55A5, 0x1084, 0x18BE, 0x9294, 0xC318, 0x0000, 0xA210, 0xA210, 0xC310, 0xC310,
  0xC318, 0xE318, 0xE318, 0xE318, 0xE318, 0xE418, 0x0419, 0x0419, 0x2419, 0x2521, 0x2521, 0x4521, 0x4521,
  0x4521, 0x4521, 0x4521, 0x4521, 0x4521, 0x6621, 0x6621, 0x8629, 0x8629, 0x4100, 0xA218, 0x35A5, 0x96AD,
  0xD394, 0xEF7B, 0x149D, 0x55A5, 0x1084, 0x3184, 0x18BE, 0xEC5A, 0x0000, 0xC318, 0x0421, 0x0419, 0x0419,
  0x0419, 0x0419, 0x0419, 0xE418, 0xE418, 0xE418, 0xE418, 0xE418, 0xE418, 0xE418, 0xE418, 0xE418, 0xE418,
  0xE418, 0xE418, 0xE418, 0xE418, 0xE418, 0xE418, 0xE418, 0xE418, 0xE418, 0xE418, 0xE418, 0xE418, 0xE418,
  0xE418, 0xE318, 0xE418, 0xE418, 0xE418, 0xE418, 0xE418, 0xE418, 0xE418, 0xE418, 0xE418, 0xE418, 0xE418,
  0xE418, 0xE418, 0xE418, 0xE418, 0xE418, 0xE418, 0xE418, 0xE418, 0xE418, 0xE418, 0xE418, 0xE418, 0xE418,
  0x0419, 0x0421, 0xA210, 0x0000, 0xAE73, 0xD7B5, 0xCF73, 0x76AD, 0x5184, 0x2000, 0xA210, 0x0421, 0x0419,
  0x0419, 0xE418, 0xE418, 0xE418, 0xE418, 0xE418, 0xE418, 0xE418, 0xE418, 0xE418, 0xE318, 0xE318, 0xE318,
  0xE318, 0xE318, 0xC318, 0xC318, 0xC318, 0xC310, 0xC318, 0xC318, 0xC318, 0xC318, 0xC318, 0xC318, 0xC310,
  0xC310, 0xC310, 0xA310, 0xA310, 0xA310, 0xA310, 0xA310, 0xA310, 0xA310, 0xA210, 0xA210, 0xA210, 0x8210,
  0xA210, 0xA210, 0x8210, 0x8210, 0x8210, 0x8210, 0x8210, 0x8210, 0x8210, 0x8210, 0x8210, 0x8210, 0x8210,
  0x8210, 0x8210, 0x8210, 0x4108, 0x0000, 0x694A, 0xD8B5, 0x159D, 0xF49C, 0x55A5, 0x928C, 0x4D6B, 0x55A5,
  0xD394, 0xF8BD, 0x8A52, 0x0421, 0x0000, 0x0000, 0x0000, 0x0000, 0x0000, 0x0000, 0x0000, 0x0000, 0x0000,
  0x0000, 0x0000, 0x0000, 0x0000, 0x0000, 0x0000, 0x0000, 0x0000, 0x0000, 0x0000, 0x0000, 0x0000, 0x0000,
  0x0000, 0x0000, 0x0000, 0x0000, 0x0000, 0x0000, 0x0000, 0x0000, 0x0000, 0x0000, 0x0000, 0x0000, 0x0000,
  0x0000, 0x0000, 0x0000, 0x0000, 0x0000, 0x0000, 0x0000, 0x0000, 0x0000, 0x0000, 0x0000, 0x0000, 0x0000,
  0x0000, 0x0000, 0x0000, 0x0000, 0x0000, 0x0000, 0x0000, 0x0000, 0x0000, 0x0000, 0x0000, 0x0000, 0x0000,
  0x0000, 0x0000, 0x0000, 0x0000, 0x0000, 0x0000, 0x0000, 0x0000, 0x0000, 0x0000, 0x0000, 0x0000, 0x0000,
  0x0000, 0x0000, 0x0000, 0x0000, 0x0000, 0x0000, 0x0421, 0x0000, 0xCB4A, 0x5595, 0xD38C, 0x9284, 0xB38C,
  0x1174, 0xAF63, 0x0419, 0xE318, 0x35A5, 0x928C, 0x5184, 0x7AC6, 0xAE73, 0x0000, 0x6208, 0xEC52, 0x2D5B,
  0x0C53, 0x0C53, 0x0D53, 0x2D53, 0x2D53, 0x0D53, 0x2D53, 0x0C53, 0x0D53, 0x0D53, 0x0C53, 0x0D53, 0x0D53,
  0x0C53, 0x0C53, 0x0C53, 0x0C53, 0x0C53, 0x0C53, 0xEC52, 0xEC52, 0xEC52, 0xEC52, 0xCC4A, 0x2D5B, 0x4521,
  0x0421, 0x96AD, 0x76AD, 0xB394, 0xEF7B, 0x35A5, 0x55A5, 0x1084, 0x5184, 0xF8BD, 0x0C63, 0x0000, 0x0419,
  0x2521, 0x0419, 0x0419, 0x0419, 0x0419, 0x0419, 0x0419, 0x0419, 0x0419, 0xE418, 0xE418, 0xE418, 0xE418,
  0xE418, 0xE418, 0xE418, 0xE418, 0xE418, 0xE418, 0xE418, 0xE418, 0xE418, 0xE418, 0xE418, 0xE418, 0xE418,
  0xE418, 0xE418, 0x0419, 0xE418, 0xE418, 0xE418, 0xE418, 0xE418, 0xE418, 0xE418, 0xE418, 0xE418, 0xE418,
  0xE418, 0x0419, 0xE418, 0xE418, 0xE418, 0xE418, 0xE418, 0x0419, 0x0419, 0x0419, 0x0419, 0x0419, 0x0419,
  0x0419, 0x0419, 0x2421, 0x2421, 0x2521, 0x0419, 0x0000, 0x4D6B, 0xD7B5, 0xCF73, 0x76AD, 0x518C, 0x8110,
  0xE418, 0x2521, 0x0421, 0x0421, 0x0421, 0x0421, 0x0421, 0x0419, 0x0419, 0x0419, 0x0419, 0x0419, 0x0419,
  0x0419, 0x0419, 0x0419, 0x0419, 0x0419, 0x0419, 0x0419, 0x0419, 0x0419, 0x0419, 0x0419, 0x0419, 0x0419,
  0x0419, 0x0419, 0x0419, 0x0419, 0x0419, 0x0419, 0x0419, 0x0419, 0x0419, 0x0419, 0x0419, 0x0419, 0x0419,
  0x0419, 0x0419, 0x0419, 0x0419, 0x0419, 0x0419, 0x0419, 0x0419, 0x0419, 0x0419, 0x0419, 0x0419, 0x0421,
  0x0419, 0x0419, 0x0421, 0x0421, 0x0421, 0x2421, 0x0421, 0x2108, 0xC318, 0x35A5, 0x76AD, 0x149D, 0xF49C,
  0x56A5, 0x4D63, 0x928C, 0x76A5, 0x56A5, 0xB394, 0xA310, 0x8210, 0x0000, 0x0000, 0x0000, 0x0000, 0x0000,
  0x0000, 0x0000, 0x0000, 0x0000, 0x0000, 0x0000, 0x0000, 0x0000, 0x0000, 0x0000, 0x0000, 0x0000, 0x0000,
  0x0000, 0x0000, 0x0000, 0x0000, 0x0000, 0x0000, 0x0000, 0x0000, 0x0000, 0x0000, 0x0000, 0x0000, 0x0000,
  0x0000, 0x0000, 0x0000, 0x0000, 0x0000, 0x0000, 0x0000, 0x0000, 0x0000, 0x0000, 0x0000, 0x0000, 0x0000,
  0x0000, 0x0000, 0x0000, 0x0000, 0x0000, 0x0000, 0x0000, 0x0000, 0x0000, 0x0000, 0x0000, 0x0000, 0x0000,
  0x0000, 0x0000, 0x0000, 0x0000, 0x0000, 0x0000, 0x0000, 0x0000, 0x0000, 0x0000, 0x0000, 0x0000, 0x0000,
  0x0000, 0x0000, 0x0000, 0x0000, 0x0000, 0x0000, 0x0000, 0x2000, 0xC318, 0x8208, 0xF073, 0x769D, 0x527C,
  0x727C, 0x727C, 0x1074, 0x6E5B, 0xA208, 0xC739, 0x76AD, 0x5184, 0x928C, 0x7ACE, 0x8A52, 0x0000, 0x4521,
  0x6E63, 0x2D5B, 0xCC4A, 0xCC52, 0xCB52, 0xCB4A, 0xCB52, 0xCB4A, 0xCB4A, 0xCB4A, 0xAB4A, 0xAB4A, 0xAB4A,
  0xAB4A, 0xAB4A, 0x8A4A, 0x8A4A, 0x8A4A, 0x8A4A, 0x8A42, 0x8A42, 0x8A42, 0x8A42, 0x6A42, 0x6A42, 0x6A42,
  0x6A42, 0xAB4A, 0x0419, 0x4529, 0xB7B5, 0x76AD, 0x9294, 0xEF7B, 0x35A5, 0x55A5, 0x107C, 0x3184, 0xF8BD,
  0x0C63, 0x0000, 0xE418, 0x0419, 0x0419, 0x0419, 0x0419, 0xE418, 0xE418, 0xE418, 0xE418, 0xE418, 0xE318,
  0xE318, 0xE318, 0xE318, 0xE318, 0xE318, 0xC318, 0xE318, 0xE318, 0xE318, 0xE318, 0xC318, 0xC318, 0xC318,
  0xC318, 0xC318, 0xC318, 0xC318, 0xC318, 0xC318, 0xC310, 0xC310, 0xC310, 0xC310, 0xC310, 0xC310, 0xC310,
  0xC310, 0xC310, 0xC310, 0xC310, 0xC310, 0xC310, 0xC310, 0xC310, 0xC310, 0xC310, 0xC310, 0xC310, 0xC310,
  0xC310, 0xC310, 0xC310, 0xC318, 0xC318, 0xE418, 0x0419, 0x0421, 0x0419, 0x0000, 0x0C63, 0xD7B5, 0xAE73,
  0x55A5, 0x928C, 0x8210, 0xE318, 0x2521, 0x0421, 0x0421, 0x0419, 0xE418, 0xE418, 0xE318, 0xC318, 0xE318,
  0xE318, 0xC318, 0xC318, 0xC318, 0xC318, 0xC318, 0xC318, 0xC318, 0xC310, 0xC310, 0xC310, 0xC318, 0xC310,
  0xC318, 0xC318, 0xC310, 0xC318, 0xC310, 0xC318, 0xC310, 0xC310, 0xC310, 0xC310, 0xC310, 0xC310, 0xC310,
  0xC310, 0xC310, 0xC310, 0xC310, 0xC310, 0xC310, 0xC310, 0xC310, 0xC310, 0xC310, 0xC310, 0xC310, 0xC310,
  0xC310, 0xC310, 0xC310, 0xC318, 0xC310, 0xC310, 0xE418, 0x0419, 0x0419, 0x0419, 0xA310, 0x0000, 0x107C,
  0xB7B5, 0x149D, 0x149D, 0x56A5, 0xF07B, 0x107C, 0x76AD, 0x149D, 0xD7B5, 0x6529, 0x0421, 0x0000, 0x0000,
  0x0000, 0x0000, 0x0000, 0x0000, 0x0000, 0x0000, 0x0000, 0x0000, 0x0000, 0x0000, 0x0000, 0x0000, 0x0000,
  0x0000, 0x0000, 0x0000, 0x0000, 0x0000, 0x0000, 0x0000, 0x0000, 0x0000, 0x0000, 0x0000, 0x0000, 0x0000,
  0x0000, 0x0000, 0x0000, 0x0000, 0x0000, 0x0000, 0x0000, 0x0000, 0x0000, 0x0000, 0x0000, 0x0000, 0x0000,
  0x0000, 0x0000, 0x0000, 0x0000, 0x0000, 0x0000, 0x0000, 0x0000, 0x0000, 0x0000, 0x0000, 0x0000, 0x0000,
  0x0000, 0x0000, 0x0000, 0x0000, 0x0000, 0x0000, 0x0000, 0x0000, 0x0000, 0x0000, 0x0000, 0x0000, 0x0000,
  0x0000, 0x0000, 0x0000, 0x0000, 0x0000, 0x0000, 0x0000, 0x0000, 0x0000, 0x8210, 0x6110, 0x4521, 0xD38C,
  0x559D, 0x527C, 0x7284, 0x517C, 0xAF6B, 0x0D53, 0x8208, 0x6A4A, 0x76AD, 0xCF7B, 0x149D, 0x7AC6, 0x4842,
  0x0000, 0x283A, 0x8E63, 0x0C53, 0xCB52, 0xEC52, 0xCC52, 0xEC52, 0xCB4A, 0x6A42, 0x493A, 0x493A, 0x293A,
  0x293A, 0x293A, 0x293A, 0x293A, 0x293A, 0x293A, 0x293A, 0x293A, 0x293A, 0x293A, 0x293A, 0x293A, 0x093A,
  0x093A, 0x083A, 0x0832, 0xE831, 0x293A, 0xA310, 0x6529, 0x97AD, 0x76AD, 0x928C, 0xF07B, 0x55A5, 0x55A5,
  0x107C, 0x3184, 0xF8BD, 0x0C63, 0x0000, 0xE418, 0x0419, 0x0419, 0x0419, 0xE318, 0xE318, 0xE318, 0xE318,
  0xC318, 0xC310, 0xC318, 0xC310, 0xC310, 0xC310, 0xC310, 0xC310, 0xC318, 0xC310, 0xC310, 0xC310, 0xC310,
  0xC318, 0xC318, 0xC318, 0xC318, 0xC318, 0xC318, 0xC318, 0xC318, 0xC318, 0xE318, 0xE318, 0xE418, 0xE318,
  0xE418, 0xE418, 0xE418, 0xE418, 0xE418, 0xE418, 0x0419, 0x0419, 0x0419, 0x0419, 0x0419, 0x0419, 0x0419,
  0x0419, 0x0421, 0x0419, 0x2421, 0x0421, 0x2421, 0x2421, 0x2521, 0x0419, 0xE418, 0x0419, 0xE418, 0x0000,
  0x0C5B, 0xD7B5, 0xCF7B, 0x55A5, 0xB394, 0xC318, 0xC318, 0x2521, 0x0421, 0x0421, 0x0419, 0x0421, 0x2421,
  0x0419, 0x0419, 0x0419, 0x0419, 0x0421, 0x0421, 0x0419, 0x0421, 0x0421, 0x0421, 0x2421, 0x0421, 0x2421,
  0x2521, 0x2421, 0x2521, 0x2521, 0x2521, 0x2521, 0x2521, 0x2521, 0x2521, 0x2521, 0x2521, 0x2521, 0x2521,
  0x2521, 0x2521, 0x4521, 0x4521, 0x4521, 0x4521, 0x4521, 0x4521, 0x4521, 0x4521, 0x4529, 0x4529, 0x6529,
  0x6529, 0x6629, 0x6529, 0x6529, 0x6529, 0x6529, 0x6529, 0x6529, 0x6629, 0xE418, 0xE418, 0x0419, 0xE418,
  0x0419, 0x0000, 0xEC5A, 0xF8B5, 0xF49C, 0x149D, 0x55A5, 0xD49C, 0x8E6B, 0x35A5, 0x359D, 0xF8B5, 0xAF73,
  0xC310, 0x0000, 0x0000, 0x0000, 0x0000, 0x0000, 0x0000, 0x0000, 0x0000, 0x0000, 0x0000, 0x0000, 0x0000,
  0x0000, 0x0000, 0x0000, 0x0000, 0x0000, 0x0000, 0x0000, 0x0000, 0x0000, 0x0000, 0x0000, 0x0000, 0x0000,
  0x0000, 0x0000, 0x0000, 0x0000, 0x0000, 0x0000, 0x0000, 0x0000, 0x0000, 0x0000, 0x0000, 0x0000, 0x0000,
  0x0000, 0x0000, 0x0000, 0x0000, 0x0000, 0x0000, 0x0000, 0x0000, 0x0000, 0x0000, 0x0000, 0x0000, 0x0000,
  0x0000, 0x0000, 0x0000, 0x0000, 0x0000, 0x0000, 0x0000, 0x0000, 0x0000, 0x0000, 0x0000, 0x0000, 0x0000,
  0x0000, 0x0000, 0x0000, 0x0000, 0x0000, 0x0000, 0x0000, 0x0000, 0x0000, 0x0000, 0x0000, 0x0421, 0x0000,
  0x6A42, 0x769D, 0xB384, 0x517C, 0xB384, 0x3174, 0xD06B, 0xAB42, 0x6108, 0x8E73, 0x76AD, 0x6D6B, 0xB7AD,
  0xD7B5, 0x2421, 0x0000, 0xEC52, 0x8E63, 0xEC52, 0x2D5B, 0xEC52, 0x0C53, 0x0C5B, 0xEC52, 0x493A, 0xCF6B,
  0x1495, 0xD38C, 0xB38C, 0xB38C, 0x928C, 0xB38C, 0xD38C, 0xF494, 0xF494, 0xF494, 0x1495, 0x159D, 0x149D,
  0x1495, 0x359D, 0x1495, 0x1495, 0x1495, 0x1495, 0xF494, 0xB7A5, 0xE831, 0x2529, 0x97AD, 0x76AD, 0x728C,
  0x1084, 0x55A5, 0x55A5, 0x1084, 0x5184, 0xF8BD, 0x0C63, 0x0000, 0xE418, 0x0419, 0xE418, 0xE318, 0x4529,
  0x083A, 0x083A, 0x083A, 0xE839, 0xE839, 0xE839, 0xE839, 0xE839, 0xE839, 0xE839, 0xE839, 0x083A, 0xE839,
  0xE839, 0xE839, 0xE839, 0xE839, 0xE839, 0xE839, 0x083A, 0x083A, 0x083A, 0x083A, 0x083A, 0x083A, 0x0842,
  0x083A, 0x0942, 0x083A, 0x083A, 0x2942, 0x083A, 0x083A, 0x2942, 0x0842, 0x2942, 0x2942, 0x2942, 0x2942,
  0x2942, 0x2942, 0x2942, 0x2942, 0x2942, 0x2942, 0x2942, 0x2942, 0x4942, 0x2942, 0x494A, 0x2942, 0x0421,
  0xE318, 0xE418, 0x0000, 0xEC5A, 0xB7B5, 0xEF7B, 0x55A5, 0xF49C, 0x0421, 0xA310, 0x2521, 0x0421, 0xE418,
  0x4521, 0x4942, 0x4942, 0x4942, 0x4942, 0x4942, 0x4942, 0x4942, 0x4942, 0x4942, 0x4942, 0x4942, 0x4942,
  0x4942, 0x4942, 0x4942, 0x4942, 0x4942, 0x4942, 0x4942, 0x4942, 0x4942, 0x4942, 0x4942, 0x4942, 0x4942,
  0x4942, 0x2942, 0x4942, 0x4942, 0x2942, 0x4942, 0x4942, 0x4942, 0x4942, 0x2942, 0x4942, 0x4942, 0x2942,
  0x4942, 0x4942, 0x4942, 0x4942, 0x4942, 0x4942, 0x4942, 0x4942, 0x4942, 0x2942, 0x2942, 0x2942, 0xE839,
  0x0419, 0xE318, 0x0419, 0x0419, 0x0000, 0xC739, 0x96AD, 0x149D, 0x149D, 0x35A5, 0x35A5, 0xAE73, 0xD394,
  0x35A5, 0x76AD, 0x76AD, 0x0421, 0x8210, 0x0000, 0x0000, 0x0000, 0x0000, 0x0000, 0x0000, 0x0000, 0x0000,
  0x0000, 0x0000, 0x0000, 0x0000, 0x0000, 0x0000, 0x0000, 0x0000, 0x0000, 0x0000, 0x0000, 0x0000, 0x0000,
  0x0000, 0x0000, 0x0000, 0x0000, 0x0000, 0x0000, 0x0000, 0x0000, 0x0000, 0x0000, 0x0000, 0x0000, 0x0000,
  0x0000, 0x0000, 0x0000, 0x0000, 0x0000, 0x0000, 0x0000, 0x0000, 0x0000, 0x0000, 0x0000, 0x0000, 0x0000,
  0x0000, 0x0000, 0x0000, 0x0000, 0x0000, 0x0000, 0x0000, 0x0000, 0x0000, 0x0000, 0x0000, 0x0000, 0x0000,
  0x0000, 0x0000, 0x0000, 0x0000, 0x0000, 0x0000, 0x0000, 0x0000, 0x0000, 0x0000, 0x0000, 0x0000, 0x0000,
  0x4108, 0x6108, 0x6D5B, 0x969D, 0x7284, 0x317C, 0x9284, 0xF073, 0xCF6B, 0x293A, 0x8210, 0xCF73, 0x34A5,
  0xF07B, 0xF8BD, 0x55A5, 0x8210, 0x0000, 0x0C5B, 0x6E5B, 0x4D5B, 0x727C, 0x8E63, 0x0D53, 0x4D5B, 0x0C5B,
  0x6A42, 0x517C, 0xFCD6, 0x3CDF, 0xFCD6, 0xFCD6, 0xFCD6, 0xFCD6, 0xFCD6, 0xFCD6, 0x1CD7, 0x1CD7, 0xFCD6,
  0xFCD6, 0xFCD6, 0xFCD6, 0xFCD6, 0xFCD6, 0xFCD6, 0xFCD6, 0xFCD6, 0xFCD6, 0xFCD6, 0xDFEF, 0x8A4A, 0x4529,
  0xB7B5, 0x76AD, 0x728C, 0x5184, 0x55A5, 0x35A5, 0x1084, 0x5184, 0xF8BD, 0x0C63, 0x0000, 0xE318, 0x0419,
  0xE418, 0xC318, 0x083A, 0x8A4A, 0x4942, 0x4942, 0x494A, 0x494A, 0x4942, 0x4942, 0x4942, 0x4942, 0x4942,
  0x4942, 0x4942, 0x4942, 0x4942, 0x4942, 0x4942, 0x2942, 0x2942, 0x4942, 0x2942, 0x2942, 0x4942, 0x4942,
  0x4942, 0x4942, 0x2942, 0x2942, 0x2942, 0x2942, 0x2942, 0x2942, 0x2942, 0x2942, 0x2942, 0x2942, 0x2942,
  0x2942, 0x2942, 0x2942, 0x2942, 0x2942, 0x2942, 0x2942, 0x2942, 0x2942, 0x2842, 0x2942, 0x2942, 0x2942,
  0x2942, 0x4942, 0x4521, 0xC310, 0xE418, 0x0000, 0xAA52, 0xD7B5, 0xCF73, 0x35A5, 0x35A5, 0x2421, 0xA210,
  0x2521, 0x0521, 0xE418, 0x6629, 0x6A4A, 0x4942, 0x4942, 0x4942, 0x4942, 0x4942, 0x4942, 0x4942, 0x4942,
  0x2942, 0x2942, 0x4942, 0x4942, 0x4942, 0x2942, 0x2942, 0x2942, 0x2942, 0x2942, 0x2942, 0x2942, 0x2942,
  0x2942, 0x2942, 0x2942, 0x2942, 0x2942, 0x2842, 0x2842, 0x2842, 0x0842, 0x2942, 0x0842, 0x2842, 0x283A,
  0x083A, 0x083A, 0x083A, 0x083A, 0x0842, 0x0842, 0x0842, 0x0842, 0x083A, 0x083A, 0x083A, 0x083A, 0x083A,
  0x083A, 0xE839, 0x2942, 0x8629, 0xC318, 0xE418, 0x0419, 0x4108, 0xC318, 0x149D, 0x56A5, 0xF49C, 0xF49C,
  0x76AD, 0x3184, 0xCF7B, 0x56A5, 0xF49C, 0x18BE, 0x0842, 0xC318, 0x0000, 0x0000, 0x0000, 0x0000, 0x0000,
  0x0000, 0x0000, 0x0000, 0x0000, 0x0000, 0x0000, 0x0000, 0x0000, 0x0000, 0x0000, 0x0000, 0x0000, 0x0000,
  0x0000, 0x0000, 0x0000, 0x0000, 0x0000, 0x0000, 0x0000, 0x0000, 0x0000, 0x0000, 0x0000, 0x0000, 0x0000,
  0x0000, 0x0000, 0x0000, 0x0000, 0x0000, 0x0000, 0x0000, 0x0000, 0x0000, 0x0000, 0x0000, 0x0000, 0x0000,
  0x0000, 0x0000, 0x0000, 0x0000, 0x0000, 0x0000, 0x0000, 0x0000, 0x0000, 0x0000, 0x0000, 0x0000, 0x0000,
  0x0000, 0x0000, 0x0000, 0x0000, 0x0000, 0x0000, 0x0000, 0x0000, 0x0000, 0x0000, 0x0000, 0x0000, 0x0000,
  0x0000, 0x8210, 0xA218, 0x4521, 0xF48C, 0xD7A5, 0x7284, 0x517C, 0x317C, 0xAF63, 0xAF63, 0xA729, 0xE318,
  0xD39C, 0xD394, 0x3184, 0x7ACE, 0x728C, 0x0000, 0xC310, 0x6E63, 0x2D53, 0xAF6B, 0xB38C, 0x8F63, 0x0C53,
  0x4E63, 0xEC52, 0x8A42, 0x1495, 0x3DDF, 0x9ACE, 0x59BE, 0x59BE, 0x59C6, 0x59C6, 0x59BE, 0x59BE, 0x59C6,
  0x79C6, 0x7AC6, 0x79C6, 0x59C6, 0x59BE, 0x59BE, 0x59BE, 0x59BE, 0x59BE, 0x59BE, 0x59BE, 0x59BE, 0x59BE,
  0x1CD7, 0x083A, 0x6529, 0xB7B5, 0x76AD, 0x728C, 0x728C, 0x55A5, 0x35A5, 0x107C, 0x3184, 0xF8BD, 0x2C63,
  0x0000, 0xC318, 0xE418, 0xE418, 0xC318, 0xC739, 0x2942, 0x083A, 0x0842, 0x2842, 0x2842, 0x2842, 0x0842,
  0x083A, 0x083A, 0x083A, 0x083A, 0x083A, 0x083A, 0x083A, 0x083A, 0x083A, 0x083A, 0x083A, 0x083A, 0x083A,
  0x083A, 0x083A, 0x083A, 0x083A, 0x083A, 0x083A, 0x083A, 0x083A, 0x083A, 0x083A, 0x083A, 0x083A, 0x083A,
  0x083A, 0x083A, 0xE839, 0xE839, 0x083A, 0x083A, 0x083A, 0x083A, 0x083A, 0x083A, 0x083A, 0x083A, 0x083A,
  0x083A, 0x083A, 0x083A, 0x0842, 0x2942, 0x2521, 0xC310, 0xE418, 0x0000, 0x2942, 0xB7B5, 0xEF7B, 0x149D,
  0x96AD, 0x4521, 0x8208, 0x2521, 0x2521, 0x0419, 0x4529, 0x2942, 0x2942, 0x2942, 0x2842, 0x0842, 0x0842,
  0x2842, 0x2842, 0x0842, 0x0842, 0x2842, 0x2842, 0x2842, 0x0842, 0x083A, 0x083A, 0x083A, 0x083A, 0x083A,
  0x083A, 0x083A, 0x083A, 0x083A, 0x083A, 0x083A, 0x083A, 0x083A, 0x083A, 0x083A, 0x083A, 0x083A, 0x083A,
  0x083A, 0x083A, 0x083A, 0x083A, 0x083A, 0x083A, 0x083A, 0x083A, 0x083A, 0x083A, 0x083A, 0x083A, 0x083A,
  0x083A, 0xE839, 0xE839, 0xE839, 0xE839, 0x083A, 0xA731, 0xE318, 0xE418, 0x0419, 0xA310, 0x2000, 0x518C,
  0x97AD, 0xF49C, 0x149D, 0x56A5, 0x938C, 0xAF73, 0x55A5, 0xD394, 0xD7B5, 0x8E6B, 0xC318, 0x0000, 0x0000,
  0x0000, 0x0000, 0x0000, 0x0000, 0x0000, 0x0000, 0x0000, 0x0000, 0x0000, 0x0000, 0x0000, 0x0000, 0x0000,
  0x0000, 0x0000, 0x0000, 0x0000, 0x0000, 0x0000, 0x0000, 0x0000, 0x0000, 0x0000, 0x0000, 0x0000, 0x0000,
  0x0000, 0x0000, 0x0000, 0x0000, 0x0000, 0x0000, 0x0000, 0x0000, 0x0000, 0x0000, 0x0000, 0x0000, 0x0000,
  0x0000, 0x0000, 0x0000, 0x0000, 0x0000, 0x0000, 0x0000, 0x0000, 0x0000, 0x0000, 0x0000, 0x0000, 0x0000,
  0x0000, 0x0000, 0x0000, 0x0000, 0x0000, 0x0000, 0x0000, 0x0000, 0x0000, 0x0000, 0x0000, 0x0000, 0x0000,
  0x0000, 0x0000, 0x0000, 0x6110, 0x0000, 0x4942, 0x19AE, 0xB7A5, 0x7284, 0xB384, 0x317C, 0x4E5B, 0x8F63,
  0x2519, 0x4529, 0x149D, 0x718C, 0x928C, 0x7BCE, 0xCF7B, 0x0000, 0x6629, 0x8E63, 0xEC52, 0xF073, 0xB38C,
  0x4E5B, 0x0C53, 0x6E63, 0xCB4A, 0x8A4A, 0x559D, 0x3DDF, 0x9AC6, 0x59BE, 0x59BE, 0x59BE, 0x59C6, 0x59BE,
  0x59BE, 0x59BE, 0x59C6, 0x59C6, 0x79C6, 0x59C6, 0x59BE, 0x59BE, 0x59BE, 0x59BE, 0x59BE, 0x59BE, 0x59BE,
  0x59BE, 0x59BE, 0x79BE, 0xFCCE, 0xA629, 0xC739, 0xD7B5, 0x56A5, 0x728C, 0x728C, 0x55A5, 0x35A5, 0x107C,
  0x3184, 0xF8BD, 0x2C63, 0x0000, 0xC318, 0xE418, 0xE418, 0xC318, 0xC731, 0x2942, 0x083A, 0x083A, 0x0842,
  0x2842, 0x0842, 0x083A, 0x083A, 0x083A, 0x083A, 0x083A, 0x083A, 0x083A, 0x083A, 0x083A, 0x083A, 0x083A,
  0x083A, 0x083A, 0x083A, 0x083A, 0x083A, 0x083A, 0x083A, 0x083A, 0x083A, 0x083A, 0x083A, 0x083A, 0x083A,
  0x083A, 0x083A, 0x083A, 0x083A, 0x083A, 0xE839, 0xE839, 0x083A, 0x083A, 0x083A, 0x083A, 0x083A, 0x083A,
  0x083A, 0x083A, 0x083A, 0x083A, 0x083A, 0x083A, 0x083A, 0x2942, 0x2521, 0xC310, 0xE418, 0x0000, 0xE739,
  0xD7B5, 0x3084, 0xF49C, 0xB7B5, 0x4529, 0x6208, 0x2521, 0x2521, 0x0419, 0x4529, 0x2942, 0x2942, 0x0842,
  0x0842, 0x0842, 0x0842, 0x0842, 0x0842, 0x0842, 0x083A, 0x083A, 0x083A, 0x0842, 0x0842, 0x083A, 0x083A,
  0x083A, 0x083A, 0x083A, 0x083A, 0x083A, 0x083A, 0x083A, 0x083A, 0x083A, 0x083A, 0x083A, 0x083A, 0x083A,
  0x083A, 0x083A, 0x083A, 0x083A, 0x083A, 0x083A, 0x083A, 0x083A, 0x083A, 0x083A, 0x083A, 0x083A, 0x083A,
  0x083A, 0x083A, 0x083A, 0x083A, 0xE839, 0xE839, 0xE839, 0xE839, 0x083A, 0xE739, 0x0419, 0xE418, 0x0419,
  0xE318, 0x0000, 0x4D6B, 0xD7B5, 0xF49C, 0x149D, 0x149D, 0x35A5, 0xCF7B, 0xB394, 0x35A5, 0x35A5, 0x35A5,
  0x2421, 0x8210, 0x0000, 0x0000, 0x0000, 0x0000, 0x0000, 0x0000, 0x0000, 0x0000, 0x0000, 0x0000, 0x0000,
  0x0000, 0x0000, 0x0000, 0x0000, 0x0000, 0x0000, 0x0000, 0x0000, 0x0000, 0x0000, 0x0000, 0x0000, 0x0000,
  0x0000, 0x0000, 0x0000, 0x0000, 0x0000, 0x0000, 0x0000, 0x0000, 0x0000, 0x0000, 0x0000, 0x0000, 0x0000,
  0x0000, 0x0000, 0x0000, 0x0000, 0x0000, 0x0000, 0x0000, 0x0000, 0x0000, 0x0000, 0x0000, 0x0000, 0x0000,
  0x0000, 0x0000, 0x0000, 0x0000, 0x0000, 0x0000, 0x0000, 0x0000, 0x0000, 0x0000, 0x0000, 0x0000, 0x0000,
  0x0000, 0x0000, 0x0000, 0x0000, 0x0000, 0x0421, 0x4108, 0xCF6B, 0x59B6, 0x559D, 0xB38C, 0xD48C, 0x517C,
  0x6E5B, 0x2D5B, 0xA310, 0x0842, 0x76AD, 0x8E73, 0xF494, 0x7AC6, 0xAA52, 0x0000, 0x283A, 0xAF6B, 0x0C53,
  0x517C, 0xB384, 0x2D5B, 0x0C53, 0x6E63, 0xCB4A, 0xCB4A, 0xB7AD, 0x3DDF, 0x7AC6, 0x59BE, 0x59BE, 0x59BE,
  0x59BE, 0x59BE, 0x59BE, 0x59BE, 0x59BE, 0x59BE, 0x59BE, 0x59BE, 0x59BE, 0x59BE, 0x59BE, 0x59BE, 0x59BE,
  0x59BE, 0x59BE, 0x59BE, 0x59BE, 0x59BE, 0x7ABE, 0xDBCE, 0x6529, 0xC739, 0xD7B5, 0x55A5, 0x928C, 0x728C,
  0x55A5, 0x35A5, 0x107C, 0x3184, 0xF8BD, 0x0C5B, 0x0000, 0xE318, 0xE418, 0xE418, 0xC310, 0xA731, 0x2942,
  0x083A, 0x083A, 0x083A, 0x0842, 0x083A, 0x083A, 0x083A, 0x083A, 0x083A, 0x083A, 0x083A, 0x083A, 0x083A,
  0x083A, 0x083A, 0x083A, 0x083A, 0x083A, 0x083A, 0x083A, 0x083A, 0x083A, 0x083A, 0x083A, 0x083A, 0x083A,
  0x083A, 0x083A, 0x083A, 0x083A, 0x083A, 0x083A, 0xE839, 0xE839, 0xE839, 0xE839, 0xE839, 0x083A, 0x083A,
  0x083A, 0x083A, 0x083A, 0x083A, 0x083A, 0x083A, 0x083A, 0x083A, 0x083A, 0x083A, 0x2942, 0x2521, 0xC310,
  0xE318, 0x0000, 0xC739, 0xD7B5, 0x5184, 0xF49C, 0xB7B5, 0x6529, 0x6208, 0x4521, 0x2521, 0x0419, 0x6529,
  0x494A, 0x2942, 0x083A, 0x083A, 0x083A, 0x083A, 0x083A, 0x083A, 0x083A, 0x083A, 0x083A, 0x083A, 0x083A,
  0x083A, 0x083A, 0x083A, 0x083A, 0x083A, 0x083A, 0x083A, 0x083A, 0x083A, 0x083A, 0x083A, 0x083A, 0x083A,
  0x083A, 0x083A, 0x083A, 0x083A, 0x083A, 0x083A, 0x083A, 0x083A, 0x083A, 0x083A, 0x083A, 0x083A, 0x083A,
  0x083A, 0x083A, 0x083A, 0x083A, 0x083A, 0xE839, 0xE839, 0xE839, 0xE839, 0xE839, 0xE839, 0xE839, 0xE839,
  0x2421, 0xE318, 0x0419, 0x0419, 0x0000, 0x0842, 0xB7B5, 0x35A5, 0x149D, 0xF49C, 0x76AD, 0xCF7B, 0x5184,
  0x76AD, 0xF49C, 0xD8B5, 0x6529, 0xE318, 0x0000, 0x0000, 0x0000, 0x0000, 0x0000, 0x0000, 0x0000, 0x0000,
  0x0000, 0x0000, 0x0000, 0x0000, 0x0000, 0x0000, 0x0000, 0x0000, 0x0000, 0x0000, 0x0000, 0x0000, 0x0000,
  0x0000, 0x0000, 0x0000, 0x0000, 0x0000, 0x0000, 0x0000, 0x0000, 0x0000, 0x0000, 0x0000, 0x0000, 0x0000,
  0x0000, 0x0000, 0x0000, 0x0000, 0x0000, 0x0000, 0x0000, 0x0000, 0x0000, 0x0000, 0x0000, 0x0000, 0x0000,
  0x0000, 0x0000, 0x0000, 0x0000, 0x0000, 0x0000, 0x0000, 0x0000, 0x0000, 0x0000, 0x0000, 0x0000, 0x0000,
  0x0000, 0x0000, 0x0000, 0x0000, 0x0000, 0x0000, 0x0000, 0xA218, 0x6108, 0x769D, 0xDCCE, 0xD38C, 0xD38C,
  0x3595, 0x3174, 0x6E5B, 0x2D53, 0x8208, 0xAB52, 0x76AD, 0xAE73, 0x76AD, 0x19BE, 0x8631, 0x0000, 0x6942,
  0xAF63, 0x2D53, 0xB384, 0x727C, 0x0C53, 0x4D5B, 0x6E63, 0x8A42, 0x0C53, 0x18BE, 0x1CD7, 0x59BE, 0x59BE,
  0x59BE, 0x59BE, 0x59BE, 0x59BE, 0x59BE, 0x59BE, 0x59BE, 0x59BE, 0x59BE, 0x59BE, 0x59BE, 0x59BE, 0x59BE,
  0x59BE, 0x59BE, 0x59BE, 0x59BE, 0x59BE, 0x59BE, 0x59BE, 0x59BE, 0x7AC6, 0xDBCE, 0x2521, 0xE839, 0xD8B5,
  0x55A5, 0x928C, 0x728C, 0x55A5, 0x35A5, 0x1084, 0x5184, 0xF8BD, 0x0C5B, 0x0000, 0xE318, 0xE418, 0xE418,
  0xC310, 0xA631, 0x2942, 0x083A, 0x083A, 0x083A, 0x083A, 0x083A, 0x083A, 0x083A, 0x083A, 0x083A, 0x083A,
  0x083A, 0x083A, 0x083A, 0x083A, 0x083A, 0x083A, 0x083A, 0x083A, 0x083A, 0x083A, 0x083A, 0x083A, 0x083A,
  0x083A, 0x083A, 0x083A, 0x083A, 0x083A, 0x083A, 0xE839, 0x083A, 0xE839, 0xE839, 0xE839, 0xE839, 0xE839,
  0xE839, 0xE839, 0x083A, 0x083A, 0x083A, 0xE839, 0x083A, 0x083A, 0x083A, 0x083A, 0xE839, 0x083A, 0x083A,
  0x2842, 0x0421, 0xA310, 0xE318, 0x2000, 0xA731, 0xB7B5, 0x5184, 0xF49C, 0xD7B5, 0x6529, 0x6108, 0x2421,
  0x0421, 0xE418, 0x0421, 0xC731, 0x2942, 0x2942, 0x083A, 0x083A, 0x083A, 0x083A, 0x083A, 0x083A, 0x083A,
  0x083A, 0x083A, 0x083A, 0x083A, 0x083A, 0x083A, 0x083A, 0x083A, 0x083A, 0x083A, 0x083A, 0x083A, 0x083A,
  0x083A, 0x083A, 0x083A, 0x083A, 0x083A, 0x083A, 0xE839, 0x083A, 0x083A, 0x083A, 0x083A, 0x083A, 0x083A,
  0xE839, 0x083A, 0x083A, 0x083A, 0x083A, 0xE839, 0xE839, 0xE839, 0xE839, 0xE839, 0xE839, 0xE839, 0xE839,
  0xE839, 0xE839, 0x083A, 0x4521, 0xC318, 0x0419, 0x0421, 0x2100, 0xE318, 0x76AD, 0x76AD, 0x149D, 0x149D,
  0x55A5, 0x3184, 0xF07B, 0x76A5, 0xF49C, 0xD7B5, 0x2C63, 0xE418, 0x0000, 0x0000, 0x0000, 0x0000, 0x0000,
  0x0000, 0x0000, 0x0000, 0x0000, 0x0000, 0x0000, 0x0000, 0x0000, 0x0000, 0x0000, 0x0000, 0x0000, 0x0000,
  0x0000, 0x0000, 0x0000, 0x0000, 0x0000, 0x0000, 0x0000, 0x0000, 0x0000, 0x0000, 0x0000, 0x0000, 0x0000,
  0x0000, 0x0000, 0x0000, 0x0000, 0x0000, 0x0000, 0x0000, 0x0000, 0x0000, 0x0000, 0x0000, 0x0000, 0x0000,
  0x0000, 0x0000, 0x0000, 0x0000, 0x0000, 0x0000, 0x0000, 0x0000, 0x0000, 0x0000, 0x0000, 0x0000, 0x0000,
  0x0000, 0x0000, 0x0000, 0x0000, 0x0000, 0x0000, 0x0000, 0x0000, 0x4108, 0x0000, 0x8629, 0x7ABE, 0x5DD7,
  0x769D, 0x9384, 0xF494, 0xF06B, 0x4E5B, 0x8B42, 0x6108, 0x6E6B, 0xB7B5, 0xAE73, 0x97AD, 0xB7B5, 0x2421,
  0x0000, 0x8A4A, 0xAF63, 0x6E63, 0xF48C, 0x3174, 0xEC52, 0x2D5B, 0x4D5B, 0x8A42, 0xCF6B, 0x9AC6, 0xFCD6,
  0x59BE, 0x59BE, 0x59BE, 0x59BE, 0x59BE, 0x59BE, 0x59BE, 0x59BE, 0x59BE, 0x59BE, 0x59BE, 0x59BE, 0x59BE,
  0x59BE, 0x59BE, 0x59BE, 0x59BE, 0x59BE, 0x59BE, 0x59BE, 0x59BE, 0x59BE, 0x59BE, 0x59BE, 0x9AC6, 0x9BC6,
  0xC310, 0x0842, 0xD8B5, 0x55A5, 0x718C, 0x518C, 0x56A5, 0x35A5, 0x3184, 0x5184, 0xF8BD, 0x0C5B, 0x0000,
  0xE318, 0xE418, 0xE418, 0xC318, 0xA631, 0x2942, 0xE839, 0x083A, 0x083A, 0x083A, 0x083A, 0x083A, 0x083A,
  0x083A, 0x083A, 0x083A, 0x083A, 0x083A, 0x083A, 0x083A, 0x083A, 0x083A, 0x083A, 0x083A, 0x083A, 0x083A,
  0xE839, 0xE839, 0x083A, 0x083A, 0x083A, 0x083A, 0x083A, 0xE839, 0xE839, 0xE839, 0xE839, 0xE839, 0xE839,
  0xE839, 0xE839, 0xE839, 0xE839, 0xE839, 0xE839, 0xE839, 0xE839, 0xE839, 0xE839, 0x083A, 0x083A, 0xE839,
  0xE839, 0xE839, 0x083A, 0x0842, 0x0419, 0xC310, 0xE418, 0x2000, 0x8631, 0xD7B5, 0x3184, 0xD494, 0xD8B5,
  0x8631, 0x2000, 0xC310, 0xC310, 0xC310, 0xC310, 0x8210, 0xE418, 0x083A, 0x2942, 0x083A, 0x083A, 0x083A,
  0x083A, 0x083A, 0x083A, 0x083A, 0x083A, 0x083A, 0x083A, 0x083A, 0x083A, 0x083A, 0x083A, 0x083A, 0x083A,
  0x083A, 0x083A, 0x083A, 0x083A, 0x083A, 0x083A, 0x083A, 0x083A, 0xE839, 0xE839, 0xE839, 0xE839, 0x083A,
  0xE839, 0xE839, 0xE839, 0xE839, 0xE839, 0xE839, 0xE839, 0xE839, 0xE839, 0xE839, 0xE839, 0xE839, 0xE839,
  0xE839, 0xE839, 0xE839, 0xE839, 0xE739, 0x083A, 0x6629, 0xC318, 0x0419, 0x0421, 0x8208, 0x4000, 0x928C,
  0x97AD, 0x149D, 0x149D, 0x35A5, 0xF49C, 0x8E73, 0x159D, 0x35A5, 0x96AD, 0xB394, 0x4108, 0x8210, 0x0000,
  0x0000, 0x0000, 0x0000, 0x0000, 0x0000, 0x0000, 0x0000, 0x0000, 0x0000, 0x0000, 0x0000, 0x0000, 0x0000,
  0x0000, 0x0000, 0x0000, 0x0000, 0x0000, 0x0000, 0x0000, 0x0000, 0x0000, 0x0000, 0x0000, 0x0000, 0x0000,
  0x0000, 0x0000, 0x0000, 0x0000, 0x0000, 0x0000, 0x0000, 0x0000, 0x0000, 0x0000, 0x0000, 0x0000, 0x0000,
  0x0000, 0x0000, 0x0000, 0x0000, 0x0000, 0x0000, 0x0000, 0x0000, 0x0000, 0x0000, 0x0000, 0x0000, 0x0000,
  0x0000, 0x0000, 0x0000, 0x0000, 0x0000, 0x0000, 0x0000, 0x0000, 0x0000, 0x0000, 0xE320, 0x0000, 0xCC52,
  0x5EDF, 0xBBC6, 0x96A5, 0xB7A5, 0xD38C, 0x6E5B, 0x4E5B, 0xE831, 0x6108, 0x3184, 0x14A5, 0xF07B, 0x5AC6,
  0xF49C, 0x4108, 0x4108, 0x2C5B, 0x6E63, 0xCF6B, 0x3595, 0xF073, 0xEC52, 0x6E63, 0x2D5B, 0x6A42, 0x517C,
  0x1CD7, 0xDBCE, 0x59BE, 0x59BE, 0x59BE, 0x59BE, 0x59BE, 0x59BE, 0x59BE, 0x59BE, 0x59BE, 0x59BE, 0x59BE,
  0x59BE, 0x59BE, 0x59BE, 0x59BE, 0x59BE, 0x59BE, 0x59BE, 0x59BE, 0x59BE, 0x59BE, 0x59BE, 0x59BE, 0x59BE,
  0x59BE, 0x9AC6, 0x7ABE, 0x8208, 0x0842, 0xD8B5, 0x56A5, 0x5184, 0x5184, 0x56A5, 0x35A5, 0x3184, 0x5184,
  0xF8BD, 0x0C5B, 0x0000, 0xE318, 0xE418, 0xE418, 0xC310, 0x8631, 0x083A, 0xE839, 0xE839, 0xE839, 0x083A,
  0x083A, 0x083A, 0x083A, 0x083A, 0x083A, 0x083A, 0x083A, 0x083A, 0xE839, 0xE839, 0xE839, 0xE839, 0xE839,
  0xE839, 0xE839, 0xE839, 0xE839, 0xE839, 0xE839, 0xE839, 0xE839, 0xE839, 0xE839, 0xE839, 0xE839, 0xE839,
  0xE839, 0xE839, 0xE839, 0xE839, 0xE839, 0xE839, 0xE839, 0xE839, 0xE839, 0xE839, 0xE839, 0xE839, 0xE839,
  0xE839, 0xE839, 0xE839, 0xE839, 0xE839, 0x083A, 0x083A, 0x0419, 0xC310, 0xE418, 0x2000, 0x8629, 0xB7B5,
  0x107C, 0xD394, 0xD8B5, 0x8631, 0x2100, 0xC318, 0xC318, 0xC318, 0xC318, 0xC310, 0x8208, 0x6629, 0x2942,
  0xE839, 0xE839, 0xE839, 0xE839, 0xE839, 0xE839, 0xE839, 0xE839, 0xE839, 0xE839, 0xE839, 0xE839, 0xE839,
  0xE839, 0xE839, 0xE839, 0xE839, 0xE839, 0xE839, 0xE839, 0xE839, 0xE839, 0xE839, 0xE839, 0xE839, 0xE839,
  0xE839, 0xE839, 0xE839, 0xE839, 0xE839, 0xE839, 0xE839, 0xE839, 0xE839, 0xE839, 0xE839, 0xE839, 0xE839,
  0xE839, 0xE839, 0xE839, 0xE839, 0xC739, 0xC731, 0xC731, 0xC731, 0x083A, 0x8631, 0xC318, 0xE418, 0x0419,
  0xC318, 0x0000, 0x6D6B, 0xD8B5, 0x149D, 0x149D, 0x35A5, 0x35A5, 0x8E73, 0xD394, 0x55A5, 0x35A5, 0xB7B5,
  0x6629, 0xE318, 0x0000, 0x0000, 0x0000, 0x0000, 0x0000, 0x0000, 0x0000, 0x0000, 0x0000, 0x0000, 0x0000,
  0x0000, 0x0000, 0x0000, 0x0000, 0x0000, 0x0000, 0x0000, 0x0000, 0x0000, 0x0000, 0x0000, 0x0000, 0x0000,
  0x0000, 0x0000, 0x0000, 0x0000, 0x0000, 0x0000, 0x0000, 0x0000, 0x0000, 0x0000, 0x0000, 0x0000, 0x0000,
  0x0000, 0x0000, 0x0000, 0x0000, 0x0000, 0x0000, 0x0000, 0x0000, 0x0000, 0x0000, 0x0000, 0x0000, 0x0000,
  0x0000, 0x0000, 0x0000, 0x0000, 0x0000, 0x0000, 0x0000, 0x0000, 0x0000, 0x0000, 0x0000, 0x0000, 0xE320,
  0x0000, 0x317C, 0x9FE7, 0x7ABE, 0x76A5, 0x18B6, 0x769D, 0x4E5B, 0x4E5B, 0xC731, 0x8208, 0xB394, 0xF49C,
  0xCF73, 0x5AC6, 0xB394, 0x0000, 0xA210, 0xCF6B, 0xF073, 0x517C, 0x1495, 0xCF6B, 0x0C53, 0x6E63, 0x2D5B,
  0x6A42, 0xB38C, 0x1CDF, 0xBBCE, 0x59BE, 0x59C6, 0x59BE, 0x59BE, 0x59BE, 0x59BE, 0x59BE, 0x59BE, 0x59BE,
  0x59BE, 0x59BE, 0x59BE, 0x59BE, 0x59BE, 0x59BE, 0x59BE, 0x59BE, 0x59BE, 0x59BE, 0x59BE, 0x59BE, 0x59BE,
  0x59BE, 0x59BE, 0x59BE, 0x59BE, 0x9BC6, 0x59BE, 0x4108, 0x694A, 0xD8B5, 0x56A5, 0x3184, 0x518C, 0x55A5,
  0x35A5, 0x3184, 0x5184, 0xF8BD, 0x0C5B, 0x0000, 0xE318, 0xE418, 0xE318, 0xC310, 0x8629, 0x083A, 0xE839,
  0xE839, 0xE839, 0xE839, 0xE839, 0xE839, 0xE839, 0xE839, 0xE839, 0xE839, 0xE839, 0xE839, 0xE839, 0xE839,
  0xE839, 0xE839, 0xE839, 0xE839, 0xE839, 0xE839, 0xE839, 0xE839, 0xE839, 0xE839, 0xE839, 0xE839, 0xE839,
  0xE839, 0xE839, 0xE839, 0xE839, 0xE839, 0xE839, 0xE839, 0xE839, 0xE839, 0xE839, 0xE839, 0xE839, 0xE839,
  0xE839, 0xE839, 0xE839, 0xE839, 0xE839, 0xE839, 0xE839, 0xE839, 0xE839, 0x083A, 0xE418, 0xA310, 0xE418,
  0x2000, 0x6529, 0xB7B5, 0x5184, 0xF49C, 0xD8B5, 0xC739, 0x2100, 0xC318, 0xC318, 0xC318, 0xC318, 0xE318,
  0xA310, 0x4521, 0x2942, 0xE839, 0xE839, 0xE839, 0xE839, 0xE839, 0xE839, 0xE839, 0xE839, 0xE839, 0xE839,
  0xE839, 0xE839, 0xE839, 0xE839, 0xE839, 0xE839, 0xE839, 0xE839, 0xE839, 0xE839, 0xE839, 0xE839, 0xE839,
  0xE839, 0xE839, 0xE839, 0xE839, 0xE839, 0xE839, 0xE839, 0xE839, 0xE839, 0xE839, 0xE839, 0xE839, 0xE839,
  0xE839, 0xE839, 0xE839, 0xE839, 0xE839, 0xE739, 0xC739, 0xC731, 0xC731, 0xC731, 0xC731, 0xE839, 0xA731,
  0xE318, 0xE318, 0xE418, 0xE418, 0x0000, 0x2942, 0xD7B5, 0x149D, 0x149D, 0x149D, 0x55A5, 0x1084, 0x518C,
  0x55A5, 0xF49C, 0xF8BD, 0xCB52, 0xE318, 0x0000, 0x0000, 0x0000, 0x0000, 0x0000, 0x0000, 0x0000, 0x0000,
  0x0000, 0x0000, 0x0000, 0x0000, 0x0000, 0x0000, 0x0000, 0x0000, 0x0000, 0x0000, 0x0000, 0x0000, 0x0000,
  0x0000, 0x0000, 0x0000, 0x0000, 0x0000, 0x0000, 0x0000, 0x0000, 0x0000, 0x0000, 0x0000, 0x0000, 0x0000,
  0x0000, 0x0000, 0x0000, 0x0000, 0x0000, 0x0000, 0x0000, 0x0000, 0x0000, 0x0000, 0x0000, 0x0000, 0x0000,
  0x0000, 0x0000, 0x0000, 0x0000, 0x0000, 0x0000, 0x0000, 0x0000, 0x0000, 0x0000, 0x0000, 0x0000, 0x0000,
  0x2000, 0x0000, 0x6521, 0x59BE, 0xDFEF, 0x18B6, 0xB7AD, 0x59BE, 0x96A5, 0x6E5B, 0x6E5B, 0x4519, 0xE418,
  0x35A5, 0x9294, 0x3184, 0x9BCE, 0x1084, 0x0000, 0x0419, 0x317C, 0x517C, 0x7284, 0xB38C, 0x6E63, 0x2D5B,
  0x8E63, 0xEC52, 0xAB4A, 0x559D, 0x3DDF, 0x9AC6, 0x59BE, 0x7AC6, 0x7AC6, 0x7ABE, 0x79BE, 0x59BE, 0x59BE,
  0x59BE, 0x59BE, 0x59BE, 0x59BE, 0x59BE, 0x59BE, 0x59BE, 0x59BE, 0x59BE, 0x59BE, 0x59BE, 0x59BE, 0x59BE,
  0x59BE, 0x59BE, 0x59BE, 0x59BE, 0x59BE, 0x59BE, 0x59BE, 0xBBC6, 0x39B6, 0x4108, 0xCB5A, 0xD7B5, 0x55A5,
  0x518C, 0x728C, 0x35A5, 0x35A5, 0x3184, 0x5184, 0xF8BD, 0x0C5B, 0x0000, 0xE318, 0xE418, 0xE318, 0xC310,
  0x8629, 0x083A, 0xE839, 0xE839, 0xE839, 0xE839, 0xE839, 0xE839, 0xE839, 0xE839, 0xE839, 0xE839, 0xE839,
  0xE839, 0xE839, 0xE839, 0xE839, 0xE839, 0xE839, 0xE839, 0xE739, 0xC739, 0xC739, 0xC739, 0xE839, 0xE839,
  0xE839, 0xE839, 0xE839, 0xE739, 0xE739, 0xC739, 0xC731, 0xC731, 0xC731, 0xC731, 0xC731, 0xC731, 0xC731,
  0xC731, 0xC739, 0xC731, 0xC731, 0xC731, 0xC839, 0xE739, 0xE739, 0xE739, 0xE739, 0xC731, 0xE839, 0xE839,
  0xE418, 0xA310, 0xE418, 0x4108, 0x6529, 0x97AD, 0xD394, 0xD394, 0xD7B5, 0x0842, 0x4100, 0xC318, 0xC318,
  0xC318, 0xC318, 0xE318, 0xA310, 0x2521, 0x083A, 0xE839, 0xE839, 0xE839, 0xE839, 0xE839, 0xE839, 0xE839,
  0xE839, 0xE739, 0xE739, 0xC739, 0xE739, 0xE739, 0xE739, 0xE739, 0xC739, 0xC739, 0xC739, 0xE739, 0xE739,
  0xE839, 0xE839, 0xE739, 0xE739, 0xE739, 0xE739, 0xC839, 0xC739, 0xE739, 0xE739, 0xE739, 0xE739, 0xE739,
  0xE739, 0xE739, 0xE739, 0xE739, 0xC739, 0xE839, 0xC739, 0xC731, 0xC731, 0xC731, 0xC731, 0xC731, 0xC731,
  0xC731, 0xC739, 0xC731, 0xE418, 0xC310, 0xE418, 0x0419, 0x2000, 0x0421, 0x35A5, 0x55A5, 0x149D, 0x149D,
  0x56A5, 0xB394, 0xF07B, 0x35A5, 0xF49C, 0xB7B5, 0x107C, 0xC318, 0x0000, 0x0000, 0x0000, 0x0000, 0x0000,
  0x0000, 0x0000, 0x0000, 0x0000, 0x0000, 0x0000, 0x0000, 0x0000, 0x0000, 0x0000, 0x0000, 0x0000, 0x0000,
  0x0000, 0x0000, 0x0000, 0x0000, 0x0000, 0x0000, 0x0000, 0x0000, 0x0000, 0x0000, 0x0000, 0x0000, 0x0000,
  0x0000, 0x0000, 0x0000, 0x0000, 0x0000, 0x0000, 0x0000, 0x0000, 0x0000, 0x0000, 0x0000, 0x0000, 0x0000,
  0x0000, 0x0000, 0x0000, 0x0000, 0x0000, 0x0000, 0x0000, 0x0000, 0x0000, 0x0000, 0x0000, 0x0000, 0x0000,
  0x0000, 0x0000, 0x8210, 0x0000, 0x083A, 0x7EDF, 0xDFEF, 0xD7AD, 0xF8AD, 0x9AC6, 0x3595, 0x4D53, 0x6E5B,
  0x2419, 0xA631, 0x96B5, 0x3084, 0x728C, 0x9BCE, 0x4D63, 0x0000, 0x8629, 0x9284, 0x3174, 0x517C, 0x727C,
  0x4D5B, 0x2D5B, 0x8E63, 0xEC52, 0xCB52, 0xD7AD, 0x3DDF, 0x7AC6, 0x59BE, 0x7AC6, 0x7AC6, 0x7AC6, 0x7ABE,
  0x79BE, 0x59BE, 0x59BE, 0x59BE, 0x59BE, 0x59BE, 0x59BE, 0x59BE, 0x59BE, 0x59BE, 0x59BE, 0x59BE, 0x59BE,
  0x59BE, 0x59BE, 0x59BE, 0x59BE, 0x59BE, 0x59BE, 0x59BE, 0x59BE, 0x59BE, 0x59BE, 0xBBCE, 0x18B6, 0x4000,
  0x0C63, 0xD7B5, 0x55A5, 0x5184, 0x928C, 0x35A5, 0x35A5, 0x3184, 0x5184, 0xF8BD, 0x0C5B, 0x0000, 0xC318,
  0xE418, 0xE318, 0xC310, 0x6629, 0xE839, 0xC731, 0xC731, 0xE839, 0xE831, 0xC839, 0xC739, 0xC839, 0xC839,
  0xE731, 0xE739, 0xC739, 0xE739, 0xE739, 0xC739, 0xC739, 0xC731, 0xC731, 0xC731, 0xC731, 0xC731, 0xC731,
  0xC731, 0xC731, 0xC731, 0xC731, 0xC731, 0xC731, 0xC731, 0xC731, 0xC731, 0xC731, 0xC731, 0xC731, 0xC731,
  0xC731, 0xC731, 0xC731, 0xC731, 0xC731, 0xC731, 0xC731, 0xC731, 0xC731, 0xC731, 0xC731, 0xC731, 0xC731,
  0xC731, 0xE739, 0xC731, 0xE418, 0xA310, 0xE418, 0x4108, 0x2421, 0x76A5, 0x35A5, 0xD394, 0xB7B5, 0x494A,
  0x2108, 0xC318, 0xC318, 0xC318, 0xC318, 0xE318, 0xA310, 0x0421, 0xE839, 0xC839, 0xC739, 0xC731, 0xC739,
  0xE731, 0xC731, 0xC739, 0xC731, 0xC731, 0xC731, 0xC731, 0xC731, 0xC731, 0xC731, 0xC731, 0xC731, 0xC731,
  0xC731, 0xC731, 0xC731, 0xC731, 0xC731, 0xC731, 0xC731, 0xC731, 0xC731, 0xC731, 0xC731, 0xC731, 0xC731,
  0xC731, 0xC731, 0xC731, 0xC731, 0xC731, 0xC731, 0xC731, 0xC731, 0xC731, 0xC731, 0xC731, 0xC731, 0xC731,
  0xC731, 0xC731, 0xA731, 0xA731, 0xC731, 0xC731, 0x0419, 0xC310, 0xE318, 0xE418, 0x6108, 0x4008, 0x728C,
  0x97AD, 0xF49C, 0x149D, 0x55A5, 0xF49C, 0xF07B, 0x35A5, 0x149D, 0x35A5, 0x35A5, 0x6529, 0x8208, 0x0000,
  0x0000, 0x0000, 0x0000, 0x0000, 0x0000, 0x0000, 0x0000, 0x0000, 0x0000, 0x0000, 0x0000, 0x0000, 0x0000,
  0x0000, 0x0000, 0x0000, 0x0000, 0x0000, 0x0000, 0x0000, 0x0000, 0x0000, 0x0000, 0x0000, 0x0000, 0x0000,
  0x0000, 0x0000, 0x0000, 0x0000, 0x0000, 0x0000, 0x0000, 0x0000, 0x0000, 0x0000, 0x0000, 0x0000, 0x0000,
  0x0000, 0x0000, 0x0000, 0x0000, 0x0000, 0x0000, 0x0000, 0x0000, 0x0000, 0x0000, 0x0000, 0x0000, 0x0000,
  0x0000, 0x0000, 0x0000, 0x0000, 0xE318, 0x0000, 0x4D5B, 0xBFE7, 0x3DDF, 0xD7AD, 0x39B6, 0x9AC6, 0xD38C,
  0x0C53, 0x0C53, 0xC310, 0x494A, 0x96AD, 0xAF73, 0xD394, 0x59C6, 0x6A4A, 0x0000, 0x293A, 0x9384, 0x1074,
  0x517C, 0x517C, 0x6E63, 0x6E63, 0x8E63, 0xEC52, 0x2D5B, 0x59BE, 0x1CD7, 0x7AC6, 0x59BE, 0x7AC6, 0x7AC6,
  0x7AC6, 0x7AC6, 0x7ABE, 0x59BE, 0x59BE, 0x59BE, 0x59BE, 0x59BE, 0x59BE, 0x59BE, 0x59BE, 0x59BE, 0x59BE,
  0x59BE, 0x59BE, 0x59BE, 0x59BE, 0x59BE, 0x59BE, 0x59BE, 0x59BE, 0x59BE, 0x59BE, 0x59BE, 0x59BE, 0x59BE,
  0xDBCE, 0xD7AD, 0x2000, 0x6E6B, 0xB7B5, 0x35A5, 0x3184, 0x728C, 0x35A5, 0x35A5, 0x3184, 0x518C, 0xF8BD,
  0x0C63, 0x0000, 0xE318, 0xE418, 0xE318, 0xC310, 0x6629, 0xE839, 0xC731, 0xC731, 0xC731, 0xC731, 0xC731,
  0xC731, 0xC731, 0xC731, 0xC731, 0xC731, 0xC731, 0xC731, 0xC731, 0xC731, 0xC731, 0xC731, 0xC731, 0xC731,
  0xC731, 0xC731, 0xC731, 0xC731, 0xC731, 0xC731, 0xC731, 0xC731, 0xC731, 0xC731, 0xC731, 0xC731, 0xC731,
  0xC731, 0xC731, 0xC731, 0xC731, 0xC731, 0xC731, 0xC731, 0xC731, 0xC731, 0xA731, 0xC731, 0xC731, 0xC731,
  0xC731, 0xC731, 0xC731, 0xC731, 0xC731, 0xC731, 0xE418, 0xC310, 0xE418, 0x4108, 0xE318, 0x55A5, 0x35A5,
  0x928C, 0xD7B5, 0xAA52, 0x2108, 0xC310, 0xC318, 0xC318, 0xC318, 0xC318, 0xA310, 0xE418, 0xC731, 0xC731,
  0xC731, 0xC731, 0xC731, 0xC731, 0xC731, 0xC731, 0xC731, 0xC731, 0xC731, 0xC731, 0xC731, 0xC731, 0xA731,
  0xC731, 0xC731, 0xC731, 0xC731, 0xC731, 0xC731, 0xC731, 0xC731, 0xC731, 0xC731, 0xC731, 0xC731, 0xC731,
  0xC731, 0xC731, 0xC731, 0xC731, 0xC731, 0xC731, 0xC731, 0xC731, 0xC731, 0xC731, 0xC731, 0xC731, 0xC731,
  0xC731, 0xC731, 0xC731, 0xC731, 0xA731, 0xA731, 0xA731, 0xA731, 0xC731, 0x2521, 0xA310, 0xC318, 0xE318,
  0xA210, 0x0000, 0xAF73, 0xD8B5, 0xF49C, 0x149D, 0x149D, 0x35A5, 0x107C, 0xB394, 0x35A5, 0xF49C, 0xD7B5,
  0x0842, 0xC318, 0x0000, 0x0000, 0x0000, 0x0000, 0x0000, 0x0000, 0x0000, 0x0000, 0x0000, 0x0000, 0x0000,
  0x0000, 0x0000, 0x0000, 0x0000, 0x0000, 0x0000, 0x0000, 0x0000, 0x0000, 0x0000, 0x0000, 0x0000, 0x0000,
  0x0000, 0x0000, 0x0000, 0x0000, 0x0000, 0x0000, 0x0000, 0x0000, 0x0000, 0x0000, 0x0000, 0x0000, 0x0000,
  0x0000, 0x0000, 0x0000, 0x0000, 0x0000, 0x0000, 0x0000, 0x0000, 0x0000, 0x0000, 0x0000, 0x0000, 0x0000,
  0x0000, 0x0000, 0x0000, 0x0000, 0x0000, 0x0000, 0x8210, 0x4100, 0xD48C, 0xDFEF, 0xBAC6, 0xB7AD, 0x59BE,
  0x59BE, 0x517C, 0x4E5B, 0xCB4A, 0x4108, 0x4D63, 0x76AD, 0x2C63, 0x55A5, 0x19BE, 0xE739, 0xC310, 0xAF6B,
  0x158D, 0x527C, 0x9284, 0x3174, 0x4E5B, 0x6E63, 0x6E63, 0xCB52, 0x8E6B, 0xDBCE, 0x1CD7, 0x39BE, 0x59C6,
  0x7AC6, 0x7AC6, 0x7ABE, 0x7ABE, 0x7ABE, 0x7ABE, 0x59BE, 0x59BE, 0x59BE, 0x59BE, 0x59BE, 0x59BE, 0x59BE,
  0x59BE, 0x59BE, 0x59BE, 0x59BE, 0x59BE, 0x59BE, 0x59BE, 0x59BE, 0x59BE, 0x59BE, 0x59BE, 0x59BE, 0x59BE,
  0x59BE, 0x59BE, 0x39BE, 0xFCCE, 0x76A5, 0x2000, 0xCF7B, 0xB7B5, 0x35A5, 0x3184, 0x928C, 0x35A5, 0x35A5,
  0x3084, 0x518C, 0xF8BD, 0x0C63, 0x0000, 0xE318, 0xE418, 0xC318, 0xC310, 0x6529, 0xE839, 0xC731, 0xC731,
  0xC731, 0xC731, 0xC731, 0xC731, 0xC731, 0xC731, 0xC731, 0xC731, 0xC731, 0xC731, 0xC731, 0xC731, 0xC731,
  0xC731, 0xC731, 0xA731, 0xA731, 0xC731, 0xA731, 0xA731, 0xC731, 0xC731, 0xC731, 0xA731, 0xA731, 0xA731,
  0xA731, 0xC731, 0xA731, 0xA731, 0xA731, 0xA731, 0xA731, 0xA731, 0xA731, 0xA731, 0xA731, 0xA731, 0xA731,
  0xA731, 0xA731, 0xA731, 0xA731, 0xA731, 0xA731, 0xA731, 0xC731, 0xA731, 0xE318, 0xA310, 0xE318, 0x4108,
  0xC318, 0x35A5, 0x149D, 0x3184, 0xD8B5, 0xEC5A, 0x2000, 0xC310, 0xC318, 0xC318, 0xC318, 0xC318, 0xC310,
  0xE418, 0xA731, 0xC731, 0xC731, 0xC731, 0xC731, 0xC731, 0xC731, 0xC731, 0xC731, 0xC731, 0xC731, 0xC731,
  0xA731, 0xA731, 0xA731, 0xA731, 0xA731, 0xC731, 0xA731, 0xC731, 0xC731, 0xC731, 0xC731, 0xC731, 0xC731,
  0xC731, 0xC731, 0xC731, 0xC731, 0xC731, 0xC731, 0xC731, 0xC731, 0xC731, 0xC731, 0xC731, 0xC731, 0xC731,
  0xC731, 0xC731, 0xC731, 0xC731, 0xC731, 0xA731, 0xA731, 0xA731, 0xA731, 0xA731, 0xA731, 0xC731, 0x4529,
  0xA310, 0xC318, 0xC318, 0xC310, 0x0000, 0xCB5A, 0xD7B5, 0xF49C, 0x149D, 0xF49C, 0x76AD, 0xF07B, 0x3184,
  0x56A5, 0xF49C, 0xD8B5, 0xAB52, 0x2421, 0x0000, 0x0000, 0x0000, 0x0000, 0x0000, 0x0000, 0x0000, 0x0000,
  0x0000, 0x0000, 0x0000, 0x0000, 0x0000, 0x0000, 0x0000, 0x0000, 0x0000, 0x0000, 0x0000, 0x0000, 0x0000,
  0x0000, 0x0000, 0x0000, 0x0000, 0x0000, 0x0000, 0x0000, 0x0000, 0x0000, 0x0000, 0x0000, 0x0000, 0x0000,
  0x0000, 0x0000, 0x0000, 0x0000, 0x0000, 0x0000, 0x0000, 0x0000, 0x0000, 0x0000, 0x0000, 0x0000, 0x0000,
  0x0000, 0x0000, 0x0000, 0x0000, 0x0000, 0x0000, 0x0000, 0x2000, 0xE318, 0x2100, 0x359D, 0x9FE7, 0x59BE,
  0xD7AD, 0x7AC6, 0x39BE, 0xAF6B, 0x4E5B, 0xAB42, 0x4100, 0x8E73, 0x55A5, 0x2D63, 0x97AD, 0x18BE, 0x2421,
  0xC318, 0x2D5B, 0x4E63, 0x8A4A, 0xAB4A, 0xEC52, 0x493A, 0x293A, 0x293A, 0xE731, 0x6A42, 0x8E63, 0x18B6,
  0x1CD7, 0x59BE, 0x59BE, 0x7AC6, 0x7AC6, 0x79BE, 0x79BE, 0x7ABE, 0x59BE, 0x59BE, 0x59BE, 0x59BE, 0x59BE,
  0x59BE, 0x59BE, 0x59BE, 0x59BE, 0x59BE, 0x59BE, 0x59BE, 0x59BE, 0x59BE, 0x59BE, 0x59BE, 0x59BE, 0x59BE,
  0x59BE, 0x59BE, 0x59BE, 0x59BE, 0x59BE, 0x39BE, 0xFCCE, 0x359D, 0x4100, 0x3184, 0xB7B5, 0x35A5, 0x3184,
  0x728C, 0x35A5, 0x35A5, 0x3084, 0x528C, 0xF8BD, 0x0C5B, 0x0000, 0xE318, 0xE418, 0xE318, 0xC310, 0x4521,
  0xC731, 0xA731, 0xA731, 0xA731, 0xA731, 0xC731, 0xC731, 0xA731, 0xA731, 0xA731, 0xA731, 0xA731, 0xA731,
  0xA731, 0xA731, 0xA731, 0xA731, 0xA731, 0xA731, 0xA731, 0xA731, 0xA731, 0xA731, 0xA731, 0xA731, 0xA731,
  0xA731, 0xA731, 0xA731, 0xA731, 0xA731, 0xA731, 0xA731, 0xA731, 0xA731, 0xA731, 0xA731, 0xA731, 0xA731,
  0xA731, 0xA731, 0xA731, 0xA731, 0xA731, 0xA731, 0xA731, 0xA731, 0xA731, 0xA731, 0xA731, 0xA731, 0xE318,
  0xA310, 0xE318, 0x4108, 0xA210, 0x35A5, 0x149D, 0x3184, 0xF8B5, 0xCB5A, 0x2000, 0xC310, 0xC318, 0xC318,
  0xC318, 0xC318, 0xC310, 0xC318, 0x8631, 0xC731, 0xA731, 0xA731, 0xA731, 0xA731, 0xA731, 0xA731, 0xA731,
  0xA731, 0xA731, 0xA731, 0xA731, 0xA731, 0xA731, 0xA731, 0xA731, 0xA731, 0xA731, 0xA731, 0xA731, 0xA731,
  0xA731, 0xA731, 0xA731, 0xA731, 0xA731, 0xA731, 0xA731, 0xA731, 0xA731, 0xA731, 0xA731, 0xA731, 0xA731,
  0xA731, 0xA731, 0xA731, 0xA731, 0xA731, 0xA731, 0xA731, 0xA731, 0xA731, 0xA731, 0xA731, 0xA731, 0xA731,
  0xA631, 0xA731, 0x6629, 0xC310, 0xC310, 0xC318, 0xC310, 0x0000, 0xE839, 0xB7B5, 0x35A5, 0x149D, 0xF49C,
  0x76A5, 0x3184, 0x3084, 0x76AD, 0xF49C, 0x96AD, 0xF07B, 0x0421, 0x0000, 0x0000, 0x0000, 0x0000, 0x0000,
  0x0000, 0x0000, 0x0000, 0x0000, 0x0000, 0x0000, 0x0000, 0x0000, 0x0000, 0x0000, 0x0000, 0x0000, 0x0000,
  0x0000, 0x0000, 0x0000, 0x0000, 0x0000, 0x0000, 0x0000, 0x0000, 0x0000, 0x0000, 0x0000, 0x0000, 0x0000,
  0x0000, 0x0000, 0x0000, 0x0000, 0x0000, 0x0000, 0x0000, 0x0000, 0x0000, 0x0000, 0x0000, 0x0000, 0x0000,
  0x0000, 0x0000, 0x0000, 0x0000, 0x0000, 0x0000, 0x0000, 0x0000, 0x0000, 0x2000, 0x0000, 0xA729, 0xBBC6,
  0x5DDF, 0xF8B5, 0xD8AD, 0x9AC6, 0x76A5, 0x2D53, 0x6E63, 0x293A, 0x6108, 0x9394, 0x149D, 0x4D6B, 0xD8B5,
  0x76AD, 0xA731, 0x4529, 0x4529, 0x494A, 0xAF73, 0x4D6B, 0x6D6B, 0xE418, 0x8729, 0x083A, 0xC729, 0x8A42,
  0x8E63, 0x2D5B, 0xCB4A, 0xF8B5, 0xFCD6, 0x59BE, 0x59BE, 0x59BE, 0x59BE, 0x59BE, 0x59BE, 0x59BE, 0x59BE,
  0x59BE, 0x59BE, 0x59BE, 0x59BE, 0x59BE, 0x59BE, 0x59BE, 0x59BE, 0x59BE, 0x59BE, 0x59BE, 0x59BE, 0x59BE,
  0x59BE, 0x59BE, 0x59BE, 0x59BE, 0x59BE, 0x59BE, 0x59BE, 0x59BE, 0x39BE, 0xFCCE, 0x1495, 0x4108, 0x3184,
  0x97AD, 0x35A5, 0x3184, 0x928C, 0x35A5, 0x35A5, 0x3184, 0x728C, 0xF8BD, 0xEB5A, 0x0000, 0xC318, 0xE418,
  0xE318, 0xC310, 0x4521, 0xA731, 0xA731, 0xA731, 0xA731, 0xA731, 0xA731, 0xA731, 0xA731, 0xA731, 0xA731,
  0xA731, 0xA731, 0xA731, 0xA731, 0xA631, 0xA631, 0xA631, 0xA631, 0xA631, 0xA631, 0xA631, 0x8631, 0x8631,
  0xA731, 0xA731, 0xA631, 0xA631, 0xA631, 0x8631, 0x8629, 0x8629, 0x8629, 0x8629, 0x8629, 0x8629, 0x8629,
  0x8629, 0x8629, 0x8629, 0x8629, 0x8629, 0x8631, 0x8629, 0x8629, 0x8629, 0x8629, 0x8631, 0x8631, 0x8629,
  0xA731, 0xA731, 0xC318, 0xA310, 0xE318, 0x6108, 0xA210, 0x149D, 0x159D, 0x728C, 0xD8B5, 0xEB5A, 0x2000,
  0xC310, 0xC318, 0xC318, 0xC318, 0xC318, 0xC310, 0xA310, 0x6629, 0xC731, 0x8631, 0xA731, 0xA731, 0xA731,
  0xA731, 0xA731, 0xA731, 0xA731, 0xA731, 0xA731, 0xA631, 0xA631, 0xA631, 0x8631, 0x8631, 0x8631, 0xA631,
  0xA731, 0xA731, 0xA731, 0xA731, 0xA731, 0xA631, 0xA631, 0xA631, 0xA731, 0xA731, 0xA731, 0xA731, 0xA731,
  0xA731, 0xA731, 0xA731, 0xA731, 0xA731, 0xA631, 0xA631, 0xA631, 0xA631, 0x8631, 0x8631, 0x8629, 0x8629,
  0x8629, 0x8629, 0x8629, 0x8629, 0xA631, 0x8629, 0xC318, 0xC310, 0xC318, 0xC318, 0x0000, 0x4529, 0x96AD,
  0x55A5, 0x149D, 0x149D, 0x35A5, 0x728C, 0x1084, 0x35A5, 0x149D, 0x56A5, 0x149D, 0x4529, 0x2000, 0x0000,
  0x0000, 0x0000, 0x0000, 0x0000, 0x0000, 0x0000, 0x0000, 0x0000, 0x0000, 0x0000, 0x0000, 0x0000, 0x0000,
  0x0000, 0x0000, 0x0000, 0x0000, 0x0000, 0x0000, 0x0000, 0x0000, 0x0000, 0x0000, 0x0000, 0x0000, 0x0000,
  0x0000, 0x0000, 0x0000, 0x0000, 0x0000, 0x0000, 0x0000, 0x0000, 0x0000, 0x0000, 0x0000, 0x0000, 0x0000,
  0x0000, 0x0000, 0x0000, 0x0000, 0x0000, 0x0000, 0x0000, 0x0000, 0x0000, 0x0000, 0x0000, 0xA210, 0x0000,
  0x2D5B, 0x3DD7, 0x1CD7, 0xD8AD, 0xF8B5, 0xBBC6, 0x559D, 0xCC4A, 0x4E5B, 0xC731, 0x6110, 0xD39C, 0xF49C,
  0x6D6B, 0xB7B5, 0x76AD, 0x0419, 0xA210, 0x694A, 0xE418, 0x6A4A, 0x4E6B, 0xCC5A, 0x0C63, 0x4521, 0x8629,
  0x6942, 0x2D5B, 0x0D53, 0x0D53, 0x8E63, 0x0C53, 0x2D5B, 0x59BE, 0xDBCE, 0x39BE, 0x59BE, 0x59BE, 0x59BE,
  0x59BE, 0x59BE, 0x59BE, 0x59BE, 0x59BE, 0x59BE, 0x59BE, 0x59BE, 0x59BE, 0x59BE, 0x59BE, 0x59BE, 0x59BE,
  0x59BE, 0x59BE, 0x59BE, 0x59BE, 0x59BE, 0x59BE, 0x59BE, 0x59BE, 0x59BE, 0x59BE, 0x59BE, 0x39B6, 0xFCCE,
  0xD38C, 0x4108, 0x518C, 0x97AD, 0x35A5, 0x3184, 0x928C, 0x35A5, 0x35A5, 0x3084, 0x928C, 0xF8B5, 0xEB5A,
  0x0000, 0xC318, 0xE418, 0xE318, 0xC310, 0x2521, 0xA731, 0xA631, 0xA731, 0xA731, 0xA731, 0xA731, 0xA731,
  0xA731, 0xA731, 0xA731, 0xA731, 0x8631, 0x8631, 0x8629, 0x8629, 0x8629, 0x8629, 0x8629, 0x8629, 0x8629,
  0x8629, 0x8629, 0x8629, 0x8629, 0x8629, 0x8629, 0x8629, 0x8629, 0x8629, 0x8629, 0x8629, 0x8629, 0x8629,
  0x8629, 0x8629, 0x8629, 0x8629, 0x8629, 0x8629, 0x8629, 0x8629, 0x8629, 0x8629, 0x8629, 0x8629, 0x8629,
  0x8629, 0x8629, 0x8629, 0xA731, 0x8631, 0xC318, 0xA310, 0xE318, 0x6108, 0xA210, 0xF49C, 0x56AD, 0xD394,
  0xD7B5, 0xEB5A, 0x2000, 0xC310, 0xC318, 0xC318, 0xC318, 0xC318, 0xC318, 0xA310, 0x4521, 0xA731, 0x8631,
  0xA631, 0xA631, 0xA631, 0xA631, 0xA631, 0xA631, 0xA631, 0xA631, 0x8631, 0x8631, 0x8629, 0x8629, 0x8629,
  0x8629, 0x8629, 0x8629, 0x8629, 0xA631, 0xA631, 0xA631, 0xA631, 0x8629, 0x8629, 0x8629, 0x8631, 0x8631,
  0x8631, 0x8631, 0x8629, 0x8629, 0x8629, 0x8629, 0x8629, 0x8629, 0x8629, 0x8629, 0x8629, 0x8629, 0x8629,
  0x8629, 0x8629, 0x8629, 0x8629, 0x8629, 0x8629, 0x8629, 0x8629, 0x8629, 0xE418, 0xA310, 0xC318, 0xC318,
  0x2000, 0xC318, 0x55A5, 0x76AD, 0x149D, 0x149D, 0x159D, 0xD394, 0xAF73, 0x149D, 0x35A5, 0x35A5, 0x96AD,
  0x8629, 0xC318, 0x0000, 0x0000, 0x0000, 0x0000, 0x0000, 0x0000, 0x0000, 0x0000, 0x0000, 0x0000, 0x0000,
  0x0000, 0x0000, 0x0000, 0x0000, 0x0000, 0x0000, 0x0000, 0x0000, 0x0000, 0x0000, 0x0000, 0x0000, 0x0000,
  0x0000, 0x0000, 0x0000, 0x0000, 0x0000, 0x0000, 0x0000, 0x0000, 0x0000, 0x0000, 0x0000, 0x0000, 0x0000,
  0x0000, 0x0000, 0x0000, 0x0000, 0x0000, 0x0000, 0x0000, 0x0000, 0x0000, 0x0000, 0x0000, 0x0000, 0x0000,
  0xC318, 0x0000, 0x3174, 0xBFE7, 0xDBCE, 0xF8B5, 0x39BE, 0x9AC6, 0xD38C, 0x0D53, 0x6E63, 0x4519, 0x0421,
  0x97B5, 0x35A5, 0x2C63, 0x76AD, 0xF8BD, 0xEB5A, 0x0000, 0x6208, 0x2100, 0x6108, 0x8629, 0xA731, 0x8631,
  0xC839, 0x0421, 0x4521, 0xE831, 0x6A42, 0xEC52, 0xCB4A, 0x4D5B, 0x8E63, 0xCB4A, 0xCF6B, 0xDBCE, 0x9AC6,
  0x39BE, 0x59BE, 0x59BE, 0x59BE, 0x59BE, 0x59BE, 0x59BE, 0x59BE, 0x59BE, 0x59BE, 0x59BE, 0x59BE, 0x59BE,
  0x59BE, 0x59BE, 0x59BE, 0x59BE, 0x59BE, 0x59BE, 0x59BE, 0x59BE, 0x59BE, 0x59BE, 0x59BE, 0x59BE, 0x59BE,
  0x59BE, 0x39BE, 0x1CD7, 0xB38C, 0x4108, 0x728C, 0x96AD, 0x35A5, 0x5184, 0x928C, 0x35A5, 0x35A5, 0x3084,
  0xB394, 0xF8B5, 0xEB5A, 0x0000, 0xC318, 0xE418, 0xE318, 0xC310, 0x2521, 0xA731, 0x8631, 0x8629, 0x8629,
  0x8631, 0xA629, 0xA629, 0x8629, 0x8629, 0x8629, 0x8629, 0x8629, 0x8629, 0x8629, 0x8629, 0x8629, 0x8629,
  0x8629, 0x8629, 0x8629, 0x8629, 0x8629, 0x8629, 0x8629, 0x8629, 0x8629, 0x8629, 0x8629, 0x8629, 0x8629,
  0x8629, 0x8629, 0x8629, 0x8629, 0x8629, 0x8629, 0x6629, 0x6629, 0x8629, 0x8629, 0x8629, 0x8629, 0x8629,
  0x8629, 0x8629, 0x8629, 0x8629, 0x8629, 0x8629, 0x8629, 0x8629, 0xC318, 0xA310, 0xC318, 0x4108, 0x8210,
  0xF49C, 0x76AD, 0xB294, 0xD7B5, 0x2D63, 0x0000, 0xA310, 0xC318, 0xC318, 0xC318, 0xC318, 0xC318, 0xA310,
  0x2521, 0xA731, 0x8629, 0x8629, 0x8631, 0x8629, 0x8629, 0x8629, 0x8629, 0x8629, 0x8629, 0x8629, 0x8629,
  0x8629, 0x8629, 0x8629, 0x8629, 0x8629, 0x8629, 0x8629, 0x8629, 0x8629, 0x8629, 0x8629, 0x8629, 0x8629,
  0x8629, 0x8629, 0x8629, 0x8629, 0x8629, 0x8629, 0x8629, 0x8629, 0x8629, 0x8629, 0x8629, 0x8629, 0x8629,
  0x8629, 0x8629, 0x8629, 0x8629, 0x8629, 0x8629, 0x8629, 0x8629, 0x8629, 0x8629, 0x6629, 0x8629, 0x0419,
  0xA310, 0xC318, 0xC318, 0x4108, 0x6108, 0xD394, 0x96AD, 0x149D, 0x149D, 0x159D, 0x35A5, 0x6E6B, 0xF49C,
  0x55A5, 0x149D, 0xD8B5, 0x8A4A, 0x0421, 0x0000, 0x0000, 0x0000, 0x0000, 0x0000, 0x0000, 0x0000, 0x0000,
  0x0000, 0x0000, 0x0000, 0x0000, 0x0000, 0x0000, 0x0000, 0x0000, 0x0000, 0x0000, 0x0000, 0x0000, 0x0000,
  0x0000, 0x0000, 0x0000, 0x0000, 0x0000, 0x0000, 0x0000, 0x0000, 0x0000, 0x0000, 0x0000, 0x0000, 0x0000,
  0x0000, 0x0000, 0x0000, 0x0000, 0x0000, 0x0000, 0x0000, 0x0000, 0x0000, 0x0000, 0x0000, 0x0000, 0x0000,
  0x0000, 0x2000, 0x8210, 0x4521, 0x979D, 0xDFE7, 0xDBD6, 0x7AC6, 0x9AC6, 0x9AC6, 0x517C, 0xCC4A, 0x6F63,
  0xC310, 0x4529, 0xB7B5, 0x19BE, 0x3184, 0x518C, 0x76AD, 0xB7B5, 0x6A4A, 0x0000, 0x8210, 0x6108, 0x6108,
  0x8631, 0xC739, 0xA731, 0xE839, 0x0419, 0x6521, 0xC731, 0x4521, 0x083A, 0xCB4A, 0xEC52, 0x6E63, 0x6E63,
  0xAB4A, 0xB38C, 0xFCD6, 0x59BE, 0x59BE, 0x59BE, 0x59BE, 0x59BE, 0x59BE, 0x59BE, 0x59BE, 0x59BE, 0x59BE,
  0x59BE, 0x59BE, 0x59BE, 0x59BE, 0x59BE, 0x59BE, 0x59BE, 0x59BE, 0x59BE, 0x59BE, 0x59BE, 0x59BE, 0x59BE,
  0x59BE, 0x59BE, 0x59BE, 0x59BE, 0x39BE, 0x1CD7, 0x7284, 0x4108, 0xB394, 0x76AD, 0x35A5, 0x5184, 0x928C,
  0x35A5, 0x35A5, 0x1084, 0x9394, 0xF8B5, 0xCB5A, 0x0000, 0xC318, 0xE418, 0xE318, 0xC310, 0x2421, 0xA731,
  0x8629, 0x8629, 0x8629, 0x8629, 0x8629, 0x8629, 0x8629, 0x8629, 0x8629, 0x8629, 0x8629, 0x8629, 0x8629,
  0x8629, 0x8629, 0x8629, 0x8629, 0x8629, 0x8629, 0x8629, 0x8629, 0x8629, 0x8629, 0x8629, 0x8629, 0x8629,
  0x8629, 0x8629, 0x8629, 0x8629, 0x6629, 0x8629, 0x8629, 0x6629, 0x6629, 0x6629, 0x6629, 0x6629, 0x6629,
  0x6629, 0x6629, 0x8629, 0x8629, 0x8629, 0x8629, 0x6629, 0x8629, 0x6629, 0x8629, 0x8629, 0xC318, 0xA310,
  0xC318, 0x4108, 0x8210, 0xF49C, 0x96AD, 0xB394, 0xB7B5, 0xAE73, 0x2000, 0x8210, 0xC318, 0xC318, 0xC318,
  0xC318, 0xC318, 0xA310, 0x2521, 0xA731, 0x8629, 0x8629, 0x8629, 0x8629, 0x8629, 0x8629, 0x8629, 0x8629,
  0x8629, 0x8629, 0x8629, 0x8629, 0x8629, 0x8629, 0x8629, 0x6629, 0x8629, 0x8629, 0x8629, 0x8629, 0x8629,
  0x8629, 0x8629, 0x8629, 0x8629, 0x8629, 0x8629, 0x8629, 0x8629, 0x8629, 0x8629, 0x8629, 0x8629, 0x8629,
  0x8629, 0x8629, 0x8629, 0x8629, 0x8629, 0x6629, 0x6629, 0x8629, 0x8629, 0x8629, 0x8629, 0x6629, 0x6629,
  0x6629, 0x8629, 0x2421, 0xA310, 0xC310, 0xC310, 0x6108, 0x2000, 0x728C, 0x97AD, 0x149D, 0x149D, 0x149D,
  0x56A5, 0x6E6B, 0x928C, 0x76AD, 0xF49C, 0xD7B5, 0xCF73, 0xC318, 0x0000, 0x0000, 0x0000, 0x0000, 0x0000,
  0x0000, 0x0000, 0x0000, 0x0000, 0x0000, 0x0000, 0x0000, 0x0000, 0x0000, 0x0000, 0x0000, 0x0000, 0x0000,
  0x0000, 0x0000, 0x0000, 0x0000, 0x0000, 0x0000, 0x0000, 0x0000, 0x0000, 0x0000, 0x0000, 0x0000, 0x0000,
  0x0000, 0x0000, 0x0000, 0x0000, 0x0000, 0x0000, 0x0000, 0x0000, 0x0000, 0x0000, 0x0000, 0x0000, 0x0000,
  0x0000, 0x0000, 0x0000, 0xA210, 0x6108, 0x2419, 0xB384, 0x1595, 0x317C, 0xCF6B, 0xF073, 0xF073, 0x4E5B,
  0x8B42, 0xAB4A, 0x8208, 0x2842, 0xD8BD, 0x76AD, 0x35A5, 0x728C, 0x5184, 0x55A5, 0xD7B5, 0x494A, 0x0000,
  0x8210, 0x6108, 0x6208, 0x6629, 0xA731, 0x8631, 0xC739, 0x0421, 0x6521, 0xC731, 0x8629, 0x4521, 0x293A,
  0xCB52, 0x4D5B, 0x8E63, 0x4D5B, 0xCB4A, 0x76A5, 0xFCCE, 0x39BE, 0x59BE, 0x59BE, 0x59BE, 0x59BE, 0x59BE,
  0x59BE, 0x59BE, 0x59BE, 0x59BE, 0x59BE, 0x59BE, 0x59BE, 0x59BE, 0x59BE, 0x59BE, 0x59BE, 0x59BE, 0x59BE,
  0x59BE, 0x59BE, 0x59BE, 0x59BE, 0x59BE, 0x59BE, 0x59BE, 0x39BE, 0x1DD7, 0x317C, 0x6108, 0xD394, 0x76AD,
  0x35A5, 0x1084, 0x9294, 0x55A5, 0x35A5, 0x1084, 0xB394, 0xF8BD, 0xCB5A, 0x0000, 0xC318, 0xE418, 0xE318,
  0xC310, 0x2521, 0xA631, 0x8629, 0x8629, 0x8629, 0x8629, 0x8629, 0x8629, 0x8629, 0x8629, 0x8629, 0x8629,
  0x8629, 0x8629, 0x8629, 0x8629, 0x6629, 0x6629, 0x8629, 0x8629, 0x8629, 0x6629, 0x6629, 0x6629, 0x6629,
  0x6629, 0x6629, 0x6629, 0x6629, 0x6629, 0x6629, 0x6629, 0x6629, 0x6629, 0x6629, 0x6629, 0x6629, 0x6629,
  0x6629, 0x6629, 0x6629, 0x6629, 0x6629, 0x6629, 0x6629, 0x6629, 0x6629, 0x6629, 0x6629, 0x6629, 0x8629,
  0x8629, 0xC318, 0xA310, 0xC318, 0x6108, 0x6108, 0xD394, 0x96AD, 0xB394, 0xB7B5, 0xAF73, 0x2000, 0xA210,
  0xC318, 0xC318, 0xC318, 0xC318, 0xC318, 0xA310, 0x0419, 0x8629, 0x6629, 0x6629, 0x6629, 0x6629, 0x6629,
  0x6629, 0x6629, 0x6629, 0x6629, 0x6629, 0x6629, 0x6629, 0x6629, 0x6629, 0x6629, 0x6629, 0x6629, 0x6629,
  0x6629, 0x6629, 0x6629, 0x6629, 0x6629, 0x6629, 0x6629, 0x6629, 0x6629, 0x6629, 0x6629, 0x6629, 0x6629,
  0x6629, 0x6629, 0x6629, 0x6629, 0x6629, 0x6629, 0x6629, 0x6629, 0x6629, 0x6629, 0x6629, 0x6629, 0x6629,
  0x6629, 0x6629, 0x6629, 0x6629, 0x6629, 0x4521, 0xC310, 0xC310, 0xC318, 0x6108, 0x0000, 0x5184, 0xB7AD,
  0x149D, 0x149D, 0x149D, 0x55A5, 0xCF73, 0x728C, 0x76A5, 0xF49C, 0x97AD, 0x728C, 0x0419, 0x2000, 0x0000,
  0x0000, 0x0000, 0x0000, 0x0000, 0x0000, 0x0000, 0x0000, 0x0000, 0x0000, 0x0000, 0x0000, 0x0000, 0x0000,
  0x0000, 0x0000, 0x0000, 0x0000, 0x0000, 0x0000, 0x0000, 0x0000, 0x0000, 0x0000, 0x0000, 0x0000, 0x0000,
  0x0000, 0x0000, 0x0000, 0x0000, 0x0000, 0x0000, 0x0000, 0x0000, 0x0000, 0x0000, 0x0000, 0x0000, 0x0000,
  0x0000, 0x0000, 0x0000, 0x0000, 0x0000, 0x2000, 0xC318, 0x6108, 0xA729, 0xE410, 0x8208, 0x8208, 0x8208,
  0x8208, 0x4100, 0x2000, 0x2000, 0x0000, 0x0C63, 0x39BE, 0x56A5, 0xF49C, 0x55A5, 0x728C, 0x728C, 0x55A5,
  0xD7B5, 0x2842, 0x0000, 0x8210, 0x6108, 0x8208, 0xA731, 0xC739, 0xC739, 0xE839, 0xE418, 0x6521, 0xC731,
  0x8629, 0x6621, 0x8629, 0x8A42, 0x2D5B, 0x8E63, 0x6E63, 0x0D53, 0x0D5B, 0x18B6, 0xBBCE, 0x39B6, 0x39BE,
  0x39BE, 0x59BE, 0x59BE, 0x59BE, 0x39BE, 0x39BE, 0x39BE, 0x39BE, 0x39BE, 0x39BE, 0x39BE, 0x39BE, 0x39BE,
  0x39BE, 0x39BE, 0x39BE, 0x39BE, 0x39BE, 0x59BE, 0x39BE, 0x59B6, 0x59BE, 0x39BE, 0x39B6, 0x1CD7, 0x1074,
  0x6108, 0xF49C, 0x76AD, 0x359D, 0x107C, 0xB394, 0x55A5, 0x159D, 0x3084, 0xD394, 0xF8B5, 0xCB5A, 0x0000,
  0xC318, 0xE418, 0xE318, 0xC310, 0x2521, 0xA731, 0x8629, 0x8629, 0x8629, 0x8629, 0x8629, 0x8629, 0x8629,
  0x8629, 0x8629, 0x8629, 0x8629, 0x8629, 0x8629, 0x8629, 0x8629, 0x8629, 0x8629, 0x8629, 0x8629, 0x8629,
  0x8629, 0x8629, 0x8629, 0x8629, 0x8629, 0x8629, 0x8629, 0x8629, 0x8629, 0x8629, 0x8629, 0x6629, 0x6629,
  0x6629, 0x6629, 0x6629, 0x6629, 0x6629, 0x6629, 0x6629, 0x6629, 0x6629, 0x6629, 0x6629, 0x6629, 0x8629,
  0x6629, 0x8629, 0x8629, 0x8629, 0xC318, 0xA310, 0xC318, 0x6108, 0x6108, 0xF49C, 0x76AD, 0x107C, 0xB7B5,
  0xF07B, 0x2000, 0x8208, 0xC318, 0xC310, 0xC318, 0xC318, 0xC318, 0xA310, 0xE418, 0xA631, 0x8629, 0x8629,
  0x8629, 0x8629, 0x8629, 0x8629, 0x8629, 0x8629, 0x6629, 0x8629, 0x8629, 0x8629, 0x8629, 0x6629, 0x6629,
  0x8629, 0x8629, 0x6629, 0x6629, 0x6629, 0x8629, 0x8629, 0x8629, 0x8629, 0x8629, 0x6629, 0x6629, 0x6629,
  0x6629, 0x6629, 0x6629, 0x8629, 0x6629, 0x6629, 0x6629, 0x6629, 0x6629, 0x6629, 0x6629, 0x6629, 0x6629,
  0x6629, 0x6629, 0x6629, 0x6629, 0x6629, 0x6629, 0x6629, 0x8629, 0x6629, 0xC318, 0xC310, 0xC318, 0x8208,
  0x0000, 0xCF7B, 0xB7B5, 0x149D, 0x149D, 0x149D, 0x55A5, 0x3184, 0x3184, 0x55A5, 0x149D, 0x55A5, 0x35A5,
  0x8631, 0x8210, 0x0000, 0x0000, 0x0000, 0x0000, 0x0000, 0x0000, 0x0000, 0x0000, 0x0000, 0x0000, 0x0000,
  0x0000, 0x0000, 0x0000, 0x0000, 0x0000, 0x0000, 0x0000, 0x0000, 0x0000, 0x0000, 0x0000, 0x0000, 0x0000,
  0x0000, 0x0000, 0x0000, 0x0000, 0x0000, 0x0000, 0x0000, 0x0000, 0x0000, 0x0000, 0x0000, 0x0000, 0x0000,
  0x0000, 0x6108, 0x8210, 0xE318, 0xE318, 0x0421, 0x2421, 0x6529, 0xE318, 0xA210, 0x6629, 0x4529, 0x4529,
  0xA631, 0xE739, 0xE839, 0xE739, 0x0842, 0x694A, 0xAA52, 0x3084, 0xF8BD, 0x55A5, 0xF49C, 0x35A5, 0x56A5,
  0x5184, 0x728C, 0x56A5, 0xD7B5, 0xE839, 0x0000, 0x8210, 0x6208, 0x6108, 0x2521, 0x6629, 0x6529, 0x0421,
  0xC318, 0xA729, 0xA729, 0xA629, 0x8629, 0x6621, 0x083A, 0xEC52, 0xAF6B, 0x8F63, 0xAF63, 0xEC52, 0xD06B,
  0xFCD6, 0xDBCE, 0x9AC6, 0x9AC6, 0x9AC6, 0x9AC6, 0x9AC6, 0x9BC6, 0x9AC6, 0x9AC6, 0x9AC6, 0x9AC6, 0x9AC6,
  0x9AC6, 0x9BC6, 0x9BC6, 0x9BC6, 0x9AC6, 0x9AC6, 0xBBC6, 0xBBC6, 0xBBC6, 0xBBC6, 0xBBC6, 0xBBC6, 0xBBC6,
  0x9AC6, 0x9EE7, 0x727C, 0x6108, 0xF49C, 0x76AD, 0x149D, 0xF07B, 0xB394, 0x35A5, 0x149D, 0x3184, 0xF39C,
  0xD8B5, 0xCB52, 0x0000, 0xE418, 0xE418, 0xE418, 0xC318, 0xE418, 0x6629, 0x6629, 0x4521, 0x4521, 0x4521,
  0x4521, 0x4521, 0x4521, 0x4521, 0x4521, 0x4521, 0x6629, 0x4529, 0x4521, 0x4521, 0x4521, 0x4521, 0x4521,
  0x4521, 0x4521, 0x4521, 0x4521, 0x4521, 0x4521, 0x4521, 0x4521, 0x4521, 0x4521, 0x4521, 0x4521, 0x4521,
  0x4521, 0x4521, 0x2521, 0x2521, 0x2521, 0x2521, 0x2521, 0x2521, 0x2521, 0x2521, 0x2521, 0x4521, 0x4521,
  0x4521, 0x4521, 0x4521, 0x4529, 0x6629, 0x8629, 0x4521, 0xC310, 0xC310, 0xC318, 0x6108, 0x6108, 0xF49C,
  0x96AD, 0xCF73, 0xB7B5, 0x5184, 0x2000, 0x8208, 0xC318, 0xC310, 0xC310, 0xC310, 0xC318, 0xC310, 0xC310,
  0x6629, 0x6629, 0x4529, 0x4529, 0x4529, 0x4529, 0x4521, 0x4521, 0x4521, 0x4521, 0x4521, 0x4521, 0x4521,
  0x4521, 0x4521, 0x4521, 0x4521, 0x4521, 0x4521, 0x4521, 0x4521, 0x4521, 0x4521, 0x4521, 0x4529, 0x4521,
  0x4521, 0x4521, 0x4521, 0x4521, 0x4521, 0x4521, 0x4521, 0x4521, 0x4521, 0x4521, 0x4521, 0x4521, 0x4521,
  0x4521, 0x4521, 0x4521, 0x4521, 0x4521, 0x4521, 0x4521, 0x4521, 0x4521, 0x4521, 0x6629, 0x2521, 0xC310,
  0xC318, 0xE318, 0x6208, 0x0000, 0x107C, 0xB7B5, 0x149D, 0x149D, 0x149D, 0x35A5, 0xB394, 0x3084, 0x35A5,
  0x149D, 0x149D, 0xB7B5, 0x694A, 0xA210, 0x0000, 0x0000, 0x0000, 0x0000, 0x0000, 0x0000, 0x0000, 0x0000,
  0x0000, 0x0000, 0x0000, 0x0000, 0x0000, 0x0000, 0x0000, 0x0000, 0x0000, 0x0000, 0x0000, 0x0000, 0x0000,
  0x0000, 0x0000, 0x0000, 0x0000, 0x0000, 0x0000, 0x0000, 0x0000, 0x0000, 0x0000, 0x0000, 0x0000, 0x0000,
  0x0000, 0x0000, 0x4108, 0x8210, 0xA631, 0x2D63, 0xAF73, 0x107C, 0xB394, 0xF49C, 0xF49C, 0x35A5, 0xB7B5,
  0x97AD, 0x96AD, 0x76AD, 0x76AD, 0x76AD, 0x76AD, 0x76AD, 0x76AD, 0x76AD, 0x96AD, 0x56A5, 0xB394, 0xD394,
  0xD394, 0xD394, 0xF49C, 0x8E73, 0x728C, 0x35A5, 0xD7B5, 0x083A, 0x0000, 0x2000, 0x4108, 0x8210, 0x6108,
  0x4108, 0x2000, 0xC310, 0xA629, 0xC729, 0x8629, 0x8629, 0x8629, 0x6521, 0xC731, 0xAB4A, 0x4E5B, 0x8E63,
  0x6E63, 0x6E63, 0xAB4A, 0x7284, 0xBBC6, 0x59BE, 0x39BE, 0x59BE, 0x59BE, 0x59BE, 0x59BE, 0x39BE, 0x59BE,
  0x59BE, 0x39B6, 0x39B6, 0x18B6, 0x39B6, 0x39B6, 0x39B6, 0x39B6, 0x18B6, 0x19B6, 0x39B6, 0x39B6, 0x18B6,
  0xF8AD, 0x18B6, 0x19B6, 0x59BE, 0x7ABE, 0xA729, 0x6108, 0x55A5, 0x97AD, 0x35A5, 0x107C, 0x149D, 0x76AD,
  0x55A5, 0x5184, 0xD394, 0xF8BD, 0xEC5A, 0x0000, 0xA210, 0xC318, 0xC310, 0xC310, 0xA310, 0xA310, 0xA210,
  0xA210, 0xA210, 0x8210, 0x8210, 0x8210, 0xA210, 0xA210, 0xA210, 0xA210, 0xA210, 0xA210, 0xA210, 0xA210,
  0xA210, 0xA210, 0xA210, 0xA210, 0xA210, 0xA210, 0xA210, 0xA210, 0xA210, 0xA210, 0xA210, 0xA210, 0xA210,
  0xA210, 0xA210, 0xA310, 0xA210, 0xA210, 0xA210, 0xA210, 0xA210, 0xA210, 0xA310, 0xA210, 0xA210, 0xA210,
  0xA210, 0xA210, 0xA310, 0xA210, 0xA310, 0xA310, 0xC310, 0xC310, 0xC310, 0xA310, 0xC310, 0xC310, 0xC310,
  0x4100, 0x2000, 0xF49C, 0xB7B5, 0xCF73, 0xD7B5, 0x5184, 0x0000, 0x6208, 0xC318, 0xC310, 0xC310, 0xC310,
  0xC310, 0xC318, 0xC310, 0xA310, 0xA310, 0xC310, 0xC310, 0xC310, 0xC310, 0xC310, 0xC310, 0xC310, 0xC310,
  0xC310, 0xC310, 0xC310, 0xC310, 0xC310, 0xC310, 0xC310, 0xC310, 0xC310, 0xA310, 0xC310, 0xC310, 0xC310,
  0xC310, 0xC310, 0xC310, 0xC310, 0xC310, 0xC310, 0xC310, 0xC310, 0xC310, 0xC310, 0xC310, 0xC310, 0xC310,
  0xC310, 0xC310, 0xC310, 0xC310, 0xC310, 0xC310, 0xC310, 0xC310, 0xA310, 0xA310, 0xA310, 0xC310, 0xC310,
  0xC318, 0xC310, 0xC318, 0xE318, 0xC318, 0x0000, 0xA210, 0x35A5, 0x76AD, 0x149D, 0x149D, 0x149D, 0x55A5,
  0xF49C, 0x107C, 0x35A5, 0x159D, 0xF49C, 0xD7B5, 0x8A52, 0xC318, 0x0000, 0x0000, 0x0000, 0x0000, 0x0000,
  0x0000, 0x0000, 0x0000, 0x0000, 0x0000, 0x0000, 0x0000, 0x0000, 0x0000, 0x0000, 0x0000, 0x0000, 0x0000,
  0x0000, 0x0000, 0x0000, 0x0000, 0x0000, 0x0000, 0x0000, 0x0000, 0x0000, 0x0000, 0x0000, 0x0000, 0x0000,
  0x0000, 0x0000, 0x0000, 0x6108, 0xC310, 0x8210, 0x4D6B, 0x96AD, 0xF8BD, 0xD7B5, 0xB7B5, 0x97AD, 0x76AD,
  0x96AD, 0xD8B5, 0x149D, 0x3184, 0x718C, 0x728C, 0x928C, 0x7184, 0x5184, 0x5184, 0x5184, 0x3184, 0x107C,
  0x107C, 0x3084, 0x5184, 0x5184, 0x5184, 0x3184, 0x2D63, 0x149D, 0x718C, 0xCF7B, 0x8E73, 0xA210, 0x4108,
  0x0000, 0x0000, 0x0000, 0x0000, 0x0000, 0x2000, 0x2000, 0x0000, 0x0000, 0x0000, 0x0000, 0x0000, 0x0000,
  0x2100, 0x4100, 0x6108, 0x4108, 0x4108, 0x2000, 0x0000, 0xA210, 0xA310, 0x8210, 0xA210, 0xA210, 0xA210,
  0x8208, 0x8208, 0x8208, 0x8208, 0x8208, 0x6108, 0x6108, 0x6108, 0x6108, 0x6108, 0x6108, 0x6108, 0x6108,
  0x6108, 0x4108, 0x4100, 0x4100, 0x4108, 0x6108, 0x8208, 0x4100, 0x0000, 0x6529, 0x76AD, 0x35A5, 0xF49C,
  0x6D6B, 0x928C, 0x149D, 0xF49C, 0xEF7B, 0xF49C, 0x96AD, 0xF49C, 0x2421, 0x0000, 0x2000, 0x2000, 0x2000,
  0x2000, 0x0000, 0x0000, 0x0000, 0x0000, 0x0000, 0x0000, 0x0000, 0x0000, 0x0000, 0x0000, 0x0000, 0x0000,
  0x0000, 0x0000, 0x0000, 0x0000, 0x0000, 0x0000, 0x0000, 0x0000, 0x0000, 0x0000, 0x0000, 0x0000, 0x0000,
  0x0000, 0x0000, 0x0000, 0x0000, 0x0000, 0x0000, 0x0000, 0x0000, 0x0000, 0x0000, 0x0000, 0x0000, 0x0000,
  0x0000, 0x0000, 0x0000, 0x0000, 0x0000, 0x0000, 0x0000, 0x0000, 0x0000, 0x0000, 0x0000, 0x0000, 0x0000,
  0x0000, 0x0000, 0x0000, 0x0000, 0xA731, 0x76AD, 0x928C, 0xAF73, 0x97AD, 0x35A5, 0xE318, 0x0000, 0x0000,
  0x0000, 0x0000, 0x0000, 0x0000, 0x2000, 0x2000, 0x0000, 0x0000, 0x0000, 0x0000, 0x0000, 0x0000, 0x0000,
  0x0000, 0x0000, 0x0000, 0x0000, 0x0000, 0x0000, 0x0000, 0x0000, 0x0000, 0x0000, 0x0000, 0x0000, 0x0000,
  0x0000, 0x0000, 0x0000, 0x0000, 0x0000, 0x0000, 0x0000, 0x0000, 0x0000, 0x0000, 0x0000, 0x0000, 0x0000,
  0x0000, 0x0000, 0x0000, 0x0000, 0x0000, 0x0000, 0x0000, 0x0000, 0x0000, 0x0000, 0x0000, 0x0000, 0x0000,
  0x0000, 0x0000, 0x0000, 0x0000, 0x0000, 0x0000, 0x0000, 0x0000, 0x4008, 0xF07B, 0xB7B5, 0xF49C, 0x149D,
  0x149D, 0x149D, 0x55A5, 0xF49C, 0xEF7B, 0x35A5, 0x159D, 0xF49C, 0xD7B5, 0x0C5B, 0x2421, 0x0000, 0x0000,
  0x0000, 0x0000, 0x0000, 0x0000, 0x0000, 0x0000, 0x0000, 0x0000, 0x0000, 0x0000, 0x0000, 0x0000, 0x0000,
  0x0000, 0x0000, 0x0000, 0x0000, 0x0000, 0x0000, 0x0000, 0x0000, 0x0000, 0x0000, 0x0000, 0x0000, 0x0000,
  0x0000, 0x0000, 0x0000, 0x0000, 0x0000, 0x0421, 0x8210, 0x8A4A, 0x76AD, 0xF8BD, 0x35A5, 0xF49C, 0x149D,
  0xF49C, 0x149D, 0x55A5, 0x35A5, 0xF07B, 0x6E6B, 0x928C, 0xF49C, 0x149D, 0x149D, 0x149D, 0x149D, 0x149D,
  0x149D, 0x149D, 0x149D, 0x149D, 0x149D, 0x159D, 0x159D, 0x35A5, 0x35A5, 0x107C, 0xF49C, 0x55A5, 0x107C,
  0x518C, 0xD39C, 0xB394, 0x8E6B, 0x8629, 0x6629, 0x8631, 0xA731, 0xA731, 0xA731, 0xC739, 0x2842, 0x494A,
  0x494A, 0x2942, 0x2842, 0x2842, 0x494A, 0x494A, 0x494A, 0x494A, 0x494A, 0x494A, 0x0842, 0x0842, 0x0842,
  0x0842, 0x2842, 0x4942, 0x494A, 0x494A, 0x494A, 0x494A, 0x494A, 0x694A, 0x694A, 0x494A, 0x494A, 0x694A,
  0x694A, 0x6A4A, 0x694A, 0x694A, 0x694A, 0x6A4A, 0x6A52, 0x8A4A, 0x6A4A, 0x6A4A, 0x8A52, 0xEC5A, 0x5184,
  0x728C, 0x107C, 0x3184, 0xAF73, 0xAF73, 0x107C, 0x107C, 0xAF73, 0x149D, 0x149D, 0x96AD, 0x76AD, 0x8E6B,
  0xEC5A, 0x0C63, 0x2C63, 0x2C63, 0x0C63, 0x0C5B, 0x0C5B, 0x0C5B, 0x0C5B, 0x0C5B, 0x0C5B, 0x0C5B, 0x0C5B,
  0x0C5B, 0x0C5B, 0x0C5B, 0x0C5B, 0x0C5B, 0x0C5B, 0x0C5B, 0x0C5B, 0xEC5A, 0xEC5A, 0xEC5A, 0xEC5A, 0xEC5A,
  0xEB5A, 0xCB5A, 0xCB5A, 0xCB5A, 0xCB5A, 0xCB5A, 0xCB52, 0xAB52, 0xAA52, 0x8A52, 0x8A52, 0xAA52, 0xAA52,
  0x8A52, 0x8A52, 0x8A52, 0x8A52, 0x8A52, 0x8A52, 0x6A4A, 0x6A4A, 0x8A52, 0xAA52, 0xAA52, 0xAA52, 0xAA52,
  0xCB52, 0xCB5A, 0xAB52, 0x8A52, 0x694A, 0x8A4A, 0xCF73, 0x96AD, 0x15A5, 0x518C, 0x728C, 0x149D, 0x76AD,
  0x149D, 0xCB5A, 0x494A, 0xAA52, 0x8A52, 0x694A, 0x494A, 0x694A, 0x694A, 0x494A, 0x494A, 0x494A, 0x4942,
  0x4942, 0x2842, 0x2842, 0x2842, 0x2842, 0x2942, 0x2842, 0x0842, 0x0842, 0x0842, 0x0842, 0x083A, 0x083A,
  0x083A, 0x083A, 0x0842, 0x0842, 0x083A, 0x083A, 0x0842, 0x0842, 0x0842, 0x0842, 0x083A, 0x083A, 0xE839,
  0xE739, 0xE739, 0xE739, 0xE739, 0xE739, 0xE739, 0xE739, 0xE739, 0xE739, 0xE739, 0xE739, 0xE739, 0xE739,
  0xE739, 0x083A, 0x0842, 0x0842, 0x0842, 0x0842, 0x0842, 0x2842, 0x2942, 0xE739, 0xAA52, 0xF49C, 0xD7B5,
  0x149D, 0x149D, 0x149D, 0x149D, 0x149D, 0x35A5, 0x149D, 0x3184, 0xF49C, 0x159D, 0xF49C, 0x97AD, 0xCF73,
  0x0421, 0x0000, 0x0000, 0x0000, 0x0000, 0x0000, 0x0000, 0x0000, 0x0000, 0x0000, 0x0000, 0x0000, 0x0000,
  0x0000, 0x0000, 0x0000, 0x0000, 0x0000, 0x0000, 0x0000, 0x0000, 0x0000, 0x0000, 0x0000, 0x0000, 0x0000,
  0x0000, 0x0000, 0x0000, 0x0000, 0x0000, 0x0000, 0xC318, 0xA210, 0xA731, 0xB394, 0x39BE, 0x76AD, 0xF49C,
  0x149D, 0x149D, 0xF49C, 0x159D, 0x76AD, 0xB294, 0xAE73, 0x3184, 0x35A5, 0x76A5, 0x35A5, 0x159D, 0x149D,
  0x149D, 0x149D, 0x149D, 0x149D, 0x149D, 0x149D, 0x149D, 0x149D, 0x149D, 0x149D, 0x35A5, 0x35A5, 0xEF7B,
  0xD394, 0x55A5, 0x76A5, 0x159D, 0x55A5, 0x96AD, 0xB7B5, 0xB7B5, 0x97AD, 0x97AD, 0x97AD, 0xB7B5, 0xB7B5,
  0xB7B5, 0xB7B5, 0xB7B5, 0xB7B5, 0xB7B5, 0xB7B5, 0xB7B5, 0xD7B5, 0xD7B5, 0xD7B5, 0xD7B5, 0xD7B5, 0xD7B5,
  0xD7B5, 0xD7B5, 0xD7B5, 0xD7B5, 0xD8B5, 0xD8B5, 0xD8B5, 0xD8B5, 0xD8B5, 0xD8B5, 0xD8B5, 0xD8B5, 0xD8B5,
  0xD8B5, 0xD8B5, 0xD8B5, 0xF8B5, 0xF8B5, 0xF8B5, 0xF8B5, 0xD8B5, 0xF8B5, 0xD8B5, 0xD8B5, 0xD8B5, 0xD8B5,
  0xD8B5, 0xD8B5, 0x76AD, 0x76AD, 0xD7B5, 0xD7B5, 0x18BE, 0x76AD, 0x159D, 0x55A5, 0x928C, 0xD394, 0x359D,
  0xF49C, 0x56A5, 0xD7B5, 0xB7B5, 0xD7B5, 0xD7B5, 0xD7B5, 0xB7B5, 0xB7B5, 0xD7B5, 0xD7B5, 0xD7B5, 0xD7B5,
  0xD7B5, 0xD7B5, 0xD7B5, 0xD7B5, 0xD7B5, 0xD7B5, 0xD7B5, 0xD7B5, 0xD7B5, 0xD7B5, 0xD7B5, 0xD7B5, 0xD7B5,
  0xD7B5, 0xD7B5, 0xD7B5, 0xD7B5, 0xD7B5, 0xD7B5, 0xD7B5, 0xB7B5, 0xB7B5, 0xD7B5, 0xD7B5, 0xB7B5, 0xB7B5,
  0xB7B5, 0xB7B5, 0xB7B5, 0xB7B5, 0xB7B5, 0xB7B5, 0xB7B5, 0xB7B5, 0xB7B5, 0xB7B5, 0xB7B5, 0xB7B5, 0xB7B5,
  0xB7B5, 0xB7B5, 0xB7B5, 0xB7B5, 0xB7B5, 0xB7B5, 0xB7B5, 0xB7B5, 0xD7B5, 0xD7B5, 0x55A5, 0x149D, 0x56A5,
  0x928C, 0xB394, 0x149D, 0x76AD, 0xD8B5, 0xB7B5, 0xB7B5, 0xB7B5, 0xB7B5, 0xB7B5, 0xB7B5, 0xB7B5, 0xB7B5,
  0xB7B5, 0xB7B5, 0xB7B5, 0xB7B5, 0xB7B5, 0xB7B5, 0xB7B5, 0xB7B5, 0xB7B5, 0xB7B5, 0xB7B5, 0xB7B5, 0xB7B5,
  0xB7B5, 0xB7B5, 0xB7B5, 0xB7B5, 0xB7B5, 0xB7B5, 0xB7B5, 0xB7B5, 0xB7B5, 0xB7B5, 0xB7B5, 0xB7B5, 0xB7B5,
  0xB7B5, 0xB7B5, 0xB7B5, 0xB7B5, 0xB7B5, 0xB7B5, 0xB7B5, 0xB7B5, 0xB7B5, 0xB7B5, 0xB7B5, 0xB7B5, 0xB7B5,
  0xB7B5, 0xB7B5, 0xB7B5, 0xB7B5, 0xB7B5, 0xB7B5, 0xB7B5, 0xB7B5, 0xB7B5, 0xB7B5, 0xB7B5, 0xB7B5, 0xB7B5,
  0xD7B5, 0x96AD, 0x149D, 0xF49C, 0x149D, 0x149D, 0x149D, 0x149D, 0x35A5, 0x149D, 0xF07B, 0xF49C, 0x35A5,
  0x149D, 0x56A5, 0x928C, 0x0421, 0x4108, 0x0000, 0x0000, 0x0000, 0x0000, 0x0000, 0x0000, 0x0000, 0x0000,
  0x0000, 0x0000, 0x0000, 0x0000, 0x0000, 0x0000, 0x0000, 0x0000, 0x0000, 0x0000, 0x0000, 0x0000, 0x0000,
  0x0000, 0x0000, 0x0000, 0x0000, 0x0000, 0x0000, 0x0000, 0x2000, 0x6108, 0xE418, 0x8E73, 0xF8BD, 0xB7B5,
  0x149D, 0xF49C, 0x149D, 0x149D, 0x149D, 0x56A5, 0x35A5, 0x107C, 0xCF7B, 0xF49C, 0x76AD, 0x35A5, 0x149D,
  0x149D, 0x149D, 0x149D, 0x149D, 0x149D, 0x149D, 0x149D, 0x149D, 0x149D, 0x149D, 0x149D, 0x149D, 0x149D,
  0x35A5, 0x159D, 0xCF73, 0xD394, 0x35A5, 0x149D, 0x159D, 0x149D, 0x149D, 0x149D, 0x35A5, 0x35A5, 0x35A5,
  0x35A5, 0x35A5, 0x35A5, 0x35A5, 0x35A5, 0x35A5, 0x35A5, 0x35A5, 0x35A5, 0x35A5, 0x159D, 0x159D, 0x159D,
  0x159D, 0x159D, 0x159D, 0x159D, 0x159D, 0x159D, 0x159D, 0x159D, 0x159D, 0x159D, 0x159D, 0x159D, 0x149D,
  0x149D, 0x149D, 0x149D, 0x149D, 0x149D, 0x149D, 0x149D, 0x149D, 0x149D, 0x149D, 0x149D, 0x149D, 0x149D,
  0x149D, 0x149D, 0x149D, 0x149D, 0x149D, 0x55A5, 0xB394, 0x8E6B, 0x2C63, 0x6E6B, 0xF49C, 0x56A5, 0x35A5,
  0x518C, 0xD394, 0x35A5, 0x149D, 0x149D, 0x149D, 0x149D, 0x149D, 0x149D, 0x149D, 0x149D, 0x149D, 0x149D,
  0x149D, 0x149D, 0x149D, 0x149D, 0x149D, 0x149D, 0x149D, 0x149D, 0x149D, 0x149D, 0x149D, 0x149D, 0x149D,
  0x149D, 0x149D, 0x159D, 0x159D, 0x159D, 0x159D, 0x159D, 0x159D, 0x159D, 0x159D, 0x159D, 0x159D, 0x159D,
  0x159D, 0x159D, 0x159D, 0x359D, 0x159D, 0x159D, 0x359D, 0x359D, 0x359D, 0x359D, 0x359D, 0x35A5, 0x35A5,
  0x35A5, 0x359D, 0x159D, 0x159D, 0x159D, 0x159D, 0x159D, 0x159D, 0x159D, 0x359D, 0x35A5, 0x159D, 0x149D,
  0xF49C, 0x149D, 0x35A5, 0x1084, 0x9294, 0x35A5, 0x149D, 0x159D, 0x35A5, 0x159D, 0x35A5, 0x35A5, 0x35A5,
  0x35A5, 0x35A5, 0x35A5, 0x35A5, 0x35A5, 0x35A5, 0x35A5, 0x35A5, 0x35A5, 0x35A5, 0x35A5, 0x35A5, 0x35A5,
  0x35A5, 0x35A5, 0x35A5, 0x35A5, 0x35A5, 0x35A5, 0x35A5, 0x35A5, 0x35A5, 0x35A5, 0x35A5, 0x35A5, 0x35A5,
  0x35A5, 0x35A5, 0x35A5, 0x35A5, 0x35A5, 0x35A5, 0x35A5, 0x35A5, 0x35A5, 0x35A5, 0x35A5, 0x35A5, 0x35A5,
  0x35A5, 0x35A5, 0x35A5, 0x35A5, 0x35A5, 0x35A5, 0x35A5, 0x35A5, 0x35A5, 0x35A5, 0x35A5, 0x35A5, 0x35A5,
  0x35A5, 0x35A5, 0x35A5, 0x159D, 0xF49C, 0x149D, 0x149D, 0x149D, 0x149D, 0x149D, 0x149D, 0x35A5, 0x149D,
  0xF07B, 0x149D, 0x35A5, 0x149D, 0x55A5, 0xD394, 0x2421, 0x6108, 0x0000, 0x0000, 0x0000, 0x0000, 0x0000,
  0x0000, 0x0000, 0x0000, 0x0000, 0x0000, 0x0000, 0x0000, 0x0000, 0x0000, 0x0000, 0x0000, 0x0000, 0x0000,
  0x0000, 0x0000, 0x0000, 0x0000, 0x0000, 0x0000, 0x0000, 0x0000, 0x0000, 0xC318, 0xA210, 0x6A4A, 0x55A5,
  0x18BE, 0xF49C, 0xF49C, 0x149D, 0x149D, 0xF49C, 0x159D, 0x97AD, 0xB394, 0xAF73, 0x5184, 0x56A5, 0x55A5,
  0xF49C, 0x149D, 0x149D, 0x149D, 0x149D, 0x149D, 0x149D, 0x149D, 0x149D, 0x149D, 0x149D, 0x149D, 0x149D,
  0x149D, 0x149D, 0x149D, 0x35A5, 0x159D, 0xCF73, 0xD394, 0x35A5, 0x149D, 0x149D, 0x149D, 0x149D, 0x149D,
  0x149D, 0x149D, 0x149D, 0x149D, 0x149D, 0x149D, 0x149D, 0x149D, 0x149D, 0x149D, 0x149D, 0x149D, 0x149D,
  0x149D, 0x149D, 0x149D, 0x149D, 0x149D, 0x149D, 0x149D, 0x149D, 0x149D, 0x149D, 0x149D, 0x149D, 0x149D,
  0x149D, 0x149D, 0x149D, 0x149D, 0x149D, 0x149D, 0x149D, 0x149D, 0x149D, 0x149D, 0x149D, 0x149D, 0x149D,
  0x149D, 0x149D, 0x149D, 0x149D, 0x149D, 0x149D, 0x149D, 0x76AD, 0x159D, 0x2521, 0x0000, 0x6208, 0x0000,
  0xAB52, 0xD7B5, 0x359D, 0x518C, 0xD394, 0x35A5, 0x149D, 0x149D, 0x149D, 0x149D, 0x149D, 0x149D, 0x149D,
  0x149D, 0x149D, 0x149D, 0x149D, 0x149D, 0x149D, 0x149D, 0x149D, 0x149D, 0x149D, 0x149D, 0x149D, 0x149D,
  0x149D, 0x149D, 0x149D, 0x149D, 0x149D, 0x149D, 0x149D, 0x149D, 0x149D, 0x149D, 0x149D, 0x149D, 0x149D,
  0x149D, 0x149D, 0x149D, 0x149D, 0x149D, 0x149D, 0x149D, 0x149D, 0x149D, 0x149D, 0x149D, 0x149D, 0x149D,
  0x149D, 0x149D, 0x149D, 0x149D, 0x149D, 0x149D, 0x149D, 0x149D, 0x149D, 0x149D, 0x149D, 0x149D, 0x149D,
  0x149D, 0x149D, 0x149D, 0x149D, 0x149D, 0x35A5, 0x107C, 0x928C, 0x35A5, 0x149D, 0x149D, 0x149D, 0x149D,
  0x149D, 0x149D, 0x149D, 0x149D, 0x149D, 0x149D, 0x149D, 0x149D, 0x149D, 0x149D, 0x149D, 0x149D, 0x149D,
  0x149D, 0x149D, 0x149D, 0x149D, 0x149D, 0x149D, 0x149D, 0x149D, 0x149D, 0x149D, 0x149D, 0x149D, 0x149D,
  0x149D, 0x149D, 0x149D, 0x149D, 0x149D, 0x149D, 0x149D, 0x149D, 0x149D, 0x149D, 0x149D, 0x149D, 0x149D,
  0x149D, 0x149D, 0x149D, 0x149D, 0x149D, 0x149D, 0x149D, 0x149D, 0x149D, 0x149D, 0x149D, 0x149D, 0x149D,
  0x149D, 0x149D, 0x149D, 0x149D, 0x149D, 0x149D, 0x149D, 0x149D, 0x149D, 0x149D, 0x149D, 0x149D, 0x149D,
  0x149D, 0x159D, 0x149D, 0x5184, 0xF49C, 0x159D, 0x149D, 0x35A5, 0x76AD, 0x8631, 0x2000, 0x0000, 0x0000,
  0x0000, 0x0000, 0x0000, 0x0000, 0x0000, 0x0000, 0x0000, 0x0000, 0x0000, 0x0000, 0x0000, 0x0000, 0x0000,
  0x0000, 0x0000, 0x0000, 0x0000, 0x0000, 0x0000, 0x0000, 0x0000, 0x0000, 0x0000, 0x4108, 0x0000, 0x4529,
  0x5184, 0xF8BD, 0x76AD, 0xF49C, 0x149D, 0x149D, 0x149D, 0x149D, 0x35A5, 0x76AD, 0xF07B, 0x4D6B, 0xD49C,
  0x76AD, 0x149D, 0x149D, 0x149D, 0x149D, 0x149D, 0x149D, 0x149D, 0x149D, 0x149D, 0x149D, 0x149D, 0x149D,
  0x149D, 0x149D, 0x149D, 0x149D, 0x149D, 0x149D, 0x35A5, 0x159D, 0xCF73, 0xD394, 0x35A5, 0x149D, 0x149D,
  0x149D, 0x149D, 0x149D, 0x149D, 0x149D, 0x149D, 0x149D, 0x149D, 0x149D, 0x149D, 0x149D, 0x149D, 0x149D,
  0x149D, 0x149D, 0x149D, 0x149D, 0x149D, 0x149D, 0x149D, 0x149D, 0x149D, 0x149D, 0x149D, 0x149D, 0x149D,
  0x149D, 0x149D, 0x149D, 0x149D, 0x149D, 0x149D, 0x149D, 0x149D, 0x149D, 0x149D, 0x149D, 0x149D, 0x149D,
  0x149D, 0x149D, 0x149D, 0x149D, 0x149D, 0x149D, 0x149D, 0x149D, 0x149D, 0x149D, 0x96AD, 0xB38C, 0x2000,
  0xE839, 0x5184, 0x0000, 0x694A, 0xD7B5, 0x359D, 0x518C, 0xF39C, 0x359D, 0x149D, 0x149D, 0x149D, 0x149D,
  0x149D, 0x149D, 0x149D, 0x149D, 0x149D, 0x149D, 0x149D, 0x149D, 0x149D, 0x149D, 0x149D, 0x149D, 0x149D,
  0x149D, 0x149D, 0x149D, 0x149D, 0x149D, 0x149D, 0x149D, 0x149D, 0x149D, 0x149D, 0x149D, 0x149D, 0x149D,
  0x149D, 0x149D, 0x149D, 0x149D, 0x149D, 0x149D, 0x149D, 0x149D, 0x149D, 0x149D, 0x149D, 0x149D, 0x149D,
  0x149D, 0x149D, 0x149D, 0x149D, 0x149D, 0x149D, 0x149D, 0x149D, 0x149D, 0x149D, 0x149D, 0x149D, 0x149D,
  0x149D, 0x149D, 0x149D, 0x149D, 0x149D, 0x149D, 0x149D, 0x149D, 0x35A5, 0xF07B, 0x928C, 0x35A5, 0x149D,
  0x149D, 0x149D, 0x149D, 0x149D, 0x149D, 0x149D, 0x149D, 0x149D, 0x149D, 0x149D, 0x149D, 0x149D, 0x149D,
  0x149D, 0x149D, 0x149D, 0x149D, 0x149D, 0x149D, 0x149D, 0x149D, 0x149D, 0x149D, 0x149D, 0x149D, 0x149D,
  0x149D, 0x149D, 0x149D, 0x149D, 0x149D, 0x149D, 0x149D, 0x149D, 0x149D, 0x149D, 0x149D, 0x149D, 0x149D,
  0x149D, 0x149D, 0x149D, 0x149D, 0x149D, 0x149D, 0x149D, 0x149D, 0x149D, 0x149D, 0x149D, 0x149D, 0x149D,
  0x149D, 0x149D, 0x149D, 0x149D, 0x149D, 0x149D, 0x149D, 0x149D, 0x149D, 0x149D, 0x149D, 0x149D, 0x149D,
  0x149D, 0x149D, 0x149D, 0x149D, 0x149D, 0x35A5, 0x3184, 0xB394, 0x35A5, 0x149D, 0x149D, 0xD7B5, 0x4529,
  0x0421, 0x0000, 0x0000, 0x0000, 0x0000, 0x0000, 0x0000, 0x0000, 0x0000, 0x0000, 0x0000, 0x0000, 0x0000,
  0x0000, 0x0000, 0x0000, 0x0000, 0x0000, 0x0000, 0x0000, 0x0000, 0x0000, 0x0000, 0x0000, 0x0000, 0xA210,
  0x2521, 0x4D6B, 0xF8BD, 0xB7B5, 0xF49C, 0x149D, 0x149D, 0x149D, 0x149D, 0x149D, 0x55A5, 0x159D, 0xAE73,
  0x8E73, 0x56A5, 0x56A5, 0xF49C, 0x149D, 0x149D, 0x149D, 0x149D, 0x149D, 0x149D, 0x149D, 0x149D, 0x149D,
  0x149D, 0x149D, 0x149D, 0x149D, 0x149D, 0x149D, 0x149D, 0x149D, 0x149D, 0x35A5, 0x159D, 0xCF73, 0xD394,
  0x35A5, 0x149D, 0x149D, 0x149D, 0x149D, 0x149D, 0x149D, 0x149D, 0x149D, 0x149D, 0x149D, 0x149D, 0x149D,
  0x149D, 0x149D, 0x149D, 0x149D, 0x149D, 0x149D, 0x149D, 0x149D, 0x149D, 0x149D, 0x149D, 0x149D, 0x149D,
  0x149D, 0x149D, 0x149D, 0x149D, 0x149D, 0x149D, 0x149D, 0x149D, 0x149D, 0x149D, 0x149D, 0x149D, 0x149D,
  0x149D, 0x149D, 0x149D, 0x149D, 0x149D, 0x149D, 0x149D, 0x149D, 0x149D, 0x149D, 0x149D, 0x149D, 0x149D,
  0x96AD, 0xB394, 0x2100, 0x494A, 0xF49C, 0x0000, 0xCB5A, 0xD7B5, 0x159D, 0x518C, 0xD39C, 0x35A5, 0x149D,
  0x149D, 0x149D, 0x149D, 0x149D, 0x149D, 0x149D, 0x149D, 0x149D, 0x149D, 0x149D, 0x149D, 0x149D, 0x149D,
  0x149D, 0x149D, 0x149D, 0x149D, 0x149D, 0x149D, 0x149D, 0x149D, 0x149D, 0x149D, 0x149D, 0x149D, 0x149D,
  0x149D, 0x149D, 0x149D, 0x149D, 0x149D, 0x149D, 0x149D, 0x149D, 0x149D, 0x149D, 0x149D, 0x149D, 0x149D,
  0x149D, 0x149D, 0x149D, 0x149D, 0x149D, 0x149D, 0x149D, 0x149D, 0x149D, 0x149D, 0x149D, 0x149D, 0x149D,
  0x149D, 0x149D, 0x149D, 0x149D, 0x149D, 0x149D, 0x149D, 0x149D, 0x149D, 0x149D, 0x149D, 0x35A5, 0xF07B,
  0x928C, 0x35A5, 0x149D, 0x149D, 0x149D, 0x149D, 0x149D, 0x149D, 0x149D, 0x149D, 0x149D, 0x149D, 0x149D,
  0x149D, 0x149D, 0x149D, 0x149D, 0x149D, 0x149D, 0x149D, 0x149D, 0x149D, 0x149D, 0x149D, 0x149D, 0x149D,
  0x149D, 0x149D, 0x149D, 0x149D, 0x149D, 0x149D, 0x149D, 0x149D, 0x149D, 0x149D, 0x149D, 0x149D, 0x149D,
  0x149D, 0x149D, 0x149D, 0x149D, 0x149D, 0x149D, 0x149D, 0x149D, 0x149D, 0x149D, 0x149D, 0x149D, 0x149D,
  0x149D, 0x149D, 0x149D, 0x149D, 0x149D, 0x149D, 0x149D, 0x149D, 0x149D, 0x149D, 0x149D, 0x149D, 0x149D,
  0x149D, 0x149D, 0x149D, 0x149D, 0x149D, 0x149D, 0x149D, 0x149D, 0x35A5, 0x3084, 0x9294, 0x35A5, 0x149D,
  0x149D, 0xB7B5, 0x0842, 0xE318, 0x0000, 0x0000, 0x0000, 0x0000, 0x0000, 0x0000, 0x0000, 0x0000, 0x0000,
  0x0000, 0x0000, 0x0000, 0x0000, 0x0000, 0x0000, 0x0000, 0x0000, 0x0000, 0x0000, 0x0000, 0x0000, 0x0000,
  0x6108, 0xA210, 0xC739, 0xF49C, 0x19BE, 0x55A5, 0xF49C, 0x149D, 0x149D, 0x149D, 0x149D, 0x149D, 0x56A5,
  0xB394, 0xEF7B, 0x928C, 0x76AD, 0x35A5, 0xF49C, 0x149D, 0x149D, 0x149D, 0x149D, 0x149D, 0x149D, 0x149D,
  0x149D, 0x149D, 0x149D, 0x149D, 0x149D, 0x149D, 0x149D, 0x149D, 0x149D, 0x149D, 0x149D, 0x149D, 0x35A5,
  0x159D, 0xCF73, 0xD394, 0x35A5, 0x149D, 0x149D, 0x149D, 0x149D, 0x149D, 0x149D, 0x149D, 0x149D, 0x149D,
  0x149D, 0x149D, 0x149D, 0x149D, 0x149D, 0x149D, 0x149D, 0x149D, 0x149D, 0x149D, 0x149D, 0x149D, 0x149D,
  0x149D, 0x149D, 0x149D, 0x149D, 0x149D, 0x149D, 0x149D, 0x149D, 0x149D, 0x149D, 0x149D, 0x149D, 0x149D,
  0x149D, 0x149D, 0x149D, 0x149D, 0x149D, 0x149D, 0x149D, 0x149D, 0x149D, 0x149D, 0x149D, 0x149D, 0x149D,
  0x149D, 0x149D, 0x149D, 0x96AD, 0xB394, 0x2000, 0x0842, 0x728C, 0x0000, 0xCB5A, 0xB7B5, 0x159D, 0x5184,
  0xD394, 0x35A5, 0x149D, 0x149D, 0x149D, 0x149D, 0x149D, 0x149D, 0x149D, 0x149D, 0x149D, 0x149D, 0x149D,
  0x149D, 0x149D, 0x149D, 0x149D, 0x149D, 0x149D, 0x149D, 0x149D, 0x149D, 0x149D, 0x149D, 0x149D, 0x149D,
  0x149D, 0x149D, 0x149D, 0x149D, 0x149D, 0x149D, 0x149D, 0x149D, 0x149D, 0x149D, 0x149D, 0x149D, 0x149D,
  0x149D, 0x149D, 0x149D, 0x149D, 0x149D, 0x149D, 0x149D, 0x149D, 0x149D, 0x149D, 0x149D, 0x149D, 0x149D,
  0x149D, 0x149D, 0x149D, 0x149D, 0x149D, 0x149D, 0x149D, 0x149D, 0x149D, 0x149D, 0x149D, 0x149D, 0x149D,
  0x149D, 0x35A5, 0xF07B, 0x928C, 0x35A5, 0x149D, 0x149D, 0x149D, 0x149D, 0x149D, 0x149D, 0x149D, 0x149D,
  0x149D, 0x149D, 0x149D, 0x149D, 0x149D, 0x149D, 0x149D, 0x149D, 0x149D, 0x149D, 0x149D, 0x149D, 0x149D,
  0x149D, 0x149D, 0x149D, 0x149D, 0x149D, 0x149D, 0x149D, 0x149D, 0x149D, 0x149D, 0x149D, 0x149D, 0x149D,
  0x149D, 0x149D, 0x149D, 0x149D, 0x149D, 0x149D, 0x149D, 0x149D, 0x149D, 0x149D, 0x149D, 0x149D, 0x149D,
  0x149D, 0x149D, 0x149D, 0x149D, 0x149D, 0x149D, 0x149D, 0x149D, 0x149D, 0x149D, 0x149D, 0x149D, 0x149D,
  0x149D, 0x149D, 0x149D, 0x149D, 0x149D, 0x149D, 0x149D, 0x149D, 0x149D, 0x149D, 0x149D, 0x55A5, 0x728C,
  0x928C, 0x35A5, 0x149D, 0x149D, 0xD8B5, 0x0C63, 0xA210, 0x0000, 0x0000, 0x0000, 0x0000, 0x0000, 0x0000,
  0x0000, 0x0000, 0x0000, 0x0000, 0x0000, 0x0000, 0x0000, 0x0000, 0x0000, 0x0000, 0x0000, 0x0000, 0x0000,
  0x0000, 0x2000, 0xA310, 0xA210, 0xAF73, 0x19BE, 0x76AD, 0xF49C, 0x149D, 0x149D, 0x149D, 0x149D, 0x149D,
  0x55A5, 0x35A5, 0x518C, 0x107C, 0x149D, 0x55A5, 0x149D, 0x149D, 0x149D, 0x149D, 0x149D, 0x149D, 0x149D,
  0x149D, 0x149D, 0x149D, 0x149D, 0x149D, 0x149D, 0x149D, 0x149D, 0x149D, 0x149D, 0x149D, 0x149D, 0x149D,
  0x149D, 0x149D, 0x35A5, 0x35A5, 0xAF73, 0xD394, 0x35A5, 0x149D, 0x149D, 0x149D, 0x149D, 0x149D, 0x149D,
  0x149D, 0x149D, 0x149D, 0x149D, 0x149D, 0x149D, 0x149D, 0x149D, 0x149D, 0x149D, 0x149D, 0x149D, 0x149D,
  0x149D, 0x149D, 0x149D, 0x149D, 0x149D, 0x149D, 0x149D, 0x149D, 0x149D, 0x149D, 0x149D, 0x149D, 0x149D,
  0x149D, 0x149D, 0x149D, 0x149D, 0x149D, 0x149D, 0x149D, 0x149D, 0x149D, 0x149D, 0x149D, 0x149D, 0x149D,
  0x149D, 0x149D, 0x149D, 0x149D, 0x149D, 0x149D, 0x96AD, 0xB394, 0x0000, 0x2942, 0x159D, 0x0000, 0xAA52,
  0xB7B5, 0x359D, 0x3184, 0xD394, 0x35A5, 0x149D, 0x149D, 0x149D, 0x149D, 0x149D, 0x149D, 0x149D, 0x149D,
  0x149D, 0x149D, 0x149D, 0x149D, 0x149D, 0x149D, 0x149D, 0x149D, 0x149D, 0x149D, 0x149D, 0x149D, 0x149D,
  0x149D, 0x149D, 0x149D, 0x149D, 0x149D, 0x149D, 0x149D, 0x149D, 0x149D, 0x149D, 0x149D, 0x149D, 0x149D,
  0x149D, 0x149D, 0x149D, 0x149D, 0x149D, 0x149D, 0x149D, 0x149D, 0x149D, 0x149D, 0x149D, 0x149D, 0x149D,
  0x149D, 0x149D, 0x149D, 0x149D, 0x149D, 0x149D, 0x149D, 0x149D, 0x149D, 0x149D, 0x149D, 0x149D, 0x149D,
  0x149D, 0x149D, 0x149D, 0x149D, 0x35A5, 0x107C, 0x9294, 0x35A5, 0x149D, 0x149D, 0x149D, 0x149D, 0x149D,
  0x149D, 0x149D, 0x149D, 0x149D, 0x149D, 0x149D, 0x149D, 0x149D, 0x149D, 0x149D, 0x149D, 0x149D, 0x149D,
  0x149D, 0x149D, 0x149D, 0x149D, 0x149D, 0x149D, 0x149D, 0x149D, 0x149D, 0x149D, 0x149D, 0x149D, 0x149D,
  0x149D, 0x149D, 0x149D, 0x149D, 0x149D, 0x149D, 0x149D, 0x149D, 0x149D, 0x149D, 0x149D, 0x149D, 0x149D,
  0x149D, 0x149D, 0x149D, 0x149D, 0x149D, 0x149D, 0x149D, 0x149D, 0x149D, 0x149D, 0x149D, 0x149D, 0x149D,
  0x149D, 0x149D, 0x149D, 0x149D, 0x149D, 0x149D, 0x149D, 0x149D, 0x149D, 0x149D, 0x149D, 0x149D, 0x149D,
  0x149D, 0x55A5, 0x728C, 0x728C, 0x35A5, 0x149D, 0x149D, 0xD8B5, 0x2D63, 0xE318, 0x0000, 0x0000, 0x0000,
  0x0000, 0x0000, 0x0000, 0x0000, 0x0000, 0x0000, 0x0000, 0x0000, 0x0000, 0x0000, 0x0000, 0x0000, 0x0000,
  0x0000, 0x0000, 0x0000, 0xA310, 0x8210, 0x2942, 0x35A5, 0x19BE, 0x149D, 0xF49C, 0x149D, 0x149D, 0x149D,
  0x149D, 0x149D, 0x56A5, 0xF49C, 0xF07B, 0x518C, 0x55A5, 0x35A5, 0xF49C, 0x149D, 0x149D, 0x149D, 0x149D,
  0x149D, 0x149D, 0x149D, 0x149D, 0x149D, 0x149D, 0x149D, 0x149D, 0x149D, 0x149D, 0x149D, 0x149D, 0x149D,
  0x149D, 0x149D, 0x149D, 0x149D, 0x149D, 0x35A5, 0x359D, 0xAF73, 0xD394, 0x35A5, 0x149D, 0x149D, 0x149D,
  0x149D, 0x149D, 0x149D, 0x149D, 0x149D, 0x149D, 0x149D, 0x149D, 0x149D, 0x149D, 0x149D, 0x149D, 0x149D,
  0x149D, 0x149D, 0x149D, 0x149D, 0x149D, 0x149D, 0x149D, 0x149D, 0x149D, 0x149D, 0x149D, 0x149D, 0x149D,
  0x149D, 0x149D, 0x149D, 0x149D, 0x149D, 0x149D, 0x149D, 0x149D, 0x149D, 0x149D, 0x149D, 0x149D, 0x149D,
  0x149D, 0x149D, 0x149D, 0x149D, 0x149D, 0x149D, 0x149D, 0x149D, 0x149D, 0x96AD, 0x728C, 0x2000, 0xA731,
  0xD073, 0x2000, 0xAA52, 0xB7B5, 0x159D, 0x1084, 0xD394, 0x35A5, 0x149D, 0x149D, 0x149D, 0x149D, 0x149D,
  0x149D, 0x149D, 0x149D, 0x149D, 0x149D, 0x149D, 0x149D, 0x149D, 0x149D, 0x149D, 0x149D, 0x149D, 0x149D,
  0x149D, 0x149D, 0x149D, 0x149D, 0x149D, 0x149D, 0x149D, 0x149D, 0x149D, 0x149D, 0x149D, 0x149D, 0x149D,
  0x149D, 0x149D, 0x149D, 0x149D, 0x149D, 0x149D, 0x149D, 0x149D, 0x149D, 0x149D, 0x149D, 0x149D, 0x149D,
  0x149D, 0x149D, 0x149D, 0x149D, 0x149D, 0x149D, 0x149D, 0x149D, 0x149D, 0x149D, 0x149D, 0x149D, 0x149D,
  0x149D, 0x149D, 0x149D, 0x149D, 0x149D, 0x149D, 0x149D, 0x35A5, 0x1084, 0x9294, 0x35A5, 0x149D, 0x149D,
  0x149D, 0x149D, 0x149D, 0x149D, 0x149D, 0x149D, 0x149D, 0x149D, 0x149D, 0x149D, 0x149D, 0x149D, 0x149D,
  0x149D, 0x149D, 0x149D, 0x149D, 0x149D, 0x149D, 0x149D, 0x149D, 0x149D, 0x149D, 0x149D, 0x149D, 0x149D,
  0x149D, 0x149D, 0x149D, 0x149D, 0x149D, 0x149D, 0x149D, 0x149D, 0x149D, 0x149D, 0x149D, 0x149D, 0x149D,
  0x149D, 0x149D, 0x149D, 0x149D, 0x149D, 0x149D, 0x149D, 0x149D, 0x149D, 0x149D, 0x149D, 0x149D, 0x149D,
  0x149D, 0x149D, 0x149D, 0x149D, 0x149D, 0x149D, 0x149D, 0x149D, 0x149D, 0x149D, 0x149D, 0x149D, 0x149D,
  0x149D, 0x149D, 0x149D, 0x149D, 0x56A5, 0x5184, 0x518C, 0x35A5, 0x149D, 0x149D, 0xD7B5, 0xCF73, 0xA210,
  0x0000, 0x0000, 0x0000, 0x0000, 0x0000, 0x0000, 0x0000, 0x0000, 0x0000, 0x0000, 0x0000, 0x0000, 0x0000,
  0x0000, 0x0000, 0x0000, 0x0000, 0x0000, 0xA210, 0xA210, 0xF07B, 0x18BE, 0x76AD, 0xF49C, 0x149D, 0x149D,
  0x149D, 0x149D, 0x149D, 0x149D, 0x55A5, 0x9294, 0xCF7B, 0xB394, 0x56A5, 0x159D, 0x149D, 0x149D, 0x149D,
  0x149D, 0x149D, 0x149D, 0x149D, 0x149D, 0x149D, 0x149D, 0x149D, 0x149D, 0x149D, 0x149D, 0x149D, 0x149D,
  0x149D, 0x149D, 0x149D, 0x149D, 0x149D, 0x149D, 0x149D, 0x149D, 0x35A5, 0x359D, 0xAF73, 0xD394, 0x35A5,
  0x149D, 0x149D, 0x149D, 0x149D, 0x149D, 0x149D, 0x149D, 0x149D, 0x149D, 0x149D, 0x149D, 0x149D, 0x149D,
  0x149D, 0x149D, 0x149D, 0x149D, 0x149D, 0x149D, 0x149D, 0x149D, 0x149D, 0x149D, 0x149D, 0x149D, 0x149D,
  0x149D, 0x149D, 0x149D, 0x149D, 0x149D, 0x149D, 0x149D, 0x149D, 0x149D, 0x149D, 0x149D, 0x149D, 0x149D,
  0x149D, 0x149D, 0x149D, 0x149D, 0x149D, 0x149D, 0x149D, 0x149D, 0x149D, 0x149D, 0x149D, 0x149D, 0x96AD,
  0xD394, 0x8210, 0x0000, 0x0000, 0x0000, 0x2C63, 0xD8B5, 0x159D, 0x107C, 0xD394, 0x35A5, 0x149D, 0x149D,
  0x149D, 0x149D, 0x149D, 0x149D, 0x149D, 0x149D, 0x149D, 0x149D, 0x149D, 0x149D, 0x149D, 0x149D, 0x149D,
  0x149D, 0x149D, 0x149D, 0x149D, 0x149D, 0x149D, 0x149D, 0x149D, 0x149D, 0x149D, 0x149D, 0x149D, 0x149D,
  0x149D, 0x149D, 0x149D, 0x149D, 0x149D, 0x149D, 0x149D, 0x149D, 0x149D, 0x149D, 0x149D, 0x149D, 0x149D,
  0x149D, 0x149D, 0x149D, 0x149D, 0x149D, 0x149D, 0x149D, 0x149D, 0x149D, 0x149D, 0x149D, 0x149D, 0x149D,
  0x149D, 0x149D, 0x149D, 0x149D, 0x149D, 0x149D, 0x149D, 0x149D, 0x149D, 0x149D, 0x35A5, 0x107C, 0x728C,
  0x35A5, 0x149D, 0x149D, 0x149D, 0x149D, 0x149D, 0x149D, 0x149D, 0x149D, 0x149D, 0x149D, 0x149D, 0x149D,
  0x149D, 0x149D, 0x149D, 0x149D, 0x149D, 0x149D, 0x149D, 0x149D, 0x149D, 0x149D, 0x149D, 0x149D, 0x149D,
  0x149D, 0x149D, 0x149D, 0x149D, 0x149D, 0x149D, 0x149D, 0x149D, 0x149D, 0x149D, 0x149D, 0x149D, 0x149D,
  0x149D, 0x149D, 0x149D, 0x149D, 0x149D, 0x149D, 0x149D, 0x149D, 0x149D, 0x149D, 0x149D, 0x149D, 0x149D,
  0x149D, 0x149D, 0x149D, 0x149D, 0x149D, 0x149D, 0x149D, 0x149D, 0x149D, 0x149D, 0x149D, 0x149D, 0x149D,
  0x149D, 0x149D, 0x149D, 0x149D, 0x149D, 0x149D, 0x149D, 0x56A5, 0x5184, 0x5184, 0x35A5, 0x149D, 0x149D,
  0xB7B5, 0x9294, 0x6108, 0x0000, 0x0000, 0x0000, 0x0000, 0x0000, 0x0000, 0x0000, 0x0000, 0x0000, 0x0000,
  0x0000, 0x0000, 0x0000, 0x0000, 0x0000, 0x0000, 0x8210, 0x4108, 0xE839, 0x55A5, 0xF8BD, 0xF49C, 0xF49C,
  0x149D, 0x149D, 0x149D, 0x149D, 0x149D, 0x159D, 0x35A5, 0x928C, 0x107C, 0x149D, 0x55A5, 0x149D, 0x149D,
  0x149D, 0x149D, 0x149D, 0x149D, 0x149D, 0x149D, 0x149D, 0x149D, 0x149D, 0x149D, 0x149D, 0x149D, 0x149D,
  0x149D, 0x149D, 0x149D, 0x149D, 0x149D, 0x149D, 0x149D, 0x149D, 0x149D, 0x149D, 0x149D, 0x35A5, 0x159D,
  0xAE73, 0xD394, 0x35A5, 0x149D, 0x149D, 0x149D, 0x149D, 0x149D, 0x149D, 0x149D, 0x149D, 0x149D, 0x149D,
  0x149D, 0x149D, 0x149D, 0x149D, 0x149D, 0x149D, 0x149D, 0x149D, 0x149D, 0x149D, 0x149D, 0x149D, 0x149D,
  0x149D, 0x149D, 0x149D, 0x149D, 0x149D, 0x149D, 0xF49C, 0x149D, 0x149D, 0x149D, 0x149D, 0x149D, 0x149D,
  0x149D, 0x149D, 0x149D, 0x149D, 0xF49C, 0xF49C, 0xF49C, 0xF49C, 0xF49C, 0x149D, 0x149D, 0x149D, 0x149D,
  0x149D, 0x149D, 0x149D, 0x76AD, 0x8E73, 0x2842, 0xA731, 0xCB5A, 0xF49C, 0x55A5, 0x159D, 0xEF7B, 0xB394,
  0x35A5, 0x149D, 0x149D, 0x149D, 0x149D, 0x149D, 0x149D, 0x149D, 0xF49C, 0xF49C, 0xF49C, 0xF49C, 0xF49C,
  0xF49C, 0xF49C, 0xF49C, 0xF49C, 0xF49C, 0xF49C, 0xF49C, 0xF49C, 0xF49C, 0xF49C, 0xF49C, 0xF49C, 0xF49C,
  0xF49C, 0xF49C, 0xF49C, 0xF49C, 0xF49C, 0xF49C, 0xF49C, 0xF49C, 0xF49C, 0xF49C, 0xF49C, 0xF49C, 0xF49C,
  0xF49C, 0xF49C, 0xF49C, 0xF49C, 0xF49C, 0xF49C, 0xF49C, 0xF49C, 0xF49C, 0xF49C, 0xF49C, 0xF49C, 0xF49C,
  0xF49C, 0xF49C, 0xF49C, 0xF49C, 0xF49C, 0xF49C, 0xF49C, 0xF49C, 0xF49C, 0xF49C, 0xF49C, 0xF49C, 0x149D,
  0x359D, 0x1084, 0x928C, 0x35A5, 0x149D, 0x149D, 0x149D, 0x149D, 0x149D, 0x149D, 0x149D, 0x149D, 0x149D,
  0x149D, 0x149D, 0x149D, 0x149D, 0x149D, 0x149D, 0x149D, 0x149D, 0x149D, 0x149D, 0x149D, 0x149D, 0x149D,
  0x149D, 0x149D, 0x149D, 0x149D, 0x149D, 0x149D, 0x149D, 0x149D, 0x149D, 0x149D, 0x149D, 0x149D, 0x149D,
  0x149D, 0x149D, 0x149D, 0x149D, 0x149D, 0x149D, 0x149D, 0x149D, 0x149D, 0x149D, 0x149D, 0x149D, 0x149D,
  0x149D, 0x149D, 0x149D, 0x149D, 0x149D, 0x149D, 0x149D, 0x149D, 0x149D, 0x149D, 0x149D, 0x149D, 0x149D,
  0x149D, 0x149D, 0x149D, 0x149D, 0x149D, 0x149D, 0x149D, 0x149D, 0x149D, 0x149D, 0x56A5, 0x5184, 0x5184,
  0x35A5, 0xF49C, 0xF49C, 0x97AD, 0xD494, 0x6108, 0x0000, 0x0000, 0x0000, 0x0000, 0x0000, 0x0000, 0x0000,
  0x0000, 0x0000, 0x0000, 0x0000, 0x0000, 0x0000, 0x0000, 0x0000, 0xA210, 0x8210, 0x8E73, 0x18BE, 0x96AD,
  0xF49C, 0x149D, 0x149D, 0x149D, 0x149D, 0x149D, 0x149D, 0x35A5, 0x35A5, 0x728C, 0x928C, 0x35A5, 0x35A5,
  0x149D, 0x149D, 0x149D, 0x149D, 0x149D, 0x149D, 0x149D, 0x149D, 0x149D, 0x149D, 0x149D, 0x149D, 0x149D,
  0x149D, 0x149D, 0x149D, 0x149D, 0x149D, 0x149D, 0x159D, 0x159D, 0x35A5, 0x35A5, 0x35A5, 0x35A5, 0x35A5,
  0x35A5, 0x55A5, 0x35A5, 0xAE73, 0xF49C, 0x56A5, 0x35A5, 0x35A5, 0x35A5, 0x35A5, 0x35A5, 0x35A5, 0x35A5,
  0x35A5, 0x35A5, 0x35A5, 0x35A5, 0x55A5, 0x55A5, 0x55A5, 0x55A5, 0x55A5, 0x35A5, 0x35A5, 0x55A5, 0x55A5,
  0x35A5, 0x55A5, 0x55A5, 0x55A5, 0x55A5, 0x55A5, 0x55A5, 0x56A5, 0x56A5, 0x76AD, 0x76A5, 0x76A5, 0x56A5,
  0x56A5, 0x56A5, 0x55A5, 0x55A5, 0x56A5, 0x56A5, 0x56A5, 0x76AD, 0x76AD, 0x76AD, 0x76AD, 0x76A5, 0x56A5,
  0x56A5, 0x56A5, 0x56A5, 0x56A5, 0x56A5, 0x55A5, 0x55A5, 0x18BE, 0x39C6, 0x55A5, 0xD7B5, 0xB7AD, 0x55A5,
  0x76AD, 0x3084, 0xF49C, 0x96AD, 0x56A5, 0x56A5, 0x56A5, 0x56A5, 0x56A5, 0x56A5, 0x56A5, 0x76A5, 0x76A5,
  0x76AD, 0x76AD, 0x76AD, 0x76AD, 0x76AD, 0x76AD, 0x76AD, 0x76AD, 0x76AD, 0x76AD, 0x76AD, 0x76AD, 0x76AD,
  0x76AD, 0x76AD, 0x76AD, 0x76AD, 0x76AD, 0x76AD, 0x76AD, 0x76AD, 0x76AD, 0x76AD, 0x76AD, 0x76AD, 0x76AD,
  0x76AD, 0x76AD, 0x76AD, 0x76AD, 0x76AD, 0x76AD, 0x76AD, 0x76AD, 0x76AD, 0x76AD, 0x76AD, 0x76AD, 0x76AD,
  0x76AD, 0x76AD, 0x76AD, 0x76AD, 0x76AD, 0x76AD, 0x76AD, 0x76AD, 0x76AD, 0x76AD, 0x76AD, 0x76AD, 0x76AD,
  0x76AD, 0x76AD, 0x76AD, 0x97AD, 0xD394, 0xF49C, 0x97AD, 0x76AD, 0x76AD, 0x76AD, 0x76AD, 0x76AD, 0x76AD,
  0x76AD, 0x76AD, 0x76AD, 0x76AD, 0x96AD, 0x76AD, 0x76AD, 0x76AD, 0x76AD, 0x76AD, 0x96AD, 0x96AD, 0x96AD,
  0x96AD, 0x96AD, 0x96AD, 0x96AD, 0x96AD, 0x96AD, 0x96AD, 0x96AD, 0x96AD, 0x96AD, 0x96AD, 0x96AD, 0x96AD,
  0x96AD, 0x96AD, 0x96AD, 0x96AD, 0x96AD, 0x96AD, 0x96AD, 0x96AD, 0x96AD, 0x96AD, 0x96AD, 0x96AD, 0x96AD,
  0x96AD, 0x96AD, 0x96AD, 0x96AD, 0x96AD, 0x96AD, 0x96AD, 0x96AD, 0x96AD, 0x96AD, 0x96AD, 0x96AD, 0x96AD,
  0x96AD, 0x96AD, 0x96AD, 0x96AD, 0x96AD, 0x97B5, 0x97B5, 0x97B5, 0x97B5, 0xB7B5, 0xB7B5, 0xB7B5, 0x96AD,
  0xF8BD, 0x9294, 0x928C, 0x97AD, 0x56A5, 0x56A5, 0xF8BD, 0x55A5, 0xA210, 0x6108, 0x0000, 0x0000, 0x0000,
  0x0000, 0x0000, 0x0000, 0x0000, 0x0000, 0x0000, 0x0000, 0x0000, 0x0000, 0x2000, 0x2421, 0xC739, 0x76AD,
  0xDBD6, 0xB7B5, 0x97B5, 0xB7B5, 0xB7B5, 0xB7B5, 0xB7B5, 0xB7B5, 0xB7B5, 0xB7B5, 0x76AD, 0xF39C, 0x35A5,
  0xB7B5, 0x96AD, 0x76AD, 0x76AD, 0x76AD, 0x76AD, 0x76AD, 0x76AD, 0x76AD, 0x76AD, 0x76AD, 0x76AD, 0x76AD,
  0x76AD, 0x76AD, 0x76AD, 0x76AD, 0x76AD, 0x76AD, 0x76AD, 0x76AD, 0x76AD, 0x76AD, 0x55AD, 0x55A5, 0x35A5,
  0x35A5, 0x35A5, 0x35A5, 0x34A5, 0x35A5, 0x34A5, 0xAE73, 0xF39C, 0x55A5, 0x14A5, 0x14A5, 0x149D, 0xF49C,
  0x149D, 0x149D, 0xF49C, 0xF49C, 0x149D, 0x149D, 0x149D, 0xF39C, 0xD39C, 0xD39C, 0xD394, 0xF39C, 0xF49C,
  0x14A5, 0xF49C, 0xF49C, 0xF49C, 0xF39C, 0xF39C, 0xD39C, 0xF39C, 0xF39C, 0xD39C, 0xD394, 0xB294, 0x928C,
  0x9294, 0xB294, 0xB394, 0xB394, 0xD394, 0xD39C, 0xD39C, 0xD39C, 0xB394, 0xB394, 0xB294, 0x928C, 0x9294,
  0xB294, 0xB394, 0xB394, 0xD394, 0xD394, 0xD394, 0xD39C, 0xD39C, 0xD39C, 0xD39C, 0xB394, 0xD39C, 0xB294,
  0xD394, 0x149D, 0xF39C, 0xF49C, 0xCF7B, 0x718C, 0xF49C, 0xD394, 0xD39C, 0xD39C, 0xD39C, 0xD39C, 0xD394,
  0xD394, 0xD394, 0xD394, 0xD394, 0xB394, 0xB394, 0xB394, 0xB394, 0xB394, 0xB394, 0xB394, 0xB394, 0xB394,
  0xB394, 0xB394, 0xB394, 0xB394, 0xB394, 0xB394, 0xB394, 0xD394, 0xD394, 0xD394, 0xD394, 0xD394, 0xB394,
  0xB394, 0xB394, 0xB394, 0xB394, 0xB394, 0xB394, 0xB394, 0xB394, 0xB394, 0xB394, 0xB394, 0xB394, 0xB394,
  0xB394, 0xB394, 0xB394, 0xB394, 0xD394, 0xB394, 0xB394, 0xB394, 0x9294, 0x928C, 0x9294, 0x928C, 0x928C,
  0x928C, 0xB294, 0xB394, 0x9294, 0x9294, 0x928C, 0xF39C, 0x5184, 0x2D63, 0x6E6B, 0x4D63, 0x4D63, 0x4D63,
  0x4D63, 0x4D63, 0x4D63, 0x4D63, 0x4D63, 0x2D63, 0x2D63, 0x2D63, 0x2D63, 0x2D63, 0x2D63, 0x2D63, 0x4D63,
  0x2D63, 0x2D63, 0x2D63, 0x2D63, 0x2D63, 0x0D63, 0x0D63, 0x0C63, 0x0C5B, 0x0C5B, 0x0C5B, 0x0C5B, 0x0C5B,
  0x0C5B, 0x0C5B, 0x0C5B, 0x0C5B, 0xEC5A, 0xEC5A, 0x0C5B, 0x0C5B, 0xEC5A, 0xEC5A, 0xEC5A, 0xEC5A, 0xEC5A,
  0xEC5A, 0xEC5A, 0xEC5A, 0xEC5A, 0xEC5A, 0xEC5A, 0xCC52, 0xCC52, 0xCC52, 0xCC52, 0xCC52, 0xCC52, 0xEC5A,
  0xEC52, 0xCC52, 0xCC52, 0xCB52, 0xCB52, 0xCB52, 0xCB52, 0xCB52, 0xCB52, 0xCB52, 0xCB52, 0xCB52, 0xCB52,
  0xCB52, 0xCB52, 0xAB52, 0xCC5A, 0x8E73, 0x5184, 0xD394, 0x9294, 0x9294, 0xF49C, 0xF39C, 0x2429, 0xA210,
  0x0000, 0x0000, 0x0000, 0x0000, 0x0000, 0x0000, 0x0000, 0x0000, 0x0000, 0x0000, 0x0000, 0x4108, 0xC318,
  0x6108, 0xD073, 0xAF73, 0xCC52, 0xEC5A, 0xEC5A, 0x0C5B, 0x0C63, 0x2C63, 0x2D63, 0x4D63, 0x6E6B, 0x8E6B,
  0xEC5A, 0x2D63, 0xAF73, 0x6E6B, 0x6E6B, 0x8E6B, 0x8E6B, 0x6E6B, 0x2D63, 0x4D63, 0x4D6B, 0x2D63, 0x2D63,
  0x0C5B, 0x0C5B, 0x2D5B, 0x0C5B, 0x2D5B, 0xEC5A, 0xCC52, 0xEC52, 0xCC52, 0xEC5A, 0xCC52, 0xCB52, 0xEC5A,
  0xCB52, 0xCB52, 0xAB52, 0xAB52, 0xCB52, 0xEC52, 0xEC5A, 0xEC5A, 0xEC5A, 0x083A, 0x0D5B, 0x2D5B, 0xEC52,
  0xEC5A, 0xEC52, 0xCC52, 0xCC52, 0xCC52, 0xCC52, 0xAB4A, 0xAB4A, 0xAB52, 0xAB4A, 0x8B4A, 0x8A4A, 0x8B4A,
  0x8B4A, 0x6A42, 0x6A4A, 0x8B4A, 0x6A4A, 0x6A4A, 0x6A4A, 0x6A4A, 0x6A4A, 0x4A42, 0x4A42, 0x4A42, 0x4A42,
  0x2942, 0x093A, 0x093A, 0x093A, 0xE831, 0x093A, 0x093A, 0x293A, 0x293A, 0x2942, 0x2942, 0x093A, 0xE831,
  0xE831, 0xC831, 0xE831, 0xE831, 0x093A, 0x093A, 0x093A, 0xE939, 0x093A, 0x093A, 0x093A, 0x093A, 0x093A,
  0x093A, 0x093A, 0x6629, 0xE831, 0x4A42, 0x093A, 0x093A, 0x2521, 0xC831, 0x0932, 0xE831, 0xE831, 0xE931,
  0xE931, 0xE831, 0xE831, 0xC831, 0xC831, 0xC831, 0xC829, 0xC829, 0xC829, 0xC829, 0xC829, 0xA829, 0xA729,
  0xA729, 0xA729, 0xA729, 0xA729, 0xA729, 0xA729, 0x8729, 0x8729, 0xA729, 0xA729, 0xA729, 0xA729, 0xA729,
  0xA729, 0x8729, 0x8729, 0x8729, 0x8729, 0x8729, 0x8729, 0x8729, 0x8729, 0x8729, 0x8729, 0x8729, 0x8729,
  0x8729, 0x8729, 0x8729, 0x8729, 0x8729, 0x8729, 0x8729, 0x8729, 0x8729, 0x8729, 0x8729, 0x6621, 0x4621,
  0x6621, 0x6621, 0x6621, 0x4621, 0x6721, 0x6721, 0x4621, 0x4621, 0x4621, 0x6721, 0xE418, 0xC410, 0x2619,
  0x0519, 0xE510, 0xE510, 0xE510, 0xE510, 0xE510, 0xE510, 0x0511, 0xE510, 0xC510, 0xC510, 0xE510, 0xE510,
  0xE510, 0xE510, 0xE510, 0xC410, 0xC408, 0xC408, 0xC408, 0xC408, 0xC408, 0xC408, 0xC408, 0xA408, 0xA408,
  0xA408, 0xA408, 0xA408, 0xA408, 0xA408, 0xA408, 0x8400, 0x8400, 0x8400, 0x8400, 0x8400, 0x8300, 0x8400,
  0x8300, 0x6300, 0x6300, 0x6300, 0x6300, 0x6300, 0x6300, 0x6300, 0x6300, 0x6300, 0x6300, 0x6300, 0x6300,
  0x6300, 0x6300, 0x6300, 0x6300, 0x4300, 0x4300, 0x4300, 0x4300, 0x4300, 0x4300, 0x4300, 0x4200, 0x4200,
  0x4200, 0x4200, 0x4200, 0x4200, 0x4200, 0x4200, 0x4300, 0xA308, 0xA310, 0xA310, 0xA310, 0xA310, 0xA310,
  0xA310, 0x4100, 0x2421, 0x0000, 0x0000, 0x0000, 0x0000, 0x0000, 0x0000, 0x0000, 0x0000, 0x0000, 0x0000,
  0x0000, 0xC210, 0x8208, 0x6B42, 0xE839, 0xC831, 0x083A, 0x293A, 0x2942, 0x8729, 0x4621, 0x4521, 0x0519,
  0xC410, 0xA308, 0xC410, 0x2A3A, 0xEC52, 0xAB4A, 0xAB4A, 0xAC4A, 0xCC52, 0xCC52, 0xCC52, 0xCC52, 0xCC52,
  0xCC52, 0xCC52, 0xCC52, 0xCC4A, 0xAC4A, 0xCC52, 0xAC4A, 0xCC4A, 0xAC4A, 0xAC4A, 0xAC4A, 0xAC4A, 0xAC4A,
  0xAC4A, 0xAC4A, 0xCC4A, 0xCC52, 0xCC52, 0xCC52, 0xCC52, 0xCC52, 0xCC52, 0xCC52, 0x0D5B, 0xED52, 0x0519,
  0x8B4A, 0x2E5B, 0xED52, 0xED52, 0xED52, 0xED52, 0xED52, 0xED52, 0xED52, 0xED52, 0xED52, 0xED52, 0xED52,
  0x0D53, 0x0D53, 0xED52, 0xED52, 0xED52, 0xED52, 0xCD52, 0xED52, 0xED52, 0xCD52, 0xED52, 0xED52, 0xED52,
  0xED52, 0xED52, 0xED52, 0xED52, 0xED52, 0xED52, 0xED52, 0xED52, 0xED52, 0xED52, 0xED52, 0xED52, 0xED52,
  0xED52, 0xED52, 0xED52, 0xED52, 0xED52, 0xED52, 0xCD52, 0xCD52, 0xCC52, 0xCC52, 0xCC52, 0xCC52, 0xCC52,
  0xCC52, 0xCC4A, 0xCC4A, 0xED52, 0x8C4A, 0x2519, 0xCC52, 0xED52, 0xED52, 0xED52, 0x0419, 0x4A42, 0x0D53,
  0xCC4A, 0xCC4A, 0xAC4A, 0xAC4A, 0xCC4A, 0xCC4A, 0xCC4A, 0xCC4A, 0xCC4A, 0xCC4A, 0xCC4A, 0xCC4A, 0xCC4A,
  0xCC4A, 0xCC52, 0xCC52, 0xCC52, 0xCC52, 0xCC52, 0xCC52, 0xCC52, 0xCC4A, 0xCC4A, 0xCC4A, 0xCC4A, 0xCC4A,
  0xCC52, 0xCC52, 0xCC52, 0xCC52, 0xCC4A, 0xCC4A, 0xCC4A, 0xCC52, 0xCC52, 0xCC52, 0xCC52, 0xCC4A, 0xCC4A,
  0xCC4A, 0xCC4A, 0xCC4A, 0xAC4A, 0xAC4A, 0xAC4A, 0xAC4A, 0xAC4A, 0xAC4A, 0xAC4A, 0xAC4A, 0xAC4A, 0xAC4A,
  0xAC4A, 0xCC4A, 0xCC52, 0xCC52, 0xCC52, 0xCC52, 0xCC52, 0xCC52, 0xCC4A, 0xCC4A, 0xCC4A, 0xAC4A, 0x2E5B,
  0x6621, 0x8729, 0x2E5B, 0xCC52, 0xCC52, 0xCC52, 0xEC52, 0xEC52, 0xEC52, 0xEC52, 0xEC52, 0xEC52, 0xED52,
  0xED52, 0xED52, 0xED52, 0xED52, 0xED52, 0xED52, 0xED52, 0xED52, 0xED52, 0xED52, 0xED52, 0xED52, 0xED52,
  0xED52, 0xED52, 0xED52, 0xED52, 0xED52, 0x0D53, 0x0D53, 0xED52, 0x0D53, 0x0D5B, 0x0D5B, 0x0D5B, 0x0D5B,
  0x0D5B, 0x0D5B, 0x0D5B, 0x0D5B, 0x0D5B, 0x0D5B, 0x0D5B, 0x0D5B, 0x0D5B, 0x0D5B, 0x0D5B, 0x0D5B, 0x0D5B,
  0x0D5B, 0x0D5B, 0x0D5B, 0x0D5B, 0x0D5B, 0x0D5B, 0x0D5B, 0x0D5B, 0x0D5B, 0x0D5B, 0x0D5B, 0x0D5B, 0x0D5B,
  0x0D5B, 0x0D5B, 0x0D5B, 0x0D5B, 0x0D5B, 0x0D5B, 0x0D5B, 0x2D5B, 0x0D5B, 0x8F63, 0xE831, 0xA729, 0x0D5B,
  0xAC4A, 0xAC4A, 0xED52, 0xCD52, 0x6208, 0x0421, 0x0000, 0x0000, 0x0000, 0x0000, 0x0000, 0x0000, 0x0000,
  0x0000, 0x0000, 0x0000, 0xA210, 0xA210, 0x0C5B, 0xCF73, 0xAE6B, 0xF07B, 0x5184, 0x7184, 0xF07B, 0x107C,
  0x107C, 0xF07B, 0xCF73, 0xCF7B, 0xAF73, 0x0419, 0x4A42, 0x117C, 0x8F63, 0x8F63, 0x8F63, 0x6F63, 0x8F63,
  0x6F63, 0x8F6B, 0x8F63, 0x8F63, 0x8F6B, 0x6F63, 0x8F6B, 0x8F63, 0x6F63, 0x6F6B, 0x6F63, 0x6F6B, 0x8F6B,
  0x8F6B, 0x8F6B, 0x8F6B, 0x8F6B, 0x8F6B, 0x8F6B, 0x8F6B, 0x8F6B, 0x8F6B, 0x6F6B, 0x6F63, 0x6F63, 0x6F63,
  0xAF6B, 0x8F6B, 0x6629, 0x0D5B, 0xB06B, 0x6F63, 0x6F63, 0x6F63, 0x6F63, 0x6F63, 0x6F63, 0x6F63, 0x6F6B,
  0x6F6B, 0x6F6B, 0x6F6B, 0x6F6B, 0x6F6B, 0x6F63, 0x6F63, 0x6F6B, 0x6F6B, 0x6F6B, 0x6F63, 0x6F63, 0x6F63,
  0x6F63, 0x6F63, 0x6F6B, 0x6F6B, 0x6F6B, 0x6F6B, 0x6F6B, 0x6F6B, 0x6F63, 0x6F63, 0x6F63, 0x6F63, 0x6F63,
  0x6F6B, 0x6F6B, 0x6F6B, 0x8F6B, 0x8F6B, 0x8F6B, 0x6F6B, 0x6F63, 0x6F63, 0x6F63, 0x6F63, 0x6F6B, 0x8F6B,
  0x8F6B, 0x8F6B, 0x8F6B, 0x8F6B, 0x8F6B, 0x6E63, 0xD073, 0x4A42, 0x093A, 0xF173, 0x6F6B, 0xAF6B, 0xB073,
  0x8629, 0xEC52, 0xD073, 0x6F6B, 0x6F6B, 0x8F6B, 0x8F6B, 0x6F6B, 0x8F6B, 0x8F6B, 0x8F6B, 0x8F6B, 0x6F6B,
  0x8F6B, 0x6F6B, 0x6F6B, 0x8F6B, 0x8F6B, 0x8F6B, 0x8F6B, 0x8F6B, 0x8F6B, 0x8F6B, 0x8F6B, 0x8F6B, 0x8F6B,
  0x8F6B, 0x8F6B, 0x8F6B, 0x8F6B, 0x8F6B, 0x8F6B, 0x8F6B, 0x8F6B, 0x8F6B, 0x8F6B, 0x8F6B, 0x8F6B, 0x8F6B,
  0x8F6B, 0x8F6B, 0x8F6B, 0x8F6B, 0x8F6B, 0x8F6B, 0x8F6B, 0x8F6B, 0x8F6B, 0x6F6B, 0x8F6B, 0x6F6B, 0x6F6B,
  0x6F6B, 0x6F6B, 0x8F6B, 0x8F6B, 0x6F6B, 0x8F6B, 0x8F6B, 0x8F6B, 0x8F6B, 0x8F6B, 0x6F6B, 0x6F6B, 0x6F6B,
  0x6F6B, 0x6E63, 0xF173, 0x083A, 0x083A, 0xB06B, 0x4E63, 0x6E63, 0x6E63, 0x6E63, 0x6E63, 0x6E63, 0x6E63,
  0x6E63, 0x6E63, 0x6E63, 0x6E63, 0x6E63, 0x6E63, 0x6F63, 0x6E63, 0x6E63, 0x6F63, 0x6E63, 0x6E63, 0x6E63,
  0x6E63, 0x6E63, 0x6E63, 0x6E63, 0x6E63, 0x6E63, 0x6E63, 0x6E63, 0x6E63, 0x6E63, 0x6E63, 0x6E63, 0x6E63,
  0x6E63, 0x6E63, 0x6E63, 0x6E63, 0x6E63, 0x6E63, 0x6E63, 0x6E63, 0x6E63, 0x6E63, 0x6E63, 0x6E63, 0x6E63,
  0x6E63, 0x6E63, 0x6E63, 0x6E63, 0x6E63, 0x6E63, 0x6E63, 0x6E63, 0x6E63, 0x6E63, 0x6E63, 0x6E63, 0x6E63,
  0x6E63, 0x6E63, 0x6E63, 0x6E63, 0x6E63, 0x6E63, 0x6E63, 0x6E63, 0x6E63, 0x6E63, 0x6E63, 0x4E63, 0xD073,
  0x4A42, 0x2942, 0xB06B, 0x4E63, 0x4E63, 0x8F6B, 0xB06B, 0xE318, 0x8210, 0x0000, 0x0000, 0x0000, 0x0000,
  0x0000, 0x0000, 0x0000, 0x0000, 0x0000, 0x0000, 0x8210, 0x093A, 0xDBCE, 0x9AC6, 0x5ABE, 0x59BE, 0x9AC6,
  0xD8AD, 0x8E6B, 0x3CE7, 0xFFFF, 0x9DF7, 0x9DF7, 0xFFFF, 0xBEFF, 0x4529, 0x8729, 0xD073, 0x2E5B, 0x2E5B,
  0x2E5B, 0x2E5B, 0x2E5B, 0x2E5B, 0x2E5B, 0x2E5B, 0x2E5B, 0x2E5B, 0x2E5B, 0x2E5B, 0x2E5B, 0x2E5B, 0x2E5B,
  0x2E5B, 0x2E5B, 0x2E5B, 0x2E5B, 0x2E5B, 0x2E5B, 0x2E5B, 0x2E5B, 0x2E5B, 0x2E5B, 0x2E5B, 0x2E5B, 0x2E5B,
  0x2E5B, 0x2E5B, 0x2E5B, 0x4E63, 0x6F63, 0x6621, 0x8B4A, 0x6F6B, 0x2E5B, 0x2E5B, 0x2E63, 0x2E63, 0x2E63,
  0x2E63, 0x2E63, 0x2E63, 0x2E63, 0x2E63, 0x2E63, 0x2E63, 0x2E63, 0x4E63, 0x2E63, 0x2E63, 0x2E5B, 0x2E63,
  0x2E5B, 0x2E5B, 0x2E5B, 0x2E5B, 0x2E5B, 0x2E5B, 0x2E5B, 0x2E5B, 0x2E5B, 0x2E5B, 0x2E5B, 0x2E5B, 0x2E5B,
  0x2E5B, 0x2E5B, 0x2E5B, 0x2E5B, 0x2E5B, 0x2E5B, 0x2E5B, 0x2E5B, 0x2E5B, 0x2E5B, 0x2E5B, 0x2E5B, 0x2E5B,
  0x2E5B, 0x2E5B, 0x2E5B, 0x2E5B, 0x2E5B, 0x2E5B, 0x2E5B, 0x2E5B, 0x2D5B, 0x8F6B, 0x4621, 0x6B4A, 0x8F6B,
  0x0D5B, 0x4E63, 0x6E63, 0x6529, 0xAB4A, 0x6F63, 0x2E5B, 0x2E5B, 0x2E5B, 0x2E5B, 0x2E5B, 0x2E5B, 0x2E5B,
  0x2E5B, 0x2E5B, 0x2E5B, 0x2E5B, 0x2E5B, 0x2E5B, 0x2E5B, 0x2E5B, 0x2E5B, 0x2E5B, 0x2E5B, 0x2E5B, 0x2E5B,
  0x2E5B, 0x2E5B, 0x2E5B, 0x2E5B, 0x2E5B, 0x2E5B, 0x2E5B, 0x2E5B, 0x2E5B, 0x2E5B, 0x2E5B, 0x2E5B, 0x2E5B,
  0x2E5B, 0x2E5B, 0x2E5B, 0x2E5B, 0x2E5B, 0x2E5B, 0x2E5B, 0x2E5B, 0x2E5B, 0x2E5B, 0x2E5B, 0x2D5B, 0x2E5B,
  0x2E5B, 0x2D5B, 0x2D5B, 0x2E5B, 0x2E5B, 0x2E5B, 0x2E5B, 0x2D5B, 0x2D5B, 0x2E5B, 0x2E5B, 0x2E5B, 0x2D5B,
  0x2D5B, 0x2D5B, 0x2D5B, 0x2D5B, 0x2D5B, 0x8F6B, 0xC831, 0xC731, 0x6E63, 0x0D5B, 0x0D5B, 0x0D5B, 0x0D5B,
  0x0D5B, 0x0D5B, 0x0D5B, 0x0D5B, 0x0D5B, 0x0D5B, 0x0D5B, 0x0D5B, 0x0D5B, 0x0D5B, 0x0D5B, 0x0D5B, 0x0D5B,
  0x0D5B, 0x0D5B, 0x0D5B, 0x0D5B, 0x0D5B, 0x0D5B, 0x0D5B, 0x0D5B, 0x0D5B, 0x0D5B, 0x0D5B, 0x0D5B, 0x0D5B,
  0x0D5B, 0x0D5B, 0x0D5B, 0x0D5B, 0x0D5B, 0x0D5B, 0x0D5B, 0x0D5B, 0x0D5B, 0x0D5B, 0x0D5B, 0x0D5B, 0x0D5B,
  0x0D5B, 0x0D5B, 0x0D5B, 0x2D5B, 0x2D5B, 0x0D5B, 0x0D5B, 0x0D5B, 0x0D5B, 0x0D5B, 0x0D5B, 0x0D5B, 0x0D5B,
  0x0D5B, 0x0D5B, 0x0D5B, 0x0D5B, 0x0D5B, 0x0D5B, 0x0D5B, 0x0D5B, 0x0D5B, 0x0D5B, 0x0D5B, 0x0D5B, 0x0D5B,
  0x0D5B, 0x0D5B, 0x8F63, 0x093A, 0xE831, 0x4E63, 0xED52, 0xED52, 0x0D5B, 0x6F63, 0x0419, 0x0000, 0x0000,
  0x0000, 0x0000, 0x0000, 0x0000, 0x0000, 0x0000, 0x0000, 0x0000, 0x0000, 0x2421, 0xAB4A, 0xBFEF, 0x1CD7,
  0xDBCE, 0xDBCE, 0x3DDF, 0xD8AD, 0x107C, 0xBEFF, 0xBEF7, 0x5DEF, 0x5DEF, 0xBEFF, 0x3CEF, 0xE418, 0xA829,
  0xD06B, 0x2E5B, 0x2E5B, 0x2E5B, 0x2E5B, 0x2E5B, 0x2E5B, 0x2E5B, 0x2E5B, 0x2E5B, 0x2E5B, 0x2E5B, 0x2E5B,
  0x2E5B, 0x2E5B, 0x2E5B, 0x2E5B, 0x2E5B, 0x2E5B, 0x2E5B, 0x2E5B, 0x2E5B, 0x2E5B, 0x2E5B, 0x2E5B, 0x2E5B,
  0x2E5B, 0x2E5B, 0x2E5B, 0x2E5B, 0x2E5B, 0x2E5B, 0x4E63, 0x8F6B, 0x6621, 0x6A42, 0x8F6B, 0x2E63, 0x2E63,
  0x2E63, 0x2E5B, 0x4E63, 0x4E63, 0x2E63, 0x4E63, 0x4E63, 0x4E63, 0x4E63, 0x4E63, 0x4E63, 0x4E63, 0x4E63,
  0x4E63, 0x4E63, 0x4E63, 0x4E63, 0x4E63, 0x2E63, 0x2E5B, 0x2E5B, 0x2E63, 0x2E63, 0x2E5B, 0x2E5B, 0x2E63,
  0x2E63, 0x2E63, 0x2E5B, 0x2E5B, 0x2E5B, 0x2E5B, 0x2E5B, 0x2E5B, 0x2E5B, 0x2E5B, 0x2E5B, 0x2E5B, 0x2E5B,
  0x2E5B, 0x2E5B, 0x2E5B, 0x2E5B, 0x2E5B, 0x2E5B, 0x2E5B, 0x2E5B, 0x2E5B, 0x2E5B, 0x2E5B, 0x8F6B, 0xCC52,
  0x2521, 0x4E63, 0x2D5B, 0x2D5B, 0x4E63, 0x6E63, 0x6629, 0xAB4A, 0x6F63, 0x2E5B, 0x2E5B, 0x2E5B, 0x2E5B,
  0x2E5B, 0x2E5B, 0x2E5B, 0x2E5B, 0x2E5B, 0x2E5B, 0x2E5B, 0x2E5B, 0x2E5B, 0x2E5B, 0x2E5B, 0x2E5B, 0x2E5B,
  0x2E5B, 0x2E5B, 0x2E5B, 0x2E5B, 0x2E5B, 0x2E5B, 0x2E5B, 0x2E5B, 0x2E5B, 0x2E5B, 0x2E5B, 0x2E5B, 0x2E5B,
  0x2E5B, 0x2E5B, 0x2E5B, 0x2E5B, 0x2E5B, 0x2E5B, 0x2E5B, 0x2E5B, 0x2E5B, 0x2E5B, 0x2E5B, 0x2E5B, 0x2E5B,
  0x2E5B, 0x2E5B, 0x2E5B, 0x2E5B, 0x2E5B, 0x2E5B, 0x2E5B, 0x2E5B, 0x2E5B, 0x2E5B, 0x2E5B, 0x2E5B, 0x2E5B,
  0x2E5B, 0x2E5B, 0x2E5B, 0x2E5B, 0x2E5B, 0x2E5B, 0x2E5B, 0x2D5B, 0xB06B, 0xE831, 0xC831, 0x6F63, 0x2D5B,
  0x2D5B, 0x2D5B, 0x2D5B, 0x2D5B, 0x2D5B, 0x2D5B, 0x2D5B, 0x2D5B, 0x2D5B, 0x2D5B, 0x2D5B, 0x2D5B, 0x2D5B,
  0x2D5B, 0x2D5B, 0x2D5B, 0x2D5B, 0x2D5B, 0x2D5B, 0x2D5B, 0x2D5B, 0x2D5B, 0x2D5B, 0x2D5B, 0x2D5B, 0x2D5B,
  0x2D5B, 0x2D5B, 0x2D5B, 0x0D5B, 0x0D5B, 0x2D5B, 0x2D5B, 0x2D5B, 0x2D5B, 0x2D5B, 0x2D5B, 0x2D5B, 0x2D5B,
  0x2D5B, 0x2D5B, 0x2D5B, 0x2D5B, 0x2D5B, 0x2D5B, 0x2D5B, 0x2D5B, 0x2D5B, 0x2D5B, 0x2D5B, 0x2D5B, 0x2D5B,
  0x2D5B, 0x2D5B, 0x2D5B, 0x2D5B, 0x2D5B, 0x2D5B, 0x2D5B, 0x2D5B, 0x2D5B, 0x2D5B, 0x2D5B, 0x2D5B, 0x2D5B,
  0x2D5B, 0x0D5B, 0x0D5B, 0x0D5B, 0x0D5B, 0x8F6B, 0x093A, 0xE831, 0x4E63, 0xEC52, 0xED52, 0x0D5B, 0x6F63,
  0x2519, 0x2000, 0x0000, 0x0000, 0x0000, 0x0000, 0x0000, 0x0000, 0x0000, 0x0000, 0x0000, 0x0000, 0xA210,
  0x3174, 0x3DDF, 0x7AC6, 0x7AC6, 0x5AC6, 0xFCD6, 0x1495, 0x107C, 0xBEF7, 0x5DEF, 0x3CE7, 0x1CE7, 0x9EF7,
  0x3CE7, 0xC318, 0x8729, 0xD06B, 0x2E5B, 0x2E5B, 0x2E5B, 0x2E5B, 0x2E5B, 0x2E5B, 0x2E5B, 0x2E5B, 0x2E5B,
  0x2E5B, 0x2E5B, 0x2E5B, 0x2E5B, 0x2E5B, 0x2E5B, 0x2E5B, 0x2E5B, 0x2E5B, 0x2E5B, 0x2E5B, 0x2E5B, 0x2E5B,
  0x2E5B, 0x2E5B, 0x2E5B, 0x2E5B, 0x2E5B, 0x2E5B, 0x2E5B, 0x2E5B, 0x2E5B, 0x4E63, 0x8F6B, 0x6629, 0x2942,
  0x8F6B, 0x2E5B, 0x2E5B, 0x2E5B, 0x2E5B, 0x2E5B, 0x2E5B, 0x2E63, 0x2E63, 0x4E63, 0x4E63, 0x2E63, 0x2E63,
  0x4E63, 0x4E63, 0x4E63, 0x4E63, 0x2E63, 0x2E63, 0x2E5B, 0x2E5B, 0x2E5B, 0x2E5B, 0x2E5B, 0x2E5B, 0x2E5B,
  0x2E5B, 0x2E5B, 0x2E63, 0x2E5B, 0x2E5B, 0x2E5B, 0x2E5B, 0x2E5B, 0x2E5B, 0x2E5B, 0x2E5B, 0x2E5B, 0x2E5B,
  0x2E5B, 0x2E5B, 0x2E5B, 0x2E5B, 0x2E5B, 0x2E5B, 0x2E5B, 0x2E5B, 0x2E5B, 0x2E5B, 0x2E5B, 0x2E5B, 0x2E5B,
  0x2D5B, 0xD06B, 0x293A, 0x8729, 0x8F6B, 0x0D5B, 0x2D5B, 0x4E63, 0x6E63, 0x6529, 0xAB4A, 0x6F63, 0x2E5B,
  0x2E5B, 0x2E5B, 0x2E5B, 0x2E5B, 0x2E5B, 0x2E5B, 0x2E5B, 0x2E5B, 0x2E5B, 0x2E5B, 0x2E5B, 0x2E5B, 0x2E5B,
  0x2E5B, 0x2E5B, 0x2E5B, 0x2E5B, 0x2E5B, 0x2E5B, 0x2E5B, 0x2E5B, 0x2E5B, 0x2E5B, 0x2E5B, 0x2E5B, 0x2E5B,
  0x2E5B, 0x2E5B, 0x2E5B, 0x2E5B, 0x2E5B, 0x2E5B, 0x2E5B, 0x2E5B, 0x2E5B, 0x2E5B, 0x2E5B, 0x2E5B, 0x2E5B,
  0x2E5B, 0x2E5B, 0x2E5B, 0x2E5B, 0x2E5B, 0x2E5B, 0x2E5B, 0x2E5B, 0x2E5B, 0x2E5B, 0x2E5B, 0x2E5B, 0x2E5B,
  0x2E5B, 0x2E5B, 0x2E5B, 0x2E5B, 0x2E5B, 0x2E5B, 0x2E5B, 0x2E5B, 0x2E5B, 0x2E5B, 0x2E5B, 0xB06B, 0xE831,
  0xC831, 0x6F63, 0x0D5B, 0x2D5B, 0x2D5B, 0x2D5B, 0x2D5B, 0x2D5B, 0x2D5B, 0x2D5B, 0x2D5B, 0x2D5B, 0x2D5B,
  0x2D5B, 0x2D5B, 0x2D5B, 0x2D5B, 0x2D5B, 0x2D5B, 0x2D5B, 0x2D5B, 0x2D5B, 0x2D5B, 0x2D5B, 0x2D5B, 0x2D5B,
  0x2D5B, 0x2D5B, 0x2D5B, 0x2D5B, 0x2D5B, 0x2D5B, 0x2D5B, 0x2D5B, 0x2D5B, 0x2D5B, 0x2D5B, 0x2D5B, 0x2D5B,
  0x2D5B, 0x2D5B, 0x2D5B, 0x2D5B, 0x2D5B, 0x2D5B, 0x2D5B, 0x2D5B, 0x2D5B, 0x2D5B, 0x2D5B, 0x2D5B, 0x2D5B,
  0x2D5B, 0x2D5B, 0x2D5B, 0x2D5B, 0x2D5B, 0x2D5B, 0x2D5B, 0x2D5B, 0x2D5B, 0x2D5B, 0x2D5B, 0x2D5B, 0x2D5B,
  0x2D5B, 0x2D5B, 0x2D5B, 0x2D5B, 0x0D5B, 0x0D5B, 0x0D5B, 0x0D5B, 0x8F6B, 0x093A, 0xC831, 0x4E63, 0xEC52,
  0xED52, 0xED52, 0x6F63, 0x2521, 0xA210, 0x0000, 0x0000, 0x0000, 0x0000, 0x0000, 0x0000, 0x0000, 0x0000,
  0x0000, 0x4008, 0xC318, 0xD48C, 0xFCD6, 0x7AC6, 0x7AC6, 0x59BE, 0xFCD6, 0x9384, 0x5184, 0xDEFF, 0x3CE7,
  0x1CE7, 0x1CE7, 0x9EF7, 0x1BE7, 0xA210, 0xA831, 0xB06B, 0x2D5B, 0x2E5B, 0x2E5B, 0x2E5B, 0x2E5B, 0x2E5B,
  0x2E5B, 0x2E5B, 0x2E5B, 0x2E5B, 0x2E5B, 0x2E5B, 0x2E5B, 0x2E5B, 0x2E5B, 0x2E5B, 0x2E5B, 0x2E5B, 0x2E5B,
  0x2E5B, 0x2E5B, 0x2E5B, 0x2E5B, 0x2E5B, 0x2E5B, 0x2E5B, 0x2E5B, 0x2E5B, 0x2E5B, 0x2E5B, 0x2E5B, 0x2E5B,
  0x8F6B, 0x8629, 0x2942, 0x8F63, 0x2E5B, 0x2E5B, 0x2E5B, 0x2E5B, 0x2E5B, 0x2E5B, 0x2E5B, 0x2E5B, 0x2E63,
  0x2E5B, 0x2E5B, 0x2E5B, 0x2E5B, 0x2E5B, 0x2E5B, 0x2E5B, 0x2E5B, 0x2E5B, 0x2E5B, 0x2E5B, 0x2E5B, 0x2E5B,
  0x2E5B, 0x2E5B, 0x2E5B, 0x2E5B, 0x2E5B, 0x2E5B, 0x2E5B, 0x2E5B, 0x2E5B, 0x2E5B, 0x2E5B, 0x2E5B, 0x2E5B,
  0x2E5B, 0x2E5B, 0x2E5B, 0x2E5B, 0x2E5B, 0x2E5B, 0x2E5B, 0x2E5B, 0x2E5B, 0x2E5B, 0x2E5B, 0x2E5B, 0x2E5B,
  0x2E5B, 0x2E5B, 0x2E5B, 0x6E63, 0x8F6B, 0x4521, 0xAB4A, 0x6E63, 0x2D5B, 0x2D5B, 0x4E63, 0x6E63, 0x6629,
  0xAB4A, 0x6F63, 0x2E5B, 0x2E5B, 0x2E5B, 0x2E5B, 0x2E5B, 0x2E5B, 0x2E5B, 0x2E5B, 0x2E5B, 0x2E5B, 0x2E5B,
  0x2E5B, 0x2E5B, 0x2E5B, 0x2E5B, 0x2E5B, 0x2E5B, 0x2E5B, 0x2E5B, 0x2E5B, 0x2E5B, 0x2E5B, 0x2E5B, 0x2E5B,
  0x2E5B, 0x2E5B, 0x2E5B, 0x2E5B, 0x2E5B, 0x2E5B, 0x2E5B, 0x2E5B, 0x2E5B, 0x2E5B, 0x2E5B, 0x2E5B, 0x2E5B,
  0x2E5B, 0x2E5B, 0x2E5B, 0x2E5B, 0x2E5B, 0x2E5B, 0x2E5B, 0x2E5B, 0x2E5B, 0x2E5B, 0x2E5B, 0x2E5B, 0x2E5B,
  0x2E5B, 0x2E5B, 0x2E5B, 0x2E5B, 0x2E5B, 0x2E5B, 0x2E5B, 0x2E5B, 0x2E5B, 0x2E5B, 0x2E5B, 0x2E5B, 0x2E5B,
  0x2E5B, 0xB06B, 0xC831, 0xC831, 0x6E63, 0x0D5B, 0x0D5B, 0x0D5B, 0x0D5B, 0x0D5B, 0x0D5B, 0x0D5B, 0x2D5B,
  0x2D5B, 0x2D5B, 0x2D5B, 0x2D5B, 0x2D5B, 0x2D5B, 0x2D5B, 0x2D5B, 0x2D5B, 0x2D5B, 0x2D5B, 0x0D5B, 0x0D5B,
  0x0D5B, 0x0D5B, 0x2D5B, 0x0D5B, 0x0D5B, 0x2D5B, 0x2D5B, 0x2D5B, 0x2D5B, 0x0D5B, 0x2D5B, 0x2D5B, 0x2D5B,
  0x2D5B, 0x2D5B, 0x2D5B, 0x0D5B, 0x2D5B, 0x2D5B, 0x2D5B, 0x2D5B, 0x2D5B, 0x0D5B, 0x2D5B, 0x2D5B, 0x2D5B,
  0x2D5B, 0x2D5B, 0x2D5B, 0x2D5B, 0x0D5B, 0x0D5B, 0x0D5B, 0x2D5B, 0x2D5B, 0x2D5B, 0x2D5B, 0x0D5B, 0x2D5B,
  0x2D5B, 0x2D5B, 0x2D5B, 0x2D5B, 0x2D5B, 0x2D5B, 0x0D5B, 0x0D5B, 0x0D5B, 0x0D5B, 0x0D5B, 0x8F6B, 0x093A,
  0xC831, 0x4E63, 0xEC52, 0xED52, 0xEC52, 0x6F63, 0x6629, 0x4008, 0x0000, 0x0000, 0x0000, 0x0000, 0x0000,
  0x0000, 0x0000, 0x0000, 0x0000, 0x4108, 0x2521, 0xDBC6, 0xFFF7, 0x5EDF, 0x7EDF, 0x5EDF, 0xFFF7, 0xF48C,
  0x149D, 0xFFFF, 0xFFFF, 0xFFFF, 0xFFFF, 0xFFFF, 0xBEFF, 0xC318, 0xA829, 0xB06B, 0x2D5B, 0x2D5B, 0x2D5B,
  0x2D5B, 0x2D5B, 0x2D5B, 0x2D5B, 0x2D5B, 0x2D5B, 0x2D5B, 0x2D5B, 0x2E5B, 0x2E5B, 0x2E5B, 0x2D5B, 0x2E5B,
  0x2D5B, 0x2D5B, 0x2D5B, 0x2E5B, 0x2D5B, 0x2D5B, 0x2D5B, 0x2D5B, 0x2D5B, 0x2D5B, 0x2D5B, 0x2D5B, 0x2D5B,
  0x2D5B, 0x2D5B, 0x2E5B, 0x8F63, 0x6629, 0x2942, 0x6F63, 0x0D5B, 0x2D5B, 0x2D5B, 0x2D5B, 0x2E5B, 0x2E5B,
  0x2E5B, 0x2E5B, 0x2E5B, 0x2E5B, 0x2E5B, 0x2E5B, 0x2E5B, 0x2E5B, 0x2E5B, 0x2E5B, 0x2E5B, 0x2E5B, 0x2E5B,
  0x2E5B, 0x2E5B, 0x2D5B, 0x2D5B, 0x2E5B, 0x2E5B, 0x2E5B, 0x2E5B, 0x2E5B, 0x2E5B, 0x2E5B, 0x2E5B, 0x2E5B,
  0x2E5B, 0x2E5B, 0x2E5B, 0x2E5B, 0x2D5B, 0x2D5B, 0x2D5B, 0x2D5B, 0x2D5B, 0x2D5B, 0x2D5B, 0x2E5B, 0x2D5B,
  0x2D5B, 0x2D5B, 0x2D5B, 0x2D5B, 0x2D5B, 0x2D5B, 0x6F63, 0x0D5B, 0x2521, 0x2E5B, 0x2E5B, 0x0D5B, 0x0D5B,
  0x2E5B, 0x6E63, 0x4529, 0x8B4A, 0x4E63, 0x2D5B, 0x2D5B, 0x2D5B, 0x2D5B, 0x2D5B, 0x2D5B, 0x2D5B, 0x2D5B,
  0x2D5B, 0x2D5B, 0x2D5B, 0x2D5B, 0x2E5B, 0x2E5B, 0x2D5B, 0x2D5B, 0x2E5B, 0x2D5B, 0x2D5B, 0x2D5B, 0x2E5B,
  0x2D5B, 0x2D5B, 0x2E5B, 0x2E5B, 0x2E5B, 0x2E5B, 0x2E5B, 0x2E5B, 0x2E5B, 0x2E5B, 0x2E5B, 0x2E5B, 0x2E5B,
  0x2E5B, 0x2E5B, 0x2E5B, 0x2E5B, 0x2E5B, 0x2E5B, 0x2E5B, 0x2E5B, 0x2E5B, 0x2E5B, 0x2D5B, 0x2E5B, 0x2E5B,
  0x2E5B, 0x2D5B, 0x2E5B, 0x2E5B, 0x2E5B, 0x2E5B, 0x2D5B, 0x2E5B, 0x2E5B, 0x2E5B, 0x2E5B, 0x2E5B, 0x2E5B,
  0x2E5B, 0x2D5B, 0x2D5B, 0x2D5B, 0x906B, 0xC831, 0xC731, 0x4E63, 0x0D5B, 0x0D5B, 0x0D5B, 0x0D5B, 0x0D5B,
  0x0D5B, 0x0D5B, 0x0D5B, 0x0D5B, 0x0D5B, 0x0D5B, 0x0D5B, 0x0D5B, 0x0D5B, 0x0D5B, 0x0D5B, 0x0D5B, 0x0D5B,
  0x0D5B, 0x0D5B, 0x0D5B, 0x0D5B, 0x0D5B, 0x0D5B, 0x0D5B, 0x0D5B, 0x0D5B, 0x0D5B, 0x0D5B, 0x0D5B, 0x0D5B,
  0x0D5B, 0x0D5B, 0x0D5B, 0x0D5B, 0x0D5B, 0x0D5B, 0x0D5B, 0x0D5B, 0x0D5B, 0x0D5B, 0x0D5B, 0x0D5B, 0x0D5B,
  0x0D5B, 0x0D5B, 0x0D5B, 0x0D5B, 0x0D5B, 0x0D5B, 0x0D5B, 0x0D5B, 0x0D5B, 0x0D5B, 0x0D5B, 0x0D5B, 0x0D5B,
  0x0D5B, 0x0D5B, 0x0D5B, 0x0D5B, 0x0D5B, 0x0D5B, 0x0D5B, 0x0D5B, 0x0D5B, 0x0D5B, 0x0D5B, 0x0D5B, 0x0D5B,
  0x0D5B, 0x8F63, 0x093A, 0xC831, 0x2E5B, 0xCC52, 0xEC52, 0xCC52, 0x4E63, 0xA731, 0x2000, 0x0000, 0x0000,
  0x0000, 0x0000, 0x0000, 0x0000, 0x0000, 0x0000, 0x0000, 0xE318, 0xC310, 0xD38C, 0x359D, 0xD494, 0xD394,
  0xD394, 0xF494, 0xAB4A, 0xCF73, 0xF7BD, 0x96B5, 0x75AD, 0x34A5, 0x55AD, 0x9294, 0x2000, 0x6B42, 0x117C,
  0x6F63, 0x6F63, 0x6F63, 0x6F6B, 0x8F6B, 0x8F63, 0x8F63, 0x8F63, 0x8F6B, 0x8F6B, 0x8F6B, 0x8F6B, 0x8F6B,
  0x8F6B, 0x8F6B, 0x8F6B, 0x8F6B, 0x8F6B, 0x8F6B, 0x8F6B, 0x8F6B, 0x8F6B, 0x8F6B, 0x8F6B, 0x8F6B, 0x8F6B,
  0x8F6B, 0x8F6B, 0x8F6B, 0x8F63, 0x6F63, 0x8F6B, 0xF073, 0xA731, 0x8B4A, 0xF173, 0x6E63, 0x6F63, 0x6F63,
  0x6F63, 0x8F6B, 0x8F6B, 0x8F63, 0x8F6B, 0x8F6B, 0x8F6B, 0x8F6B, 0x8F6B, 0x8F6B, 0x8F6B, 0x8F6B, 0x8F63,
  0x8F63, 0x8F63, 0x6F63, 0x6F63, 0x6F63, 0x6F63, 0x8F63, 0x6F63, 0x8F63, 0x6F63, 0x6F63, 0x8F63, 0x8F6B,
  0x8F6B, 0x8F6B, 0x8F63, 0x8F63, 0x8F63, 0x8F63, 0x6F63, 0x6F63, 0x6F63, 0x6F63, 0x6F63, 0x6F63, 0x6F63,
  0x6F63, 0x6F63, 0x6F63, 0x6F63, 0x6F63, 0x6F63, 0x6F63, 0x6F63, 0x6F63, 0xD073, 0xE839, 0x4A42, 0xD06B,
  0x4E63, 0x6E63, 0x6F63, 0x8F6B, 0xB06B, 0x6629, 0xCC52, 0xB06B, 0x6F63, 0x6F63, 0x6F63, 0x6F63, 0x6F63,
  0x6F63, 0x6F63, 0x6F63, 0x6F63, 0x6F63, 0x6F63, 0x6F63, 0x6F63, 0x8F63, 0x6F63, 0x6F63, 0x6F63, 0x6F63,
  0x6F63, 0x6F63, 0x6F63, 0x6F63, 0x6F63, 0x6F63, 0x6F63, 0x6F63, 0x6F63, 0x6F63, 0x6F63, 0x6F63, 0x6F63,
  0x6F63, 0x6F63, 0x6F63, 0x6F63, 0x6F63, 0x6F63, 0x6F63, 0x6F63, 0x6F63, 0x6F63, 0x6F63, 0x6F63, 0x6F63,
  0x6F63, 0x6E63, 0x6F63, 0x6F63, 0x6F63, 0x6F63, 0x6F63, 0x6F63, 0x6F63, 0x6F63, 0x6F63, 0x6F63, 0x6F63,
  0x6F63, 0x6F63, 0x6F63, 0x6F63, 0x6F63, 0x6F63, 0x6F63, 0xF173, 0xE839, 0xE839, 0x8F6B, 0x4E5B, 0x4E63,
  0x4E63, 0x4E63, 0x4E63, 0x4E63, 0x6E63, 0x4E63, 0x6E63, 0x6E63, 0x6E63, 0x6E63, 0x6E63, 0x6E63, 0x6E63,
  0x6E63, 0x4E63, 0x4E63, 0x4E63, 0x4E63, 0x4E63, 0x4E63, 0x4E63, 0x4E63, 0x4E63, 0x4E63, 0x4E63, 0x4E63,
  0x4E63, 0x4E63, 0x4E63, 0x4E63, 0x4E63, 0x4E63, 0x4E63, 0x4E63, 0x4E63, 0x4E63, 0x4E63, 0x4E63, 0x4E63,
  0x4E63, 0x4E63, 0x4E63, 0x4E63, 0x4E63, 0x4E63, 0x4E63, 0x4E63, 0x4E63, 0x4E63, 0x4E63, 0x4E63, 0x4E63,
  0x4E63, 0x4E63, 0x4E63, 0x4E63, 0x4E63, 0x4E63, 0x4E63, 0x4E63, 0x4E63, 0x4E63, 0x4E63, 0x4E63, 0x4E63,
  0x4E63, 0x4E63, 0x4E63, 0x4E5B, 0xD06B, 0x293A, 0x093A, 0x8F6B, 0x2D5B, 0x2E5B, 0x0D5B, 0xD06B, 0xC831,
  0x4108, 0x0000, 0x0000, 0x0000, 0x0000, 0x0000, 0x0000, 0x0000, 0x0000, 0x0000, 0x6108, 0xC310, 0x6621,
  0x0519, 0x2519, 0x0519, 0x0519, 0xC310, 0xC410, 0x2521, 0x2519, 0x2521, 0x2519, 0xE410, 0xC410, 0xC410,
  0xE410, 0xC831, 0x4A42, 0x293A, 0x293A, 0x293A, 0x093A, 0x093A, 0x083A, 0x083A, 0x083A, 0x083A, 0x083A,
  0x083A, 0x083A, 0x093A, 0x083A, 0x083A, 0x083A, 0x083A, 0x093A, 0x093A, 0x083A, 0x083A, 0xE839, 0xE839,
  0xE839, 0xE839, 0xE839, 0xE839, 0xE831, 0xE831, 0xE831, 0xC831, 0xC831, 0x093A, 0xA210, 0x0419, 0x293A,
  0xC831, 0x8629, 0x2521, 0x4621, 0x6621, 0x4621, 0x2521, 0x4521, 0x4521, 0x2521, 0x2521, 0x2521, 0x2521,
  0x2521, 0x2521, 0x2521, 0x2521, 0x2521, 0x2521, 0x2521, 0x2521, 0x2521, 0x2521, 0x2521, 0x2521, 0x2521,
  0x2521, 0x2521, 0x2521, 0x2521, 0x2521, 0x2521, 0x2521, 0x2521, 0x2521, 0x2521, 0x2521, 0x2521, 0x0419,
  0x0419, 0x0419, 0x0419, 0x0419, 0x0521, 0x2521, 0x2521, 0x2521, 0x0421, 0x0419, 0x0419, 0x0419, 0x2521,
  0x4108, 0xE418, 0x4629, 0x2521, 0x2521, 0x0421, 0x2521, 0x2521, 0x8210, 0xE418, 0x2521, 0x2521, 0x2521,
  0x2521, 0x2521, 0x2521, 0x2521, 0x2521, 0x2521, 0x2521, 0x2521, 0x2521, 0x2521, 0x2521, 0x2521, 0x0521,
  0x0519, 0x0519, 0x0521, 0x0521, 0x0521, 0x0519, 0x0521, 0x0521, 0x2521, 0x0521, 0x0521, 0x0521, 0x0521,
  0x0521, 0x0519, 0x0521, 0x0521, 0x2521, 0x2521, 0x2521, 0x2521, 0x2519, 0x0521, 0x0519, 0x0519, 0x0519,
  0x0419, 0x0419, 0x0519, 0x0519, 0x2519, 0x2519, 0x2519, 0x2521, 0x2521, 0x2519, 0x0519, 0x0519, 0x0419,
  0x0419, 0x0519, 0x0519, 0x0519, 0x0521, 0x0521, 0x0519, 0x0519, 0x0521, 0x0521, 0x4621, 0xA310, 0xA310,
  0x2521, 0x0419, 0x0419, 0x0419, 0x0419, 0x0419, 0x0419, 0x0421, 0x0519, 0x2521, 0x2521, 0x2521, 0x2521,
  0x2521, 0x2521, 0x0521, 0x0521, 0x0521, 0x2521, 0x0521, 0x0521, 0x0421, 0x0521, 0x2521, 0x0421, 0x2521,
  0x0521, 0x0521, 0x2521, 0x0421, 0x0421, 0x2521, 0x2521, 0x2521, 0x2521, 0x2521, 0x2521, 0x2521, 0x2521,
  0x2521, 0x2521, 0x2521, 0x2521, 0x2421, 0x2521, 0x2521, 0x2521, 0x2421, 0x2521, 0x2521, 0x2521, 0x0419,
  0x0419, 0x0419, 0x0419, 0x0421, 0x2421, 0x2521, 0x2421, 0x2521, 0x2421, 0x2421, 0x0421, 0x0419, 0x0419,
  0x0419, 0x0419, 0x0421, 0x2521, 0x2521, 0x0521, 0x0521, 0x4521, 0xA310, 0xE418, 0xA729, 0x6629, 0x8629,
  0x8629, 0xC831, 0xA310, 0x6108, 0x0000, 0x0000, 0x0000, 0x0000, 0x0000, 0x0000, 0x0000, 0x0000, 0x0000,
  0x6108, 0xE410, 0xE831, 0xC831, 0xE831, 0xE831, 0xE839, 0x083A, 0x293A, 0x293A, 0x093A, 0x293A, 0x093A,
  0x293A, 0x293A, 0x4A42, 0x2942, 0x8629, 0x6629, 0x8729, 0xA729, 0xA729, 0xA729, 0x8729, 0xA729, 0x8729,
  0xA731, 0xA731, 0xA731, 0xA731, 0xA731, 0xA731, 0xA731, 0xA731, 0xA731, 0xA731, 0xA731, 0xA731, 0x8729,
  0x8629, 0x8629, 0x8629, 0x8629, 0x8729, 0x8729, 0x8729, 0x8729, 0xA729, 0xA831, 0xC831, 0xC831, 0xE839,
  0xC831, 0x4108, 0x8310, 0xC831, 0x8B4A, 0x0D5B, 0xED52, 0xAB4A, 0xAB4A, 0xAB52, 0xAB52, 0xAB4A, 0xAB4A,
  0xAB4A, 0xAB4A, 0xAB4A, 0xAB4A, 0xAB4A, 0xAB4A, 0xAB4A, 0xAB52, 0xAB4A, 0xAB4A, 0xAB52, 0xAB52, 0xAB52,
  0xAB52, 0xAB52, 0xAB52, 0xAB52, 0xCB52, 0xCC52, 0xAB52, 0xAB52, 0xAB52, 0xAB52, 0xAB52, 0xAB52, 0xAB52,
  0xAB52, 0xAB52, 0xAB52, 0xAB52, 0xAB52, 0xAB52, 0xAB52, 0xAB52, 0xAB52, 0xAB4A, 0xAB4A, 0xAB4A, 0xAB4A,
  0xAB4A, 0xAB4A, 0xAB52, 0x0519, 0x4A42, 0x0D5B, 0xAB52, 0xAB52, 0xAB52, 0xCC52, 0xEC52, 0x0419, 0x2942,
  0x0D5B, 0xCC52, 0xAC52, 0xCC52, 0xCC52, 0xCC52, 0xCC52, 0xCC52, 0xAC52, 0xAB52, 0xCC52, 0xAC52, 0xAB52,
  0xAB52, 0xAB52, 0xCC52, 0xAC52, 0xCC52, 0xCC52, 0xAC52, 0xCC52, 0xCC52, 0xCC52, 0xCC52, 0xAC52, 0xAC52,
  0xCC52, 0xCC52, 0xCC52, 0xCB52, 0xCC52, 0xAC52, 0xAC52, 0xAC52, 0xAC52, 0xCC52, 0xCC52, 0xCC52, 0xCC52,
  0xCC52, 0xCC52, 0xCC52, 0xCC52, 0xCC52, 0xCC52, 0xCC52, 0xCC52, 0xCC52, 0xCC52, 0xCC52, 0xCC52, 0xCC52,
  0xCC52, 0xCC52, 0xCB52, 0xCB52, 0xCC52, 0xCC52, 0xCC52, 0xCC52, 0xAC52, 0xAC52, 0xCC52, 0xAC52, 0xAB52,
  0x0D5B, 0x8629, 0xA731, 0x0D5B, 0xAB4A, 0xAB52, 0xAB52, 0xAB52, 0xAB52, 0xCB52, 0xCB52, 0xCC52, 0xCC52,
  0xCC52, 0xCC52, 0xCC52, 0xCC52, 0xAB52, 0xAB52, 0xAC52, 0xAC52, 0xCC52, 0xAC52, 0xAC52, 0xAB52, 0xAB52,
  0xAB52, 0xAB52, 0xAB52, 0xCB52, 0xCB52, 0xCB52, 0xCC52, 0xCC52, 0xCC52, 0xCC52, 0xCB52, 0xCB52, 0xCC52,
  0xCC52, 0xCC52, 0xCB52, 0xCB52, 0xAB52, 0xAB52, 0xAB52, 0xAB4A, 0xAB4A, 0xAB4A, 0xAB4A, 0xAB4A, 0xAB4A,
  0xAB4A, 0xAB4A, 0x8B4A, 0xAB4A, 0xAB4A, 0xAB52, 0xAB4A, 0xAB4A, 0xAB4A, 0xAB4A, 0xAB4A, 0xAB4A, 0xAB4A,
  0xAB4A, 0xAB4A, 0x8B4A, 0x8B4A, 0xAB4A, 0xAB4A, 0xAB4A, 0xAB4A, 0xAB4A, 0x8B4A, 0xEC52, 0x8629, 0x8629,
  0x2A3A, 0x8721, 0x8729, 0x6721, 0xC829, 0x0519, 0x2000, 0x0000, 0x0000, 0x0000, 0x0000, 0x0000, 0x0000,
  0x0000, 0x0000, 0xA210, 0x2000, 0xAC4A, 0x4E63, 0x0D53, 0x0D5B, 0x0D5B, 0x0D5B, 0x2D5B, 0x2E5B, 0x2E5B,
  0x2D5B, 0x2D5B, 0x0D5B, 0x2D5B, 0x2D5B, 0x2D5B, 0x4E63, 0x6F63, 0x6E63, 0x4E63, 0x4E63, 0x4E63, 0x4E63,
  0x4E63, 0x4E63, 0x4E63, 0x4E63, 0x4E63, 0x4E63, 0x4E63, 0x4E63, 0x4E63, 0x4E63, 0x4E63, 0x4E63, 0x4E63,
  0x2E5B, 0x0D5B, 0x2D5B, 0x6E63, 0xD06B, 0x1174, 0x117C, 0x327C, 0x327C, 0x327C, 0x317C, 0x117C, 0x127C,
  0x127C, 0x117C, 0xF173, 0xD06B, 0xAC52, 0x8729, 0x2521, 0x6629, 0xE839, 0x2D5B, 0x327C, 0x1174, 0xB06B,
  0xD073, 0xD073, 0xD073, 0xD073, 0xD073, 0xD073, 0xD073, 0xD073, 0xD073, 0xD06B, 0xD073, 0xD06B, 0xD06B,
  0xD073, 0xD06B, 0xD073, 0xD073, 0xD06B, 0xD06B, 0xD06B, 0xD073, 0xD073, 0xD073, 0xD06B, 0xD06B, 0xD06B,
  0xD073, 0xD073, 0xD073, 0xD073, 0xD073, 0xD06B, 0xD073, 0xD06B, 0xD073, 0xD073, 0xD06B, 0xD06B, 0xD06B,
  0xB06B, 0xB06B, 0xB06B, 0xB06B, 0xB06B, 0xD06B, 0x6621, 0x0D5B, 0x327C, 0xB06B, 0xB06B, 0xB06B, 0xD073,
  0xF173, 0x6629, 0xEC5A, 0x117C, 0xB06B, 0xB06B, 0xB06B, 0xD06B, 0xD06B, 0xD06B, 0xD073, 0xD06B, 0xB06B,
  0xB06B, 0xD06B, 0xD06B, 0xD06B, 0xD06B, 0xD06B, 0xD06B, 0xD06B, 0xD06B, 0xD06B, 0xD06B, 0xD06B, 0xB06B,
  0xB06B, 0xB06B, 0xB06B, 0xB06B, 0xB06B, 0xB06B, 0xB06B, 0xB06B, 0xB06B, 0xB06B, 0xB06B, 0xB06B, 0xD06B,
  0xB06B, 0xB06B, 0xB06B, 0xB06B, 0xB06B, 0xB06B, 0xB06B, 0xB06B, 0xB06B, 0xB06B, 0xB06B, 0xB06B, 0xB06B,
  0xB06B, 0xB06B, 0xB06B, 0xB06B, 0xB06B, 0xB06B, 0xB06B, 0xB06B, 0xB06B, 0xB06B, 0xB06B, 0xB06B, 0xB06B,
  0xB06B, 0xB06B, 0xB06B, 0x327C, 0x083A, 0x2942, 0x117C, 0x8F6B, 0xAF6B, 0xB06B, 0xB06B, 0xB06B, 0xB06B,
  0xB06B, 0xB06B, 0xB06B, 0xB06B, 0xB06B, 0xAF6B, 0xAF6B, 0xB06B, 0xB06B, 0xAF6B, 0xAF6B, 0xAF6B, 0x8F6B,
  0x8F6B, 0x8F6B, 0x8F6B, 0x8F6B, 0x8F6B, 0x8F6B, 0x8F6B, 0x8F63, 0x8F63, 0x6F63, 0x6F63, 0x6F63, 0x6F63,
  0x6E63, 0x4E63, 0x4E63, 0x4E63, 0x4E63, 0x4E63, 0x6F63, 0x6F63, 0x6F63, 0x6F63, 0x6F63, 0x6F63, 0x4E63,
  0x4E63, 0x4E63, 0x4E63, 0x4E63, 0x4E63, 0x4E63, 0x4E63, 0x4F63, 0x6F63, 0x6F63, 0x6F63, 0x6F63, 0x6F63,
  0x6F63, 0x6F63, 0x6F63, 0x6F63, 0x6F63, 0x6F63, 0x6F63, 0x6F63, 0x6F63, 0x6F63, 0x6F63, 0x6F63, 0x4E63,
  0xD06B, 0x4A42, 0xE839, 0x8E6B, 0x1084, 0xF07B, 0xCF73, 0x107C, 0xAB52, 0x2421, 0x2000, 0x0000, 0x0000,
  0x0000, 0x0000, 0x0000, 0x0000, 0x0000, 0xE318, 0xA310, 0x2E5B, 0x2E5B, 0x0D5B, 0x0D5B, 0x0D5B, 0x0D5B,
  0x0D5B, 0x0D5B, 0x0D5B, 0x0D5B, 0x0D5B, 0x0D5B, 0x0D5B, 0x0D5B, 0x0D5B, 0x0D5B, 0x0D5B, 0xED52, 0xED52,
  0xED52, 0xED52, 0xED52, 0xED52, 0xED52, 0xED52, 0xED52, 0xED52, 0xED52, 0xEC52, 0xEC52, 0xEC52, 0xEC52,
  0xCC52, 0xAC52, 0xCC52, 0x2D5B, 0xB06B, 0x1174, 0xF173, 0xB06B, 0x6E63, 0x0D5B, 0x6A42, 0x2942, 0x093A,
  0x083A, 0x2942, 0x2942, 0x2942, 0xAB4A, 0x4E63, 0xD073, 0x117C, 0xB06B, 0x0D53, 0xC831, 0xE418, 0x4108,
  0xC318, 0xAC4A, 0x4E63, 0xCC52, 0xCC52, 0xCC52, 0xCC52, 0xCC52, 0xCC52, 0xCC52, 0xCC52, 0xCC52, 0xCC52,
  0xCC52, 0xAC52, 0xCC52, 0xCC52, 0xCC52, 0xCC52, 0xCC52, 0xCC52, 0xCC4A, 0xCC4A, 0xAC52, 0xAC4A, 0xAC4A,
  0xAC4A, 0xAC4A, 0xAC4A, 0xCC52, 0xAC52, 0xCC52, 0xCC52, 0xCC52, 0xCC52, 0xCC52, 0xCC52, 0xCC52, 0xCC52,
  0xCC52, 0xCC52, 0xCC52, 0xCC52, 0xCC52, 0xCC52, 0xAC4A, 0xAC4A, 0xAC4A, 0xE418, 0x6A42, 0x0D5B, 0xAC52,
  0xCC52, 0xCC4A, 0xCC52, 0xCC52, 0x0421, 0x293A, 0xED52, 0xAC4A, 0xAC4A, 0xAC4A, 0xAC4A, 0xAC4A, 0xAC4A,
  0xAC52, 0xCC52, 0xAC52, 0xCC52, 0xCC52, 0xCC52, 0xCC52, 0xCC52, 0xCC52, 0xCC52, 0xCC52, 0xCC52, 0xCC52,
  0xCC52, 0xCC52, 0xCC52, 0xCC52, 0xCC52, 0xCC52, 0xCC52, 0xAC52, 0xAC52, 0xCC52, 0xCC52, 0xCC52, 0xCC52,
  0xCC52, 0xCC52, 0xCC52, 0xCC52, 0xCC52, 0xAC52, 0xAC52, 0xCC52, 0xAC52, 0xAC52, 0xAC52, 0xCC52, 0xCC52,
  0xCC52, 0xCC52, 0xCC52, 0xCC52, 0xCC52, 0xCC52, 0xCC52, 0xAC52, 0xAC52, 0xAC52, 0xCC52, 0xCC52, 0xCC52,
  0xCC52, 0xCC52, 0xCC52, 0xCC52, 0xCC52, 0xAC4A, 0x2E5B, 0x8629, 0xA731, 0x0D5B, 0xAC4A, 0xCC52, 0xCC52,
  0xCC52, 0xCC52, 0xAC52, 0xAC52, 0xAC4A, 0xAC4A, 0xAC4A, 0xAC4A, 0xAC4A, 0xAC52, 0xAC4A, 0xAC4A, 0xAC4A,
  0xAC4A, 0xAB4A, 0xAB4A, 0xAB4A, 0x8B4A, 0x8B4A, 0x8B4A, 0x8B4A, 0x6B42, 0x6B42, 0x8B4A, 0x8B4A, 0xAB4A,
  0xAC52, 0xED52, 0x2E5B, 0x2E5B, 0x2E5B, 0x2E5B, 0x2E5B, 0x0D5B, 0xCC52, 0xCC52, 0xAB4A, 0x8B4A, 0x8B4A,
  0xAB4A, 0xAB4A, 0xAC4A, 0xAC4A, 0xAC4A, 0xAC4A, 0xAC4A, 0xAC4A, 0xAC4A, 0xAC4A, 0xAC4A, 0xAC4A, 0xAC52,
  0xAC52, 0xCC52, 0xCC52, 0xCC52, 0xCC52, 0xCC52, 0xCC52, 0xCC52, 0xCC52, 0xCC52, 0xCC52, 0xCC52, 0xCC52,
  0xCC52, 0xCC52, 0xCC52, 0x2D5B, 0x093A, 0xA308, 0xF39C, 0xFFFF, 0x7DEF, 0xBEFF, 0x3CEF, 0xAE73, 0x2421,
  0x4108, 0x0000, 0x0000, 0x0000, 0x0000, 0x0000, 0x0000, 0x0000, 0x8110, 0x0419, 0x2E5B, 0xEC52, 0xED52,
  0xED52, 0xED52, 0xED52, 0xED52, 0xED52, 0xED52, 0xED52, 0xED52, 0xED52, 0xED52, 0xED52, 0xED52, 0xED52,
  0xED52, 0xED52, 0xED52, 0xED52, 0xED52, 0xEC52, 0xEC52, 0xEC52, 0xEC52, 0xEC52, 0xEC52, 0xEC52, 0xEC52,
  0xEC52, 0xCC52, 0xAB4A, 0xEC52, 0xAF6B, 0x317C, 0xD06B, 0xED5A, 0xE831, 0xE418, 0x6208, 0x2000, 0x0000,
  0x0000, 0x0000, 0x0000, 0x0000, 0x2000, 0x0000, 0x0000, 0x0000, 0x0000, 0x6108, 0x6629, 0x8B4A, 0x4E63,
  0xF173, 0x327C, 0x2E5B, 0x4521, 0x6108, 0xE831, 0x8F63, 0x2E5B, 0xCC52, 0xED52, 0xED52, 0xED52, 0xED52,
  0xED52, 0xEC52, 0xEC52, 0xEC52, 0xEC52, 0xEC52, 0xEC52, 0xEC52, 0xEC52, 0xEC52, 0xEC52, 0xEC52, 0xEC52,
  0xEC52, 0xEC52, 0xEC52, 0xEC52, 0xEC52, 0xEC52, 0xEC52, 0xEC52, 0xEC52, 0xEC52, 0xEC52, 0xEC52, 0xEC52,
  0xEC52, 0xEC52, 0xEC52, 0xEC52, 0xEC52, 0xEC52, 0xEC52, 0xEC52, 0xEC52, 0xEC52, 0xEC52, 0xED52, 0x2519,
  0x6B4A, 0x2E5B, 0xEC52, 0xEC52, 0xEC52, 0xED52, 0x0D5B, 0x4521, 0x4A42, 0x0D5B, 0xCC52, 0xCC52, 0xCC52,
  0xEC52, 0xEC52, 0xEC52, 0xEC52, 0xED52, 0xED52, 0xED52, 0xED52, 0xED52, 0xED52, 0xED52, 0xED52, 0xED52,
  0xED52, 0xED52, 0xED52, 0xED52, 0xEC52, 0xEC52, 0xED52, 0xED52, 0xED52, 0xED52, 0xED52, 0xED52, 0xED52,
  0xED52, 0xED52, 0xED52, 0xED52, 0xED52, 0xED52, 0xED52, 0xED52, 0xED52, 0xED52, 0xED52, 0xED52, 0xED52,
  0xED52, 0xED52, 0xED52, 0xED52, 0xED52, 0xED52, 0xED52, 0xED52, 0xED52, 0xED52, 0xED52, 0xED52, 0xED52,
  0xED52, 0xED52, 0xED52, 0xED52, 0xED52, 0xED52, 0xED52, 0xED52, 0xEC52, 0x4E63, 0xA731, 0xC731, 0x2E5B,
  0xEC52, 0xEC52, 0xEC52, 0xEC52, 0xEC52, 0xEC52, 0xEC52, 0xEC52, 0xEC52, 0xEC52, 0xEC52, 0xED52, 0xEC52,
  0xAC4A, 0xAC4A, 0xAC4A, 0xAC4A, 0xAC4A, 0xAC4A, 0xAC4A, 0xAB4A, 0x8B4A, 0x8B4A, 0xCC52, 0x2E5B, 0x6F63,
  0xB06B, 0xF073, 0xB06B, 0xB06B, 0x4E63, 0xED5A, 0x0D5B, 0x0D5B, 0x0D5B, 0x0D5B, 0x2E5B, 0xAF6B, 0xD06B,
  0xD073, 0xD173, 0x8F6B, 0x4E63, 0xEC52, 0xAB4A, 0xAC4A, 0xCC52, 0xCC52, 0xCC52, 0xCC52, 0xCC52, 0xEC52,
  0xEC52, 0xEC52, 0xEC52, 0xEC52, 0xEC52, 0xEC52, 0xEC52, 0xEC52, 0xEC52, 0xEC52, 0xEC52, 0xEC52, 0xEC52,
  0xEC52, 0xEC52, 0xEC52, 0xEC52, 0xEC52, 0xEC52, 0x4E63, 0x293A, 0xE410, 0xB6B5, 0xFFFF, 0x9EF7, 0xDFFF,
  0xBEF7, 0x718C, 0xE318, 0x2000, 0x0000, 0x0000, 0x0000, 0x0000, 0x0000, 0x0000, 0x0000, 0x6108, 0x2519,
  0x2E5B, 0xCC52, 0xEC52, 0xED52, 0xED52, 0xED52, 0xED52, 0xED52, 0xED52, 0xED52, 0xED52, 0xED52, 0xED52,
  0xED52, 0xED52, 0xED52, 0xED52, 0xED52, 0xED52, 0xED52, 0xEC52, 0xEC52, 0xEC52, 0xEC52, 0xEC52, 0xEC52,
  0xEC52, 0xEC52, 0xEC52, 0xCC52, 0xAB4A, 0x8F6B, 0x527C, 0x8F63, 0xE839, 0x8210, 0x0000, 0x0000, 0x0000,
  0x0000, 0x2000, 0x2000, 0x4108, 0x4108, 0x6108, 0x6108, 0x6108, 0x6108, 0x4108, 0x2000, 0x0000, 0x0000,
  0x0000, 0x0000, 0x0000, 0x0421, 0xEC5A, 0x9384, 0x9384, 0x6A42, 0x6208, 0x2521, 0x4E63, 0x4E63, 0xCC52,
  0xED52, 0xED52, 0xED52, 0xED52, 0xEC52, 0xEC52, 0xEC52, 0xEC52, 0xEC52, 0xEC52, 0xEC52, 0xEC52, 0xEC52,
  0xEC52, 0xEC52, 0xEC52, 0xEC52, 0xEC52, 0xEC52, 0xEC52, 0xEC52, 0xEC52, 0xEC52, 0xEC52, 0xEC52, 0xEC52,
  0xEC52, 0xEC52, 0xED52, 0xEC52, 0xEC52, 0xEC52, 0xEC52, 0xEC52, 0xEC52, 0xEC52, 0xEC52, 0xEC52, 0xEC52,
  0xEC52, 0x0D53, 0x2519, 0x6B42, 0x2E5B, 0xEC52, 0xEC52, 0xEC52, 0xED52, 0x0D5B, 0x4521, 0x4A42, 0x0D5B,
  0xCC52, 0xCC52, 0xEC52, 0xEC52, 0xEC52, 0xEC52, 0xEC52, 0xED52, 0xED52, 0xED52, 0xED52, 0xED52, 0xED52,
  0xED52, 0xED52, 0xED52, 0xED52, 0xED52, 0xED52, 0xED52, 0xEC52, 0xEC52, 0xED52, 0xED52, 0xED52, 0xED52,
  0xED52, 0xED52, 0xED52, 0xED52, 0xED52, 0xED52, 0xED52, 0xED52, 0xED52, 0xED52, 0xED52, 0xED52, 0xED52,
  0xED52, 0xED52, 0xED52, 0xED52, 0xED52, 0xED52, 0xED52, 0xED52, 0xED52, 0xED52, 0xED52, 0xED52, 0xED52,
  0xED52, 0xED52, 0xED52, 0xED52, 0xED52, 0xED52, 0xED52, 0xED52, 0xED52, 0xED52, 0xED52, 0xEC52, 0x6E63,
  0xA731, 0xC731, 0x2E5B, 0xEC52, 0xEC52, 0xEC52, 0xEC52, 0xEC52, 0xEC52, 0xEC52, 0xEC52, 0xEC52, 0xEC52,
  0xEC52, 0xED52, 0xCC52, 0xAC4A, 0xAC4A, 0xAC4A, 0xAC4A, 0xAC4A, 0xAC4A, 0x8B4A, 0x8B4A, 0xCC52, 0xAF6B,
  0xF173, 0x1174, 0x8F63, 0x8B4A, 0x293A, 0xE839, 0x4521, 0x8208, 0x0000, 0x2000, 0x2100, 0x2000, 0x0000,
  0x2000, 0xA310, 0xE418, 0x6629, 0x2942, 0xEC52, 0xB06B, 0x327C, 0xD073, 0xED52, 0x8B4A, 0xCC52, 0xEC52,
  0xCC52, 0xCC52, 0xCC52, 0xEC52, 0xEC52, 0xEC52, 0xEC52, 0xEC52, 0xEC52, 0xEC52, 0xEC52, 0xEC52, 0xEC52,
  0xEC52, 0xEC52, 0xEC52, 0xEC52, 0xEC52, 0xEC52, 0xEC52, 0xEC52, 0xEC52, 0x4E63, 0x293A, 0x0519, 0x75AD,
  0xFFFF, 0x5DEF, 0x9EF7, 0x5DEF, 0xD39C, 0x0421, 0x2000, 0x0000, 0x0000, 0x0000, 0x0000, 0x0000, 0x0000,
  0x0000, 0xA210, 0xC831, 0x0D5B, 0xCC52, 0xCC52, 0xEC52, 0xEC52, 0xEC52, 0xED52, 0xED52, 0xED52, 0xED52,
  0xED52, 0xED52, 0xED52, 0xED52, 0xED52, 0xED52, 0xED52, 0xEC52, 0xEC52, 0xEC52, 0xEC52, 0xEC52, 0xEC52,
  0xCC52, 0xCC52, 0xCC52, 0xEC52, 0xEC52, 0xAB4A, 0x0D5B, 0x317C, 0x8F6B, 0x8729, 0x0000, 0x0000, 0x0000,
  0x0000, 0x2000, 0x4108, 0x4100, 0x2000, 0x2000, 0x0000, 0x0000, 0x0000, 0x0000, 0x0000, 0x0000, 0x0000,
  0x2000, 0x4100, 0x4108, 0x4108, 0x2108, 0x2008, 0x0000, 0x0000, 0xE418, 0x0D5B, 0x5284, 0xB06B, 0x0419,
  0x6108, 0xEC52, 0x6F63, 0xCC52, 0xEC52, 0xED52, 0xED52, 0xEC52, 0xEC52, 0xEC52, 0xEC52, 0xEC52, 0xEC52,
  0xEC52, 0xEC52, 0xEC52, 0xEC52, 0xEC52, 0xEC52, 0xEC52, 0xEC52, 0xEC52, 0xEC52, 0xEC52, 0xEC52, 0xEC52,
  0xED52, 0xED52, 0xED52, 0xED52, 0xED52, 0xED52, 0xED52, 0xED52, 0xED52, 0xED52, 0xEC52, 0xEC52, 0xEC52,
  0xEC52, 0xEC52, 0xEC52, 0xED52, 0xED52, 0x0419, 0x8B4A, 0x2E5B, 0xEC52, 0xEC52, 0xEC52, 0xED52, 0x0D5B,
  0x4521, 0x4A42, 0x0D5B, 0xCC52, 0xCC52, 0xEC52, 0xEC52, 0xEC52, 0xEC52, 0xEC52, 0xED52, 0xED52, 0xED52,
  0xED52, 0xED52, 0xED52, 0xED52, 0xED52, 0xED52, 0xED52, 0xED52, 0xED52, 0xED52, 0xED52, 0xED52, 0xED52,
  0xED52, 0xED52, 0xED52, 0xED52, 0xED52, 0xED52, 0xED52, 0xED52, 0xED52, 0xED52, 0xED52, 0xED52, 0xED52,
  0xED52, 0xED52, 0xED52, 0xED52, 0xED52, 0xED52, 0xED52, 0xED52, 0xED52, 0xED52, 0xED52, 0xED52, 0xED52,
  0xED52, 0xED52, 0xED52, 0xED52, 0xED52, 0xED52, 0xED52, 0xED52, 0xED52, 0xED52, 0xED52, 0xED52, 0xED52,
  0xED52, 0xEC52, 0x4E63, 0xA731, 0xC731, 0x2E5B, 0xEC52, 0xEC52, 0xEC52, 0xEC52, 0xEC52, 0xEC52, 0xEC52,
  0xEC52, 0xEC52, 0xEC52, 0xEC52, 0xEC52, 0xCC52, 0xAC4A, 0xAC4A, 0xAC4A, 0xAC4A, 0xAB4A, 0x6B42, 0xCC52,
  0xB06B, 0x317C, 0x6F63, 0xCC52, 0x8629, 0x8210, 0x4100, 0x0000, 0x0000, 0x0000, 0x0000, 0x0000, 0x0000,
  0x0000, 0x0000, 0x0000, 0x0000, 0x0000, 0x0000, 0x0000, 0x0000, 0x0000, 0x6108, 0x8629, 0xED52, 0xD073,
  0xD073, 0xED52, 0x8B4A, 0xCC52, 0xEC52, 0xCC52, 0xEC52, 0xEC52, 0xEC52, 0xEC52, 0xEC52, 0xEC52, 0xEC52,
  0xEC52, 0xEC52, 0xEC52, 0xEC52, 0xEC52, 0xEC52, 0xEC52, 0xEC52, 0xEC52, 0xED52, 0xED52, 0xEC52, 0x4E5B,
  0x293A, 0x2519, 0x75AD, 0xFFFF, 0x5DEF, 0xBEF7, 0x5DEF, 0xB29C, 0xE318, 0x2000, 0x0000, 0x0000, 0x0000,
  0x0000, 0x0000, 0x0000, 0x6108, 0xA210, 0x4A42, 0xEC52, 0xCC52, 0xCC52, 0xCC52, 0xEC52, 0xEC52, 0xED52,
  0xED52, 0xED52, 0xED52, 0xED52, 0xED52, 0xED52, 0xED52, 0xED52, 0xEC52, 0xEC52, 0xEC52, 0xEC52, 0xEC52,
  0xEC52, 0xCC52, 0xCC52, 0xCC52, 0xCC52, 0xCC52, 0xCC52, 0x8B4A, 0x6E63, 0x117C, 0x093A, 0x2000, 0x0000,
  0x0000, 0x2000, 0x4100, 0x4108, 0x2100, 0x0000, 0x0000, 0x0000, 0x0000, 0x2000, 0x6108, 0x6108, 0x6108,
  0x6108, 0x6108, 0x4108, 0x0000, 0x0000, 0x0000, 0x2000, 0x4008, 0x4108, 0x4108, 0x2100, 0x0000, 0x0000,
  0x2521, 0xD06B, 0x327C, 0x8629, 0x4108, 0xAC4A, 0x4E63, 0xCC52, 0xED52, 0xEC52, 0xEC52, 0xEC52, 0xEC52,
  0xEC52, 0xEC52, 0xEC52, 0xEC52, 0xEC52, 0xEC52, 0xEC52, 0xEC52, 0xEC52, 0xEC52, 0xEC52, 0xEC52, 0xEC52,
  0xEC52, 0xEC52, 0xEC52, 0xED52, 0xEC52, 0xEC52, 0xED52, 0xED52, 0xED52, 0xED52, 0xED52, 0xED52, 0xED52,
  0xEC52, 0xEC52, 0xEC52, 0xEC52, 0xEC52, 0xEC52, 0xED52, 0xEC52, 0x0421, 0x8B4A, 0x2E5B, 0xEC52, 0xEC52,
  0xEC52, 0xED52, 0x0D5B, 0x2521, 0x4A42, 0x0D5B, 0xCC52, 0xCC52, 0xEC52, 0xEC52, 0xEC52, 0xEC52, 0xEC52,
  0xEC52, 0xEC52, 0xED52, 0xED52, 0xED52, 0xED52, 0xED52, 0xED52, 0xED52, 0xED52, 0xED52, 0xED52, 0xED52,
  0xED52, 0xED52, 0xED52, 0xED52, 0xED52, 0xED52, 0xED52, 0xED52, 0xED52, 0xED52, 0xED52, 0xED52, 0xED52,
  0xED52, 0xED52, 0xED52, 0xED52, 0xED52, 0xED52, 0xED52, 0xED52, 0xED52, 0xED52, 0xED52, 0xED52, 0xED52,
  0xED52, 0xED52, 0xED52, 0xED52, 0xED52, 0xED52, 0xED52, 0xED52, 0xED52, 0xED52, 0xED52, 0xED52, 0xED52,
  0xED52, 0xED52, 0xED52, 0xED52, 0xEC52, 0x4E63, 0xA731, 0xC731, 0x2E5B, 0xEC52, 0xEC52, 0xEC52, 0xEC52,
  0xEC52, 0xEC52, 0xEC52, 0xEC52, 0xEC52, 0xEC52, 0xEC52, 0xEC52, 0xCC52, 0xAC4A, 0xAC4A, 0xAC4A, 0x8B4A,
  0x8B4A, 0x2D5B, 0x327C, 0x6F63, 0x8729, 0xA310, 0x6208, 0x2000, 0x0000, 0x0000, 0x0000, 0x0000, 0x0000,
  0x4100, 0x4108, 0x6108, 0x6108, 0x6108, 0x6108, 0x4108, 0x2000, 0x0000, 0x2000, 0x2000, 0x2000, 0x0000,
  0x0000, 0x0000, 0xA310, 0x8B4A, 0xF173, 0x8F6B, 0x8B4A, 0xAC4A, 0xEC52, 0xCC52, 0xEC52, 0xEC52, 0xEC52,
  0xEC52, 0xEC52, 0xEC52, 0xEC52, 0xEC52, 0xEC52, 0xEC52, 0xEC52, 0xEC52, 0xEC52, 0xEC52, 0xEC52, 0xED52,
  0xED52, 0xEC52, 0x4E5B, 0x293A, 0x4621, 0x76AD, 0xFFFF, 0x5DEF, 0xBEF7, 0x5DEF, 0xB294, 0xE318, 0x0000,
  0x0000, 0x0000, 0x0000, 0x0000, 0x0000, 0x0000, 0x6108, 0xA210, 0xAC4A, 0xCC52, 0xCC52, 0xEC52, 0xEC52,
  0xED52, 0xED52, 0x0D53, 0xED5A, 0xED5A, 0x0D5B, 0x0D5B, 0x0D53, 0x0D53, 0x0D53, 0x0D5B, 0x0D5B, 0x0D5B,
  0x0D53, 0xED52, 0xED52, 0xED52, 0xED52, 0xED52, 0xED52, 0xEC52, 0xCC52, 0xAB4A, 0x8F6B, 0xF173, 0x0419,
  0x0000, 0x0000, 0x2000, 0x4100, 0x4100, 0x2000, 0x0000, 0x0000, 0x2000, 0x8208, 0xE318, 0x2521, 0x6529,
  0x8629, 0x8629, 0x8631, 0x8631, 0x8629, 0x6529, 0x2521, 0xE318, 0x6208, 0x2000, 0x0000, 0x2000, 0x2000,
  0x4100, 0x4108, 0x0000, 0x0000, 0x4100, 0x4E63, 0x7384, 0x8729, 0x2100, 0xEC52, 0x4E63, 0xCC52, 0xEC52,
  0xEC52, 0xEC52, 0xEC52, 0xEC52, 0xEC52, 0xEC52, 0xEC52, 0xEC52, 0xEC52, 0xEC52, 0xEC52, 0xEC52, 0xEC52,
  0xEC52, 0xEC52, 0xEC52, 0xEC52, 0xEC52, 0xEC52, 0xEC52, 0xEC52, 0xEC52, 0xEC52, 0xED52, 0xEC52, 0xED52,
  0xED52, 0xEC52, 0xEC52, 0xEC52, 0xEC52, 0xEC52, 0xEC52, 0xEC52, 0xEC52, 0xED52, 0xEC52, 0x2521, 0xAB4A,
  0x2D5B, 0xEC52, 0xEC52, 0xEC52, 0xED52, 0x0D5B, 0x2521, 0x4A42, 0x0D5B, 0xCC52, 0xCC52, 0xEC52, 0xEC52,
  0xEC52, 0xEC52, 0xEC52, 0xEC52, 0xEC52, 0xEC52, 0xEC52, 0xED52, 0xED52, 0xEC52, 0xED52, 0xED52, 0xED52,
  0xEC52, 0xEC52, 0xEC52, 0xED52, 0xED52, 0xED52, 0xED52, 0xED52, 0xED52, 0xED52, 0xED52, 0xED52, 0xED52,
  0xED52, 0xED52, 0xED52, 0xED52, 0xED52, 0xED52, 0xED52, 0xED52, 0xED52, 0xED52, 0xED52, 0xED52, 0xED52,
  0xED52, 0xED52, 0xED52, 0xED52, 0xED52, 0xED52, 0xED52, 0xED52, 0xED52, 0xED52, 0xED52, 0xED52, 0xED52,
  0xED52, 0xED52, 0xED52, 0xED52, 0xED52, 0xED52, 0xED52, 0xEC52, 0x4E63, 0xA731, 0xA731, 0x2E5B, 0xCC52,
  0xEC52, 0xEC52, 0xEC52, 0xEC52, 0xEC52, 0xEC52, 0xEC52, 0xEC52, 0xCC52, 0xCC52, 0xEC52, 0xAC52, 0xAC4A,
  0xAC4A, 0x8B4A, 0x8B4A, 0x8F6B, 0x5384, 0xCC52, 0x6108, 0x0000, 0x2000, 0x0000, 0x0000, 0x0000, 0x0000,
  0x6108, 0xC310, 0x0419, 0x2521, 0x4529, 0x6629, 0x6629, 0x8629, 0x6629, 0x4529, 0x2421, 0xC318, 0x8208,
  0x2000, 0x0000, 0x2000, 0x4108, 0x0000, 0x0000, 0x0000, 0xE418, 0x6F63, 0x1174, 0xCC52, 0xAB4A, 0xCC52,
  0xCC52, 0xEC52, 0xEC52, 0xEC52, 0xEC52, 0xED52, 0xED52, 0xEC52, 0xEC52, 0xED52, 0xEC52, 0xED52, 0xEC52,
  0xEC52, 0xED52, 0xED52, 0xEC52, 0xEC52, 0x4E5B, 0x293A, 0x4621, 0x96B5, 0xFFFF, 0x9EF7, 0xDFFF, 0x7DEF,
  0xD29C, 0x0421, 0x0000, 0x0000, 0x0000, 0x0000, 0x0000, 0x0000, 0x0000, 0x0000, 0xE418, 0x2E5B, 0x0D53,
  0x2E5B, 0x2E5B, 0x4E5B, 0x4E5B, 0x4E5B, 0x4E63, 0x4E63, 0x4E63, 0x4E63, 0x4E63, 0x4E63, 0x4E63, 0x4E63,
  0x4E5B, 0x4E5B, 0x4E63, 0x4E5B, 0x2E5B, 0x2E5B, 0x2E5B, 0x2E5B, 0x2E5B, 0x2E5B, 0x2E5B, 0x0D5B, 0xF173,
  0xD073, 0xA210, 0x0000, 0x0000, 0x4108, 0x4100, 0x4108, 0x2000, 0x0000, 0x2000, 0xE318, 0x6529, 0xA631,
  0xA731, 0xC731, 0xC731, 0xC731, 0xC731, 0xE739, 0xE839, 0xE739, 0xC731, 0xC731, 0xA731, 0x8631, 0x2521,
  0xA210, 0x2000, 0x0000, 0x2000, 0x4108, 0x4108, 0x2000, 0x0000, 0x0000, 0xED52, 0x7384, 0xA731, 0x8210,
  0x4E63, 0x0D5B, 0xEC52, 0xEC52, 0xEC52, 0xEC52, 0xEC52, 0xEC52, 0xEC52, 0xEC52, 0xEC52, 0xEC52, 0xEC52,
  0xEC52, 0xEC52, 0xEC52, 0xEC52, 0xEC52, 0xEC52, 0xEC52, 0xEC52, 0xEC52, 0xEC52, 0xEC52, 0xEC52, 0xEC52,
  0xEC52, 0xED52, 0xED52, 0xEC52, 0xEC52, 0xEC52, 0xEC52, 0xEC52, 0xEC52, 0xEC52, 0xEC52, 0xEC52, 0xED52,
  0xEC52, 0x4521, 0xAB4A, 0x2D5B, 0xEC52, 0xEC52, 0xEC52, 0xED52, 0x0D5B, 0x4521, 0x4A42, 0x0D5B, 0xCC52,
  0xCC52, 0xCC52, 0xEC52, 0xEC52, 0xEC52, 0xEC52, 0xEC52, 0xEC52, 0xEC52, 0xEC52, 0xEC52, 0xEC52, 0xEC52,
  0xEC52, 0xEC52, 0xEC52, 0xEC52, 0xEC52, 0xEC52, 0xEC52, 0xEC52, 0xEC52, 0xED52, 0xED52, 0xED52, 0xED52,
  0xED52, 0xED52, 0xED52, 0xED52, 0xED52, 0xED52, 0xED52, 0xED52, 0xED52, 0xED52, 0xEC52, 0xEC52, 0xED52,
  0xED52, 0xED52, 0xED52, 0xED52, 0xEC52, 0xEC52, 0xEC52, 0xED52, 0xED52, 0xED52, 0xED52, 0xED52, 0xED52,
  0xED52, 0xED52, 0xED52, 0xED52, 0xEC52, 0xED52, 0xED52, 0xED52, 0xED52, 0xED52, 0xEC52, 0x4E63, 0xA731,
  0xA731, 0x2E5B, 0xCC52, 0xEC52, 0xEC52, 0xEC52, 0xEC52, 0xEC52, 0xEC52, 0xEC52, 0xEC52, 0xCC52, 0xEC52,
  0xCC52, 0xAB4A, 0xAC4A, 0x6B4A, 0x6B4A, 0xD06B, 0x327C, 0x293A, 0x2000, 0x0000, 0x4108, 0x2000, 0x0000,
  0x2000, 0xA210, 0x2421, 0x6629, 0x6629, 0x8629, 0x8631, 0xA731, 0xC731, 0xC731, 0xC731, 0xC731, 0xC731,
  0xA731, 0xA731, 0xA731, 0x6629, 0xE318, 0x2000, 0x0000, 0x2000, 0x4108, 0x2000, 0x0000, 0x0000, 0x6A4A,
  0x327C, 0x0D5B, 0xCC52, 0xED52, 0xED52, 0xEC52, 0xEC52, 0xCC52, 0xCC52, 0xCC52, 0xAC4A, 0xAC4A, 0xAC4A,
  0xAC4A, 0xAC4A, 0xAC4A, 0xAC4A, 0xAC4A, 0xAC4A, 0xAB4A, 0x8B4A, 0xED52, 0xC831, 0xA308, 0x34A5, 0xFFFF,
  0x5DEF, 0xBEF7, 0xFBDE, 0x718C, 0x0421, 0xA210, 0x0000, 0x0000, 0x0000, 0x0000, 0x0000, 0x0000, 0x8210,
  0x4108, 0xC310, 0xC310, 0xE418, 0x0419, 0x0419, 0x0419, 0x0419, 0x0419, 0x0419, 0xE418, 0xE418, 0xE418,
  0xE418, 0xE418, 0xE418, 0xE418, 0xE418, 0xE418, 0xE418, 0xE418, 0xE418, 0xC418, 0xE418, 0xE418, 0xE418,
  0xE418, 0xE418, 0xA731, 0xE418, 0x0000, 0x2000, 0x4108, 0x2100, 0x2000, 0x0000, 0x0000, 0xC318, 0x8629,
  0xC731, 0xA731, 0xC731, 0xC739, 0xE839, 0x083A, 0x2942, 0x4942, 0x694A, 0x494A, 0x4942, 0x2942, 0xE839,
  0xC731, 0xA731, 0xA731, 0xA731, 0x6529, 0xA210, 0x0000, 0x2000, 0x4108, 0x4108, 0x2000, 0x0000, 0x0000,
  0x2E5B, 0x7384, 0x0519, 0x4621, 0x6F63, 0xCC52, 0xEC52, 0xEC52, 0xEC52, 0xEC52, 0xEC52, 0xEC52, 0xEC52,
  0xEC52, 0xEC52, 0xEC52, 0xEC52, 0xEC52, 0xEC52, 0xEC52, 0xEC52, 0xEC52, 0xEC52, 0xEC52, 0xEC52, 0xEC52,
  0xEC52, 0xEC52, 0xEC52, 0xEC52, 0xEC52, 0xED52, 0xEC52, 0xEC52, 0xEC52, 0xEC52, 0xEC52, 0xEC52, 0xEC52,
  0xEC52, 0xEC52, 0xEC52, 0xCC52, 0x4521, 0xAB4A, 0x0D5B, 0xEC52, 0xEC52, 0xEC52, 0xED52, 0x0D5B, 0x4521,
  0x4A42, 0x0D5B, 0xEC52, 0xEC52, 0xEC52, 0xEC52, 0xEC52, 0xEC52, 0xEC52, 0xEC52, 0xEC52, 0xEC52, 0xEC52,
  0xEC52, 0xEC52, 0xEC52, 0xEC52, 0xEC52, 0xEC52, 0xEC52, 0xEC52, 0xEC52, 0xEC52, 0xEC52, 0xEC52, 0xEC52,
  0xEC52, 0xEC52, 0xED52, 0xEC52, 0xEC52, 0xEC52, 0xEC52, 0xEC52, 0xED52, 0xEC52, 0xEC52, 0xEC52, 0xEC52,
  0xEC52, 0xEC52, 0xED52, 0xEC52, 0xEC52, 0xEC52, 0xEC52, 0xEC52, 0xEC52, 0xEC52, 0xEC52, 0xEC52, 0xEC52,
  0xEC52, 0xEC52, 0xEC52, 0xED52, 0xED52, 0xEC52, 0xEC52, 0xEC52, 0xEC52, 0xED52, 0xEC52, 0xEC52, 0xEC52,
  0xEC52, 0x4E63, 0xA731, 0xA731, 0x2E5B, 0xCC52, 0xEC52, 0xEC52, 0xEC52, 0xEC52, 0xEC52, 0xEC52, 0xEC52,
  0xEC52, 0xCC52, 0xCC52, 0xAC4A, 0xAC4A, 0x8B4A, 0xAB4A, 0xD073, 0xF173, 0x4621, 0x0000, 0x0000, 0x4108,
  0x2000, 0x0000, 0x8208, 0x4521, 0x8631, 0xA731, 0x8631, 0x8631, 0xA731, 0xE739, 0x0842, 0x4942, 0x6A4A,
  0x4A4A, 0x2942, 0x0842, 0xE839, 0xC731, 0xC731, 0xC739, 0xE839, 0x8631, 0xA210, 0x0000, 0x0000, 0x4108,
  0x4108, 0x0000, 0x0000, 0xC831, 0x117C, 0x2D5B, 0x0D5B, 0x2E5B, 0x4E63, 0x6F63, 0x8F6B, 0xAF6B, 0xB06B,
  0xD073, 0xD073, 0xF073, 0xF173, 0xF073, 0xF073, 0xF073, 0xF073, 0xF073, 0xF073, 0xD073, 0x117C, 0x0C5B,
  0xD394, 0x38C6, 0x38C6, 0x18C6, 0x59CE, 0x59CE, 0xBAD6, 0xE739, 0x4108, 0x0000, 0x0000, 0x0000, 0x0000,
  0x8210, 0x0000, 0x4108, 0x0000, 0x0000, 0x0000, 0x0000, 0x0000, 0x0000, 0x0000, 0x0000, 0x0000, 0x0000,
  0x0000, 0x0000, 0x0000, 0x0000, 0x0000, 0x0000, 0x0000, 0x0000, 0x0000, 0x0000, 0x0000, 0x0000, 0x0000,
  0x0000, 0x0000, 0x0000, 0x0000, 0x0000, 0x0000, 0x0000, 0x2000, 0x2000, 0x4100, 0x2000, 0x0000, 0x4108,
  0x4521, 0xC731, 0xA731, 0xC731, 0xE739, 0x0842, 0x8A4A, 0xAB52, 0x8A4A, 0x6942, 0x4942, 0x2942, 0x4942,
  0x6A4A, 0x8A52, 0xAB52, 0x8A4A, 0x2842, 0xC731, 0xA731, 0xA731, 0xA731, 0x0421, 0x2000, 0x0000, 0x4108,
  0x4108, 0x2000, 0x0000, 0x2000, 0x4E63, 0xB06B, 0x4100, 0x293A, 0x6F63, 0xCC52, 0xEC52, 0xEC52, 0xEC52,
  0xEC52, 0xEC52, 0xEC52, 0xEC52, 0xEC52, 0xEC52, 0xEC52, 0xEC52, 0xEC52, 0xEC52, 0xEC52, 0xEC52, 0xEC52,
  0xEC52, 0xEC52, 0xEC52, 0xEC52, 0xEC52, 0xEC52, 0xEC52, 0xEC52, 0xEC52, 0xEC52, 0xEC52, 0xEC52, 0xEC52,
  0xEC52, 0xEC52, 0xEC52, 0xEC52, 0xEC52, 0xEC52, 0xCC52, 0x2521, 0xAC4A, 0x0D5B, 0xCC52, 0xEC52, 0xEC52,
  0xED52, 0x0D5B, 0x4521, 0x6A42, 0x0D5B, 0xEC52, 0xEC52, 0xCC52, 0xEC52, 0xEC52, 0xEC52, 0xEC52, 0xEC52,
  0xEC52, 0xEC52, 0xCC52, 0xCC52, 0xCC52, 0xCC52, 0xEC52, 0xEC52, 0xEC52, 0xEC52, 0xEC52, 0xEC52, 0xEC52,
  0xEC52, 0xEC52, 0xEC52, 0xEC52, 0xEC52, 0xEC52, 0xEC52, 0xEC52, 0xEC52, 0xEC52, 0xEC52, 0xEC52, 0xEC52,
  0xEC52, 0xEC52, 0xEC52, 0xEC52, 0xEC52, 0xEC52, 0xEC52, 0xEC52, 0xEC52, 0xEC52, 0xEC52, 0xEC52, 0xEC52,
  0xEC52, 0xEC52, 0xEC52, 0xEC52, 0xEC52, 0xEC52, 0xEC52, 0xEC52, 0xEC52, 0xEC52, 0xEC52, 0xCC52, 0xEC52,
  0xEC52, 0xEC52, 0xEC52, 0xCC52, 0x4E5B, 0xA731, 0xC731, 0x2E5B, 0xCC52, 0xEC52, 0xEC52, 0xEC52, 0xEC52,
  0xEC52, 0xEC52, 0xCC52, 0xCC52, 0xEC52, 0xCC52, 0xAB4A, 0x8B4A, 0x8B4A, 0xD073, 0xF073, 0xE418, 0x0000,
  0x2000, 0x4108, 0x0000, 0x2000, 0xE418, 0x8631, 0xA631, 0x8631, 0xA731, 0xC739, 0x4942, 0x8A4A, 0x8A4A,
  0x4942, 0x4942, 0x2942, 0x2942, 0x494A, 0x8A4A, 0xAB52, 0x8A4A, 0x2942, 0xE839, 0xC731, 0xC739, 0xE839,
  0x4521, 0x4100, 0x0000, 0x4100, 0x4108, 0x2000, 0x0000, 0x2421, 0xA631, 0x0421, 0x2421, 0x6529, 0x8631,
  0xC739, 0xC739, 0x0842, 0x2842, 0x2842, 0x694A, 0x694A, 0x8A52, 0x8A52, 0xAA52, 0x8A52, 0xAA52, 0xAA52,
  0xAA52, 0xEB5A, 0x494A, 0x6D6B, 0xEF7B, 0x2C63, 0x6D6B, 0x8E73, 0xCF7B, 0x3084, 0xC318, 0x0000, 0x0000,
  0x0000, 0x0000, 0x0421, 0x0000, 0x4108, 0x6108, 0x8210, 0x8210, 0x8210, 0x8210, 0x8210, 0x8210, 0x8210,
  0x8210, 0x8210, 0x8210, 0x8210, 0x8210, 0x8210, 0x8210, 0x8210, 0x8210, 0x8210, 0x8210, 0x8210, 0x8210,
  0x8210, 0x8210, 0x8210, 0x8210, 0x8210, 0x8210, 0x8210, 0x6108, 0x4108, 0x4108, 0x4108, 0x2100, 0x2000,
  0x0000, 0x8208, 0x8629, 0xA731, 0xA631, 0xC731, 0x083A, 0x8A4A, 0x8A52, 0xA731, 0x2421, 0x0421, 0x0421,
  0x0421, 0x0419, 0x0421, 0xE418, 0xE418, 0x2521, 0xE739, 0xAB52, 0x8A52, 0x083A, 0xA731, 0xA631, 0xA731,
  0x4529, 0x4108, 0x0000, 0x4108, 0x4108, 0x0000, 0x0000, 0x8208, 0x327C, 0x6A42, 0x4108, 0x2E5B, 0x2D5B,
  0xEC52, 0xEC52, 0xEC52, 0xEC52, 0xEC52, 0xEC52, 0xEC52, 0xEC52, 0xEC52, 0xEC52, 0xEC52, 0xEC52, 0xEC52,
  0xEC52, 0xEC52, 0xEC52, 0xEC52, 0xEC52, 0xEC52, 0xEC52, 0xEC52, 0xEC52, 0xEC52, 0xEC52, 0xEC52, 0xEC52,
  0xEC52, 0xEC52, 0xEC52, 0xEC52, 0xEC52, 0xEC52, 0xEC52, 0xEC52, 0xEC52, 0xCC52, 0x2521, 0xAB4A, 0x0D5B,
  0xCC52, 0xCC52, 0xCC52, 0xED52, 0x0D5B, 0x2521, 0x6A42, 0x0D5B, 0xCC52, 0xCC52, 0xCC52, 0xCC52, 0xCC52,
  0xEC52, 0xEC52, 0xCC52, 0xCC52, 0xCC52, 0xCC52, 0xCC52, 0xCC52, 0xCC52, 0xCC52, 0xEC52, 0xEC52, 0xEC52,
  0xEC52, 0xEC52, 0xEC52, 0xEC52, 0xEC52, 0xEC52, 0xEC52, 0xEC52, 0xEC52, 0xEC52, 0xEC52, 0xEC52, 0xEC52,
  0xEC52, 0xEC52, 0xEC52, 0xEC52, 0xEC52, 0xEC52, 0xEC52, 0xEC52, 0xEC52, 0xEC52, 0xEC52, 0xEC52, 0xEC52,
  0xEC52, 0xEC52, 0xEC52, 0xEC52, 0xEC52, 0xEC52, 0xEC52, 0xEC52, 0xEC52, 0xEC52, 0xEC52, 0xCC52, 0xCC52,
  0xCC52, 0xEC52, 0xCC52, 0xCC52, 0xCC52, 0xCC52, 0xCC52, 0x2E5B, 0xA731, 0xA731, 0x2D5B, 0xCC52, 0xEC52,
  0xEC52, 0xEC52, 0xEC52, 0xEC52, 0xEC52, 0xCC52, 0xCC52, 0xEC52, 0xAC4A, 0x8B4A, 0x8B4A, 0x8F63, 0xF173,
  0x4521, 0x0000, 0x2000, 0x4108, 0x0000, 0x2000, 0x2421, 0x8631, 0x8629, 0xA631, 0xC731, 0x2942, 0x8A4A,
  0x2842, 0x6629, 0x0421, 0x0419, 0x0421, 0x2421, 0x2521, 0x2521, 0x2421, 0x4529, 0xC731, 0x8A4A, 0xAA52,
  0x2842, 0xC739, 0xC731, 0xE839, 0xA631, 0x6108, 0x0000, 0x2000, 0x4108, 0x2000, 0x0000, 0x4108, 0x0000,
  0x0000, 0x0000, 0x0000, 0x0000, 0x0000, 0x0000, 0x0000, 0x0000, 0x0000, 0x0000, 0x0000, 0x0000, 0x0000,
  0x0000, 0x0000, 0x0000, 0x0000, 0x0000, 0x0000, 0x0000, 0x0000, 0x0000, 0x0000, 0x0000, 0x0000, 0x0000,
  0x0000, 0x0000, 0xC318, 0x0000, 0x0000, 0x2421, 0x0000, 0x6108, 0x0000, 0x6208, 0x8210, 0x8210, 0x8210,
  0x8210, 0x8210, 0x8210, 0x8210, 0x8210, 0x8210, 0x8210, 0x8210, 0x8210, 0x8210, 0x8210, 0x8210, 0x8210,
  0x8210, 0x8210, 0x8210, 0x8210, 0x8210, 0x8210, 0x8210, 0x8210, 0x8210, 0x6108, 0x4100, 0x4108, 0x4108,
  0x4100, 0x2000, 0x0000, 0xA210, 0xC731, 0xA731, 0xA731, 0xC739, 0x4942, 0x8A4A, 0x8631, 0xC318, 0x0421,
  0xA631, 0x2842, 0xC739, 0x8629, 0x8629, 0x8631, 0xE839, 0xE739, 0x4529, 0xC318, 0xC318, 0xA731, 0x8A52,
  0x494A, 0xC739, 0xA731, 0xA731, 0x6629, 0x4108, 0x0000, 0x4108, 0x4100, 0x0000, 0x0000, 0xA731, 0x7384,
  0x0419, 0x6629, 0x6F63, 0xCC52, 0xEC52, 0xCC52, 0xCC52, 0xCC52, 0xCC52, 0xCC52, 0xCC52, 0xCC52, 0xCC52,
  0xCC52, 0xCC52, 0xCC52, 0xEC52, 0xEC52, 0xEC52, 0xEC52, 0xEC52, 0xEC52, 0xEC52, 0xEC52, 0xEC52, 0xEC52,
  0xEC52, 0xEC52, 0xEC52, 0xEC52, 0xEC52, 0xEC52, 0xEC52, 0xEC52, 0xEC52, 0xEC52, 0xEC52, 0xED52, 0xCC52,
  0x2521, 0xAC4A, 0x0D5B, 0xCC52, 0xCC52, 0xCC52, 0xED52, 0x0D53, 0x2521, 0x6A42, 0x0D5B, 0xCC52, 0xCC52,
  0xCC52, 0xCC52, 0xCC52, 0xCC52, 0xCC52, 0xCC52, 0xCC52, 0xCC52, 0xCC52, 0xCC52, 0xCC52, 0xCC52, 0xCC52,
  0xCC52, 0xCC52, 0xCC52, 0xCC52, 0xCC52, 0xCC52, 0xCC52, 0xCC52, 0xCC52, 0xEC52, 0xCC52, 0xCC52, 0xEC52,
  0xEC52, 0xEC52, 0xEC52, 0xEC52, 0xEC52, 0xEC52, 0xCC52, 0xEC52, 0xEC52, 0xCC52, 0xEC52, 0xEC52, 0xCC52,
  0xEC52, 0xCC52, 0xCC52, 0xCC52, 0xCC52, 0xEC52, 0xEC52, 0xCC52, 0xCC52, 0xCC52, 0xCC52, 0xCC52, 0xCC52,
  0xCC52, 0xCC52, 0xCC52, 0xCC52, 0xCC52, 0xCC52, 0xCC52, 0xCC52, 0xCC52, 0xCC52, 0x2E5B, 0xA731, 0xA731,
  0x2E5B, 0xCC52, 0xCC52, 0xCC52, 0xCC52, 0xEC52, 0xCC52, 0xCC52, 0xCC52, 0xCC52, 0xCC52, 0xAB4A, 0x6B42,
  0x0D5B, 0x117C, 0x4A42, 0x2000, 0x0000, 0x4108, 0x0000, 0x4108, 0x6529, 0x8631, 0x8631, 0xA731, 0x0842,
  0x8A4A, 0xE739, 0x2421, 0x0421, 0x6529, 0xC739, 0xC731, 0xA731, 0xC731, 0xC739, 0xE839, 0x083A, 0xA631,
  0x0421, 0xE418, 0x6629, 0x8A4A, 0x8A4A, 0x083A, 0xC731, 0xC731, 0xA731, 0x8208, 0x0000, 0x2000, 0x4100,
  0x2000, 0x0000, 0x8210, 0x8210, 0x6208, 0x8208, 0x8208, 0x8208, 0x8208, 0x6208, 0x6208, 0x8208, 0x6208,
  0x6208, 0x6208, 0x6208, 0x8208, 0x8208, 0x8208, 0x8208, 0x6108, 0x6208, 0x6208, 0x6108, 0x6108, 0x6108,
  0x6108, 0x6108, 0x6108, 0x8210, 0x6108, 0x0000, 0x6529, 0x0000, 0x4529, 0x0000, 0xA310, 0x0419, 0x6108,
  0x4100, 0x4108, 0x4108, 0x4108, 0x4108, 0x4108, 0x4108, 0x4108, 0x4108, 0x4108, 0x4108, 0x4108, 0x4108,
  0x4108, 0x4108, 0x4108, 0x4108, 0x4108, 0x4108, 0x4108, 0x4108, 0x4108, 0x4108, 0x4108, 0x4108, 0x2000,
  0x6208, 0x4108, 0x2000, 0x4108, 0x0000, 0x6208, 0xA731, 0xA731, 0xA731, 0xC739, 0x6A4A, 0x2942, 0xC310,
  0x4521, 0x0842, 0x0842, 0x4529, 0x6108, 0xA210, 0x0419, 0x0421, 0x0419, 0x8210, 0x8208, 0x2421, 0xA631,
  0xA631, 0xC318, 0xA310, 0x694A, 0x6A4A, 0xC739, 0xA731, 0xA731, 0x4521, 0x2000, 0x0000, 0x4100, 0x2000,
  0x0000, 0x0000, 0x8F6B, 0x0D5B, 0x4108, 0xCC52, 0x0D5B, 0xCC52, 0xCC52, 0xCC52, 0xCC52, 0xCC52, 0xCC52,
  0xCC52, 0xCC52, 0xCC52, 0xCC52, 0xCC52, 0xCC52, 0xCC52, 0xEC52, 0xCC52, 0xCC52, 0xCC52, 0xCC52, 0xEC52,
  0xCC52, 0xCC52, 0xCC52, 0xCC52, 0xCC52, 0xCC52, 0xCC52, 0xCC52, 0xEC52, 0xCC52, 0xCC52, 0xCC52, 0xCC52,
  0xCC52, 0xED52, 0xAB4A, 0x2521, 0xAC4A, 0xED5A, 0xCC52, 0xCC52, 0xCC52, 0xED52, 0x0D53, 0x2521, 0x6A42,
  0x0D5B, 0xCC52, 0xCC52, 0xCC52, 0xCC52, 0xCC52, 0xCC52, 0xCC52, 0xCC52, 0xCC52, 0xCC52, 0xCC52, 0xCC52,
  0xCC52, 0xCC52, 0xCC52, 0xCC52, 0xCC52, 0xCC52, 0xCC52, 0xCC52, 0xCC52, 0xCC52, 0xCC52, 0xCC52, 0xCC52,
  0xCC52, 0xCC52, 0xCC52, 0xCC52, 0xCC52, 0xCC52, 0xCC52, 0xCC52, 0xCC52, 0xCC52, 0xCC52, 0xCC52, 0xCC52,
  0xCC52, 0xCC52, 0xCC52, 0xCC52, 0xCC52, 0xCC52, 0xCC52, 0xCC52, 0xCC52, 0xCC52, 0xCC52, 0xCC52, 0xCC52,
  0xCC52, 0xCC52, 0xCC52, 0xCC52, 0xCC52, 0xCC52, 0xCC52, 0xCC52, 0xCC52, 0xCC52, 0xCC52, 0xCC52, 0xCC52,
  0x2E5B, 0xA731, 0xA731, 0x2D5B, 0xCC52, 0xCC52, 0xCC52, 0xCC52, 0xCC52, 0xCC52, 0xCC52, 0xCC52, 0xCC52,
  0xAC4A, 0x8B4A, 0x8B4A, 0xB06B, 0x6F63, 0x2421, 0x0000, 0x4100, 0x2000, 0x4100, 0x8629, 0xA731, 0x8631,
  0xA731, 0x494A, 0x8A4A, 0x0421, 0xE318, 0xE739, 0x083A, 0x6529, 0x8210, 0xA310, 0xC318, 0xA210, 0xA210,
  0x6108, 0x4108, 0xE318, 0x8631, 0xA731, 0x0421, 0xA310, 0x0842, 0xAB52, 0xE839, 0xC731, 0xC739, 0xA731,
  0x6108, 0x0000, 0x4108, 0x4108, 0x2000, 0x2100, 0x6108, 0x4100, 0x4108, 0x4108, 0x4108, 0x4108, 0x4108,
  0x4108, 0x4108, 0x4108, 0x4108, 0x4108, 0x4108, 0x4108, 0x4108, 0x4108, 0x4108, 0x4108, 0x4108, 0x4108,
  0x4108, 0x4108, 0x4108, 0x4108, 0x4108, 0x0000, 0x0000, 0x0000, 0x0000, 0x4108, 0x0000, 0x0421, 0x0000,
  0x6A4A, 0x518C, 0xE318, 0x0000, 0x4108, 0x4108, 0x4108, 0x4108, 0x4108, 0x4108, 0x4108, 0x4108, 0x4108,
  0x4108, 0x4108, 0x4108, 0x4108, 0x4108, 0x4108, 0x4108, 0x4108, 0x4108, 0x4108, 0x4108, 0x4108, 0x4108,
  0x4108, 0x2000, 0x8210, 0xA210, 0x2000, 0x2008, 0x0000, 0x2000, 0x8629, 0xC731, 0xA731, 0xE739, 0x6A4A,
  0xA631, 0x6208, 0x2842, 0x694A, 0xC310, 0x0000, 0x0000, 0x0000, 0xC731, 0xEC5A, 0x8A4A, 0xAB52, 0xE418,
  0x0000, 0x0000, 0x0000, 0xC318, 0x0842, 0x6529, 0x4108, 0xE739, 0x6A4A, 0xE739, 0xA731, 0x8631, 0xE418,
  0x0000, 0x2000, 0x4100, 0x2000, 0x0000, 0xA729, 0x5384, 0xE418, 0x8729, 0x4E63, 0xCC52, 0xCC52, 0xCC52,
  0xCC52, 0xCC52, 0xCC52, 0xCC52, 0xCC52, 0xCC52, 0xCC52, 0xCC52, 0xCC52, 0xCC52, 0xCC52, 0xCC52, 0xCC52,
  0xCC52, 0xCC52, 0xCC52, 0xCC52, 0xCC52, 0xCC52, 0xCC52, 0xCC52, 0xCC52, 0xCC52, 0xCC52, 0xCC52, 0xCC52,
  0xCC52, 0xCC52, 0xCC52, 0xCC52, 0xEC52, 0xAB4A, 0x2519, 0xAC4A, 0x0D5B, 0xCC52, 0xCC52, 0xCC52, 0xED52,
  0xED52, 0x2521, 0x6A42, 0x0D5B, 0xCC52, 0xCC52, 0xCC52, 0xCC52, 0xCC52, 0xCC52, 0xCC52, 0xCC52, 0xCC52,
  0xCC52, 0xCC52, 0xCC52, 0xCC52, 0xCC52, 0xCC52, 0xCC52, 0xCC52, 0xCC52, 0xCC52, 0xCC52, 0xCC52, 0xCC52,
  0xCC52, 0xCC52, 0xCC52, 0xCC52, 0xCC52, 0xCC52, 0xCC52, 0xCC52, 0xCC52, 0xCC52, 0xCC52, 0xCC52, 0xCC52,
  0xCC52, 0xCC52, 0xCC52, 0xCC52, 0xCC52, 0xCC52, 0xCC52, 0xCC52, 0xCC52, 0xCC52, 0xCC52, 0xCC52, 0xCC52,
  0xCC52, 0xCC52, 0xCC52, 0xCC52, 0xCC52, 0xCC52, 0xCC52, 0xCC52, 0xCC52, 0xCC52, 0xCC52, 0xCC52, 0xCC52,
  0xCC52, 0xCC52, 0xCC52, 0x2E5B, 0xA731, 0xA731, 0x0D5B, 0xCC52, 0xCC52, 0xCC52, 0xCC52, 0xCC52, 0xCC52,
  0xCC52, 0xCC52, 0xCC52, 0xAB4A, 0x6B42, 0x2E5B, 0xD06B, 0xE839, 0x2000, 0x0000, 0x2000, 0x0000, 0x4529,
  0xC739, 0xA731, 0xC739, 0x6A4A, 0x4942, 0xA210, 0x0421, 0x083A, 0x2421, 0x0000, 0x0000, 0x0000, 0x6629,
  0x8A4A, 0x2942, 0x8A4A, 0x4529, 0x0000, 0x2000, 0x0000, 0x4108, 0x8629, 0xC731, 0x6108, 0x6629, 0xAA52,
  0x0842, 0xC731, 0xC731, 0x6629, 0x2000, 0x0000, 0x4108, 0x4100, 0x0000, 0x4108, 0x4108, 0x2000, 0x2000,
  0x2000, 0x2000, 0x2000, 0x2000, 0x2000, 0x2100, 0x2100, 0x2100, 0x2100, 0x2100, 0x2100, 0x2100, 0x2108,
  0x2108, 0x2108, 0x2108, 0x2100, 0x2100, 0x2100, 0x2000, 0x2000, 0xC318, 0x0421, 0x0421, 0xC318, 0x6108,
  0x2000, 0x0421, 0x0000, 0xAA52, 0x9294, 0xE318, 0x0000, 0x4108, 0x4108, 0x4108, 0x4108, 0x4108, 0x4108,
  0x4108, 0x4108, 0x4108, 0x4108, 0x4108, 0x4108, 0x4108, 0x4108, 0x4108, 0x4108, 0x4108, 0x4108, 0x4108,
  0x4108, 0x4108, 0x4108, 0x4108, 0x2100, 0xA310, 0x6108, 0x2000, 0x2000, 0x0000, 0x0421, 0xA731, 0xA731,
  0xE739, 0x8A4A, 0xA731, 0x6108, 0x2842, 0x8631, 0x0000, 0x0000, 0xA210, 0xE318, 0x6108, 0xE839, 0xCB52,
  0x4942, 0xAA52, 0x2521, 0x6108, 0x0421, 0xA210, 0x0000, 0x0000, 0xA631, 0x8631, 0x2000, 0xE839, 0x8A4A,
  0xC739, 0x8629, 0x6629, 0x8210, 0x0000, 0x4100, 0x2000, 0x0000, 0x4100, 0x8F6B, 0x8B4A, 0xA310, 0x0D5B,
  0xEC52, 0xCC52, 0xCC52, 0xCC52, 0xCC52, 0xCC52, 0xCC52, 0xCC52, 0xCC52, 0xCC52, 0xCC52, 0xCC52, 0xCC52,
  0xCC52, 0xCC52, 0xCC52, 0xCC52, 0xCC52, 0xCC52, 0xCC52, 0xCC52, 0xCC52, 0xCC52, 0xCC52, 0xCC52, 0xCC52,
  0xCC52, 0xCC52, 0xCC52, 0xCC52, 0xCC52, 0xCC52, 0xCC52, 0xED52, 0xAB4A, 0x0519, 0xAC4A, 0xED52, 0xCC52,
  0xCC52, 0xCC52, 0xEC52, 0xEC52, 0x2521, 0x6A42, 0x0D5B, 0xCC52, 0xCC52, 0xCC52, 0xCC52, 0xCC52, 0xCC52,
  0xCC52, 0xCC52, 0xCC52, 0xCC52, 0xCC52, 0xCC52, 0xCC52, 0xCC52, 0xCC52, 0xCC52, 0xCC52, 0xCC52, 0xCC52,
  0xCC52, 0xCC52, 0xCC52, 0xCC52, 0xCC52, 0xCC52, 0xCC52, 0xCC52, 0xCC52, 0xCC52, 0xCC52, 0xCC52, 0xCC52,
  0xCC52, 0xCC52, 0xCC52, 0xCC52, 0xCC52, 0xCC52, 0xCC52, 0xCC52, 0xCC52, 0xCC52, 0xCC52, 0xCC52, 0xCC52,
  0xCC52, 0xCC52, 0xCC52, 0xCC52, 0xCC52, 0xCC52, 0xCC52, 0xCC52, 0xCC52, 0xCC52, 0xCC52, 0xCC52, 0xCC52,
  0xCC52, 0xCC52, 0xCC52, 0xCC52, 0xCC52, 0xCC52, 0x2E5B, 0xA731, 0xA731, 0x0D5B, 0xCC52, 0xCC52, 0xCC52,
  0xCC52, 0xCC52, 0xCC52, 0xCC52, 0xCC52, 0xAC4A, 0x8B4A, 0x8B4A, 0xD073, 0xEC52, 0x8210, 0x0000, 0x4100,
  0x0000, 0xC318, 0xC739, 0xA731, 0xC739, 0x6A4A, 0x2942, 0x6108, 0x6529, 0x8631, 0x0000, 0x0000, 0xA210,
  0xE318, 0x4100, 0x8629, 0x8A4A, 0x2942, 0x8A52, 0x8631, 0x4108, 0xE318, 0xC318, 0x4108, 0x0000, 0xC310,
  0x083A, 0xA210, 0x4529, 0xAB52, 0xE839, 0xA731, 0xC731, 0x0421, 0x0000, 0x2000, 0x4108, 0x2000, 0x2000,
  0x4108, 0x4000, 0x4100, 0x4100, 0x4100, 0x4100, 0x4100, 0x4100, 0x4100, 0x4100, 0x4108, 0x4108, 0x4108,
  0x4108, 0x4108, 0x4108, 0x4108, 0x4108, 0x4108, 0x4100, 0x4100, 0x4100, 0x2000, 0x0000, 0xAB52, 0xEF7B,
  0xAF7B, 0xCB5A, 0xC318, 0x4108, 0xE318, 0x0000, 0x2842, 0xCF7B, 0xA310, 0x0000, 0x4108, 0x4108, 0x4108,
  0x4108, 0x4108, 0x4108, 0x4108, 0x4108, 0x4108, 0x4108, 0x4108, 0x4108, 0x4108, 0x4108, 0x4108, 0x4108,
  0x4108, 0x4108, 0x4108, 0x4108, 0x4108, 0x4108, 0x2000, 0x6108, 0x8210, 0x2000, 0x4108, 0x0000, 0x6208,
  0x8631, 0xA731, 0xC739, 0x4942, 0xE739, 0x4108, 0x494A, 0x2421, 0x0000, 0x8208, 0xC318, 0x8208, 0x4108,
  0x4108, 0x083A, 0x6A4A, 0x2942, 0x8A4A, 0x4521, 0x0000, 0x6108, 0xA210, 0x0419, 0x4108, 0x0000, 0x4521,
  0xA631, 0x6108, 0x2942, 0x2942, 0xA731, 0x8629, 0x2521, 0x2000, 0x2000, 0x4108, 0x0000, 0x0000, 0xE839,
  0xD073, 0x8208, 0x6A42, 0x2E5B, 0xCC52, 0xCC52, 0xCC52, 0xCC52, 0xCC52, 0xCC52, 0xCC52, 0xCC52, 0xCC52,
  0xCC52, 0xCC52, 0xCC52, 0xCC52, 0xCC52, 0xCC52, 0xCC52, 0xCC52, 0xCC52, 0xCC52, 0xCC52, 0xCC52, 0xCC52,
  0xCC52, 0xCC52, 0xCC52, 0xCC52, 0xCC52, 0xCC52, 0xCC52, 0xCC52, 0xCC52, 0xCC52, 0xED52, 0x8B4A, 0x0519,
  0xAC4A, 0xEC52, 0xCC52, 0xCC52, 0xAC4A, 0xCC52, 0xEC52, 0x4521, 0x6A42, 0x0D53, 0xCC52, 0xCC52, 0xCC52,
  0xCC52, 0xCC52, 0xCC52, 0xCC52, 0xCC52, 0xCC52, 0xCC52, 0xCC52, 0xCC52, 0xCC52, 0xCC52, 0xCC52, 0xCC52,
  0xCC52, 0xCC52, 0xCC52, 0xCC52, 0xCC52, 0xCC52, 0xCC52, 0xCC52, 0xCC52, 0xCC52, 0xCC52, 0xCC52, 0xCC52,
  0xCC52, 0xCC52, 0xCC52, 0xCC52, 0xCC52, 0xCC52, 0xCC52, 0xCC52, 0xCC52, 0xCC52, 0xCC52, 0xCC52, 0xCC52,
  0xCC52, 0xCC52, 0xCC52, 0xCC52, 0xCC52, 0xCC52, 0xCC52, 0xCC52, 0xCC52, 0xCC52, 0xCC52, 0xCC52, 0xCC52,
  0xCC4A, 0xCC52, 0xCC52, 0xCC4A, 0xCC52, 0xCC52, 0xCC52, 0xCC52, 0xCC4A, 0x2E5B, 0xA731, 0xA731, 0x0D5B,
  0xAC52, 0xCC52, 0xCC52, 0xCC52, 0xCC52, 0xCC52, 0xCC52, 0xAC4A, 0x8B4A, 0x6B42, 0x0D5B, 0xB06B, 0xC731,
  0x2000, 0x2000, 0x2000, 0x4100, 0x8629, 0xA731, 0xC731, 0x2942, 0x494A, 0x8210, 0x6629, 0x4521, 0x0000,
  0x4108, 0xC318, 0xA210, 0x6108, 0x0000, 0x6629, 0x8A4A, 0x0842, 0x8A4A, 0x8631, 0x0000, 0x4000, 0x8208,
  0xE318, 0xA210, 0x0000, 0xA210, 0x2842, 0x6208, 0x8631, 0x8A4A, 0xE739, 0xC731, 0xA731, 0x8208, 0x0000,
  0x4108, 0x4100, 0x2000, 0x4108, 0x4108, 0x4100, 0x4100, 0x4100, 0x4100, 0x4100, 0x4100, 0x4100, 0x4100,
  0x4100, 0x4108, 0x4108, 0x4108, 0x4108, 0x4108, 0x4108, 0x4108, 0x4100, 0x4100, 0x4100, 0x4100, 0x2000,
  0x0000, 0xAB52, 0xF083, 0xAF7B, 0xEC62, 0x8210, 0x4108, 0x0421, 0x0000, 0x4108, 0x4108, 0x4108, 0x4108,
  0x4108, 0x4108, 0x4108, 0x4108, 0x4108, 0x4108, 0x4108, 0x4108, 0x4108, 0x4108, 0x4108, 0x4108, 0x4108,
  0x4108, 0x4108, 0x4108, 0x4108, 0x4108, 0x4108, 0x4108, 0x4108, 0x4108, 0x2000, 0xA210, 0x8208, 0x2000,
  0x2000, 0x0000, 0x2521, 0xA731, 0xC739, 0x0842, 0x4942, 0x8210, 0x0842, 0x0421, 0x0000, 0xC318, 0xA210,
  0x2000, 0x4108, 0x8210, 0x6108, 0xE839, 0x6A4A, 0x0842, 0x6A4A, 0x2521, 0x0000, 0x6108, 0x2000, 0x6108,
  0x0421, 0x8210, 0x0000, 0x6629, 0xA631, 0xA210, 0x694A, 0xC739, 0x8631, 0x6629, 0xA310, 0x0000, 0x2000,
  0x2100, 0x0000, 0xC318, 0x1174, 0xA731, 0x8629, 0x8F63, 0x2D5B, 0x2D5B, 0x0D5B, 0x0D5B, 0x0D5B, 0x0D5B,
  0x0D5B, 0x0D5B, 0x0D5B, 0x0D5B, 0x0D5B, 0x0D5B, 0x0D5B, 0x0D5B, 0x0D5B, 0x0D5B, 0x0D5B, 0x0D5B, 0x0D5B,
  0x0D5B, 0x0D5B, 0x0D5B, 0x0D5B, 0x0D5B, 0x2D5B, 0x2D5B, 0x2D5B, 0x2D5B, 0x0D5B, 0x0D5B, 0x2D5B, 0x0D5B,
  0x4E63, 0xCC52, 0x2521, 0x0D5B, 0x2E5B, 0x0D5B, 0x0D5B, 0x0D5B, 0x2E5B, 0x4E5B, 0x4521, 0x8B4A, 0x6E63,
  0x2D5B, 0x2D5B, 0x2D5B, 0x2D5B, 0x2D5B, 0x0D5B, 0x0D5B, 0x2D5B, 0x2D5B, 0x2D5B, 0x0D5B, 0x2D5B, 0x0D5B,
  0x0D5B, 0x0D5B, 0x0D5B, 0x0D5B, 0x0D5B, 0x0D5B, 0x0D5B, 0x0D5B, 0x0D5B, 0x0D5B, 0x0D5B, 0x0D5B, 0x0D5B,
  0x2D5B, 0x2D5B, 0x2D5B, 0x2D5B, 0x2D5B, 0x2D5B, 0x2D5B, 0x2D5B, 0x0D5B, 0x0D5B, 0x0D5B, 0x0D5B, 0x0D5B,
  0x0D5B, 0x2D5B, 0x2D5B, 0x2D5B, 0x2E5B, 0x2D5B, 0x0D5B, 0x0D5B, 0x2D5B, 0x0D5B, 0x0D5B, 0x0D5B, 0x0D5B,
  0x0D5B, 0x0D5B, 0x0D5B, 0x0D5B, 0x0D5B, 0x0D5B, 0x0D5B, 0x0D5B, 0x0D5B, 0x0D5B, 0x2D5B, 0x0D5B, 0x8F63,
  0xC731, 0xE839, 0x6F63, 0x0D5B, 0x2D5B, 0x0D5B, 0x0D5B, 0x0D5B, 0x0D5B, 0x2D5B, 0xED52, 0xEC52, 0xAB4A,
  0x8F63, 0x0D5B, 0xA210, 0x0000, 0x2100, 0x0000, 0x0419, 0xA731, 0xA731, 0xE839, 0x6A4A, 0xA210, 0x4529,
  0x6529, 0x0000, 0x6208, 0xA210, 0x4108, 0x4108, 0x8108, 0x2000, 0x6629, 0x6A4A, 0x2842, 0x8A52, 0x8631,
  0x0000, 0x6108, 0x4108, 0x2000, 0x8210, 0xC310, 0x0000, 0x8210, 0xE839, 0x6108, 0x083A, 0x494A, 0xE839,
  0xC739, 0x2521, 0x0000, 0x2000, 0x4108, 0x2000, 0x4108, 0x4108, 0x4100, 0x4100, 0x4100, 0x4100, 0x4100,
  0x4100, 0x4100, 0x4100, 0x4100, 0x4100, 0x4108, 0x4108, 0x4108, 0x4108, 0x4108, 0x4100, 0x4100, 0x4100,
  0x4100, 0x4100, 0x2000, 0x0000, 0xE739, 0x2D6B, 0x0C63, 0x494A, 0xA210, 0x4108, 0x0421, 0x0000, 0x2000,
  0x0000, 0x4100, 0x4108, 0x4108, 0x4108, 0x4108, 0x4108, 0x4108, 0x4108, 0x4108, 0x4108, 0x4108, 0x4108,
  0x4108, 0x4108, 0x4108, 0x4108, 0x4108, 0x4108, 0x4108, 0x2108, 0x4108, 0x4108, 0x4108, 0x2000, 0x4108,
  0xE418, 0x4108, 0x2000, 0x0000, 0x6108, 0xA631, 0xA731, 0xE839, 0x6A4A, 0x0419, 0x6629, 0xC731, 0x0000,
  0xA310, 0xA210, 0x2000, 0x6108, 0x8210, 0x8210, 0x4108, 0xC731, 0x6A4A, 0x0842, 0x6A4A, 0x2421, 0x0000,
  0xA210, 0x8210, 0x4108, 0x4108, 0x0421, 0x8210, 0x0000, 0xA731, 0xE318, 0x4529, 0x4942, 0xA731, 0x8629,
  0x2521, 0x2000, 0x2000, 0x4108, 0x2000, 0x0000, 0x6B4A, 0xC831, 0x8210, 0x6A42, 0x4A42, 0x4A42, 0x4A42,
  0x4A42, 0x4A42, 0x4A42, 0x4A42, 0x4A42, 0x4A42, 0x4A42, 0x4A42, 0x4A42, 0x4A42, 0x4A42, 0x4A42, 0x4A42,
  0x4A42, 0x4A42, 0x4A42, 0x4A42, 0x2A42, 0x2A42, 0x2A42, 0x2A42, 0x4A42, 0x4A42, 0x4A42, 0x2A42, 0x2A42,
  0x2A42, 0x4A42, 0x2A42, 0x6A42, 0xC831, 0xC410, 0x4A42, 0x4A42, 0x2942, 0x2942, 0x2942, 0x4A42, 0x4A42,
  0xE418, 0xC731, 0x6A42, 0x2A42, 0x4A42, 0x4A42, 0x4A42, 0x4A42, 0x4A42, 0x2A42, 0x2A42, 0x4A42, 0x4A42,
  0x4A42, 0x4A42, 0x4A42, 0x4A42, 0x4A42, 0x2A42, 0x293A, 0x293A, 0x2A42, 0x2A42, 0x2A42, 0x2A42, 0x2A42,
  0x4A42, 0x4A42, 0x2A42, 0x4A42, 0x4A42, 0x4A42, 0x4A42, 0x4A42, 0x4A42, 0x2A42, 0x4A42, 0x2A42, 0x2A42,
  0x2A42, 0x2942, 0x4A42, 0x4A42, 0x2A42, 0x2942, 0x2942, 0x2A42, 0x4A42, 0x4A42, 0x2A42, 0x2942, 0x2942,
  0x4A42, 0x2A42, 0x2942, 0x293A, 0x2A3A, 0x2942, 0x2942, 0x293A, 0x293A, 0x2942, 0x2A42, 0x2A42, 0x2A42,
  0x2A42, 0x2942, 0x6B4A, 0x4521, 0x6629, 0x6A42, 0x293A, 0x2942, 0x2A42, 0x2A42, 0x293A, 0x2942, 0x293A,
  0x093A, 0xE831, 0x6A42, 0xB06B, 0x2942, 0x6108, 0x0000, 0x0000, 0x4108, 0x8631, 0xA631, 0xA731, 0x6A4A,
  0x6629, 0xC318, 0xA731, 0x0000, 0x8208, 0xA210, 0x4108, 0x6108, 0x8210, 0x8210, 0x0000, 0x6529, 0x8A4A,
  0x2942, 0x8A4A, 0x8631, 0x0000, 0x6208, 0x6108, 0x6108, 0x2000, 0x6108, 0xA210, 0x0000, 0xE418, 0x4529,
  0xC318, 0x8A4A, 0x0842, 0xC731, 0x8631, 0x6208, 0x0000, 0x4108, 0x4100, 0x2000, 0x4108, 0x4100, 0x4100,
  0x4100, 0x4100, 0x4100, 0x4100, 0x4100, 0x4100, 0x4100, 0x4100, 0x4100, 0x4100, 0x4100, 0x4108, 0x4100,
  0x4100, 0x4100, 0x4100, 0x4100, 0x4100, 0x4100, 0x2100, 0x2000, 0x4108, 0x6108, 0x0000, 0xE318, 0x0000,
  0x0000, 0xE318, 0x0000, 0x4108, 0x4108, 0x4108, 0x4108, 0x4108, 0x4108, 0x4108, 0x4108, 0x4108, 0x4108,
  0x4108, 0x4108, 0x4108, 0x4108, 0x4108, 0x4108, 0x4108, 0x4108, 0x4108, 0x4108, 0x4108, 0x4108, 0x4108,
  0x4108, 0x2000, 0xA210, 0x4521, 0x0000, 0x2000, 0x0000, 0xE418, 0xA631, 0xA731, 0x2842, 0xE839, 0xA310,
  0xC739, 0x6108, 0x8210, 0x2000, 0x0000, 0x6108, 0x8210, 0x8210, 0x8210, 0x2000, 0x8629, 0x6A4A, 0x083A,
  0x6A4A, 0x0421, 0x0000, 0xA210, 0x8210, 0x8210, 0x4108, 0x0000, 0x6108, 0x6108, 0x8210, 0x4529, 0x6208,
  0xE839, 0xC739, 0x8631, 0x6629, 0x8208, 0x0000, 0x2000, 0x4108, 0x0000, 0x0419, 0x6629, 0x8208, 0xC831,
  0x8729, 0x8629, 0x8729, 0x8729, 0x8729, 0x8729, 0x8629, 0x8629, 0x8729, 0x8729, 0x8729, 0x8729, 0x8629,
  0x8629, 0x8629, 0x6629, 0x6629, 0x6621, 0x6629, 0x6629, 0x6629, 0x6629, 0x6621, 0x6621, 0x6621, 0x6621,
  0x6621, 0x4621, 0x4621, 0x6621, 0x6621, 0x4621, 0x6621, 0x2521, 0x8210, 0x6629, 0x6621, 0x6621, 0x6621,
  0x6621, 0x6621, 0x4621, 0x8210, 0x4521, 0x6629, 0x4521, 0x4521, 0x4621, 0x4621, 0x6621, 0x6621, 0x6621,
  0x6621, 0x6621, 0x4621, 0x4621, 0x4621, 0x4621, 0x4621, 0x6621, 0x6621, 0x4621, 0x4621, 0x4621, 0x4621,
  0x4521, 0x4521, 0x4521, 0x4621, 0x4621, 0x4621, 0x6621, 0x6621, 0x4621, 0x4621, 0x4621, 0x4621, 0x4521,
  0x4521, 0x4521, 0x4621, 0x4621, 0x4621, 0x4621, 0x4621, 0x4521, 0x4521, 0x4521, 0x4521, 0x4521, 0x4621,
  0x4621, 0x6621, 0x6621, 0x6621, 0x4621, 0x4521, 0x4521, 0x4521, 0x4621, 0x6621, 0x6621, 0x6621, 0x6621,
  0x6621, 0x4621, 0x4621, 0x4521, 0x4521, 0x6629, 0xA310, 0xC410, 0x6629, 0x2521, 0x4621, 0x4621, 0x4621,
  0x4621, 0x4521, 0x4621, 0x6629, 0x6629, 0x8B4A, 0xF173, 0xE839, 0x0000, 0x0000, 0x0000, 0xC318, 0xA731,
  0xA631, 0xE839, 0x2842, 0x6208, 0x8629, 0xC310, 0x2000, 0x0000, 0x0000, 0x6108, 0x8210, 0x8208, 0x8210,
  0x0000, 0x4529, 0x8A4A, 0x2942, 0x8A52, 0x8629, 0x0000, 0x8208, 0x8208, 0x6108, 0x4108, 0x0000, 0x0000,
  0x6108, 0x4108, 0x6629, 0xC318, 0xA731, 0x4942, 0xC731, 0xA631, 0xE418, 0x0000, 0x4108, 0x4108, 0x2000,
  0x4108, 0x4108, 0x4108, 0x4108, 0x4100, 0x4100, 0x4100, 0x4108, 0x4108, 0x4108, 0x4108, 0x4100, 0x4100,
  0x4100, 0x4100, 0x4100, 0x4108, 0x4108, 0x4108, 0x4108, 0x4108, 0x4108, 0x4108, 0x2108, 0x4108, 0x6108,
  0x2100, 0x0000, 0xA310, 0x0000, 0x0421, 0x0000, 0x4108, 0x4108, 0x4108, 0x4108, 0x4108, 0x4108, 0x4108,
  0x4108, 0x4108, 0x4108, 0x4108, 0x4108, 0x4108, 0x4108, 0x4108, 0x4108, 0x4108, 0x4108, 0x4108, 0x4108,
  0x4108, 0x4108, 0x4108, 0x4108, 0x2000, 0xA210, 0xE318, 0x0000, 0x2000, 0x2000, 0x2521, 0x8631, 0xC731,
  0x4942, 0x2421, 0x0421, 0xE318, 0x2521, 0xAB52, 0xA631, 0xA210, 0x2000, 0x0000, 0x6108, 0x6108, 0x0000,
  0x8629, 0x8B52, 0x4942, 0xAB52, 0x0419, 0x0000, 0x6108, 0x4108, 0x0000, 0x4108, 0x0419, 0xA731, 0xCB5A,
  0x2521, 0xE418, 0xA310, 0x2421, 0xE839, 0x8631, 0x6629, 0xC318, 0x0000, 0x2000, 0x4108, 0x0000, 0x093A,
  0xF173, 0x0419, 0x8B4A, 0xED52, 0xCC52, 0xCC52, 0xCC52, 0xCC52, 0xCC52, 0xCC52, 0xCC52, 0xCC52, 0xCC52,
  0xCC52, 0xCC52, 0xCC52, 0xCC52, 0xCC52, 0xCC52, 0xCC52, 0xCC52, 0xCC52, 0xCC52, 0xCC52, 0xCC52, 0xCC52,
  0xCC52, 0xCC52, 0xCC52, 0xCC52, 0xCC52, 0xCC52, 0xCC52, 0xCC52, 0xCC52, 0xED52, 0xAC4A, 0x0519, 0xAC4A,
  0x0D53, 0xCC52, 0xCC52, 0xCC52, 0xED52, 0x0D53, 0x2521, 0x6A42, 0x0D5B, 0xCC52, 0xCC52, 0xCC52, 0xCC52,
  0xCC52, 0xCC52, 0xCC52, 0xCC52, 0xCC52, 0xCC52, 0xCC52, 0xCC52, 0xCC52, 0xCC52, 0xCC52, 0xCC52, 0xCC52,
  0xCC52, 0xCC52, 0xCC52, 0xCC52, 0xCC4A, 0xCC52, 0xCC52, 0xCC52, 0xCC52, 0xCC52, 0xCC52, 0xCC52, 0xCC52,
  0xCC52, 0xCC52, 0xCC52, 0xCC4A, 0xCC4A, 0xCC52, 0xCC52, 0xCC52, 0xCC52, 0xCC4A, 0xCC52, 0xCC52, 0xAC4A,
  0xAC4A, 0xCC52, 0xCC52, 0xCC52, 0xCC52, 0xCC52, 0xCC52, 0xCC52, 0xAC4A, 0xAC4A, 0xAC4A, 0xAC4A, 0xAC4A,
  0xAC4A, 0xAC4A, 0xCC4A, 0xCC4A, 0xCC4A, 0xCC4A, 0xCC52, 0xCC52, 0x2E5B, 0x6629, 0xA831, 0x0D5B, 0xAC4A,
  0xCC4A, 0xCC52, 0xCC4A, 0xCC52, 0xCC52, 0xCC52, 0xCC52, 0xCC52, 0x8F6B, 0x2E5B, 0x0421, 0x0000, 0x2000,
  0x0000, 0x2521, 0xA731, 0xA731, 0x0842, 0x4529, 0xC310, 0x2421, 0x2521, 0x8A52, 0xA631, 0xE318, 0x4000,
  0x0000, 0x4108, 0x6108, 0x0000, 0x4529, 0xCB52, 0x6A4A, 0xCB5A, 0x8631, 0x0000, 0x4108, 0x2000, 0x0000,
  0x2000, 0xC318, 0x8629, 0xAB52, 0x2942, 0xC310, 0x4521, 0x0419, 0x4942, 0xC731, 0x8631, 0x2521, 0x4108,
  0x2000, 0x4108, 0x4108, 0x4108, 0x2100, 0x2000, 0x2000, 0x2000, 0x2000, 0x2000, 0x2000, 0x2000, 0x2000,
  0x2000, 0x2000, 0x2000, 0x2000, 0x2000, 0x2000, 0x2000, 0x2000, 0x2000, 0x2000, 0x2000, 0x2000, 0x2000,
  0x6108, 0x8210, 0x8208, 0x8210, 0x0000, 0xC318, 0x0000, 0x6108, 0x8210, 0x0000, 0x2000, 0x2000, 0x2000,
  0x2000, 0x2000, 0x2000, 0x2000, 0x2000, 0x2000, 0x2000, 0x2000, 0x2000, 0x2000, 0x2000, 0x2000, 0x2000,
  0x2000, 0x2000, 0x2000, 0x2000, 0x2000, 0x2000, 0x2000, 0x0000, 0xA210, 0x8208, 0x2000, 0x0000, 0x6108,
  0x6529, 0x8631, 0xC731, 0x0842, 0xE318, 0x2421, 0x8210, 0x083A, 0xAB4A, 0xAB4A, 0xAB52, 0x083A, 0x0421,
  0x6108, 0x0000, 0x4100, 0x4521, 0xA731, 0x0419, 0xC739, 0x4529, 0x4108, 0x2100, 0x8210, 0x8631, 0x8A52,
  0xEC5A, 0xCB52, 0xEC5A, 0x083A, 0xA210, 0x2421, 0xA210, 0xC739, 0x8631, 0x8629, 0x0419, 0x2000, 0x2000,
  0x4108, 0x0000, 0x0519, 0x527C, 0xE839, 0x4A42, 0x2E5B, 0xED52, 0xED52, 0xED52, 0xED52, 0xED52, 0xCC52,
  0xCC52, 0xCC52, 0xCC52, 0xCC52, 0xCC52, 0xCC52, 0xCC52, 0xCC52, 0xCC52, 0xEC52, 0xEC52, 0xEC52, 0xEC52,
  0xEC52, 0xEC52, 0xEC52, 0xEC52, 0xCC52, 0xCC52, 0xCC52, 0xCC52, 0xEC52, 0xEC52, 0xEC52, 0xED52, 0xED52,
  0xCC52, 0x4521, 0xCC52, 0x2E5B, 0xED52, 0xED52, 0xED52, 0xED52, 0x0D53, 0x4521, 0x8B4A, 0x2E5B, 0xED52,
  0xED52, 0xED52, 0xED52, 0xED52, 0xED52, 0xED52, 0xED52, 0xED52, 0xED52, 0xED52, 0xED52, 0xED52, 0xED52,
  0xED52, 0xED52, 0xED52, 0xED52, 0xED52, 0xED52, 0xED52, 0xED52, 0xED52, 0xED52, 0xED52, 0xED52, 0xED52,
  0xED52, 0xED52, 0xED52, 0xED52, 0xED52, 0xED52, 0xED52, 0xED52, 0xED52, 0xED52, 0xED52, 0xED52, 0xED52,
  0xED52, 0xED52, 0xED52, 0xED52, 0xED52, 0xED52, 0xED52, 0xED52, 0xED52, 0xED52, 0xED52, 0xED52, 0xED52,
  0xED52, 0xED52, 0xED52, 0xED52, 0xED52, 0xED52, 0xED52, 0xED52, 0xED52, 0xED52, 0xED52, 0x4E63, 0xA731,
  0x093A, 0x4E5B, 0xED52, 0xED52, 0xED52, 0xED52, 0x0D53, 0x0D5B, 0x0D5B, 0x0D53, 0x0D53, 0x7384, 0xAB4A,
  0x4108, 0x2000, 0x0000, 0x4108, 0x6529, 0xA731, 0xA731, 0x083A, 0xC318, 0x0421, 0xC318, 0xE839, 0xCC52,
  0xCB52, 0xAB52, 0x4942, 0x8629, 0x8210, 0x0000, 0x4108, 0x4521, 0xC731, 0xE318, 0xA731, 0x8631, 0x6108,
  0x2000, 0x6108, 0x6529, 0x4942, 0xAB52, 0xCC5A, 0xAB52, 0xCB52, 0xE418, 0x0421, 0xE418, 0xE839, 0xE839,
  0x8631, 0x4529, 0x6108, 0x0000, 0x4108, 0x2000, 0x4108, 0x4108, 0x4108, 0x4108, 0x4108, 0x4108, 0x4108,
  0x4108, 0x4108, 0x4108, 0x4108, 0x4108, 0x4108, 0x4108, 0x4108, 0x4108, 0x4108, 0x4108, 0x4108, 0x4108,
  0x4108, 0x4108, 0x4108, 0x4108, 0x2100, 0x2000, 0x4108, 0x2000, 0x0000, 0x0000, 0x0000, 0xE318, 0x0000,
  0x4108, 0x2100, 0x2100, 0x2100, 0x2100, 0x2100, 0x2100, 0x2100, 0x2100, 0x2100, 0x2100, 0x2100, 0x2100,
  0x2100, 0x2100, 0x2100, 0x2100, 0x2100, 0x2100, 0x2100, 0x2000, 0x2000, 0x2000, 0x2000, 0xE318, 0x6108,
  0x2000, 0x0000, 0xA210, 0x6629, 0x8629, 0xE839, 0xC731, 0xE318, 0x2421, 0x2421, 0x8B4A, 0x4942, 0x093A,
  0x2942, 0x6A4A, 0x6A4A, 0x083A, 0xC731, 0x8629, 0xC310, 0x0000, 0x4108, 0x0000, 0xE418, 0x4521, 0x4942,
  0xEC5A, 0xEC5A, 0xCB52, 0x6A4A, 0x494A, 0x8A4A, 0xCB52, 0x0421, 0x2421, 0xA210, 0x8629, 0xA731, 0x6629,
  0x2521, 0x6108, 0x0000, 0x4108, 0xA210, 0x0000, 0xC731, 0x083A, 0xE739, 0x694A, 0x2942, 0x4942, 0x2942,
  0x2942, 0x2942, 0x0842, 0x083A, 0x083A, 0x083A, 0xE839, 0xE839, 0xE839, 0xE839, 0xE839, 0x083A, 0x0842,
  0x083A, 0x083A, 0x083A, 0x083A, 0x083A, 0x083A, 0x083A, 0x0842, 0x0842, 0x083A, 0x0842, 0x083A, 0x083A,
  0x083A, 0x083A, 0x083A, 0x0842, 0x4529, 0xE839, 0x2942, 0x0842, 0x083A, 0x083A, 0x2842, 0x2842, 0x4529,
  0xE739, 0x2942, 0x0842, 0x0842, 0x0842, 0x083A, 0x0842, 0x2942, 0x2942, 0x2942, 0x2942, 0x2942, 0x2942,
  0x2942, 0x2942, 0x2942, 0x2942, 0x2942, 0x2942, 0x2942, 0x2942, 0x2942, 0x2942, 0x2942, 0x2942, 0x2942,
  0x2942, 0x2942, 0x2942, 0x2942, 0x2942, 0x2942, 0x2942, 0x2942, 0x2942, 0x2942, 0x2942, 0x2942, 0x2942,
  0x2942, 0x2942, 0x4942, 0x494A, 0x4942, 0x4942, 0x4942, 0x4942, 0x4942, 0x494A, 0x4942, 0x4942, 0x4942,
  0x4942, 0x4942, 0x4942, 0x4942, 0x4942, 0x4942, 0x4942, 0x4942, 0x4942, 0x4942, 0x4942, 0x4942, 0x4942,
  0x494A, 0x8A4A, 0x6629, 0xC731, 0x6A4A, 0x494A, 0x494A, 0x4942, 0x4942, 0x4942, 0x694A, 0x6A4A, 0x6A4A,
  0x6A4A, 0xCB5A, 0xE839, 0x8210, 0x0000, 0x0000, 0x6108, 0x6629, 0xA631, 0xC731, 0xC731, 0xA210, 0x2521,
  0x2521, 0x6A4A, 0x6A4A, 0x2942, 0x494A, 0x8A4A, 0xAB52, 0x8A52, 0xE839, 0x2521, 0xA310, 0x0000, 0x4108,
  0x2000, 0xA210, 0x6629, 0x4942, 0xAB52, 0xCC52, 0xAB52, 0x6A4A, 0x4942, 0x4942, 0xEC5A, 0xA731, 0xE418,
  0x2421, 0x6629, 0x0842, 0x8631, 0x6629, 0x8210, 0x0000, 0x4108, 0x0000, 0x2000, 0x4108, 0x4108, 0x4108,
  0x4108, 0x4108, 0x4108, 0x4108, 0x4108, 0x4108, 0x4108, 0x4108, 0x4108, 0x4108, 0x4108, 0x4108, 0x4108,
  0x4108, 0x4100, 0x4108, 0x4108, 0x4108, 0x4108, 0x2100, 0x2000, 0x2000, 0x2100, 0x2000, 0x0000, 0x0000,
  0x0000, 0x0421, 0x0000, 0x2100, 0x4108, 0x2100, 0x2100, 0x2100, 0x2100, 0x2100, 0x2100, 0x2100, 0x2100,
  0x2100, 0x2100, 0x2100, 0x2100, 0x2100, 0x2100, 0x2100, 0x2100, 0x2100, 0x2100, 0x2000, 0x2000, 0x2000,
  0x2000, 0xC318, 0x6108, 0x2000, 0x0000, 0xC310, 0x6629, 0x8629, 0xE839, 0x8629, 0xE318, 0x0421, 0x8629,
  0x8A4A, 0x8B4A, 0x6A4A, 0x083A, 0xE839, 0xE839, 0x2942, 0x4521, 0xA310, 0x6108, 0x2000, 0xE418, 0x4100,
  0x4108, 0x6108, 0x8631, 0xCB52, 0x6A4A, 0x6A4A, 0x8A4A, 0xCB5A, 0xCB52, 0xAB52, 0x2521, 0xE418, 0xC318,
  0x2521, 0xA731, 0x6629, 0x2521, 0x6108, 0x0000, 0x0000, 0x0419, 0x4108, 0x0000, 0xC218, 0xA210, 0xE318,
  0xC318, 0xC318, 0xC318, 0xC318, 0xC318, 0xC318, 0xE318, 0xE318, 0xE318, 0xE318, 0xE318, 0xE318, 0xE318,
  0xE318, 0xE318, 0xE318, 0xE318, 0xE318, 0xE318, 0xE318, 0xE318, 0xE318, 0xE318, 0xE318, 0xE318, 0xE318,
  0xE318, 0xE318, 0xE318, 0xE318, 0xE318, 0xE318, 0xE318, 0xA210, 0xC218, 0xE318, 0xC318, 0xC318, 0xC318,
  0xE318, 0xE318, 0xA210, 0xC318, 0xE318, 0xC318, 0xC318, 0xC318, 0xC318, 0xC318, 0xC318, 0xC318, 0xC318,
  0xC318, 0xC318, 0xC318, 0xC318, 0xC318, 0xC318, 0xC318, 0xC318, 0xC318, 0xC318, 0xC318, 0xC318, 0xC318,
  0xC318, 0xC318, 0xC318, 0xC318, 0xC318, 0xC318, 0xC318, 0xC318, 0xC318, 0xC318, 0xC318, 0xC318, 0xC318,
  0xC318, 0xC318, 0xC318, 0xC318, 0xC318, 0xC318, 0xC318, 0xC318, 0xC318, 0xC318, 0xC318, 0xC318, 0xC318,
  0xC318, 0xC318, 0xC318, 0xC318, 0xC318, 0xC318, 0xC318, 0xC318, 0xC318, 0xC318, 0xC318, 0xC318, 0xC318,
  0xC318, 0xC318, 0xC318, 0xC318, 0xC318, 0x8210, 0xA218, 0xC318, 0xC318, 0xC318, 0xC318, 0xC318, 0xC318,
  0xC318, 0xC218, 0xC218, 0xC318, 0xC218, 0x4529, 0xA310, 0x0000, 0x0000, 0x8208, 0x8629, 0x8631, 0xC739,
  0x8631, 0xA310, 0x0419, 0x8629, 0xCB52, 0xAB52, 0xAB52, 0x494A, 0x2942, 0x2942, 0x6A4A, 0x6529, 0xC310,
  0x8208, 0x2000, 0xC318, 0x4108, 0x4108, 0xC310, 0x8629, 0xCC52, 0x6A4A, 0x4A4A, 0x8A4A, 0xCB52, 0xCB52,
  0xAB52, 0xE839, 0x0421, 0x2521, 0x0419, 0x2842, 0xA731, 0x6629, 0xA310, 0x0000, 0x4100, 0x2000, 0x0000,
  0x2000, 0x2000, 0x2000, 0x2000, 0x2000, 0x2000, 0x2000, 0x2000, 0x2000, 0x2000, 0x2000, 0x2000, 0x2000,
  0x2000, 0x2000, 0x2000, 0x2000, 0x2000, 0x2000, 0x2000, 0x2000, 0x2000, 0x2000, 0x2000, 0x2000, 0x2000,
  0x0000, 0x0000, 0x0000, 0x0000, 0x6108, 0x6208, 0x0000, 0x0000, 0x2000, 0x4108, 0x2100, 0x2100, 0x2100,
  0x2100, 0x2100, 0x2100, 0x2100, 0x2100, 0x2100, 0x2100, 0x2100, 0x2100, 0x2100, 0x2100, 0x2000, 0x2000,
  0x2000, 0x2000, 0x2000, 0x2000, 0xA310, 0x4108, 0x2000, 0x0000, 0xC310, 0x6629, 0x6629, 0xE839, 0x4521,
  0x0421, 0x2521, 0x0000, 0xA210, 0xE318, 0x6529, 0x0842, 0x2942, 0x6A4A, 0xC731, 0x0000, 0x0000, 0x4100,
  0xAF73, 0x359D, 0x6E63, 0x2000, 0xA210, 0xA210, 0x0842, 0xEC5A, 0xCB52, 0x8A4A, 0xA731, 0x2421, 0xC318,
  0x0000, 0x0421, 0xC318, 0xE418, 0xA731, 0x6529, 0x4521, 0x6108, 0x0000, 0x0000, 0xE418, 0x8210, 0x4108,
  0x0421, 0xA210, 0x4429, 0x2421, 0x2421, 0x0421, 0x2421, 0x2421, 0x2421, 0x0421, 0x0421, 0x2421, 0x0421,
  0x0421, 0x0421, 0x0421, 0x0421, 0x2421, 0x2421, 0x2421, 0x2421, 0x2421, 0x2421, 0x2421, 0x2421, 0x2421,
  0x2421, 0x2421, 0x2421, 0x2421, 0x2421, 0x2421, 0x2421, 0x2421, 0x2421, 0x4529, 0xA210, 0xE318, 0x4529,
  0x2421, 0x2421, 0x2421, 0x2421, 0x2421, 0xA210, 0x0421, 0x2421, 0x2421, 0x2421, 0x2421, 0x2421, 0x2421,
  0x2421, 0x2421, 0x2421, 0x2421, 0x2421, 0x2421, 0x2421, 0x2421, 0x2421, 0x2421, 0x2421, 0x2421, 0x2421,
  0x2421, 0x2421, 0x2421, 0x2421, 0x2421, 0x2421, 0x2421, 0x2421, 0x2421, 0x2421, 0x2421, 0x2421, 0x2421,
  0x2421, 0x2421, 0x2421, 0x2421, 0x2421, 0x2421, 0x2421, 0x2421, 0x2421, 0x2421, 0x2421, 0x2421, 0x2421,
  0x2421, 0x2421, 0x2421, 0x2421, 0x2421, 0x2421, 0x2421, 0x2421, 0x2421, 0x2421, 0x2421, 0x2421, 0x2421,
  0x2421, 0x2421, 0x2421, 0x2421, 0x2421, 0x2421, 0x2421, 0x2421, 0xA210, 0xE318, 0x2421, 0x2421, 0x2421,
  0x2421, 0x2421, 0x2421, 0x2421, 0x2421, 0x0421, 0x4529, 0x6529, 0x6629, 0x6108, 0x0000, 0x0000, 0x8210,
  0x6629, 0x8629, 0xC739, 0x4529, 0xC318, 0x4521, 0x2108, 0x8210, 0x2521, 0x083A, 0x8A4A, 0x8A4A, 0xAB52,
  0xA731, 0x6108, 0xA210, 0x4108, 0x8E6B, 0xF49C, 0xAF73, 0xA310, 0x4108, 0x2000, 0x083A, 0x0D5B, 0xEC5A,
  0xCB52, 0xC739, 0xE318, 0xC318, 0x2100, 0x0419, 0x6529, 0xC318, 0x083A, 0xA731, 0x6629, 0xC310, 0x0000,
  0x4100, 0x2000, 0x0000, 0x2100, 0x2000, 0x2000, 0x2000, 0x2000, 0x2000, 0x2000, 0x2000, 0x2000, 0x2000,
  0x2000, 0x2000, 0x2000, 0x2000, 0x2000, 0x2000, 0x2000, 0x2000, 0x2000, 0x2000, 0x2000, 0x2000, 0x2000,
  0x2000, 0x2000, 0x2000, 0x0000, 0x0000, 0x0000, 0x0000, 0x0000, 0x8210, 0x0000, 0x0000, 0x0000, 0x4100,
  0x2100, 0x2100, 0x2100, 0x2100, 0x2100, 0x2100, 0x2100, 0x2100, 0x2100, 0x2100, 0x2100, 0x2100, 0x2100,
  0x2100, 0x2000, 0x2000, 0x2000, 0x2000, 0x2000, 0x4108, 0xC310, 0x4100, 0x2000, 0x0000, 0xC310, 0x4529,
  0x6529, 0xC731, 0x2421, 0x2421, 0xE418, 0x2000, 0xC739, 0x8208, 0x4108, 0x6108, 0x0419, 0xA731, 0x6629,
  0x8210, 0x0000, 0x083A, 0xD494, 0x75A5, 0xB38C, 0xC731, 0x0000, 0xA310, 0xE839, 0xE739, 0x2421, 0x6108,
  0x2000, 0x6529, 0x4942, 0x0000, 0xC318, 0xC318, 0xE318, 0x8631, 0x4529, 0x2521, 0x6108, 0x0000, 0x0000,
  0xE318, 0x0419, 0x4108, 0x4529, 0xC318, 0xC318, 0xC318, 0xC318, 0xC318, 0xC318, 0xC318, 0xC318, 0xC318,
  0xE318, 0xE318, 0xE318, 0xE318, 0xE318, 0xE318, 0xC318, 0xE318, 0xE318, 0xE318, 0xE318, 0xE318, 0xE318,
  0xE318, 0xE318, 0xE318, 0xE318, 0xE318, 0xE318, 0xE318, 0xE318, 0xE318, 0xE318, 0xE318, 0xE318, 0x0421,
  0xC318, 0xC318, 0xE318, 0xE318, 0xE318, 0xE318, 0xE318, 0xE318, 0xA210, 0xE318, 0xE318, 0xE318, 0xE318,
  0xE318, 0xE318, 0xE318, 0xE318, 0xE318, 0xE318, 0xE318, 0xE318, 0xE318, 0xE318, 0xE318, 0xE318, 0xE318,
  0xE318, 0xE318, 0xE318, 0xE318, 0xE318, 0xE318, 0xE318, 0xE318, 0xE318, 0xE318, 0xE318, 0xE318, 0xE318,
  0xE318, 0xE318, 0xE318, 0xE318, 0xE318, 0xE318, 0xE318, 0xE318, 0xE318, 0xE318, 0xE318, 0xE318, 0xE318,
  0xE318, 0xE318, 0xE318, 0xE318, 0xE318, 0xE318, 0xE318, 0xE318, 0xE318, 0xE318, 0xE318, 0xE318, 0xE318,
  0xE318, 0xE318, 0xE318, 0xE318, 0xE318, 0xE318, 0xE318, 0xE318, 0xE318, 0xE318, 0xE318, 0xA210, 0xC318,
  0x0421, 0xE318, 0xE318, 0xE318, 0xE318, 0xE318, 0xE318, 0xE318, 0xE318, 0x4529, 0x6529, 0x4521, 0x4108,
  0x0000, 0x0000, 0x8210, 0x4529, 0x6629, 0xC731, 0x2521, 0xC310, 0x0421, 0x0000, 0x8631, 0x8210, 0x0000,
  0x8208, 0x0421, 0xE839, 0xE739, 0x8208, 0x0000, 0xA731, 0xB394, 0x3184, 0x1184, 0x2842, 0x0000, 0x2421,
  0x4942, 0x4942, 0x4521, 0x8210, 0x4100, 0xA210, 0x083A, 0x8208, 0xA210, 0x6529, 0xC318, 0xE839, 0xA731,
  0x6629, 0xC310, 0x0000, 0x2000, 0x2000, 0x0000, 0x2000, 0x2000, 0x2000, 0x2000, 0x2000, 0x2000, 0x2000,
  0x2000, 0x2000, 0x2000, 0x2000, 0x2000, 0x2000, 0x2000, 0x2000, 0x2000, 0x2000, 0x2000, 0x2000, 0x2000,
  0x2000, 0x2000, 0x2000, 0x2000, 0x2100, 0x0000, 0x2000, 0x0000, 0x0000, 0x0000, 0x0000, 0x0000, 0x0000,
  0x4108, 0xC318, 0x0000, 0x4108, 0x4100, 0x2100, 0x2100, 0x2100, 0x2100, 0x2100, 0x2100, 0x2100, 0x2100,
  0x2100, 0x2100, 0x2000, 0x2000, 0x2000, 0x2000, 0x2000, 0x2000, 0x2000, 0x6108, 0xC318, 0x2000, 0x2000,
  0x0000, 0xC310, 0x4521, 0x2521, 0xA731, 0x2521, 0x2421, 0xE318, 0x4000, 0x2942, 0x2942, 0x0C63, 0x6108,
  0x0000, 0x0000, 0xE318, 0x4521, 0x0000, 0xC731, 0x5284, 0x8F6B, 0x5284, 0xA731, 0x2100, 0x8629, 0xC318,
  0x0000, 0x0000, 0x4108, 0x4942, 0x8B52, 0xAB52, 0x0000, 0xC318, 0xC318, 0xE318, 0x8629, 0x2521, 0x0421,
  0x6108, 0x0000, 0x0000, 0xA210, 0x6621, 0x8210, 0x2421, 0x2421, 0x2421, 0x2421, 0x2421, 0x2421, 0x2421,
  0x2421, 0x2421, 0x2421, 0x2421, 0x2421, 0x2421, 0x2421, 0x2421, 0x2421, 0x2421, 0x2421, 0x2421, 0x2421,
  0x2421, 0x2421, 0x2421, 0x2421, 0x2421, 0x2421, 0x2421, 0x2421, 0x2421, 0x2421, 0x2421, 0x2421, 0x2421,
  0x2421, 0x2421, 0x2421, 0x2421, 0x2421, 0x2421, 0x2421, 0x2421, 0x2421, 0x2421, 0x2421, 0x2421, 0x2421,
  0x2421, 0x2421, 0x2421, 0x2421, 0x2421, 0x2421, 0x2421, 0x2421, 0x2421, 0x2421, 0x2421, 0x2421, 0x2421,
  0x2421, 0x2421, 0x2421, 0x2421, 0x2421, 0x2421, 0x2421, 0x2421, 0x2421, 0x2421, 0x2421, 0x2421, 0x2421,
  0x2421, 0x2421, 0x2421, 0x2421, 0x2421, 0x2421, 0x2421, 0x2421, 0x2421, 0x2421, 0x2421, 0x2421, 0x2421,
  0x2421, 0x2421, 0x2421, 0x2421, 0x2421, 0x2421, 0x2421, 0x2421, 0x2421, 0x2421, 0x2421, 0x2421, 0x2421,
  0x2421, 0x2421, 0x2421, 0x2421, 0x2421, 0x2421, 0x2421, 0x2421, 0x2421, 0x2421, 0x2421, 0x2421, 0x2421,
  0x2421, 0xC318, 0x0421, 0x2421, 0x0421, 0x2421, 0x2421, 0x2421, 0x2421, 0x2421, 0x2421, 0x2421, 0x6529,
  0xA210, 0xA310, 0x4108, 0x0000, 0x0000, 0x8210, 0x2521, 0x4521, 0xA731, 0x2521, 0xC318, 0x0421, 0x0000,
  0xAB52, 0xC739, 0x0000, 0x0000, 0x0000, 0x0000, 0x4521, 0xC731, 0x2000, 0x2421, 0x8E6B, 0xEC5A, 0xAF73,
  0xA731, 0x4100, 0x4529, 0x0421, 0x2000, 0x0000, 0x0000, 0xA731, 0x8A4A, 0x8A4A, 0xA210, 0x8210, 0x4529,
  0xE418, 0xE739, 0x8629, 0x4529, 0xC310, 0x0000, 0x2000, 0x2000, 0x2000, 0x2000, 0x2000, 0x2000, 0x2000,
  0x2000, 0x2000, 0x2000, 0x2000, 0x2000, 0x2000, 0x2000, 0x2000, 0x2000, 0x2000, 0x2000, 0x2000, 0x2000,
  0x2000, 0x2000, 0x2000, 0x2000, 0x2000, 0x2000, 0x2100, 0x2000, 0x0000, 0x2000, 0x0000, 0x0000, 0x0000,
  0x0000, 0x0000, 0x0000, 0x0000, 0x0421, 0x0000, 0x0000, 0x2000, 0x4100, 0x4100, 0x4100, 0x4100, 0x4100,
  0x2100, 0x2100, 0x2100, 0x2100, 0x2000, 0x2000, 0x2000, 0x2000, 0x2000, 0x2000, 0x2000, 0x2000, 0x6108,
  0xE318, 0x2000, 0x2000, 0x0000, 0xA310, 0x2521, 0x2421, 0x8629, 0x4521, 0x0421, 0x2421, 0x2000, 0xE839,
  0xC731, 0xAF73, 0x4521, 0x0000, 0x0000, 0xA210, 0xA631, 0xE418, 0x0000, 0x8A4A, 0x107C, 0xEC5A, 0x4108,
  0x0421, 0x2942, 0x0421, 0x2000, 0x6108, 0x0421, 0x8B52, 0x2942, 0x6A4A, 0x0000, 0xE418, 0xC318, 0xE418,
  0x6629, 0x2421, 0x0419, 0x4108, 0x0000, 0x0000, 0x8208, 0x8629, 0x0419, 0xA210, 0x6108, 0x0421, 0xC318,
  0xE318, 0xC318, 0xC318, 0xC318, 0xC318, 0xC318, 0xC318, 0xC318, 0xC318, 0xC318, 0xC318, 0xC318, 0xC318,
  0xC318, 0xC318, 0xC318, 0xC318, 0xC318, 0xC318, 0xC318, 0xC318, 0xC318, 0xC318, 0xE318, 0xC318, 0xC318,
  0xC318, 0xC318, 0xC318, 0xE318, 0xE318, 0xE318, 0xE318, 0xC318, 0xE318, 0xE318, 0xC318, 0xE318, 0xE318,
  0xE318, 0xE318, 0xE318, 0xE318, 0xE318, 0xE318, 0xE318, 0xE318, 0xE318, 0xE318, 0xE318, 0xE318, 0xE318,
  0xE318, 0xE318, 0xE318, 0xE318, 0xE318, 0xE318, 0xE318, 0xE318, 0xE318, 0xE318, 0xE318, 0xE318, 0xE318,
  0xE318, 0xE318, 0xE318, 0xE318, 0xE318, 0xE318, 0xE318, 0xE318, 0xE318, 0xE318, 0xE318, 0xE318, 0xE318,
  0xE318, 0xE318, 0xE318, 0xC318, 0xC318, 0xC318, 0xC318, 0xE318, 0xE318, 0xE318, 0xE318, 0xE318, 0xE318,
  0xE318, 0xC318, 0xE318, 0xC318, 0xC318, 0xC318, 0xC318, 0xC318, 0xC318, 0xC318, 0xC318, 0xC318, 0xC318,
  0xC318, 0xC318, 0xE318, 0xE318, 0x8108, 0xC318, 0xC318, 0xC318, 0xC318, 0xC318, 0xC318, 0xE318, 0xC318,
  0xE318, 0xC318, 0x2421, 0x6108, 0xE418, 0x4100, 0x0000, 0x0000, 0x8208, 0x2521, 0x0421, 0x6629, 0x4521,
  0xC318, 0x4521, 0x0000, 0x2942, 0x0942, 0xE418, 0x8208, 0x6108, 0x0000, 0xE318, 0xC731, 0xC318, 0x0000,
  0xE739, 0x8E6B, 0x6A4A, 0x0000, 0x6108, 0x8A4A, 0x2421, 0x0000, 0x6208, 0x2100, 0xE839, 0x083A, 0x6A4A,
  0x8210, 0xA210, 0x4529, 0x0421, 0xA731, 0x6529, 0x4521, 0xA210, 0x0000, 0x2000, 0x2000, 0x0000, 0x2000,
  0x2000, 0x2000, 0x2000, 0x2000, 0x2000, 0x2000, 0x2000, 0x2000, 0x2000, 0x2000, 0x2000, 0x2000, 0x2000,
  0x2000, 0x2000, 0x2100, 0x2100, 0x2100, 0x2100, 0x2100, 0x2100, 0x2100, 0x2000, 0x0000, 0xC318, 0x0000,
  0x0000, 0x0000, 0x0000, 0x0000, 0x0000, 0x0000, 0x0000, 0x0000, 0x4521, 0x4108, 0x0000, 0x0000, 0x0000,
  0x0000, 0x0000, 0x0000, 0x0000, 0x2000, 0x2000, 0x2000, 0x4000, 0x2000, 0x2000, 0x4100, 0x2100, 0x2000,
  0x2100, 0x2000, 0x4108, 0xC310, 0x2000, 0x2000, 0x0000, 0x8210, 0x2521, 0x0421, 0x4521, 0x6529, 0xE318,
  0x6629, 0x0000, 0xC739, 0x8629, 0x6E6B, 0x0C5B, 0x0000, 0x0000, 0x6529, 0x0C5B, 0x8629, 0x6108, 0x0000,
  0x0421, 0x4108, 0xA210, 0x2521, 0x6A4A, 0xE739, 0x0000, 0x0000, 0xA731, 0x8A4A, 0x6A4A, 0x2942, 0x0000,
  0x4521, 0xC310, 0x0421, 0x4529, 0x0421, 0x0419, 0x4108, 0x0000, 0x0000, 0x8208, 0x8629, 0x2521, 0xE318,
  0x6108, 0xE318, 0xC318, 0xC318, 0xC318, 0xC318, 0xC318, 0xC318, 0xC318, 0xC318, 0xC318, 0xC318, 0xC318,
  0xC318, 0xC318, 0xC318, 0xC318, 0xC318, 0xC318, 0xC318, 0xC318, 0xC318, 0xC318, 0xC318, 0xC318, 0xC318,
  0xC318, 0xC318, 0xC318, 0xC318, 0xC318, 0xC318, 0xC318, 0xC318, 0xC318, 0xC318, 0xC318, 0xC318, 0xC318,
  0xC318, 0xC318, 0xC318, 0xC318, 0xC318, 0xC318, 0xC318, 0xC318, 0xC318, 0xC318, 0xC318, 0xC318, 0xC318,
  0xC318, 0xC318, 0xC318, 0xC318, 0xC318, 0xC318, 0xC318, 0xC318, 0xC318, 0xC318, 0xC318, 0xC318, 0xC318,
  0xC318, 0xC318, 0xC318, 0xC318, 0xC318, 0xC318, 0xC318, 0xC318, 0xC318, 0xC318, 0xC318, 0xC318, 0xC318,
  0xC318, 0xC318, 0xC318, 0xC318, 0xC318, 0xC318, 0xC318, 0xC318, 0xC318, 0xC318, 0xC318, 0xC318, 0xC318,
  0xC318, 0xC318, 0xC318, 0xC318, 0xC318, 0xC318, 0xC318, 0xC318, 0xC318, 0xC318, 0xC318, 0xC318, 0xC318,
  0xC318, 0xC318, 0xC318, 0xC318, 0xC318, 0xC318, 0xC210, 0x6108, 0xC318, 0xC318, 0xC318, 0xC318, 0xC318,
  0xC318, 0xC318, 0xC318, 0xC318, 0xC318, 0x0421, 0x8210, 0x0519, 0x2000, 0x2000, 0x0000, 0x6208, 0x2521,
  0x0421, 0x2421, 0x6629, 0xA210, 0x6629, 0x0000, 0xC739, 0x4A4A, 0x6629, 0x2521, 0x4108, 0x0000, 0xE318,
  0xCB52, 0x2842, 0x8210, 0x0000, 0xA310, 0x4100, 0x8210, 0xA210, 0x083A, 0xEC5A, 0x0000, 0x0000, 0x4100,
  0x0842, 0xE839, 0x8A52, 0x2000, 0xE318, 0x2521, 0x2421, 0x8629, 0x2521, 0x2521, 0x8210, 0x0000, 0x2000,
  0x2000, 0x2000, 0x2000, 0x2100, 0x2100, 0x2100, 0x2100, 0x2100, 0x2100, 0x2000, 0x2000, 0x2000, 0x2000,
  0x2000, 0x2000, 0x0000, 0x0000, 0x0000, 0x0000, 0x0000, 0x0000, 0x0000, 0x0000, 0x0000, 0x0000, 0x0000,
  0xE318, 0x2000, 0x0000, 0x0000, 0x0000, 0x0000, 0x0000, 0x0000, 0x0000, 0x0000, 0x0000, 0x0000, 0x2000,
  0xA210, 0xE318, 0xC318, 0xA210, 0x8210, 0x4108, 0x6108, 0x4108, 0x0000, 0x0000, 0x0000, 0x0000, 0x0000,
  0x0000, 0x0000, 0x0000, 0x2000, 0x0000, 0x2000, 0xA210, 0x0000, 0x0000, 0x0000, 0x6108, 0x0419, 0x0419,
  0x0419, 0x8629, 0xC310, 0x8631, 0x2000, 0xE418, 0xC739, 0x494A, 0x35A5, 0x8208, 0xA210, 0xEC5A, 0x0419,
  0xA210, 0x6529, 0x0419, 0xA731, 0xA631, 0x0421, 0x6108, 0x8208, 0xAA52, 0x4529, 0x0000, 0xCB5A, 0x2942,
  0xCB5A, 0x6529, 0x0000, 0xA631, 0x8210, 0x4529, 0x0421, 0x0419, 0xE318, 0x2000, 0x2000, 0x0000, 0x8208,
  0x6629, 0x4529, 0x2421, 0xA218, 0xE318, 0xE318, 0xE318, 0xE318, 0xE318, 0xE318, 0xE318, 0xE318, 0xE318,
  0xE318, 0xE318, 0xE318, 0xE318, 0xE318, 0xE318, 0xE318, 0xE318, 0xE318, 0xE318, 0xE318, 0xE318, 0xE318,
  0xE318, 0xE318, 0xE318, 0xE318, 0xE318, 0xE318, 0xE318, 0xE318, 0xE318, 0xE318, 0xE318, 0xE318, 0xE318,
  0xE318, 0xE318, 0xE318, 0xE318, 0xE318, 0xE318, 0xE318, 0xE318, 0xE318, 0xE318, 0xE318, 0xE318, 0xE318,
  0xE318, 0xE318, 0xE318, 0xE318, 0xE318, 0xE318, 0xE318, 0xE318, 0xE318, 0xE318, 0xE318, 0xE318, 0xE318,
  0xE318, 0xE318, 0xE318, 0xE318, 0xE318, 0xE318, 0xE318, 0xE318, 0xE318, 0xE318, 0xE318, 0xE318, 0xE318,
  0xE318, 0xE318, 0xE318, 0xE318, 0xE318, 0xE318, 0xE318, 0xE318, 0xE318, 0xE318, 0xE318, 0xE318, 0xE318,
  0xE318, 0xE318, 0xE318, 0xE318, 0xE318, 0xE318, 0xE318, 0xE318, 0xE318, 0xE318, 0xE318, 0xE318, 0xE318,
  0xE318, 0xE318, 0xE318, 0xE318, 0xE318, 0xE318, 0xE318, 0xE318, 0xE318, 0xE318, 0xC318, 0x0421, 0x0421,
  0xE318, 0x0319, 0x0421, 0x0421, 0x0421, 0x0421, 0xE318, 0x2421, 0xE318, 0xA310, 0x4521, 0x2000, 0x2000,
  0x0000, 0x6108, 0x2421, 0x0421, 0xE418, 0x8629, 0xA210, 0x6629, 0x6208, 0x8210, 0xCC52, 0x6629, 0x2942,
  0x6108, 0x8210, 0xEB5A, 0x6629, 0x0419, 0x8631, 0x8631, 0x6529, 0xA731, 0x8631, 0x8210, 0x0000, 0x6A4A,
  0x2842, 0x0000, 0x4529, 0x4942, 0x8A4A, 0x0842, 0x0000, 0x4529, 0xC318, 0x4529, 0x4521, 0x0421, 0x0421,
  0x6208, 0x0000, 0x0000, 0x0000, 0x2000, 0x0000, 0x2000, 0x2000, 0x0000, 0x0000, 0x0000, 0x0000, 0x0000,
  0x0000, 0x0000, 0x0000, 0x0000, 0x2000, 0x4108, 0x6108, 0x4108, 0x6108, 0x8210, 0x4108, 0x4108, 0xC210,
  0xC318, 0x2100, 0x0000, 0x0000, 0x0000, 0x0000, 0x0000, 0x0000, 0x0000, 0x0000, 0x0000, 0x0000, 0x0000,
  0x0000, 0x0000, 0x0000, 0x0000, 0x0000, 0x0000, 0x0000, 0x4108, 0x6108, 0xC318, 0x8210, 0x6108, 0x6529,
  0x2421, 0x6108, 0x6108, 0x2421, 0xA210, 0x2000, 0x2000, 0x6108, 0x2000, 0x2100, 0x0000, 0x0000, 0x0000,
  0x0000, 0xE418, 0x0421, 0xE318, 0x6629, 0xE318, 0x2521, 0x2421, 0x0000, 0x494A, 0xE841, 0x6E6B, 0xE839,
  0x6A4A, 0x2521, 0x8208, 0xC310, 0xA731, 0xE318, 0x2000, 0xE418, 0x083A, 0xC310, 0x6208, 0xC318, 0x8A52,
  0x6529, 0x0842, 0xAA52, 0x0C5B, 0x2000, 0xE418, 0x2521, 0xA310, 0x6629, 0xE318, 0x0419, 0xC310, 0x2000,
  0x2000, 0x0000, 0x8208, 0xA731, 0x4529, 0xC318, 0xC310, 0xA210, 0xA210, 0xA210, 0xA210, 0xA210, 0x8210,
  0x8210, 0x8210, 0x8210, 0x8210, 0x8210, 0x8210, 0x8210, 0x8210, 0x8210, 0x8210, 0x8210, 0x8210, 0x8210,
  0x8210, 0x8210, 0x8210, 0x8210, 0x8210, 0x8210, 0x8210, 0x8210, 0x8210, 0x8210, 0x8210, 0x8210, 0x8210,
  0x8210, 0x8210, 0x8210, 0x6108, 0x6108, 0x6108, 0x6108, 0x6108, 0x6108, 0x6108, 0x6108, 0x4108, 0x6108,
  0x6108, 0x6108, 0x6108, 0x6108, 0x4108, 0x4108, 0x4108, 0x4108, 0x4108, 0x4108, 0x4108, 0x4108, 0x4108,
  0x4108, 0x4108, 0x4108, 0x4108, 0x4108, 0x4108, 0x4108, 0x4108, 0x4108, 0x4108, 0x4108, 0x4108, 0x4108,
  0x4108, 0x4108, 0x4108, 0x4108, 0x4108, 0x4108, 0x4108, 0x4108, 0x4108, 0x4108, 0x4108, 0x4108, 0x4108,
  0x4108, 0x4108, 0x4108, 0x4108, 0x4108, 0x4108, 0x4108, 0x4108, 0x4108, 0x4108, 0x4108, 0x4108, 0x4108,
  0x4108, 0x4108, 0x4108, 0x4108, 0x4108, 0x4108, 0x4108, 0x4108, 0x4108, 0x4108, 0x4108, 0x4108, 0x4108,
  0x4108, 0x4108, 0x4108, 0x4108, 0x4108, 0x4108, 0x4108, 0x6108, 0x6108, 0x4108, 0x6108, 0x2000, 0x0419,
  0x4521, 0x0000, 0x0000, 0x2000, 0x2000, 0xE418, 0x2521, 0xE318, 0x6629, 0x2521, 0xC318, 0x8629, 0x0000,
  0x6A4A, 0x6A4A, 0x8631, 0x6108, 0x6A4A, 0xC731, 0x6208, 0x8208, 0x6A4A, 0x6529, 0x6108, 0xC318, 0xC739,
  0x0419, 0x2100, 0x6108, 0x8A52, 0x2521, 0x4529, 0xCB52, 0x4D63, 0xA210, 0x6108, 0x6529, 0x8210, 0x8629,
  0x0421, 0x0419, 0x0419, 0x2000, 0x0000, 0x0000, 0x0000, 0x0000, 0x2000, 0x2000, 0x2000, 0x6108, 0x8210,
  0x2421, 0x6108, 0x2000, 0xA210, 0x0421, 0xC731, 0xA310, 0x2000, 0xC318, 0xE318, 0x4108, 0x4108, 0x6108,
  0x0000, 0x0000, 0x0000, 0x0000, 0x0000, 0x0000, 0x0000, 0x0000, 0x0000, 0x0000, 0x0000, 0x0000, 0x0000,
  0x0000, 0x0000, 0x0000, 0x0000, 0x0000, 0x0000, 0x0000, 0x0000, 0x0000, 0x0000, 0x0000, 0x0000, 0x0000,
  0x0000, 0x0000, 0x0000, 0x0000, 0x0000, 0x0000, 0x4000, 0x2000, 0x0000, 0x0000, 0x2000, 0xA210, 0xC210,
  0xE318, 0xC318, 0x6108, 0xE318, 0xA210, 0x2421, 0xE318, 0x0421, 0x8631, 0xA210, 0xE739, 0x0000, 0x0421,
  0xEC5A, 0xC318, 0x694A, 0x8629, 0xA210, 0xA310, 0x4521, 0xC318, 0x0421, 0x8631, 0xA210, 0x6529, 0x083A,
  0x6208, 0x6208, 0x2521, 0xAA52, 0xC310, 0x2D63, 0xC739, 0x0000, 0xA731, 0x8208, 0x4529, 0x2421, 0xC318,
  0xE418, 0x8210, 0x0000, 0x0000, 0x0000, 0x2100, 0x0421, 0xE318, 0x8208, 0xA210, 0x8210, 0x8208, 0x8208,
  0x8208, 0x8208, 0x6208, 0x6208, 0x6208, 0x6208, 0x6208, 0x6108, 0x6208, 0x6208, 0x6208, 0x6208, 0x6208,
  0x6208, 0x6208, 0x6208, 0x6208, 0x6208, 0x8208, 0x8208, 0x8208, 0x8208, 0x8208, 0x8208, 0x4100, 0x0000,
  0x0000, 0x0000, 0x0000, 0x0000, 0x0000, 0x0000, 0x2000, 0x8208, 0x6208, 0x6108, 0x6108, 0x6108, 0x6108,
  0x6108, 0x6108, 0x4108, 0x4100, 0x4100, 0x2100, 0x2000, 0x2100, 0x4100, 0x4100, 0x4100, 0x4100, 0x4100,
  0x4100, 0x4100, 0x4100, 0x4100, 0x2100, 0x2100, 0x2000, 0x2100, 0x4100, 0x2100, 0x2000, 0x2000, 0x2000,
  0x2100, 0x2000, 0x2000, 0x2000, 0x2000, 0x2000, 0x2000, 0x2000, 0x2000, 0x2000, 0x2000, 0x2000, 0x0000,
  0x2000, 0x2000, 0x2000, 0x2000, 0x2000, 0x2000, 0x0000, 0x0000, 0x0000, 0x0000, 0x0000, 0x0000, 0x0000,
  0x0000, 0x0000, 0x0000, 0x0000, 0x0000, 0x0000, 0x0000, 0x0000, 0x0000, 0x0000, 0x0000, 0x0000, 0x0000,
  0x0000, 0x2000, 0x2000, 0x0000, 0x0000, 0x2000, 0x2000, 0x0000, 0x0000, 0x0000, 0x0000, 0x0000, 0x0000,
  0x0000, 0x2100, 0x8208, 0x8208, 0x0000, 0x2000, 0x2000, 0x0000, 0xA310, 0x2521, 0xE418, 0x0419, 0xE839,
  0x6108, 0x8631, 0xA210, 0xC318, 0x0C5B, 0x6108, 0xC739, 0x2942, 0x6208, 0x8208, 0xA731, 0x8631, 0xE318,
  0x8631, 0x2521, 0xE418, 0xC739, 0xA210, 0x4100, 0xC310, 0xAB52, 0x8210, 0xCB5A, 0xAA52, 0x0000, 0x8631,
  0xC310, 0x0421, 0x6629, 0xE418, 0x0421, 0x6208, 0x4108, 0xA210, 0xC318, 0xE318, 0x0421, 0xC318, 0x0000,
  0x0000, 0x2000, 0x2000, 0x4108, 0x0000, 0x0000, 0x0000, 0x0000, 0x0000, 0x0000, 0x0000, 0x0000, 0x0000,
  0x0000, 0x0000, 0x0000, 0x0000, 0x0000, 0x0000, 0x0000, 0x0000, 0x0000, 0x0000, 0x0000, 0x0000, 0x0000,
  0x0000, 0x0000, 0x0000, 0x0000, 0x0000, 0x0000, 0x0000, 0x0000, 0x0000, 0x0000, 0x0000, 0x0000, 0x0000,
  0x0000, 0x0000, 0x0000, 0x0000, 0x0000, 0x0000, 0x0000, 0x0000, 0x0000, 0x0000, 0x0000, 0x0000, 0x0000,
  0x0000, 0x0000, 0x0000, 0x0000, 0x0000, 0x0000, 0xE318, 0x6208, 0xE418, 0xE418, 0xC310, 0xA731, 0x2421,
  0x4521, 0x6629, 0x0000, 0xC310, 0x2942, 0xE739, 0xA310, 0xC310, 0x8629, 0x6629, 0xC739, 0x8E73, 0x6E6B,
  0x6D6B, 0x8631, 0x0842, 0x6629, 0x6208, 0x8210, 0xC739, 0xE839, 0x0419, 0x0000, 0x4529, 0x2521, 0xE318,
  0xC731, 0xC318, 0xE318, 0xE418, 0x4108, 0x0000, 0x4108, 0xC210, 0x8108, 0x0000, 0x4108, 0x8210, 0x0000,
  0x0000, 0x0000, 0x0000, 0x0000, 0x0000, 0x0000, 0x0000, 0x0000, 0x0000, 0x0000, 0x0000, 0x0000, 0x0000,
  0x0000, 0x0000, 0x0000, 0x0000, 0x0000, 0x0000, 0x0000, 0x0000, 0x0000, 0x0000, 0x0000, 0x0000, 0x0000,
  0x0000, 0x8210, 0x8631, 0x4529, 0x4529, 0x4529, 0x4529, 0x6529, 0x4529, 0x4529, 0x4108, 0x2000, 0x2000,
  0x2000, 0x2000, 0x2000, 0x2000, 0x2000, 0x2000, 0x2000, 0x2000, 0x2000, 0x2000, 0x2000, 0x2000, 0x2000,
  0x2000, 0x2000, 0x2000, 0x2000, 0x2000, 0x2000, 0x2000, 0x2000, 0x2000, 0x2000, 0x2000, 0x2000, 0x2000,
  0x2000, 0x2000, 0x2000, 0x2000, 0x2000, 0x2000, 0x2000, 0x2000, 0x2000, 0x2000, 0x2000, 0x2000, 0x2000,
  0x2000, 0x2000, 0x0000, 0x2000, 0x2000, 0x2000, 0x2000, 0x2000, 0x0000, 0x0000, 0x0000, 0x0000, 0x0000,
  0x0000, 0x0000, 0x0000, 0x2000, 0x2000, 0x0000, 0x0000, 0x0000, 0x0000, 0x0000, 0x0000, 0x0000, 0x0000,
  0x0000, 0x0000, 0x0000, 0x2000, 0x2000, 0x2000, 0x2000, 0x2000, 0x2000, 0x2000, 0x2000, 0x2000, 0x2000,
  0x2000, 0x0000, 0x0000, 0x0000, 0x2000, 0x0000, 0x2000, 0xA210, 0x0000, 0x4100, 0x0000, 0x6108, 0x0421,
  0x0419, 0xC310, 0xC731, 0x8631, 0xC318, 0xC731, 0x0000, 0x6108, 0x2421, 0x494A, 0xC310, 0x6208, 0x4521,
  0x083A, 0x2521, 0x2D63, 0x4D63, 0x6E6B, 0xE839, 0x0421, 0xA731, 0x6108, 0x4100, 0x8629, 0x2942, 0xE318,
  0x4108, 0xE318, 0x6629, 0x8210, 0xC731, 0x0419, 0xE418, 0x0419, 0x2100, 0xC318, 0x0000, 0x0000, 0x0000,
  0x0000, 0x0000, 0x0000, 0x0000, 0x0000, 0x0000, 0x0000, 0x0000, 0x0000, 0x0000, 0x0000, 0x0000, 0x0000,
  0x0000, 0x0000, 0x0000, 0x0000, 0x0000, 0x0000, 0x0000, 0x0000, 0x0000, 0x0000, 0x0000, 0x0000, 0x0000,
  0x0000, 0x0000, 0x0000, 0x0000, 0x0000, 0x0000, 0x0000, 0x0000, 0x0000, 0x0000, 0x0000, 0x0000, 0x0000,
  0x0000, 0x0000, 0x0000, 0x0000, 0x0000, 0x0000, 0x0000, 0x0000, 0x0000, 0x0000, 0x0000, 0x0000, 0x0000,
  0x0000, 0x0000, 0x0000, 0x0000, 0x0000, 0x0000, 0x0000, 0x0000, 0x0000, 0x0000, 0xA210, 0x6208, 0x0421,
  0xC318, 0xE318, 0x0842, 0xA210, 0x8631, 0xA310, 0x6108, 0x6A4A, 0xE418, 0x8210, 0x6629, 0x083A, 0x4108,
  0x0842, 0xAA52, 0x8A52, 0xEC5A, 0x0842, 0x4100, 0x494A, 0x4529, 0x6208, 0xC310, 0x4942, 0x8208, 0xC310,
  0x083A, 0x8210, 0x2842, 0x0419, 0xC310, 0xE418, 0x8210, 0x0000, 0x0000, 0xE420, 0x0000, 0x0000, 0x8210,
  0xC318, 0x2000, 0x0000, 0x0000, 0x0000, 0x0000, 0x0000, 0x0000, 0x0000, 0x0000, 0x0000, 0x0000, 0x0000,
  0x0000, 0x0000, 0x0000, 0x0000, 0x0000, 0x0000, 0x0000, 0x0000, 0x0000, 0x0000, 0x0000, 0x0000, 0x0000,
  0x0000, 0x0000, 0x0000, 0x0000, 0x0000, 0x0000, 0x0000, 0x0000, 0x0000, 0x0000, 0x0000, 0x0000, 0x0000,
  0x0000, 0x0000, 0x0000, 0x0000, 0x0000, 0x0000, 0x0000, 0x0000, 0x0000, 0x0000, 0x0000, 0x0000, 0x0000,
  0x0000, 0x0000, 0x0000, 0x0000, 0x0000, 0x0000, 0x0000, 0x0000, 0x0000, 0x0000, 0x0000, 0x0000, 0x0000,
  0x0000, 0x0000, 0x0000, 0x0000, 0x0000, 0x0000, 0x0000, 0x0000, 0x0000, 0x0000, 0x0000, 0x0000, 0x0000,
  0x0000, 0x0000, 0x0000, 0x0000, 0x0000, 0x0000, 0x0000, 0x0000, 0x0000, 0x0000, 0x0000, 0x0000, 0x0000,
  0x0000, 0x0000, 0x0000, 0x0000, 0x0000, 0x0000, 0x0000, 0x0000, 0x0000, 0x0000, 0x0000, 0x0000, 0x0000,
  0x0000, 0x0000, 0x0000, 0x0000, 0x0000, 0x0000, 0x0000, 0x0000, 0x0000, 0x0000, 0x0000, 0x0000, 0x0000,
  0x0000, 0x0000, 0x0000, 0x0000, 0x0000, 0x0000, 0x0000, 0x0000, 0x0000, 0x0000, 0x0421, 0x6108, 0x0000,
  0x2000, 0x0000, 0xC318, 0x0419, 0xC318, 0xC310, 0x2942, 0xC318, 0x6529, 0x2521, 0x0000, 0x6A4A, 0x6529,
  0x6208, 0xE418, 0x694A, 0x8208, 0xE739, 0xEC5A, 0x6A4A, 0x6A4A, 0x494A, 0x4108, 0x6629, 0xA731, 0x4108,
  0x8208, 0x6A4A, 0x2521, 0x4108, 0x2942, 0x8210, 0xA731, 0x4529, 0xC310, 0xE418, 0xC310, 0x0000, 0xC318,
  0x0000, 0x0000, 0x0000, 0x0000, 0x0000, 0x0000, 0x0000, 0x0000, 0x0000, 0x0000, 0x0000, 0x0000, 0x0000,
  0x0000, 0x0000, 0x0000, 0x0000, 0x0000, 0x0000, 0x0000, 0x0000, 0x0000, 0x0000, 0x0000, 0x0000, 0x0000,
  0x0000, 0x0000, 0x0000, 0x0000, 0x0000, 0x0000, 0x0000, 0x0000, 0x0000, 0x0000, 0x0000, 0x0000, 0x0000,
  0x0000, 0x0000, 0x0000, 0x0000, 0x0000, 0x0000, 0x0000, 0x0000, 0x0000, 0x0000, 0x0000, 0x0000, 0x0000,
  0x0000, 0x0000, 0x0000, 0x0000, 0x0000, 0x0000, 0x0000, 0x0000, 0x0000, 0x0000, 0x0000, 0x0000, 0x0000,
  0x2421, 0x0000, 0x0419, 0xE418, 0xA310, 0x2521, 0xE739, 0x8210, 0x083A, 0x6629, 0x0421, 0x8629, 0x4521,
  0x2842, 0x4529, 0xA731, 0x4529, 0x0419, 0x0421, 0xE418, 0x4521, 0x4521, 0xE418, 0x8A4A, 0x0419, 0x0419,
  0xA731, 0x083A, 0xAB52, 0xE318, 0x083A, 0x8629, 0xA310, 0xE318, 0xE318, 0x2000, 0x0000, 0x6108, 0xA318,
  0x0000, 0x0000, 0x2421, 0xA210, 0x2000, 0x0000, 0x0000, 0x0000, 0x0000, 0x0000, 0x0000, 0x0000, 0x0000,
  0x0000, 0x0000, 0x0000, 0x0000, 0x0000, 0x0000, 0x0000, 0x0000, 0x0000, 0x0000, 0x0000, 0x0000, 0x0000,
  0x0000, 0x0000, 0x0000, 0x0000, 0x0000, 0x0000, 0x0000, 0x0000, 0x0000, 0x0000, 0x0000, 0x0000, 0x0000,
  0x0000, 0x0000, 0x0000, 0x0000, 0x0000, 0x0000, 0x0000, 0x0000, 0x0000, 0x0000, 0x0000, 0x0000, 0x0000,
  0x0000, 0x0000, 0x0000, 0x0000, 0x0000, 0x0000, 0x0000, 0x0000, 0x0000, 0x0000, 0x0000, 0x0000, 0x0000,
  0x0000, 0x0000, 0x0000, 0x0000, 0x0000, 0x0000, 0x0000, 0x0000, 0x0000, 0x0000, 0x0000, 0x0000, 0x0000,
  0x0000, 0x0000, 0x0000, 0x0000, 0x0000, 0x0000, 0x0000, 0x0000, 0x0000, 0x0000, 0x0000, 0x0000, 0x0000,
  0x0000, 0x0000, 0x0000, 0x0000, 0x0000, 0x0000, 0x0000, 0x0000, 0x0000, 0x0000, 0x0000, 0x0000, 0x0000,
  0x0000, 0x0000, 0x0000, 0x0000, 0x0000, 0x0000, 0x0000, 0x0000, 0x0000, 0x0000, 0x0000, 0x0000, 0x0000,
  0x0000, 0x0000, 0x0000, 0x0000, 0x0000, 0x0000, 0x0000, 0x0000, 0x0000, 0x0000, 0x0000, 0x0000, 0x0000,
  0x0000, 0x4529, 0x0000, 0x2000, 0x0000, 0x6108, 0x0419, 0xE418, 0xA310, 0x0419, 0x2842, 0x8210, 0xC731,
  0x6629, 0x6629, 0xA631, 0xE318, 0x083A, 0x2421, 0x0421, 0xA631, 0xE418, 0xE318, 0xE318, 0x2521, 0xA631,
  0xC318, 0x0842, 0x8631, 0x2521, 0x8629, 0x4529, 0x8A52, 0x0419, 0x6529, 0xE739, 0xA210, 0xC318, 0x0419,
  0x0000, 0xE420, 0x0000, 0x0000, 0x0000, 0x0000, 0x0000, 0x0000, 0x0000, 0x0000, 0x0000, 0x0000, 0x0000,
  0x0000, 0x0000, 0x0000, 0x0000, 0x0000, 0x0000, 0x0000, 0x0000, 0x0000, 0x0000, 0x0000, 0x0000, 0x0000,
  0x0000, 0x0000, 0x0000, 0x0000, 0x0000, 0x0000, 0x0000, 0x0000, 0x0000, 0x0000, 0x0000, 0x0000, 0x0000,
  0x0000, 0x0000, 0x0000, 0x0000, 0x0000, 0x0000, 0x0000, 0x0000, 0x0000, 0x0000, 0x0000, 0x0000, 0x0000,
  0x0000, 0x0000, 0x0000, 0x0000, 0x0000, 0x0000, 0x0000, 0x0000, 0x0000, 0x0000, 0x0000, 0x0000, 0x0000,
  0x0000, 0x0000, 0x0000, 0x0000, 0xE318, 0x0000, 0x0419, 0xE318, 0xA210, 0x8631, 0x083A, 0xA210, 0x083A,
  0xA731, 0x2521, 0x0842, 0xA210, 0x6629, 0x4E6B, 0xCB5A, 0x6A4A, 0x4942, 0x4942, 0xAB52, 0x2D63, 0x4529,
  0xC318, 0x494A, 0x8629, 0xE839, 0x6A4A, 0xE318, 0x073A, 0xC731, 0xA210, 0xE318, 0xE418, 0x8210, 0x0000,
  0x0000, 0x8631, 0x0000, 0x0000, 0x0000, 0xA210, 0x8631, 0x2000, 0x0000, 0x0000, 0x0000, 0x0000, 0x0000,
  0x0000, 0x0000, 0x0000, 0x0000, 0x0000, 0x0000, 0x0000, 0x0000, 0x0000, 0x0000, 0x0000, 0x0000, 0x0000,
  0x0000, 0x0000, 0x0000, 0x0000, 0x0000, 0x0000, 0x0000, 0x0000, 0x0000, 0x0000, 0x0000, 0x0000, 0x0000,
  0x0000, 0x0000, 0x0000, 0x0000, 0x0000, 0x0000, 0x0000, 0x0000, 0x0000, 0x0000, 0x0000, 0x0000, 0x0000,
  0x0000, 0x0000, 0x0000, 0x0000, 0x0000, 0x0000, 0x0000, 0x0000, 0x0000, 0x0000, 0x0000, 0x0000, 0x0000,
  0x0000, 0x0000, 0x0000, 0x0000, 0x0000, 0x0000, 0x0000, 0x0000, 0x0000, 0x0000, 0x0000, 0x0000, 0x0000,
  0x0000, 0x0000, 0x0000, 0x0000, 0x0000, 0x0000, 0x0000, 0x0000, 0x0000, 0x0000, 0x0000, 0x0000, 0x0000,
  0x0000, 0x0000, 0x0000, 0x0000, 0x0000, 0x0000, 0x0000, 0x0000, 0x0000, 0x0000, 0x0000, 0x0000, 0x0000,
  0x0000, 0x0000, 0x0000, 0x0000, 0x0000, 0x0000, 0x0000, 0x0000, 0x0000, 0x0000, 0x0000, 0x0000, 0x0000,
  0x0000, 0x0000, 0x0000, 0x0000, 0x0000, 0x0000, 0x0000, 0x0000, 0x0000, 0x0000, 0x0000, 0x0000, 0x0000,
  0x0000, 0x0000, 0x0000, 0x0000, 0x6108, 0xE318, 0x0000, 0x2000, 0x0000, 0xC310, 0xE418, 0xE418, 0x8210,
  0x6629, 0x494A, 0xA210, 0xC739, 0xC731, 0x2521, 0x4942, 0x4529, 0xE318, 0x6E6B, 0x0C5B, 0x6A4A, 0x2942,
  0x4942, 0x8A52, 0x2D63, 0x083A, 0x8210, 0x2842, 0x8629, 0x8629, 0x6A4A, 0x0421, 0x2421, 0x083A, 0xC310,
  0xC318, 0xE418, 0x8210, 0x0000, 0xC318, 0x0000, 0x0000, 0x0000, 0x0000, 0x0000, 0x0000, 0x0000, 0x0000,
  0x0000, 0x0000, 0x0000, 0x0000, 0x0000, 0x0000, 0x0000, 0x0000, 0x0000, 0x0000, 0x0000, 0x0000, 0x0000,
  0x0000, 0x0000, 0x0000, 0x0000, 0x0000, 0x0000, 0x0000, 0x0000, 0x0000, 0x0000, 0x0000, 0x0000, 0x0000,
  0x0000, 0x0000, 0x0000, 0x0000, 0x0000, 0x0000, 0x0000, 0x0000, 0x0000, 0x0000, 0x0000, 0x0000, 0x0000,
  0x0000, 0x0000, 0x0000, 0x0000, 0x0000, 0x0000, 0x0000, 0x0000, 0x0000, 0x0000, 0x0000, 0x0000, 0x0000,
  0x0000, 0x0000, 0x0000, 0x0000, 0x0000, 0x0000, 0x0000, 0x0421, 0x0000, 0x8210, 0xE418, 0xE318, 0x8210,
  0x8631, 0x494A, 0xC318, 0x8631, 0x4942, 0xC739, 0x2000, 0x0000, 0x8210, 0x2521, 0x8629, 0x8631, 0x8629,
  0x2521, 0xC318, 0x4108, 0x0000, 0x8631, 0x4942, 0xA631, 0xC318, 0x083A, 0xA731, 0x6208, 0xC318, 0xE318,
  0xE318, 0x2000, 0x0000, 0x4108, 0x0000, 0x0000, 0x0000, 0x0000, 0x0000, 0x0000, 0x0000, 0x0000, 0x0000,
  0x0000, 0x0000, 0x0000, 0x0000, 0x0000, 0x0000, 0x0000, 0x0000, 0x0000, 0x0000, 0x0000, 0x0000, 0x0000,
  0x0000, 0x0000, 0x0000, 0x0000, 0x0000, 0x0000, 0x0000, 0x0000, 0x0000, 0x0000, 0x0000, 0x0000, 0x0000,
  0x0000, 0x0000, 0x0000, 0x0000, 0x0000, 0x0000, 0x0000, 0x0000, 0x0000, 0x0000, 0x0000, 0x0000, 0x0000,
  0x0000, 0x0000, 0x0000, 0x0000, 0x0000, 0x0000, 0x0000, 0x0000, 0x0000, 0x0000, 0x0000, 0x0000, 0x0000,
  0x0000, 0x0000, 0x0000, 0x0000, 0x0000, 0x0000, 0x0000, 0x0000, 0x0000, 0x0000, 0x0000, 0x0000, 0x0000,
  0x0000, 0x0000, 0x0000, 0x0000, 0x0000, 0x0000, 0x0000, 0x0000, 0x0000, 0x0000, 0x0000, 0x0000, 0x0000,
  0x0000, 0x0000, 0x0000, 0x0000, 0x0000, 0x0000, 0x0000, 0x0000, 0x0000, 0x0000, 0x0000, 0x0000, 0x0000,
  0x0000, 0x0000, 0x0000, 0x0000, 0x0000, 0x0000, 0x0000, 0x0000, 0x0000, 0x0000, 0x0000, 0x0000, 0x0000,
  0x0000, 0x0000, 0x0000, 0x0000, 0x0000, 0x0000, 0x0000, 0x0000, 0x0000, 0x0000, 0x0000, 0x0000, 0x0000,
  0x0000, 0x0000, 0x0000, 0x0000, 0x0000, 0x0000, 0x0000, 0x0000, 0xA210, 0x0000, 0x0000, 0x2000, 0x4108,
  0xE418, 0xE318, 0xC318, 0x6208, 0x8629, 0xAA52, 0x0419, 0x6629, 0x2942, 0x2942, 0x6108, 0x0000, 0xE318,
  0x6629, 0xC739, 0xE839, 0xC739, 0x6629, 0xE418, 0x4108, 0x0000, 0x4529, 0x6A4A, 0x0842, 0x0421, 0x8631,
  0x083A, 0xA310, 0xC310, 0xE318, 0xC318, 0x0000, 0xA210, 0x0000, 0x0000, 0x0000, 0x0000, 0x0000, 0x0000,
  0x0000, 0x0000, 0x0000, 0x0000, 0x0000, 0x0000, 0x0000, 0x0000, 0x0000, 0x0000, 0x0000, 0x0000, 0x0000,
  0x0000, 0x0000, 0x0000, 0x0000, 0x0000, 0x0000, 0x0000, 0x0000, 0x0000, 0x0000, 0x0000, 0x0000, 0x0000,
  0x0000, 0x0000, 0x0000, 0x0000, 0x0000, 0x0000, 0x0000, 0x0000, 0x0000, 0x0000, 0x0000, 0x0000, 0x0000,
  0x0000, 0x0000, 0x0000, 0x0000, 0x0000, 0x0000, 0x0000, 0x0000, 0x0000, 0x0000, 0x0000, 0x0000, 0x0000,
  0x0000, 0x0000, 0x0000, 0x0000, 0x0000, 0x0000, 0x0000, 0x0000, 0x0000, 0x0000, 0x0000, 0x0421, 0x0000,
  0xE418, 0x0419, 0xC318, 0x8208, 0x6629, 0x8A52, 0x6529, 0xE318, 0xC739, 0x494A, 0x6529, 0x8210, 0x2000,
  0x0000, 0x0000, 0x0000, 0x2000, 0x6108, 0x0421, 0xE739, 0xA631, 0xE318, 0x0421, 0x2842, 0x8629, 0x6208,
  0xA310, 0xC310, 0xE318, 0x4108, 0x0000, 0x4529, 0x6108, 0x0000, 0x0000, 0x0000, 0x0000, 0x0000, 0x0000,
  0x0000, 0x0000, 0x0000, 0x0000, 0x0000, 0x0000, 0x0000, 0x0000, 0x0000, 0x0000, 0x0000, 0x0000, 0x0000,
  0x0000, 0x0000, 0x0000, 0x0000, 0x0000, 0x0000, 0x0000, 0x0000, 0x0000, 0x0000, 0x0000, 0x0000, 0x0000,
  0x0000, 0x0000, 0x0000, 0x0000, 0x0000, 0x0000, 0x0000, 0x0000, 0x0000, 0x0000, 0x0000, 0x0000, 0x0000,
  0x0000, 0x0000, 0x0000, 0x0000, 0x0000, 0x0000, 0x0000, 0x0000, 0x0000, 0x0000, 0x0000, 0x0000, 0x0000,
  0x0000, 0x0000, 0x0000, 0x0000, 0x0000, 0x0000, 0x0000, 0x0000, 0x0000, 0x0000, 0x0000, 0x0000, 0x0000,
  0x0000, 0x0000, 0x0000, 0x0000, 0x0000, 0x0000, 0x0000, 0x0000, 0x0000, 0x0000, 0x0000, 0x0000, 0x0000,
  0x0000, 0x0000, 0x0000, 0x0000, 0x0000, 0x0000, 0x0000, 0x0000, 0x0000, 0x0000, 0x0000, 0x0000, 0x0000,
  0x0000, 0x0000, 0x0000, 0x0000, 0x0000, 0x0000, 0x0000, 0x0000, 0x0000, 0x0000, 0x0000, 0x0000, 0x0000,
  0x0000, 0x0000, 0x0000, 0x0000, 0x0000, 0x0000, 0x0000, 0x0000, 0x0000, 0x0000, 0x0000, 0x0000, 0x0000,
  0x0000, 0x0000, 0x0000, 0x0000, 0x0000, 0x0000, 0x0000, 0x0000, 0x0000, 0x0000, 0x0000, 0x0000, 0x2000,
  0x6108, 0x0000, 0x0000, 0x8208, 0x0419, 0xC318, 0xC318, 0x6208, 0x8631, 0xCB5A, 0x6529, 0xE418, 0x0842,
  0x8A52, 0x4529, 0x0000, 0x0000, 0x0000, 0x0000, 0x0000, 0x0000, 0x4108, 0xC318, 0x0842, 0x694A, 0x4529,
  0xE318, 0x494A, 0xE839, 0xA208, 0xC310, 0xC318, 0xE318, 0x0000, 0xE318, 0x0000, 0x0000, 0x0000, 0x0000,
  0x0000, 0x0000, 0x0000, 0x0000, 0x0000, 0x0000, 0x0000, 0x0000, 0x0000, 0x0000, 0x0000, 0x0000, 0x0000,
  0x0000, 0x0000, 0x0000, 0x0000, 0x0000, 0x0000, 0x0000, 0x0000, 0x0000, 0x0000, 0x0000, 0x0000, 0x0000,
  0x0000, 0x0000, 0x0000, 0x0000, 0x0000, 0x0000, 0x0000, 0x0000, 0x0000, 0x0000, 0x0000, 0x0000, 0x0000,
  0x0000, 0x0000, 0x0000, 0x0000, 0x0000, 0x0000, 0x0000, 0x0000, 0x0000, 0x0000, 0x0000, 0x0000, 0x0000,
  0x0000, 0x0000, 0x0000, 0x0000, 0x0000, 0x0000, 0x0000, 0x0000, 0x0000, 0x0000, 0x0000, 0x0000, 0x0000,
  0x0000, 0x0000, 0x8210, 0x0000, 0xE418, 0xE418, 0xC318, 0x6208, 0xC310, 0x6A4A, 0x2842, 0x2421, 0x2421,
  0x8631, 0xE739, 0xC739, 0x8631, 0x6529, 0x6529, 0x8631, 0xA731, 0x8629, 0x2521, 0x2421, 0xE739, 0x4942,
  0xE318, 0x6208, 0xC310, 0xC310, 0xC318, 0x6108, 0x0000, 0x0000, 0x4108, 0x0000, 0x0000, 0x0000, 0x0000,
  0x0000, 0x0000, 0x0000, 0x0000, 0x0000, 0x0000, 0x0000, 0x0000, 0x0000, 0x0000, 0x0000, 0x0000, 0x0000,
  0x0000, 0x0000, 0x0000, 0x0000, 0x0000, 0x0000, 0x0000, 0x0000, 0x0000, 0x0000, 0x0000, 0x0000, 0x0000,
  0x0000, 0x0000, 0x0000, 0x0000, 0x0000, 0x0000, 0x0000, 0x0000, 0x0000, 0x0000, 0x0000, 0x0000, 0x0000,
  0x0000, 0x0000, 0x0000, 0x0000, 0x0000, 0x0000, 0x0000, 0x0000, 0x0000, 0x0000, 0x0000, 0x0000, 0x0000,
  0x0000, 0x0000, 0x0000, 0x0000, 0x0000, 0x0000, 0x0000, 0x0000, 0x0000, 0x0000, 0x0000, 0x0000, 0x0000,
  0x0000, 0x0000, 0x0000, 0x0000, 0x0000, 0x0000, 0x0000, 0x0000, 0x0000, 0x0000, 0x0000, 0x0000, 0x0000,
  0x0000, 0x0000, 0x0000, 0x0000, 0x0000, 0x0000, 0x0000, 0x0000, 0x0000, 0x0000, 0x0000, 0x0000, 0x0000,
  0x0000, 0x0000, 0x0000, 0x0000, 0x0000, 0x0000, 0x0000, 0x0000, 0x0000, 0x0000, 0x0000, 0x0000, 0x0000,
  0x0000, 0x0000, 0x0000, 0x0000, 0x0000, 0x0000, 0x0000, 0x0000, 0x0000, 0x0000, 0x0000, 0x0000, 0x0000,
  0x0000, 0x0000, 0x0000, 0x0000, 0x0000, 0x0000, 0x0000, 0x0000, 0x0000, 0x0000, 0x0000, 0x0000, 0x0000,
  0x0000, 0x0000, 0x0000, 0x6108, 0x0000, 0x0000, 0x0000, 0x8208, 0xE418, 0xC318, 0xE318, 0x8208, 0xC310,
  0x2942, 0xC731, 0x2421, 0x6529, 0xE739, 0xE739, 0xA631, 0x6529, 0x6529, 0x8631, 0x8631, 0x8631, 0xC739,
  0x6529, 0xE318, 0x8631, 0x694A, 0x4529, 0x6208, 0xC318, 0xC318, 0xE318, 0x0000, 0xA210, 0x4108, 0x0000,
  0x0000, 0x0000, 0x0000, 0x0000, 0x0000, 0x0000, 0x0000, 0x0000, 0x0000, 0x0000, 0x0000, 0x0000, 0x0000,
  0x0000, 0x0000, 0x0000, 0x0000, 0x0000, 0x0000, 0x0000, 0x0000, 0x0000, 0x0000, 0x0000, 0x0000, 0x0000,
  0x0000, 0x0000, 0x0000, 0x0000, 0x0000, 0x0000, 0x0000, 0x0000, 0x0000, 0x0000, 0x0000, 0x0000, 0x0000,
  0x0000, 0x0000, 0x0000, 0x0000, 0x0000, 0x0000, 0x0000, 0x0000, 0x0000, 0x0000, 0x0000, 0x0000, 0x0000,
  0x0000, 0x0000, 0x0000, 0x0000, 0x0000, 0x0000, 0x0000, 0x0000, 0x0000, 0x0000, 0x0000, 0x0000, 0x0000,
  0x0000, 0x0000, 0x0000, 0x0000, 0x0000, 0x0000, 0x2000, 0x0000, 0xE318, 0xE418, 0xC318, 0x8210, 0x6208,
  0x6629, 0x2942, 0x2842, 0xE739, 0x6529, 0x2421, 0x2421, 0x0421, 0x2421, 0x2421, 0x4529, 0xC739, 0x4942,
  0x2942, 0x6629, 0x8208, 0x8208, 0xC310, 0xA310, 0xA310, 0x0000, 0x0000, 0x0421, 0x0000, 0x0000, 0x0000,
  0x0000, 0x0000, 0x0000, 0x0000, 0x0000, 0x0000, 0x0000, 0x0000, 0x0000, 0x0000, 0x0000, 0x0000, 0x0000,
  0x0000, 0x0000, 0x0000, 0x0000, 0x0000, 0x0000, 0x0000, 0x0000, 0x0000, 0x0000, 0x0000, 0x0000, 0x0000,
  0x0000, 0x0000, 0x0000, 0x0000, 0x0000, 0x0000, 0x0000, 0x0000, 0x0000, 0x0000, 0x0000, 0x0000, 0x0000,
  0x0000, 0x0000, 0x0000, 0x0000, 0x0000, 0x0000, 0x0000, 0x0000, 0x0000, 0x0000, 0x0000, 0x0000, 0x0000,
  0x0000, 0x0000, 0x0000, 0x0000, 0x0000, 0x0000, 0x0000, 0x0000, 0x0000, 0x0000, 0x0000, 0x0000, 0x0000,
  0x0000, 0x0000, 0x0000, 0x0000, 0x0000, 0x0000, 0x0000, 0x0000, 0x0000, 0x0000, 0x0000, 0x0000, 0x0000,
  0x0000, 0x0000, 0x0000, 0x0000, 0x0000, 0x0000, 0x0000, 0x0000, 0x0000, 0x0000, 0x0000, 0x0000, 0x0000,
  0x0000, 0x0000, 0x0000, 0x0000, 0x0000, 0x0000, 0x0000, 0x0000, 0x0000, 0x0000, 0x0000, 0x0000, 0x0000,
  0x0000, 0x0000, 0x0000, 0x0000, 0x0000, 0x0000, 0x0000, 0x0000, 0x0000, 0x0000, 0x0000, 0x0000, 0x0000,
  0x0000, 0x0000, 0x0000, 0x0000, 0x0000, 0x0000, 0x0000, 0x0000, 0x0000, 0x0000, 0x0000, 0x0000, 0x0000,
  0x0000, 0x0000, 0x0000, 0x0000, 0x0000, 0x0000, 0x0000, 0x4108, 0xE318, 0x0000, 0x0000, 0x8208, 0xE418,
  0xC318, 0xC318, 0x8210, 0x6208, 0x4529, 0x2842, 0x2842, 0xA731, 0x6529, 0x6529, 0x6529, 0x6529, 0x6529,
  0x6529, 0x6529, 0xA631, 0xC739, 0x083A, 0xA731, 0xC310, 0x8208, 0xC310, 0xC318, 0xC318, 0x0000, 0x6108,
  0x6108, 0x0000, 0x0000, 0x0000, 0x0000, 0x0000, 0x0000, 0x0000, 0x0000, 0x0000, 0x0000, 0x0000, 0x0000,
  0x0000, 0x0000, 0x0000, 0x0000, 0x0000, 0x0000, 0x0000, 0x0000, 0x0000, 0x0000, 0x0000, 0x0000, 0x0000,
  0x0000, 0x0000, 0x0000, 0x0000, 0x0000, 0x0000, 0x0000, 0x0000, 0x0000, 0x0000, 0x0000, 0x0000, 0x0000,
  0x0000, 0x0000, 0x0000, 0x0000, 0x0000, 0x0000, 0x0000, 0x0000, 0x0000, 0x0000, 0x0000, 0x0000, 0x0000,
  0x0000, 0x0000, 0x0000, 0x0000, 0x0000, 0x0000, 0x0000, 0x0000, 0x0000, 0x0000, 0x0000, 0x0000, 0x0000,
  0x0000, 0x0000, 0x0000, 0x0000, 0x0000, 0x0000, 0x0000, 0x0000, 0x0000, 0x0000, 0x2100, 0x0000, 0xA210,
  0xE418, 0xC318, 0xC318, 0x8210, 0x6208, 0x0421, 0xC739, 0x2942, 0x2842, 0x0842, 0x2842, 0x2842, 0x2942,
  0x2942, 0xC739, 0x2421, 0x8208, 0x8210, 0xA310, 0xC310, 0xC310, 0x8210, 0x0000, 0xA210, 0x0421, 0x0000,
  0x0000, 0x0000, 0x0000, 0x0000, 0x0000, 0x0000, 0x0000, 0x0000, 0x0000, 0x0000, 0x0000, 0x0000, 0x0000,
  0x0000, 0x0000, 0x0000, 0x0000, 0x0000, 0x0000, 0x0000, 0x0000, 0x0000, 0x0000, 0x0000, 0x0000, 0x0000,
  0x0000, 0x0000, 0x0000, 0x0000, 0x0000, 0x0000, 0x0000, 0x0000, 0x0000, 0x0000, 0x0000, 0x0000, 0x0000,
  0x0000, 0x0000, 0x0000, 0x0000, 0x0000, 0x0000, 0x0000, 0x0000, 0x0000, 0x0000, 0x0000, 0x0000, 0x0000,
  0x0000, 0x0000, 0x0000, 0x0000, 0x0000, 0x0000, 0x0000, 0x0000, 0x0000, 0x0000, 0x0000, 0x0000, 0x0000,
  0x0000, 0x0000, 0x0000, 0x0000, 0x0000, 0x0000, 0x0000, 0x0000, 0x0000, 0x0000, 0x0000, 0x0000, 0x0000,
  0x0000, 0x0000, 0x0000, 0x0000, 0x0000, 0x0000, 0x0000, 0x0000, 0x0000, 0x0000, 0x0000, 0x0000, 0x0000,
  0x0000, 0x0000, 0x0000, 0x0000, 0x0000, 0x0000, 0x0000, 0x0000, 0x0000, 0x0000, 0x0000, 0x0000, 0x0000,
  0x0000, 0x0000, 0x0000, 0x0000, 0x0000, 0x0000, 0x0000, 0x0000, 0x0000, 0x0000, 0x0000, 0x0000, 0x0000,
  0x0000, 0x0000, 0x0000, 0x0000, 0x0000, 0x0000, 0x0000, 0x0000, 0x0000, 0x0000, 0x0000, 0x0000, 0x0000,
  0x0000, 0x0000, 0x0000, 0x0000, 0x0000, 0x0000, 0x0000, 0x0000, 0x0000, 0x0000, 0x0000, 0x0000, 0x4529,
  0x4108, 0x0000, 0x2000, 0xC310, 0xE318, 0xC318, 0xC310, 0x8210, 0x6208, 0x0421, 0xC731, 0x0842, 0x2842,
  0x2842, 0x2842, 0x0842, 0x2842, 0x0842, 0xA731, 0x4521, 0xA310, 0x8210, 0xC318, 0xC318, 0xE318, 0xA210,
  0x0000, 0x8210, 0x0000, 0x0000, 0x0000, 0x0000, 0x0000, 0x0000, 0x0000, 0x0000, 0x0000, 0x0000, 0x0000,
  0x0000, 0x0000, 0x0000, 0x0000, 0x0000, 0x0000, 0x0000, 0x0000, 0x0000, 0x0000, 0x0000, 0x0000, 0x0000,
  0x0000, 0x0000, 0x0000, 0x0000, 0x0000, 0x0000, 0x0000, 0x0000, 0x0000, 0x0000, 0x0000, 0x0000, 0x0000,
  0x0000, 0x0000, 0x0000, 0x0000, 0x0000, 0x0000, 0x0000, 0x0000, 0x0000, 0x0000, 0x0000, 0x0000, 0x0000,
  0x0000, 0x0000, 0x0000, 0x0000, 0x0000, 0x0000, 0x0000, 0x0000, 0x0000, 0x0000, 0x0000, 0x0000, 0x0000,
  0x0000, 0x0000, 0x0000, 0x0000, 0x0000, 0x0000, 0x0000, 0x0000, 0x0000, 0x0000, 0x4108, 0xC318, 0x6108,
  0x0000, 0x0421, 0x0000, 0x4108, 0xE318, 0xE318, 0xC318, 0xC318, 0xA210, 0x6208, 0xA210, 0xC318, 0x0419,
  0x0419, 0xE418, 0xC318, 0xA310, 0x8208, 0x8210, 0xC318, 0xC310, 0xC310, 0xC310, 0x4108, 0x0000, 0x2421,
  0x4D6B, 0x4529, 0x2842, 0x694A, 0x4942, 0x4942, 0x4942, 0x4942, 0x2942, 0x2942, 0x2942, 0x4942, 0x4942,
  0x4942, 0x4942, 0x4942, 0x4942, 0x4942, 0x4942, 0x4942, 0x4942, 0x4942, 0x4942, 0x4942, 0x494A, 0x494A,
  0x4942, 0x4942, 0x4942, 0x4942, 0x4942, 0x4942, 0x4942, 0x4942, 0x4942, 0x4942, 0x4942, 0x4942, 0x4942,
  0x494A, 0x494A, 0x494A, 0x494A, 0x494A, 0x494A, 0x494A, 0x4942, 0x4942, 0x4942, 0x4942, 0x4942, 0x4942,
  0x4942, 0x4942, 0x4942, 0x4942, 0x4942, 0x4942, 0x4942, 0x494A, 0x494A, 0x4942, 0x494A, 0x494A, 0x4942,
  0x4942, 0x4942, 0x4942, 0x4942, 0x4942, 0x4942, 0x4942, 0x4942, 0x4942, 0x4942, 0x4942, 0x4942, 0x4942,
  0x4942, 0x4942, 0x4942, 0x4942, 0x4942, 0x4942, 0x4942, 0x4942, 0x4942, 0x4942, 0x4942, 0x4942, 0x4942,
  0x4942, 0x4942, 0x4942, 0x4942, 0x4942, 0x4942, 0x4942, 0x4942, 0x4942, 0x4942, 0x4942, 0x4942, 0x4942,
  0x4942, 0x4942, 0x4942, 0x4942, 0x4942, 0x4942, 0x4942, 0x4942, 0x4942, 0x4942, 0x4942, 0x4942, 0x4942,
  0x4942, 0x4942, 0x4942, 0x4942, 0x4942, 0x4942, 0x4942, 0x4942, 0x4942, 0x4942, 0x4942, 0x4942, 0x4942,
  0x4942, 0x4942, 0x4942, 0x4942, 0x4942, 0x4942, 0x4942, 0x4942, 0x4942, 0x4942, 0x4942, 0x4942, 0x4942,
  0x694A, 0xE839, 0xA631, 0x2D63, 0xE318, 0x0000, 0x0000, 0x6108, 0xE318, 0xC318, 0xC318, 0xC318, 0x8210,
  0x8208, 0xA310, 0xC318, 0xE418, 0xE418, 0xE418, 0xC310, 0xA210, 0x8208, 0x8210, 0xC318, 0xE318, 0xE318,
  0xE318, 0x6108, 0x0000, 0x0421, 0xC739, 0x0000, 0xA210, 0xA210, 0xA210, 0xA210, 0xA210, 0xA210, 0xA310,
  0xC318, 0xC318, 0x6108, 0x0000, 0x0000, 0x0000, 0x0000, 0x0000, 0x0000, 0x0000, 0x0000, 0x0000, 0x0000,
  0x0000, 0x0000, 0x0000, 0x0000, 0x0000, 0x0000, 0x0000, 0x0000, 0x0000, 0x0000, 0x0000, 0x0000, 0x0000,
  0x0000, 0x0000, 0x0000, 0x0000, 0x0000, 0x0000, 0x0000, 0x0000, 0x0000, 0x0000, 0x0000, 0xA210, 0x4108,
  0x4529, 0xC739, 0x6529, 0x4529, 0x4529, 0xE839, 0xCB5A, 0xEB5A, 0xAA52, 0x8A52, 0x8A52, 0x694A, 0x494A,
  0x4D63, 0xAE73, 0x8E73, 0x8E73, 0x8E6B, 0x6D6B, 0x6D6B, 0x4D6B, 0x2C63, 0x2C63, 0x2C63, 0x2C63, 0xEC5A,
  0x6D6B, 0xEF7B, 0x1084, 0x2D63, 0x0C63, 0xC731, 0x0000, 0x0000, 0x8208, 0xE318, 0xE318, 0xE318, 0xE318,
  0xC318, 0xC318, 0xC310, 0xC310, 0xC310, 0xC310, 0xC310, 0xE318, 0xE318, 0xE318, 0xC310, 0x4108, 0x0000,
  0x0000, 0x083A, 0xF07B, 0xCF73, 0x4E63, 0x6E6B, 0x6E6B, 0x8E6B, 0x8E6B, 0x8E6B, 0x8E6B, 0x8E6B, 0x8E6B,
  0x8E6B, 0x8F6B, 0xAF73, 0xAF73, 0xAF73, 0xCF73, 0xCF73, 0xCF73, 0xCF73, 0xCF73, 0xCF73, 0xCF73, 0xD073,
  0xF073, 0xF073, 0xF073, 0xF073, 0xF073, 0xF073, 0xF073, 0xF073, 0xD073, 0xD073, 0xD073, 0xF073, 0xF073,
  0xF073, 0xF073, 0xF073, 0xF07B, 0xF07B, 0xF07B, 0xF07B, 0xF07B, 0xF07B, 0xF073, 0xF073, 0xF073, 0xF073,
  0xF073, 0xF073, 0xF073, 0xF073, 0xF07B, 0xF07B, 0xF07B, 0xF073, 0xF07B, 0xF07B, 0xF07B, 0xF073, 0xF073,
  0xF07B, 0xF07B, 0xF073, 0xF073, 0xF073, 0xF073, 0xF073, 0xF073, 0xF073, 0xF073, 0xF073, 0xF073, 0xF073,
  0xF073, 0xF073, 0xF073, 0xF073, 0xF073, 0xF073, 0xF073, 0xF073, 0xF073, 0xF073, 0xF073, 0xF073, 0xF073,
  0xF073, 0xF073, 0xF073, 0xF073, 0xF073, 0xF073, 0xF073, 0xD073, 0xF073, 0xF073, 0xF073, 0xF073, 0xF073,
  0xF073, 0xF073, 0xF073, 0xF073, 0xF073, 0xF073, 0xD073, 0xCF73, 0xCF73, 0xD073, 0xD073, 0xD073, 0xD073,
  0xD073, 0xD073, 0xD073, 0xCF73, 0xCF73, 0xCF73, 0xD073, 0xD073, 0xD073, 0xD073, 0xD073, 0xD073, 0xD073,
  0xCF73, 0xCF73, 0xCF73, 0xAF73, 0xAF73, 0xAF73, 0xAF73, 0xAF73, 0xCF73, 0xAF73, 0xCF73, 0xCF73, 0xCF73,
  0xCF73, 0xAF73, 0xAF73, 0xAF6B, 0x8E6B, 0x6E6B, 0xD073, 0x8E6B, 0xCB52, 0xA631, 0x0000, 0x0000, 0x6108,
  0xC318, 0xE318, 0xE318, 0xE318, 0xC318, 0xC310, 0xC310, 0xC310, 0xA310, 0xC310, 0xC310, 0xE418, 0xE418,
  0xE418, 0xC318, 0x6108, 0x0000, 0x2000, 0xC739, 0x8E73, 0x8E6B, 0x4D6B, 0x8E6B, 0xAE73, 0xAF73, 0xCF73,
  0xCF73, 0xCF7B, 0xEF7B, 0xF07B, 0x3184, 0xCF7B, 0x0C63, 0x4D6B, 0x6D6B, 0x8E73, 0xAE73, 0xCF7B, 0xEF7B,
  0xF07B, 0x8E73, 0x694A, 0x8A52, 0xAB52, 0xCB5A, 0xEB5A, 0xEB5A, 0x8A52, 0x8631, 0x8631, 0xA631, 0x2421,
  0x4108, 0x8210, 0x0000, 0x0000, 0x0000, 0x0000, 0x0000, 0x0000, 0x0000, 0x0000, 0x0000, 0x0000, 0x0000,
  0x0421, 0x1084, 0xF39C, 0x96B5, 0x75AD, 0xB6B5, 0x96B5, 0x76AD, 0x55AD, 0x14A5, 0xD394, 0x9294, 0x3084,
  0x1084, 0xF07B, 0xCF7B, 0xAF73, 0x8E73, 0x4D6B, 0x0C63, 0x0C63, 0x0C63, 0x0C63, 0xEC5A, 0xEC5A, 0xEB5A,
  0xEB5A, 0xEC5A, 0xEC5A, 0x0C5B, 0x0C63, 0xEC5A, 0xCB5A, 0xEC5A, 0x6E6B, 0xAA52, 0x0421, 0x0000, 0x0000,
  0x4100, 0x8210, 0xC310, 0xC310, 0xE318, 0xE318, 0xE418, 0xE318, 0xC318, 0xC318, 0xC310, 0xA210, 0x4100,
  0x0000, 0x2000, 0x2521, 0xAB52, 0x8E6B, 0x2D63, 0x0C5B, 0x4D63, 0x6E6B, 0x6E6B, 0x8E6B, 0xAF6B, 0xAF73,
  0xAF73, 0xAF73, 0xAF73, 0xAF73, 0xCF73, 0xD073, 0xD073, 0xF073, 0xF073, 0xF07B, 0xF07B, 0xF07B, 0xF07B,
  0x107C, 0x107C, 0x107C, 0x107C, 0x317C, 0x317C, 0x317C, 0x317C, 0x117C, 0x317C, 0x317C, 0x107C, 0x107C,
  0x117C, 0x317C, 0x117C, 0x317C, 0x317C, 0x317C, 0x317C, 0x3184, 0x3184, 0x317C, 0x317C, 0x317C, 0x317C,
  0x317C, 0x317C, 0x3184, 0x317C, 0x317C, 0x3184, 0x3184, 0x3184, 0x3184, 0x3184, 0x3184, 0x3184, 0x3184,
  0x3184, 0x317C, 0x3184, 0x3184, 0x3184, 0x3184, 0x317C, 0x3184, 0x3184, 0x317C, 0x317C, 0x317C, 0x317C,
  0x317C, 0x317C, 0x317C, 0x317C, 0x3184, 0x3184, 0x3184, 0x3184, 0x3184, 0x317C, 0x3184, 0x3184, 0x317C,
  0x317C, 0x317C, 0x317C, 0x317C, 0x117C, 0x317C, 0x117C, 0x317C, 0x317C, 0x317C, 0x317C, 0x117C, 0x317C,
  0x317C, 0x317C, 0x317C, 0x117C, 0x317C, 0x117C, 0x317C, 0x317C, 0x117C, 0x317C, 0x107C, 0x107C, 0x117C,
  0x107C, 0x107C, 0x107C, 0x107C, 0x107C, 0x107C, 0x107C, 0x107C, 0x107C, 0x107C, 0x107C, 0x107C, 0x107C,
  0x107C, 0x107C, 0x107C, 0x107C, 0x107C, 0xF073, 0xF073, 0xCF73, 0xCF73, 0xCF73, 0xCF73, 0xCF73, 0xAF73,
  0xAF73, 0xAF73, 0xAF73, 0xAF6B, 0x8F6B, 0x8E6B, 0x6E6B, 0x6E6B, 0x2D63, 0xEC5A, 0xCC52, 0x0C5B, 0x2D63,
  0x8A4A, 0x0421, 0x2000, 0x0000, 0x2000, 0x8210, 0xA310, 0xC318, 0xE318, 0xE318, 0xC318, 0xC318, 0xC310,
  0xC310, 0xA310, 0x8208, 0x2000, 0x0000, 0x4108, 0x4529, 0xAA52, 0x4D63, 0xEB5A, 0xAB52, 0xCB52, 0xCB52,
  0xCB5A, 0xEB5A, 0xEB5A, 0xEB5A, 0xEB5A, 0xCB5A, 0xEB5A, 0x0C5B, 0x2C63, 0x2C63, 0x0C63, 0x2C63, 0x6E6B,
  0x8E73, 0xAF73, 0xCF7B, 0x1084, 0x5184, 0x518C, 0x9294, 0xD39C, 0xF49C, 0x14A5, 0x55AD, 0x96B5, 0x96B5,
  0x75AD, 0xB6B5, 0xB6B5, 0xF39C, 0x6D6B, 0x4108, 0x0000, 0x0000, 0x0000, 0x0000, 0x0000, 0x0000, 0x0000,
  0x0000, 0x0000, 0x0000, 0x2000, 0x8210, 0xA631, 0xC739, 0x4529, 0x694A, 0x0C63, 0xEB5A, 0xAA52, 0x694A,
  0x2842, 0xEC5A, 0x1084, 0xEF7B, 0xAF73, 0xAE73, 0x4D6B, 0x6D6B, 0x1084, 0x1084, 0xEF7B, 0xCF7B, 0x8E73,
  0x8E6B, 0x4D6B, 0x4D6B, 0x2D63, 0x2C63, 0xEC5A, 0xAA52, 0xAA52, 0xAA52, 0x8A52, 0x694A, 0x694A, 0xCB52,
  0xCB5A, 0xE739, 0xC310, 0x0000, 0x0000, 0x0000, 0x0000, 0x0000, 0x2100, 0x4100, 0x0000, 0x0000, 0x0000,
  0x0000, 0x0000, 0x0000, 0xA310, 0xA731, 0x4A42, 0x4942, 0x083A, 0x2942, 0x6A4A, 0x8A4A, 0xAB52, 0xCC52,
  0xEC5A, 0x0C5B, 0x2D5B, 0x2D63, 0x4D63, 0x4D63, 0x4D63, 0x6E63, 0x6E6B, 0x8E6B, 0x8E6B, 0x8E6B, 0x8F6B,
  0xAF6B, 0xAF6B, 0xAF6B, 0xAF6B, 0xCF73, 0xCF73, 0xCF73, 0xD073, 0xD073, 0xCF73, 0xCF73, 0xCF73, 0xCF73,
  0xCF73, 0xCF73, 0xCF73, 0xCF73, 0xCF73, 0xCF73, 0xCF73, 0xF073, 0xD073, 0xCF73, 0xD073, 0xD073, 0xF073,
  0xF073, 0xF073, 0xF073, 0xF073, 0xD073, 0xD073, 0xCF73, 0xCF73, 0xD073, 0xF073, 0xF07B, 0xF07B, 0xF07B,
  0xF07B, 0xF07B, 0xF07B, 0xF073, 0xF073, 0xF073, 0xF073, 0xF073, 0xF073, 0xF073, 0xD073, 0xD073, 0xD073,
  0xF073, 0xEF73, 0xCF73, 0xCF73, 0xD073, 0xF073, 0xD073, 0xD073, 0xF073, 0xF073, 0xF073, 0xF073, 0xF073,
  0xF07B, 0xF07B, 0xF073, 0xF073, 0xF073, 0xD073, 0xD073, 0xCF73, 0xCF73, 0xCF73, 0xCF73, 0xCF73, 0xCF73,
  0xD073, 0xCF73, 0xCF73, 0xD073, 0xCF73, 0xD073, 0xCF73, 0xCF73, 0xD073, 0xCF73, 0xD073, 0xCF73, 0xCF73,
  0xCF73, 0xCF73, 0xCF73, 0xCF73, 0xCF73, 0xCF73, 0xCF73, 0xCF73, 0xCF73, 0xCF73, 0xCF73, 0xAF73, 0xAF73,
  0xAF73, 0xAF73, 0xCF73, 0xAF73, 0xCF73, 0xAF73, 0xAF73, 0xAF6B, 0x8E6B, 0x6E6B, 0x6E63, 0x4E63, 0x4D63,
  0x4D63, 0x4D63, 0x2D63, 0x2D63, 0x2D5B, 0x0C5B, 0xEC5A, 0xCC52, 0xCB52, 0xAB52, 0x8A4A, 0x4942, 0x2942,
  0x083A, 0xE839, 0xC731, 0xE839, 0x093A, 0xA731, 0x0419, 0x4108, 0x0000, 0x0000, 0x0000, 0x2000, 0x2000,
  0x2100, 0x2000, 0x0000, 0x0000, 0x0000, 0x0000, 0x2108, 0x6529, 0x8A4A, 0xAB52, 0x494A, 0x2842, 0x4942,
  0x6A4A, 0x6A4A, 0x694A, 0x8A4A, 0xCB5A, 0x2D63, 0x4D63, 0x4D6B, 0x4D6B, 0x8E73, 0xAE73, 0xAE73, 0xCF73,
  0xCF7B, 0x1084, 0x8E73, 0x2C63, 0x6D6B, 0x6D6B, 0xAE73, 0xCF7B, 0x1084, 0xAE73, 0x694A, 0x694A, 0x8A52,
  0xAA52, 0xEB5A, 0x494A, 0x4529, 0x6529, 0xC739, 0x8631, 0x4108, 0x0000, 0x0000, 0x0000, 0x0000, 0x0000,
  0x0000, 0x0000, 0x0000, 0x0000, 0x0000, 0x0000, 0x0000, 0x0000, 0x0000, 0x0000, 0x0000, 0x0000, 0x0000,
  0x0000, 0x0000, 0x0000, 0x0000, 0x0000, 0x0000, 0x0000, 0x0000, 0x0000, 0x0000, 0x0000, 0xA210, 0xC318,
  0xC318, 0xC310, 0xA210, 0xA210, 0xA210, 0xA210, 0x8631, 0xA631, 0xC739, 0x2842, 0xE739, 0xC739, 0xA631,
  0x8631, 0x8631, 0x8631, 0x8631, 0xA631, 0xA631, 0x8631, 0x2421, 0xC318, 0xA210, 0x8110, 0x6108, 0x6108,
  0x4529, 0x8631, 0x6529, 0xA631, 0x0842, 0x494A, 0x694A, 0x4942, 0x2942, 0x4942, 0x694A, 0x6A4A, 0x6A4A,
  0x8A52, 0xAA52, 0xAB52, 0xCB52, 0xCB52, 0xCB5A, 0xEB5A, 0xEB5A, 0xEB5A, 0xEB5A, 0xEC5A, 0xEC5A, 0xEC5A,
  0xEC5A, 0xEC5A, 0xEC5A, 0x0C5B, 0x0C5B, 0xEC5A, 0xEC5A, 0x0C5B, 0x0C5B, 0x0C5B, 0x0C5B, 0x0C5B, 0x0C5B,
  0x0C5B, 0x0C5B, 0x0C5B, 0x0C5B, 0x0C5B, 0x0C5B, 0x0C5B, 0x0C5B, 0x0C5B, 0x0C5B, 0x0C5B, 0x0C5B, 0x0C5B,
  0x0C5B, 0x0C5B, 0x0C5B, 0x0C63, 0x0C63, 0x0C63, 0x0C63, 0x0C63, 0x0C63, 0x0C5B, 0x0C5B, 0x0C5B, 0x0C63,
  0x0C63, 0x0C63, 0x0C63, 0x0C63, 0x0C63, 0x0C63, 0x0C63, 0x0C63, 0x0C63, 0x0C63, 0x0C63, 0x0C5B, 0x0C5B,
  0x0C5B, 0x0C5B, 0x0C5B, 0x0C5B, 0x0C5B, 0x0C5B, 0x0C5B, 0x0C5B, 0x0C5B, 0x0C5B, 0x0C5B, 0x0C5B, 0x0C5B,
  0x0C5B, 0x0C5B, 0x0C5B, 0x0C63, 0x0C63, 0x0C63, 0x0C63, 0x0C63, 0x0C63, 0x0C63, 0x0C5B, 0x0C5B, 0x0C5B,
  0x0C5B, 0x0C5B, 0x0C5B, 0x0C5B, 0x0C5B, 0x0C5B, 0x0C5B, 0x0C5B, 0x0C5B, 0x0C5B, 0x0C5B, 0x0C5B, 0x0C5B,
  0x0C5B, 0x0C5B, 0x0C5B, 0x0C5B, 0x0C5B, 0x0C5B, 0x0C5B, 0x0C5B, 0x0C5B, 0x0C5B, 0x0C5B, 0x0C5B, 0x0C5B,
  0x0C5B, 0x0C5B, 0xEC5A, 0xEC5A, 0x0C5B, 0x0C5B, 0x0C5B, 0x0C5B, 0x0C5B, 0x0C5B, 0x0C5B, 0xEC5A, 0xEC5A,
  0xEC5A, 0xEC5A, 0xEC5A, 0xEC5A, 0xEC5A, 0xEC5A, 0xEC5A, 0xEC5A, 0xCB5A, 0xCB52, 0xCB52, 0xAB52, 0xAB52,
  0xAA52, 0x8A52, 0x8A52, 0x8A52, 0x8A4A, 0x8A4A, 0x694A, 0x694A, 0xAB52, 0xAB52, 0x2942, 0xC739, 0xE318,
  0x8210, 0x6108, 0x4108, 0x4108, 0x6108, 0x6108, 0xA210, 0x0421, 0x4529, 0xA631, 0xC739, 0xA631, 0x8631,
  0x8631, 0x8631, 0xA631, 0xA631, 0xA731, 0xE739, 0x2842, 0xE739, 0xA210, 0x8210, 0xA210, 0xA210, 0xA210,
  0xA210, 0xC310, 0xC318, 0xC318, 0xC318, 0x4108, 0x0000, 0x0000, 0x0000, 0x0000, 0x0000, 0x0000, 0x0000,
  0x0000, 0x0000, 0x0000, 0x0000, 0x0000, 0x0000, 0x0000, 0x0000, 0x0000, 0x0000, 0x0000, 0x0000, 0x0000,
  0x0000, 0x0000, 0x0000,
};

const lv_img_dsc_t tiltdash_side_105 = {
  .header.cf = LV_IMG_CF_TRUE_COLOR,
  .header.w = 276,
  .header.h = 105,
  .data_size = 57960,
  .data = (const uint8_t*)tiltdash_side_105_map,
};
