#include "lvgl.h"

#ifndef LV_ATTRIBUTE_MEM_ALIGN
#define LV_ATTRIBUTE_MEM_ALIGN
#endif

#ifndef LV_ATTRIBUTE_IMG_TILTDASH_BACK_105_ALPHA
#define LV_ATTRIBUTE_IMG_TILTDASH_BACK_105_ALPHA
#endif

static const LV_ATTRIBUTE_MEM_ALIGN LV_ATTRIBUTE_IMG_TILTDASH_BACK_105_ALPHA uint8_t tiltdash_back_105_alpha_map[] = {
  0x35, 0xA5, 0x00, 0x35, 0xA5, 0x00, 0x35, 0xA5, 0x00, 0x35, 0xA5, 0x00, 0x35, 0xA5, 0x00, 0x35,
  0xA5, 0x00, 0x35, 0xA5, 0x00, 0x35, 0xA5, 0x00, 0x35, 0xA5, 0x00, 0x35, 0xA5, 0x00, 0x35, 0xA5,
  0x00, 0x35, 0xA5, 0x00, 0x35, 0xA5, 0x00, 0x35, 0xA5, 0x00, 0x35, 0xA5, 0x00, 0x96, 0xAD, 0x00,
  0x10, 0x84, 0x00, 0x08, 0x42, 0x00, 0xAA, 0x52, 0x00, 0xCB, 0x5A, 0x00, 0x08, 0x42, 0x00, 0x04,
  0x21, 0x00, 0xAF, 0x73, 0x00, 0x51, 0x84, 0x00, 0xF0, 0x7B, 0x00, 0x31, 0x84, 0x00, 0x8A, 0x52,
  0x0D, 0x24, 0x21, 0x15, 0xC7, 0x39, 0x1A, 0xE7, 0x39, 0x26, 0x65, 0x29, 0x32, 0xC3, 0x18, 0x39,
  0xC3, 0x18, 0x3B, 0x28, 0x42, 0x3B, 0xAF, 0x73, 0x4B, 0xEC, 0x5A, 0x67, 0x49, 0x4A, 0x72, 0xA6,
  0x31, 0x76, 0xA2, 0x10, 0x78, 0x86, 0x31, 0x83, 0x08, 0x42, 0x8D, 0x08, 0x42, 0x8B, 0x08, 0x42,
  0x95, 0xC7, 0x39, 0xA0, 0xC7, 0x39, 0xA0, 0xC7, 0x39, 0xA0, 0xE7, 0x39, 0xA2, 0xC7, 0x31, 0xA7,
  0x65, 0x29, 0xAD, 0x24, 0x21, 0xAF, 0x04, 0x21, 0xB4, 0x04, 0x21, 0xB8, 0x04, 0x21, 0xBA, 0x04,
  0x21, 0xBA, 0x04, 0x21, 0xBA, 0x04, 0x21, 0xBA, 0x04, 0x21, 0xBB, 0x24, 0x21, 0xBA, 0x24, 0x21,
  0xB8, 0x24, 0x21, 0xB8, 0x04, 0x21, 0xB8, 0x24, 0x21, 0xB5, 0xE3, 0x18, 0xB3, 0x82, 0x10, 0xB3,
  0x82, 0x10, 0xB3, 0x25, 0x21, 0xB1, 0x86, 0x31, 0xAD, 0x66, 0x29, 0xAD, 0x65, 0x29, 0xAC, 0xC7,
  0x39, 0xA1, 0x08, 0x42, 0x96, 0x08, 0x42, 0x97, 0xE8, 0x39, 0x9B, 0xE7, 0x39, 0x9B, 0x29, 0x42,
  0x89, 0x8A, 0x52, 0x79, 0x25, 0x21, 0x79, 0x61, 0x08, 0x78, 0x28, 0x42, 0x73, 0x0C, 0x5B, 0x65,
  0x4D, 0x63, 0x55, 0xAF, 0x73, 0x4F, 0xEC, 0x5A, 0x41, 0xA2, 0x10, 0x37, 0x65, 0x29, 0x33, 0xA6,
  0x31, 0x2A, 0xE7, 0x39, 0x22, 0xC7, 0x31, 0x1A, 0xC3, 0x18, 0x16, 0x49, 0x4A, 0x10, 0x31, 0x84,
  0x00, 0xF0, 0x7B, 0x00, 0xCB, 0x52, 0x00, 0xA2, 0x10, 0x00, 0x29, 0x42, 0x00, 0xAB, 0x52, 0x00,
  0x49, 0x4A, 0x00, 0x49, 0x4A, 0x00, 0x10, 0x84, 0x00, 0x97, 0xAD, 0x00, 0x35, 0xA5, 0x00, 0x35,
  0xA5, 0x00, 0x35, 0xA5, 0x00, 0x35, 0xA5, 0x00, 0x35, 0xA5, 0x00, 0x35, 0xA5, 0x00, 0x35, 0xA5,
  0x00, 0x35, 0xA5, 0x00, 0x35, 0xA5, 0x00, 0x35, 0xA5, 0x00, 0x35, 0xA5, 0x00, 0x35, 0xA5, 0x00,
  0x35, 0xA5, 0x00, 0x35, 0xA5, 0x00, 0x35, 0xA5, 0x00, 0x35, 0xA5, 0x00, 0x35, 0xA5, 0x00, 0x35,
  0xA5, 0x00, 0x35, 0xA5, 0x00, 0x35, 0xA5, 0x00, 0x35, 0xA5, 0x00, 0x35, 0xA5, 0x00, 0x35, 0xA5,
  0x00, 0x35, 0xA5, 0x00, 0x35, 0xA5, 0x00, 0x35, 0xA5, 0x00, 0x35, 0xA5, 0x00, 0x35, 0xA5, 0x00,
  0x35, 0xA5, 0x00, 0x35, 0xA5, 0x00, 0x96, 0xAD, 0x00, 0x10, 0x84, 0x00, 0x49, 0x42, 0x00, 0x8A,
  0x4A, 0x00, 0x69, 0x4A, 0x28, 0xA7, 0x31, 0x57, 0x24, 0x21, 0x75, 0x28, 0x42, 0x8D, 0x6A, 0x4A,
  0xAD, 0x08, 0x3A, 0xB4, 0x08, 0x42, 0xC1, 0x29, 0x42, 0xD5, 0x08, 0x3A, 0xDE, 0xE8, 0x39, 0xE3,
  0x29, 0x42, 0xF3, 0x8A, 0x52, 0xFF, 0xAB, 0x52, 0xFF, 0xEC, 0x5A, 0xFF, 0x4D, 0x6B, 0xFF, 0x4D,
  0x63, 0xFF, 0x4D, 0x6B, 0xFF, 0x6E, 0x6B, 0xFF, 0xAF, 0x73, 0xFF, 0x30, 0x84, 0xFF, 0xAF, 0x73,
  0xFF, 0xAE, 0x73, 0xFF, 0x10, 0x7C, 0xFF, 0x72, 0x8C, 0xFF, 0x72, 0x8C, 0xFF, 0x72, 0x8C, 0xFF,
  0x72, 0x8C, 0xFF, 0x92, 0x8C, 0xFF, 0x92, 0x8C, 0xFF, 0xB3, 0x94, 0xFF, 0xD3, 0x94, 0xFF, 0x92,
  0x8C, 0xFF, 0x92, 0x8C, 0xFF, 0x92, 0x8C, 0xFF, 0x92, 0x8C, 0xFF, 0x92, 0x8C, 0xFF, 0x92, 0x8C,
  0xFF, 0x92, 0x8C, 0xFF, 0x92, 0x8C, 0xFF, 0x92, 0x8C, 0xFF, 0x92, 0x8C, 0xFF, 0x92, 0x8C, 0xFF,
  0x72, 0x8C, 0xFF, 0xB3, 0x94, 0xFF, 0x35, 0xA5, 0xFF, 0x14, 0x9D, 0xFF, 0xB3, 0x94, 0xFF, 0xD3,
  0x94, 0xFF, 0xB3, 0x94, 0xFF, 0xB3, 0x94, 0xFF, 0x72, 0x8C, 0xFF, 0x72, 0x8C, 0xFF, 0x72, 0x8C,
  0xFF, 0x72, 0x8C, 0xFF, 0x51, 0x8C, 0xFF, 0x10, 0x7C, 0xFF, 0xEF, 0x7B, 0xFF, 0x10, 0x7C, 0xFF,
  0x10, 0x7C, 0xFF, 0x6E, 0x6B, 0xFF, 0x4D, 0x63, 0xFF, 0x4D, 0x63, 0xFF, 0xCB, 0x5A, 0xFF, 0x69,
  0x4A, 0xFF, 0xAB, 0x52, 0xFF, 0xAB, 0x52, 0xFF, 0x8A, 0x52, 0xF7, 0x08, 0x42, 0xED, 0xC7, 0x39,
  0xE4, 0xA7, 0x31, 0xDF, 0xC7, 0x31, 0xD9, 0xC7, 0x39, 0xBE, 0x08, 0x3A, 0xB4, 0x86, 0x31, 0x99,
  0xA2, 0x10, 0x77, 0xE7, 0x39, 0x5C, 0x49, 0x4A, 0x28, 0x49, 0x42, 0x00, 0x8A, 0x4A, 0x00, 0x10,
  0x84, 0x00, 0x97, 0xAD, 0x00, 0x35, 0xA5, 0x00, 0x35, 0xA5, 0x00, 0x35, 0xA5, 0x00, 0x35, 0xA5,
  0x00, 0x35, 0xA5, 0x00, 0x35, 0xA5, 0x00, 0x35, 0xA5, 0x00, 0x35, 0xA5, 0x00, 0x35, 0xA5, 0x00,
  0x35, 0xA5, 0x00, 0x35, 0xA5, 0x00, 0x35, 0xA5, 0x00, 0x35, 0xA5, 0x00, 0x35, 0xA5, 0x00, 0x35,
  0xA5, 0x00, 0x35, 0xA5, 0x00, 0x35, 0xA5, 0x00, 0x35, 0xA5, 0x00, 0x35, 0xA5, 0x00, 0x35, 0xA5,
  0x00, 0x35, 0xA5, 0x00, 0x35, 0xA5, 0x00, 0x35, 0xA5, 0x00, 0x35, 0xA5, 0x00, 0x35, 0xA5, 0x00,
  0x35, 0xA5, 0x00, 0x35, 0xA5, 0x00, 0x35, 0xA5, 0x00, 0x35, 0xA5, 0x00, 0x35, 0xA5, 0x00, 0x97,
  0xAD, 0x00, 0xB3, 0x94, 0x00, 0x86, 0x29, 0x3F, 0xE8, 0x39, 0xC0, 0xCB, 0x52, 0xFA, 0x4D, 0x63,
  0xFF, 0xCF, 0x73, 0xFF, 0xAF, 0x73, 0xFF, 0x10, 0x7C, 0xFF, 0x30, 0x84, 0xFF, 0x51, 0x84, 0xFF,
  0xF4, 0x9C, 0xFF, 0x55, 0xA5, 0xFF, 0x35, 0xA5, 0xFF, 0x35, 0xA5, 0xFF, 0x76, 0xAD, 0xFF, 0x97,
  0xAD, 0xFF, 0x96, 0xAD, 0xFF, 0x96, 0xAD, 0xFF, 0x96, 0xAD, 0xFF, 0x96, 0xAD, 0xFF, 0x97, 0xAD,
  0xFF, 0x97, 0xAD, 0xFF, 0xB7, 0xB5, 0xFF, 0xB7, 0xB5, 0xFF, 0xD7, 0xB5, 0xFF, 0xB7, 0xB5, 0xFF,
  0xB7, 0xB5, 0xFF, 0xB7, 0xB5, 0xFF, 0xB7, 0xB5, 0xFF, 0xB7, 0xB5, 0xFF, 0xB7, 0xAD, 0xFF, 0x97,
  0xAD, 0xFF, 0x97, 0xAD, 0xFF, 0x97, 0xAD, 0xFF, 0xB7, 0xB5, 0xFF, 0xB7, 0xB5, 0xFF, 0xB7, 0xB5,
  0xFF, 0xB7, 0xB5, 0xFF, 0xB7, 0xB5, 0xFF, 0xB7, 0xB5, 0xFF, 0xB7, 0xB5, 0xFF, 0xB7, 0xB5, 0xFF,
  0xB7, 0xB5, 0xFF, 0xB7, 0xB5, 0xFF, 0xB7, 0xB5, 0xFF, 0xB7, 0xB5, 0xFF, 0x97, 0xAD, 0xFF, 0x76,
  0xAD, 0xFF, 0x96, 0xAD, 0xFF, 0x97, 0xAD, 0xFF, 0x96, 0xAD, 0xFF, 0x97, 0xAD, 0xFF, 0xB7, 0xAD,
  0xFF, 0xB7, 0xB5, 0xFF, 0xB7, 0xB5, 0xFF, 0xB7, 0xB5, 0xFF, 0xB7, 0xB5, 0xFF, 0xB7, 0xB5, 0xFF,
  0xB7, 0xB5, 0xFF, 0xB7, 0xB5, 0xFF, 0xB7, 0xB5, 0xFF, 0xB7, 0xB5, 0xFF, 0x97, 0xAD, 0xFF, 0x96,
  0xAD, 0xFF, 0x96, 0xAD, 0xFF, 0x97, 0xAD, 0xFF, 0x97, 0xAD, 0xFF, 0x96, 0xAD, 0xFF, 0x76, 0xAD,
  0xFF, 0x76, 0xAD, 0xFF, 0x35, 0xA5, 0xFF, 0x15, 0x9D, 0xFF, 0x56, 0xA5, 0xFF, 0xD3, 0x94, 0xFF,
  0x10, 0x7C, 0xFF, 0x10, 0x7C, 0xFF, 0xAE, 0x73, 0xFF, 0x6E, 0x6B, 0xFF, 0x2D, 0x63, 0xFF, 0xAA,
  0x52, 0xFA, 0xA6, 0x31, 0xBE, 0xA7, 0x31, 0x3D, 0xD3, 0x94, 0x00, 0x97, 0xAD, 0x00, 0x35, 0xA5,
  0x00, 0x35, 0xA5, 0x00, 0x35, 0xA5, 0x00, 0x35, 0xA5, 0x00, 0x35, 0xA5, 0x00, 0x35, 0xA5, 0x00,
  0x35, 0xA5, 0x00, 0x35, 0xA5, 0x00, 0x35, 0xA5, 0x00, 0x35, 0xA5, 0x00, 0x35, 0xA5, 0x00, 0x35,
  0xA5, 0x00, 0x35, 0xA5, 0x00, 0x35, 0xA5, 0x00, 0x35, 0xA5, 0x00, 0x56, 0xA5, 0x00, 0x56, 0xA5,
  0x00, 0x56, 0xA5, 0x00, 0x56, 0xA5, 0x00, 0x56, 0xA5, 0x00, 0x56, 0xA5, 0x00, 0x56, 0xA5, 0x00,
  0x56, 0xA5, 0x00, 0x56, 0xA5, 0x00, 0x56, 0xA5, 0x00, 0x56, 0xA5, 0x00, 0x56, 0xA5, 0x00, 0x56,
  0xA5, 0x00, 0x56, 0xA5, 0x00, 0x56, 0xA5, 0x00, 0x97, 0xAD, 0x00, 0x49, 0x4A, 0x7F, 0x86, 0x31,
  0xFF, 0xD3, 0x94, 0xFF, 0xB7, 0xAD, 0xFF, 0xB7, 0xB5, 0xFF, 0xB7, 0xB5, 0xFF, 0x76, 0xAD, 0xFF,
  0x76, 0xAD, 0xFF, 0x76, 0xAD, 0xFF, 0x76, 0xAD, 0xFF, 0x35, 0xA5, 0xFF, 0x35, 0xA5, 0xFF, 0x35,
  0xA5, 0xFF, 0x35, 0xA5, 0xFF, 0x35, 0x9D, 0xFF, 0x14, 0x9D, 0xFF, 0x14, 0x9D, 0xFF, 0x14, 0x9D,
  0xFF, 0x14, 0x9D, 0xFF, 0x14, 0x9D, 0xFF, 0x14, 0x9D, 0xFF, 0x14, 0x9D, 0xFF, 0x14, 0x9D, 0xFF,
  0x14, 0x9D, 0xFF, 0x14, 0x9D, 0xFF, 0xF4, 0x9C, 0xFF, 0xF4, 0x9C, 0xFF, 0xF4, 0x9C, 0xFF, 0xF4,
  0x9C, 0xFF, 0xF4, 0x9C, 0xFF, 0x14, 0x9D, 0xFF, 0x14, 0x9D, 0xFF, 0x14, 0x9D, 0xFF, 0x14, 0x9D,
  0xFF, 0x14, 0x9D, 0xFF, 0x14, 0x9D, 0xFF, 0x14, 0x9D, 0xFF, 0x14, 0x9D, 0xFF, 0x14, 0x9D, 0xFF,
  0x14, 0x9D, 0xFF, 0x14, 0x9D, 0xFF, 0x14, 0x9D, 0xFF, 0x14, 0x9D, 0xFF, 0x14, 0x9D, 0xFF, 0x14,
  0x9D, 0xFF, 0x14, 0x9D, 0xFF, 0x14, 0x9D, 0xFF, 0x14, 0x9D, 0xFF, 0x14, 0x9D, 0xFF, 0x14, 0x9D,
  0xFF, 0x14, 0x9D, 0xFF, 0x14, 0x9D, 0xFF, 0xF4, 0x9C, 0xFF, 0xF4, 0x9C, 0xFF, 0xF4, 0x9C, 0xFF,
  0xF4, 0x9C, 0xFF, 0xF4, 0x9C, 0xFF, 0xF4, 0x9C, 0xFF, 0xF4, 0x9C, 0xFF, 0xF4, 0x9C, 0xFF, 0xF4,
  0x9C, 0xFF, 0x14, 0x9D, 0xFF, 0x14, 0x9D, 0xFF, 0x14, 0x9D, 0xFF, 0x14, 0x9D, 0xFF, 0x14, 0x9D,
  0xFF, 0x14, 0x9D, 0xFF, 0x15, 0x9D, 0xFF, 0x15, 0x9D, 0xFF, 0x35, 0xA5, 0xFF, 0x35, 0xA5, 0xFF,
  0x35, 0xA5, 0xFF, 0x35, 0xA5, 0xFF, 0x55, 0xA5, 0xFF, 0x76, 0xAD, 0xFF, 0x76, 0xAD, 0xFF, 0x97,
  0xAD, 0xFF, 0xD7, 0xB5, 0xFF, 0xB7, 0xB5, 0xFF, 0xB7, 0xB5, 0xFF, 0x93, 0x94, 0xFF, 0xE3, 0x18,
  0xFF, 0x69, 0x4A, 0x6D, 0xD7, 0xB5, 0x00, 0x76, 0xAD, 0x00, 0x76, 0xAD, 0x00, 0x76, 0xAD, 0x00,
  0x76, 0xAD, 0x00, 0x76, 0xAD, 0x00, 0x76, 0xAD, 0x00, 0x76, 0xAD, 0x00, 0x76, 0xAD, 0x00, 0x76,
  0xAD, 0x00, 0x76, 0xAD, 0x00, 0x76, 0xAD, 0x00, 0x76, 0xAD, 0x00, 0x76, 0xAD, 0x00, 0x76, 0xAD,
  0x00, 0x76, 0xAD, 0x00, 0xCB, 0x5A, 0x00, 0xCB, 0x5A, 0x00, 0xCB, 0x5A, 0x00, 0xCB, 0x5A, 0x00,
  0xCB, 0x5A, 0x00, 0xCB, 0x5A, 0x00, 0xCB, 0x5A, 0x00, 0xCB, 0x5A, 0x00, 0xCB, 0x5A, 0x00, 0xCB,
  0x5A, 0x00, 0xCB, 0x5A, 0x00, 0xCB, 0x5A, 0x00, 0xCB, 0x5A, 0x00, 0xCB, 0x52, 0x00, 0x4D, 0x63,
  0x00, 0xE8, 0x39, 0x6D, 0x86, 0x31, 0xFF, 0xD7, 0xB5, 0xFF, 0xB7, 0xB5, 0xFF, 0xF4, 0x9C, 0xFF,
  0xD3, 0x94, 0xFF, 0xF4, 0x9C, 0xFF, 0x15, 0x9D, 0xFF, 0x55, 0xA5, 0xFF, 0x55, 0xA5, 0xFF, 0x55,
  0xA5, 0xFF, 0x56, 0xA5, 0xFF, 0x76, 0xAD, 0xFF, 0x96, 0xAD, 0xFF, 0x96, 0xAD, 0xFF, 0x96, 0xAD,
  0xFF, 0x97, 0xAD, 0xFF, 0x97, 0xAD, 0xFF, 0xB7, 0xAD, 0xFF, 0xB7, 0xB5, 0xFF, 0xB7, 0xB5, 0xFF,
  0xB7, 0xB5, 0xFF, 0xB7, 0xB5, 0xFF, 0xB7, 0xB5, 0xFF, 0xB7, 0xB5, 0xFF, 0xB7, 0xB5, 0xFF, 0xB7,
  0xB5, 0xFF, 0xB7, 0xB5, 0xFF, 0xD7, 0xB5, 0xFF, 0xD7, 0xB5, 0xFF, 0xD7, 0xB5, 0xFF, 0xD7, 0xB5,
  0xFF, 0xD7, 0xB5, 0xFF, 0xD7, 0xB5, 0xFF, 0xD7, 0xB5, 0xFF, 0xD7, 0xB5, 0xFF, 0xD7, 0xB5, 0xFF,
  0xB7, 0xB5, 0xFF, 0xB7, 0xB5, 0xFF, 0xD7, 0xB5, 0xFF, 0xD7, 0xB5, 0xFF, 0xD7, 0xB5, 0xFF, 0xB7,
  0xB5, 0xFF, 0xB7, 0xB5, 0xFF, 0xB7, 0xB5, 0xFF, 0xB7, 0xB5, 0xFF, 0xB7, 0xB5, 0xFF, 0xB7, 0xB5,
  0xFF, 0xB7, 0xB5, 0xFF, 0xD7, 0xB5, 0xFF, 0xD7, 0xB5, 0xFF, 0xD7, 0xB5, 0xFF, 0xD7, 0xB5, 0xFF,
  0xD7, 0xB5, 0xFF, 0xB7, 0xB5, 0xFF, 0xB7, 0xB5, 0xFF, 0xB7, 0xB5, 0xFF, 0xB7, 0xB5, 0xFF, 0xB7,
  0xB5, 0xFF, 0xB7, 0xB5, 0xFF, 0xB7, 0xB5, 0xFF, 0xB7, 0xB5, 0xFF, 0xB7, 0xB5, 0xFF, 0xB7, 0xB5,
  0xFF, 0xB7, 0xB5, 0xFF, 0xB7, 0xB5, 0xFF, 0x97, 0xAD, 0xFF, 0x97, 0xAD, 0xFF, 0x97, 0xAD, 0xFF,
  0x97, 0xAD, 0xFF, 0x96, 0xAD, 0xFF, 0x76, 0xAD, 0xFF, 0x76, 0xA5, 0xFF, 0x55, 0xA5, 0xFF, 0x55,
  0xA5, 0xFF, 0x55, 0xA5, 0xFF, 0x35, 0xA5, 0xFF, 0x14, 0x9D, 0xFF, 0xF4, 0x9C, 0xFF, 0xD3, 0x94,
  0xFF, 0xF4, 0x9C, 0xFF, 0xF8, 0xBD, 0xFF, 0x76, 0xAD, 0xFF, 0xC3, 0x18, 0xFF, 0x28, 0x42, 0x68,
  0xAF, 0x73, 0x00, 0x2D, 0x63, 0x00, 0x2D, 0x63, 0x00, 0x2D, 0x63, 0x00, 0x2D, 0x63, 0x00, 0x2D,
  0x63, 0x00, 0x2D, 0x63, 0x00, 0x2D, 0x63, 0x00, 0x2D, 0x63, 0x00, 0x2D, 0x63, 0x00, 0x2D, 0x63,
  0x00, 0x2D, 0x63, 0x00, 0x2D, 0x63, 0x00, 0x2D, 0x63, 0x00, 0x2D, 0x63, 0x00, 0x2D, 0x63, 0x00,
  0x2D, 0x63, 0x00, 0x2D, 0x63, 0x00, 0x2D, 0x63, 0x00, 0x2D, 0x63, 0x00, 0x2D, 0x63, 0x00, 0x2D,
  0x63, 0x00, 0x2D, 0x63, 0x00, 0x2D, 0x63, 0x00, 0x2D, 0x63, 0x00, 0x2D, 0x63, 0x00, 0x2D, 0x63,
  0x00, 0x2D, 0x63, 0x00, 0x4D, 0x6B, 0x00, 0xCB, 0x52, 0x24, 0x04, 0x19, 0xEF, 0x55, 0xA5, 0xFF,
  0xD7, 0xB5, 0xFF, 0xD3, 0x94, 0xFF, 0x15, 0x9D, 0xFF, 0xD7, 0xB5, 0xFF, 0xD8, 0xB5, 0xFF, 0x97,
  0xAD, 0xFF, 0x96, 0xAD, 0xFF, 0x76, 0xAD, 0xFF, 0x96, 0xAD, 0xFF, 0x76, 0xAD, 0xFF, 0x35, 0xA5,
  0xFF, 0x15, 0x9D, 0xFF, 0x14, 0x9D, 0xFF, 0xF4, 0x9C, 0xFF, 0xF4, 0x9C, 0xFF, 0xD3, 0x9C, 0xFF,
  0xB3, 0x94, 0xFF, 0x51, 0x84, 0xFF, 0x31, 0x84, 0xFF, 0x31, 0x84, 0xFF, 0xF0, 0x7B, 0xFF, 0xCF,
  0x7B, 0xFF, 0xCF, 0x73, 0xFF, 0xCF, 0x73, 0xFF, 0xAF, 0x73, 0xFF, 0xAF, 0x73, 0xFF, 0xAF, 0x73,
  0xFF, 0xAE, 0x73, 0xFF, 0x8E, 0x73, 0xFF, 0x6E, 0x6B, 0xFF, 0x6D, 0x6B, 0xFF, 0x4D, 0x6B, 0xFF,
  0x6D, 0x6B, 0xFF, 0x6D, 0x6B, 0xFF, 0x2C, 0x63, 0xFF, 0x0C, 0x5B, 0xFF, 0x0C, 0x5B, 0xFF, 0x0C,
  0x5B, 0xFF, 0x0C, 0x5B, 0xFF, 0x0C, 0x5B, 0xFF, 0x0C, 0x5B, 0xFF, 0x0C, 0x5B, 0xFF, 0x0C, 0x5B,
  0xFF, 0x0C, 0x5B, 0xFF, 0x2C, 0x63, 0xFF, 0x2C, 0x63, 0xFF, 0x2C, 0x63, 0xFF, 0x4D, 0x6B, 0xFF,
  0x4D, 0x6B, 0xFF, 0x6D, 0x6B, 0xFF, 0x6D, 0x6B, 0xFF, 0x8E, 0x6B, 0xFF, 0xAF, 0x73, 0xFF, 0xAF,
  0x73, 0xFF, 0xAF, 0x73, 0xFF, 0xAF, 0x73, 0xFF, 0xAF, 0x73, 0xFF, 0xCF, 0x7B, 0xFF, 0xF0, 0x7B,
  0xFF, 0xF0, 0x7B, 0xFF, 0xF0, 0x7B, 0xFF, 0x31, 0x84, 0xFF, 0x51, 0x84, 0xFF, 0x72, 0x8C, 0xFF,
  0xD3, 0x94, 0xFF, 0xF4, 0x9C, 0xFF, 0xF4, 0x9C, 0xFF, 0xF4, 0x9C, 0xFF, 0xF4, 0x9C, 0xFF, 0x35,
  0xA5, 0xFF, 0x76, 0xAD, 0xFF, 0x76, 0xAD, 0xFF, 0x76, 0xAD, 0xFF, 0x96, 0xAD, 0xFF, 0x97, 0xAD,
  0xFF, 0xB7, 0xB5, 0xFF, 0xD8, 0xB5, 0xFF, 0xB7, 0xB5, 0xFF, 0x14, 0x9D, 0xFF, 0xD3, 0x94, 0xFF,
  0xF8, 0xBD, 0xFF, 0xD4, 0x94, 0xFF, 0xA2, 0x10, 0xE0, 0x4D, 0x6B, 0x18, 0xCF, 0x73, 0x00, 0x8E,
  0x73, 0x00, 0x8E, 0x73, 0x00, 0x8E, 0x73, 0x00, 0x8E, 0x73, 0x00, 0x8E, 0x73, 0x00, 0x8E, 0x73,
  0x00, 0x8E, 0x73, 0x00, 0x8E, 0x73, 0x00, 0x8E, 0x73, 0x00, 0x8E, 0x73, 0x00, 0x8E, 0x73, 0x00,
  0x8E, 0x73, 0x00, 0x8E, 0x73, 0x00, 0x92, 0x8C, 0x00, 0x92, 0x8C, 0x00, 0x92, 0x8C, 0x00, 0x92,
  0x8C, 0x00, 0x92, 0x8C, 0x00, 0x92, 0x8C, 0x00, 0x92, 0x8C, 0x00, 0x92, 0x8C, 0x00, 0x92, 0x8C,
  0x00, 0x92, 0x8C, 0x00, 0x92, 0x8C, 0x00, 0x92, 0x8C, 0x00, 0x92, 0x8C, 0x00, 0x14, 0x9D, 0x00,
  0x0C, 0x63, 0x51, 0x8A, 0x52, 0xFF, 0xD8, 0xB5, 0xFF, 0xF4, 0x9C, 0xFF, 0x56, 0xA5, 0xFF, 0xB7,
  0xB5, 0xFF, 0xF0, 0x7B, 0xFF, 0xAA, 0x52, 0xFF, 0xE7, 0x39, 0xFF, 0x45, 0x29, 0xFF, 0x45, 0x21,
  0xFF, 0x45, 0x29, 0xFF, 0x04, 0x21, 0xFF, 0xC3, 0x18, 0xFF, 0x82, 0x10, 0xFF, 0x82, 0x10, 0xFF,
  0x61, 0x08, 0xFF, 0x61, 0x08, 0xFF, 0x41, 0x08, 0xFF, 0x40, 0x08, 0xFF, 0x00, 0x00, 0xFF, 0x00,
  0x00, 0xFF, 0x00, 0x00, 0xFF, 0x00, 0x00, 0xFF, 0x00, 0x00, 0xFF, 0x00, 0x00, 0xFF, 0x00, 0x00,
  0xFF, 0x00, 0x00, 0xFF, 0x00, 0x00, 0xFF, 0x00, 0x00, 0xFF, 0x00, 0x00, 0xFF, 0x00, 0x00, 0xFF,
  0x00, 0x00, 0xFF, 0x00, 0x00, 0xFF, 0x00, 0x00, 0xFF, 0x00, 0x00, 0xFF, 0x00, 0x00, 0xFF, 0x82,
  0x10, 0xFF, 0x45, 0x29, 0xFF, 0xE3, 0x20, 0xFF, 0xE3, 0x20, 0xFF, 0xE3, 0x20, 0xFF, 0xE3, 0x20,
  0xFF, 0xE3, 0x20, 0xFF, 0xE3, 0x20, 0xFF, 0xE3, 0x20, 0xFF, 0xE4, 0x20, 0xFF, 0x04, 0x21, 0xFF,
  0x25, 0x29, 0xFF, 0xE3, 0x20, 0xFF, 0x00, 0x00, 0xFF, 0x00, 0x00, 0xFF, 0x00, 0x00, 0xFF, 0x00,
  0x00, 0xFF, 0x00, 0x00, 0xFF, 0x00, 0x00, 0xFF, 0x00, 0x00, 0xFF, 0x00, 0x00, 0xFF, 0x00, 0x00,
  0xFF, 0x00, 0x00, 0xFF, 0x00, 0x00, 0xFF, 0x00, 0x00, 0xFF, 0x00, 0x00, 0xFF, 0x00, 0x00, 0xFF,
  0x00, 0x00, 0xFF, 0x00, 0x00, 0xFF, 0x20, 0x00, 0xFF, 0x41, 0x08, 0xFF, 0x61, 0x08, 0xFF, 0x61,
  0x08, 0xFF, 0x61, 0x08, 0xFF, 0x61, 0x08, 0xFF, 0xA2, 0x10, 0xFF, 0x04, 0x21, 0xFF, 0x24, 0x21,
  0xFF, 0x45, 0x29, 0xFF, 0x65, 0x29, 0xFF, 0xA6, 0x31, 0xFF, 0x49, 0x4A, 0xFF, 0x69, 0x4A, 0xFF,
  0x10, 0x7C, 0xFF, 0xD8, 0xB5, 0xFF, 0x35, 0xA5, 0xFF, 0x14, 0x9D, 0xFF, 0xD8, 0xB5, 0xFF, 0xC7,
  0x31, 0xFF, 0x6D, 0x6B, 0x49, 0xD7, 0xB5, 0x00, 0x35, 0xA5, 0x00, 0x35, 0xA5, 0x00, 0x35, 0xA5,
  0x00, 0x35, 0xA5, 0x00, 0x35, 0xA5, 0x00, 0x35, 0xA5, 0x00, 0x35, 0xA5, 0x00, 0x35, 0xA5, 0x00,
  0x35, 0xA5, 0x00, 0x35, 0xA5, 0x00, 0x35, 0xA5, 0x00, 0x35, 0xA5, 0x00, 0x35, 0xA5, 0x00, 0x6D,
  0x6B, 0x00, 0x6D, 0x6B, 0x00, 0x6D, 0x6B, 0x00, 0x6D, 0x6B, 0x00, 0x6D, 0x6B, 0x00, 0x6D, 0x6B,
  0x00, 0x6D, 0x6B, 0x00, 0x6D, 0x6B, 0x00, 0x6D, 0x6B, 0x00, 0x6D, 0x6B, 0x00, 0x6D, 0x6B, 0x00,
  0x6D, 0x6B, 0x00, 0x6D, 0x6B, 0x00, 0x6E, 0x6B, 0x00, 0xE8, 0x39, 0x95, 0x31, 0x84, 0xFF, 0xB7,
  0xB5, 0xFF, 0x14, 0x9D, 0xFF, 0xD7, 0xB5, 0xFF, 0x8A, 0x4A, 0xFF, 0x00, 0x00, 0xFF, 0x00, 0x00,
  0xFF, 0x00, 0x00, 0xFF, 0x00, 0x00, 0xFF, 0x00, 0x00, 0xFF, 0x00, 0x00, 0xFF, 0x00, 0x00, 0xFF,
  0x20, 0x00, 0xFF, 0x20, 0x00, 0xFF, 0x20, 0x00, 0xFF, 0x21, 0x00, 0xFF, 0x41, 0x08, 0xFF, 0x41,
  0x08, 0xFF, 0x41, 0x08, 0xFF, 0x61, 0x08, 0xFF, 0x61, 0x08, 0xFF, 0x61, 0x08, 0xFF, 0x62, 0x08,
  0xFF, 0x82, 0x08, 0xFF, 0x82, 0x08, 0xFF, 0x82, 0x08, 0xFF, 0x82, 0x08, 0xFF, 0x82, 0x08, 0xFF,
  0x82, 0x10, 0xFF, 0x82, 0x10, 0xFF, 0x82, 0x08, 0xFF, 0x82, 0x10, 0xFF, 0x82, 0x10, 0xFF, 0x82,
  0x10, 0xFF, 0xA2, 0x10, 0xFF, 0x20, 0x00, 0xFF, 0x45, 0x29, 0xFF, 0x6A, 0x52, 0xFF, 0xE8, 0x41,
  0xFF, 0xE8, 0x41, 0xFF, 0xE8, 0x41, 0xFF, 0xE8, 0x41, 0xFF, 0xE8, 0x41, 0xFF, 0xE8, 0x41, 0xFF,
  0xE8, 0x41, 0xFF, 0xE8, 0x41, 0xFF, 0xE8, 0x41, 0xFF, 0x08, 0x4A, 0xFF, 0xA7, 0x39, 0xFF, 0x61,
  0x08, 0xFF, 0x82, 0x08, 0xFF, 0x82, 0x10, 0xFF, 0x82, 0x10, 0xFF, 0x82, 0x10, 0xFF, 0x62, 0x08,
  0xFF, 0x62, 0x08, 0xFF, 0x62, 0x08, 0xFF, 0x61, 0x08, 0xFF, 0x62, 0x08, 0xFF, 0x61, 0x08, 0xFF,
  0x61, 0x08, 0xFF, 0x61, 0x08, 0xFF, 0x61, 0x08, 0xFF, 0x61, 0x08, 0xFF, 0x41, 0x08, 0xFF, 0x41,
  0x08, 0xFF, 0x41, 0x00, 0xFF, 0x40, 0x00, 0xFF, 0x20, 0x00, 0xFF, 0x20, 0x00, 0xFF, 0x20, 0x00,
  0xFF, 0x20, 0x00, 0xFF, 0x00, 0x00, 0xFF, 0x00, 0x00, 0xFF, 0x00, 0x00, 0xFF, 0x00, 0x00, 0xFF,
  0x00, 0x00, 0xFF, 0x00, 0x00, 0xFF, 0x00, 0x00, 0xFF, 0x00, 0x00, 0xFF, 0x4D, 0x63, 0xFF, 0xF8,
  0xB5, 0xFF, 0xF4, 0x9C, 0xFF, 0xD7, 0xB5, 0xFF, 0xAF, 0x73, 0xFF, 0x08, 0x3A, 0x7D, 0x2D, 0x63,
  0x00, 0xEC, 0x5A, 0x00, 0xEC, 0x5A, 0x00, 0xEC, 0x5A, 0x00, 0xEC, 0x5A, 0x00, 0xEC, 0x5A, 0x00,
  0xEC, 0x5A, 0x00, 0xEC, 0x5A, 0x00, 0xEC, 0x5A, 0x00, 0xEC, 0x5A, 0x00, 0xEC, 0x5A, 0x00, 0xEC,
  0x5A, 0x00, 0xEC, 0x5A, 0x00, 0xEC, 0x5A, 0x00, 0x31, 0x84, 0x00, 0x31, 0x84, 0x00, 0x31, 0x84,
  0x00, 0x31, 0x84, 0x00, 0x31, 0x84, 0x00, 0x31, 0x84, 0x00, 0x31, 0x84, 0x00, 0x31, 0x84, 0x00,
  0x31, 0x84, 0x00, 0x31, 0x84, 0x00, 0x31, 0x84, 0x00, 0x31, 0x84, 0x00, 0x51, 0x84, 0x00, 0xEF,
  0x7B, 0x0D, 0x28, 0x42, 0xE6, 0x35, 0xA5, 0xFF, 0x35, 0xA5, 0xFF, 0xD7, 0xB5, 0xFF, 0x10, 0x7C,
  0xFF, 0x00, 0x00, 0xFF, 0x61, 0x08, 0xFF, 0xC3, 0x10, 0xFF, 0xC3, 0x10, 0xFF, 0xC3, 0x18, 0xFF,
  0xC3, 0x10, 0xFF, 0xC3, 0x10, 0xFF, 0xC3, 0x18, 0xFF, 0xC3, 0x10, 0xFF, 0xC3, 0x10, 0xFF, 0xC3,
  0x10, 0xFF, 0xC3, 0x10, 0xFF, 0xC3, 0x10, 0xFF, 0xC3, 0x10, 0xFF, 0xC3, 0x10, 0xFF, 0xC3, 0x10,
  0xFF, 0xC3, 0x10, 0xFF, 0xC3, 0x10, 0xFF, 0xC3, 0x10, 0xFF, 0xC3, 0x10, 0xFF, 0xC3, 0x10, 0xFF,
  0xC3, 0x10, 0xFF, 0xC3, 0x10, 0xFF, 0xC3, 0x10, 0xFF, 0xC3, 0x10, 0xFF, 0xC3, 0x10, 0xFF, 0xC3,
  0x10, 0xFF, 0xC3, 0x10, 0xFF, 0xC3, 0x10, 0xFF, 0xC3, 0x18, 0xFF, 0xC3, 0x10, 0xFF, 0xA2, 0x10,
  0xFF, 0x82, 0x10, 0xFF, 0x62, 0x08, 0xFF, 0x61, 0x08, 0xFF, 0x61, 0x08, 0xFF, 0x61, 0x08, 0xFF,
  0x61, 0x08, 0xFF, 0x61, 0x08, 0xFF, 0x61, 0x08, 0xFF, 0x61, 0x08, 0xFF, 0x82, 0x08, 0xFF, 0x82,
  0x10, 0xFF, 0x82, 0x10, 0xFF, 0x82, 0x08, 0xFF, 0xC3, 0x10, 0xFF, 0xC3, 0x18, 0xFF, 0xC3, 0x10,
  0xFF, 0xC3, 0x10, 0xFF, 0xC3, 0x10, 0xFF, 0xC3, 0x10, 0xFF, 0xC3, 0x10, 0xFF, 0xC3, 0x10, 0xFF,
  0xC3, 0x10, 0xFF, 0xC3, 0x10, 0xFF, 0xC3, 0x10, 0xFF, 0xC3, 0x10, 0xFF, 0xC3, 0x10, 0xFF, 0xC3,
  0x10, 0xFF, 0xC3, 0x10, 0xFF, 0xC3, 0x10, 0xFF, 0xC3, 0x10, 0xFF, 0xC3, 0x10, 0xFF, 0xC3, 0x10,
  0xFF, 0xC3, 0x10, 0xFF, 0xC3, 0x10, 0xFF, 0xC3, 0x10, 0xFF, 0xC3, 0x10, 0xFF, 0xC3, 0x18, 0xFF,
  0xC3, 0x10, 0xFF, 0xC3, 0x10, 0xFF, 0xC3, 0x10, 0xFF, 0xC3, 0x10, 0xFF, 0xC3, 0x10, 0xFF, 0xC3,
  0x18, 0xFF, 0x41, 0x08, 0xFF, 0x00, 0x00, 0xFF, 0x92, 0x8C, 0xFF, 0x97, 0xAD, 0xFF, 0x76, 0xAD,
  0xFF, 0xF4, 0x9C, 0xFF, 0xC7, 0x39, 0xCE, 0xAB, 0x52, 0x03, 0x0C, 0x5B, 0x00, 0xEC, 0x5A, 0x00,
  0xEC, 0x5A, 0x00, 0xEC, 0x5A, 0x00, 0xEC, 0x5A, 0x00, 0xEC, 0x5A, 0x00, 0xEC, 0x5A, 0x00, 0xEC,
  0x5A, 0x00, 0xEC, 0x5A, 0x00, 0xEC, 0x5A, 0x00, 0xEC, 0x5A, 0x00, 0xEC, 0x5A, 0x00, 0xEC, 0x5A,
  0x00, 0x6D, 0x6B, 0x00, 0x6D, 0x6B, 0x00, 0x6D, 0x6B, 0x00, 0x6D, 0x6B, 0x00, 0x6D, 0x6B, 0x00,
  0x6D, 0x6B, 0x00, 0x6D, 0x6B, 0x00, 0x6D, 0x6B, 0x00, 0x6D, 0x6B, 0x00, 0x6D, 0x6B, 0x00, 0x6D,
  0x6B, 0x00, 0x6D, 0x6B, 0x00, 0x6E, 0x6B, 0x00, 0x8A, 0x4A, 0x48, 0x0C, 0x63, 0xFF, 0xD7, 0xB5,
  0xFF, 0xD4, 0x94, 0xFF, 0xD8, 0xB5, 0xFF, 0x08, 0x42, 0xFF, 0x00, 0x00, 0xFF, 0xC3, 0x18, 0xFF,
  0xC3, 0x18, 0xFF, 0xC3, 0x18, 0xFF, 0xC3, 0x18, 0xFF, 0xC3, 0x10, 0xFF, 0xC3, 0x10, 0xFF, 0xC3,
  0x10, 0xFF, 0xC3, 0x10, 0xFF, 0xA3, 0x10, 0xFF, 0xA3, 0x10, 0xFF, 0xA3, 0x10, 0xFF, 0xA3, 0x10,
  0xFF, 0xA3, 0x10, 0xFF, 0xA3, 0x10, 0xFF, 0xA3, 0x10, 0xFF, 0xA3, 0x10, 0xFF, 0xA3, 0x10, 0xFF,
  0xA3, 0x10, 0xFF, 0xA3, 0x10, 0xFF, 0xA2, 0x10, 0xFF, 0xA2, 0x10, 0xFF, 0xA2, 0x10, 0xFF, 0xA2,
  0x10, 0xFF, 0xA2, 0x10, 0xFF, 0xA3, 0x10, 0xFF, 0xA3, 0x10, 0xFF, 0xA3, 0x10, 0xFF, 0xA3, 0x10,
  0xFF, 0xC3, 0x10, 0xFF, 0xA3, 0x10, 0xFF, 0xA2, 0x10, 0xFF, 0xA2, 0x10, 0xFF, 0x82, 0x08, 0xFF,
  0x82, 0x08, 0xFF, 0x62, 0x08, 0xFF, 0x62, 0x08, 0xFF, 0x62, 0x08, 0xFF, 0x82, 0x08, 0xFF, 0x82,
  0x08, 0xFF, 0x82, 0x08, 0xFF, 0x82, 0x08, 0xFF, 0x82, 0x10, 0xFF, 0x82, 0x10, 0xFF, 0xA2, 0x10,
  0xFF, 0xC3, 0x10, 0xFF, 0xA3, 0x10, 0xFF, 0xC3, 0x10, 0xFF, 0xA3, 0x10, 0xFF, 0xA2, 0x10, 0xFF,
  0xA3, 0x10, 0xFF, 0xA2, 0x10, 0xFF, 0xA2, 0x10, 0xFF, 0xA2, 0x10, 0xFF, 0xA2, 0x10, 0xFF, 0xA3,
  0x10, 0xFF, 0xA2, 0x10, 0xFF, 0xA2, 0x10, 0xFF, 0xA3, 0x10, 0xFF, 0xA3, 0x10, 0xFF, 0xA3, 0x10,
  0xFF, 0xA3, 0x10, 0xFF, 0xA3, 0x10, 0xFF, 0xA3, 0x10, 0xFF, 0xA3, 0x10, 0xFF, 0xA3, 0x10, 0xFF,
  0xA3, 0x10, 0xFF, 0xC3, 0x10, 0xFF, 0xC3, 0x10, 0xFF, 0xC3, 0x10, 0xFF, 0xC3, 0x18, 0xFF, 0xA3,
  0x10, 0xFF, 0xC3, 0x18, 0xFF, 0xC3, 0x10, 0xFF, 0xC3, 0x10, 0xFF, 0xA2, 0x10, 0xFF, 0x00, 0x00,
  0xFF, 0xCB, 0x5A, 0xFF, 0xF8, 0xBD, 0xFF, 0xD4, 0x94, 0xFF, 0xB7, 0xB5, 0xFF, 0xEB, 0x5A, 0xF9,
  0xEC, 0x5A, 0x32, 0x4D, 0x6B, 0x00, 0x4D, 0x63, 0x00, 0x4D, 0x63, 0x00, 0x4D, 0x63, 0x00, 0x4D,
  0x63, 0x00, 0x4D, 0x63, 0x00, 0x4D, 0x63, 0x00, 0x4D, 0x63, 0x00, 0x4D, 0x63, 0x00, 0x4D, 0x63,
  0x00, 0x4D, 0x63, 0x00, 0x4D, 0x63, 0x00, 0x4D, 0x63, 0x00, 0x10, 0x84, 0x00, 0x10, 0x84, 0x00,
  0x10, 0x84, 0x00, 0x10, 0x84, 0x00, 0x10, 0x84, 0x00, 0x10, 0x84, 0x00, 0x10, 0x84, 0x00, 0x10,
  0x84, 0x00, 0x10, 0x84, 0x00, 0x10, 0x84, 0x00, 0x10, 0x84, 0x00, 0x10, 0x84, 0x00, 0x71, 0x8C,
  0x00, 0x08, 0x3A, 0x96, 0xCF, 0x73, 0xFF, 0x97, 0xAD, 0xFF, 0x55, 0xA5, 0xFF, 0x55, 0xA5, 0xFF,
  0xC3, 0x18, 0xFF, 0x00, 0x00, 0xFF, 0xC3, 0x10, 0xFF, 0xE3, 0x18, 0xFF, 0xC3, 0x18, 0xFF, 0xA3,
  0x10, 0xFF, 0xA3, 0x10, 0xFF, 0xA3, 0x10, 0xFF, 0xA3, 0x10, 0xFF, 0xA3, 0x10, 0xFF, 0xA3, 0x10,
  0xFF, 0xA2, 0x10, 0xFF, 0xA3, 0x10, 0xFF, 0xA3, 0x10, 0xFF, 0xA3, 0x10, 0xFF, 0xA3, 0x10, 0xFF,
  0xA3, 0x10, 0xFF, 0xA3, 0x10, 0xFF, 0xA2, 0x10, 0xFF, 0xA2, 0x10, 0xFF, 0xA2, 0x10, 0xFF, 0xA2,
  0x10, 0xFF, 0xA2, 0x10, 0xFF, 0xA2, 0x10, 0xFF, 0xA2, 0x10, 0xFF, 0xA3, 0x10, 0xFF, 0xA3, 0x10,
  0xFF, 0xA3, 0x10, 0xFF, 0xA3, 0x10, 0xFF, 0xA3, 0x10, 0xFF, 0xA3, 0x10, 0xFF, 0xC3, 0x10, 0xFF,
  0xA3, 0x10, 0xFF, 0xA3, 0x10, 0xFF, 0xC3, 0x10, 0xFF, 0xA3, 0x10, 0xFF, 0xA3, 0x10, 0xFF, 0xA3,
  0x10, 0xFF, 0xA3, 0x10, 0xFF, 0xA3, 0x10, 0xFF, 0xA3, 0x10, 0xFF, 0xA3, 0x10, 0xFF, 0xA3, 0x10,
  0xFF, 0xC3, 0x10, 0xFF, 0xC3, 0x10, 0xFF, 0xC3, 0x10, 0xFF, 0xA3, 0x10, 0xFF, 0xC3, 0x10, 0xFF,
  0xA3, 0x10, 0xFF, 0xA3, 0x10, 0xFF, 0xA2, 0x10, 0xFF, 0xA3, 0x10, 0xFF, 0xA3, 0x10, 0xFF, 0xA2,
  0x10, 0xFF, 0xA2, 0x10, 0xFF, 0xA2, 0x10, 0xFF, 0xA2, 0x10, 0xFF, 0xA2, 0x10, 0xFF, 0xA2, 0x10,
  0xFF, 0xA2, 0x10, 0xFF, 0xA3, 0x10, 0xFF, 0xA2, 0x10, 0xFF, 0xA2, 0x10, 0xFF, 0xA2, 0x10, 0xFF,
  0xA2, 0x10, 0xFF, 0xA2, 0x10, 0xFF, 0xA2, 0x10, 0xFF, 0xA2, 0x10, 0xFF, 0xA2, 0x10, 0xFF, 0xA2,
  0x10, 0xFF, 0xA3, 0x10, 0xFF, 0xA3, 0x10, 0xFF, 0xC3, 0x10, 0xFF, 0xC3, 0x10, 0xFF, 0xC3, 0x10,
  0xFF, 0xC3, 0x10, 0xFF, 0xA2, 0x10, 0xFF, 0x00, 0x00, 0xFF, 0x24, 0x21, 0xFF, 0x96, 0xAD, 0xFF,
  0x15, 0x9D, 0xFF, 0xD7, 0xB5, 0xFF, 0x8E, 0x6B, 0xFF, 0xA6, 0x31, 0x88, 0x2D, 0x63, 0x00, 0x0C,
  0x63, 0x00, 0x0C, 0x63, 0x00, 0x0C, 0x63, 0x00, 0x0C, 0x63, 0x00, 0x0C, 0x63, 0x00, 0x0C, 0x63,
  0x00, 0x0C, 0x63, 0x00, 0x0C, 0x63, 0x00, 0x0C, 0x63, 0x00, 0x0C, 0x63, 0x00, 0x0C, 0x63, 0x00,
  0x0C, 0x63, 0x00, 0xCB, 0x5A, 0x00, 0xCB, 0x5A, 0x00, 0xCB, 0x5A, 0x00, 0xCB, 0x5A, 0x00, 0xCB,
  0x5A, 0x00, 0xCB, 0x5A, 0x00, 0xCB, 0x5A, 0x00, 0xCB, 0x5A, 0x00, 0xCB, 0x5A, 0x00, 0xCB, 0x5A,
  0x00, 0xCB, 0x5A, 0x00, 0xCB, 0x52, 0x00, 0x0C, 0x5B, 0x01, 0x29, 0x42, 0xCC, 0xF4, 0x9C, 0xFF,
  0x35, 0x9D, 0xFF, 0xB7, 0xB5, 0xFF, 0x92, 0x8C, 0xFF, 0x20, 0x00, 0xFF, 0x61, 0x08, 0xFF, 0xC3,
  0x18, 0xFF, 0xC3, 0x10, 0xFF, 0xA3, 0x10, 0xFF, 0xA3, 0x10, 0xFF, 0xC3, 0x18, 0xFF, 0xC3, 0x18,
  0xFF, 0xC3, 0x10, 0xFF, 0xC3, 0x18, 0xFF, 0xC3, 0x10, 0xFF, 0xC3, 0x10, 0xFF, 0xC3, 0x10, 0xFF,
  0xA3, 0x10, 0xFF, 0xC3, 0x10, 0xFF, 0xA3, 0x10, 0xFF, 0xA3, 0x10, 0xFF, 0xA3, 0x10, 0xFF, 0xC3,
  0x10, 0xFF, 0xC3, 0x10, 0xFF, 0xC3, 0x10, 0xFF, 0xC3, 0x10, 0xFF, 0xC3, 0x10, 0xFF, 0xC3, 0x10,
  0xFF, 0xC3, 0x10, 0xFF, 0xC3, 0x10, 0xFF, 0xC3, 0x10, 0xFF, 0xA3, 0x10, 0xFF, 0xA3, 0x10, 0xFF,
  0xA3, 0x10, 0xFF, 0xC3, 0x10, 0xFF, 0xC3, 0x10, 0xFF, 0xA3, 0x10, 0xFF, 0xA3, 0x10, 0xFF, 0xA3,
  0x10, 0xFF, 0xA3, 0x10, 0xFF, 0xA3, 0x10, 0xFF, 0xA3, 0x10, 0xFF, 0xC3, 0x10, 0xFF, 0xA3, 0x10,
  0xFF, 0xA3, 0x10, 0xFF, 0xA3, 0x10, 0xFF, 0xA3, 0x10, 0xFF, 0xA3, 0x10, 0xFF, 0xA3, 0x10, 0xFF,
  0xC3, 0x10, 0xFF, 0xC3, 0x10, 0xFF, 0xC3, 0x10, 0xFF, 0xC3, 0x10, 0xFF, 0xA3, 0x10, 0xFF, 0xA3,
  0x10, 0xFF, 0xC3, 0x10, 0xFF, 0xC3, 0x10, 0xFF, 0xC3, 0x10, 0xFF, 0xC3, 0x10, 0xFF, 0xC3, 0x10,
  0xFF, 0xC3, 0x10, 0xFF, 0xC3, 0x10, 0xFF, 0xC3, 0x10, 0xFF, 0xC3, 0x10, 0xFF, 0xC3, 0x10, 0xFF,
  0xC3, 0x10, 0xFF, 0xC3, 0x10, 0xFF, 0xC3, 0x10, 0xFF, 0xA3, 0x10, 0xFF, 0xA3, 0x10, 0xFF, 0xA3,
  0x10, 0xFF, 0xA3, 0x10, 0xFF, 0xA3, 0x10, 0xFF, 0xA3, 0x10, 0xFF, 0xA3, 0x10, 0xFF, 0xA3, 0x10,
  0xFF, 0xC3, 0x10, 0xFF, 0xA3, 0x10, 0xFF, 0xA3, 0x10, 0xFF, 0xC3, 0x10, 0xFF, 0xA2, 0x10, 0xFF,
  0x41, 0x00, 0xFF, 0x41, 0x08, 0xFF, 0xD3, 0x94, 0xFF, 0x97, 0xAD, 0xFF, 0x55, 0xA5, 0xFF, 0x72,
  0x8C, 0xFF, 0x49, 0x4A, 0xBB, 0x51, 0x84, 0x00, 0xCF, 0x7B, 0x00, 0xEF, 0x7B, 0x00, 0xEF, 0x7B,
  0x00, 0xEF, 0x7B, 0x00, 0xEF, 0x7B, 0x00, 0xEF, 0x7B, 0x00, 0xEF, 0x7B, 0x00, 0xEF, 0x7B, 0x00,
  0xEF, 0x7B, 0x00, 0xEF, 0x7B, 0x00, 0xEF, 0x7B, 0x00, 0xEF, 0x7B, 0x00, 0x8A, 0x52, 0x00, 0x8A,
  0x52, 0x00, 0x8A, 0x52, 0x00, 0x8A, 0x52, 0x00, 0x8A, 0x52, 0x00, 0x8A, 0x52, 0x00, 0x8A, 0x52,
  0x00, 0x8A, 0x52, 0x00, 0x8A, 0x52, 0x00, 0x8A, 0x52, 0x00, 0x8A, 0x52, 0x00, 0xAB, 0x52, 0x00,
  0xE7, 0x39, 0x40, 0x6A, 0x4A, 0xFF, 0x97, 0xAD, 0xFF, 0x15, 0x9D, 0xFF, 0xD7, 0xB5, 0xFF, 0x2D,
  0x63, 0xFF, 0x00, 0x00, 0xFF, 0x82, 0x10, 0xFF, 0xE4, 0x18, 0xFF, 0xC3, 0x10, 0xFF, 0xA2, 0x10,
  0xFF, 0xC3, 0x18, 0xFF, 0xC3, 0x18, 0xFF, 0xC3, 0x10, 0xFF, 0xC3, 0x10, 0xFF, 0xC3, 0x10, 0xFF,
  0xC3, 0x10, 0xFF, 0xC3, 0x10, 0xFF, 0xA3, 0x10, 0xFF, 0xA2, 0x10, 0xFF, 0xA2, 0x10, 0xFF, 0xA2,
  0x10, 0xFF, 0x82, 0x10, 0xFF, 0x82, 0x10, 0xFF, 0x82, 0x10, 0xFF, 0x82, 0x10, 0xFF, 0x82, 0x10,
  0xFF, 0x82, 0x10, 0xFF, 0x82, 0x08, 0xFF, 0x82, 0x08, 0xFF, 0x62, 0x08, 0xFF, 0x62, 0x08, 0xFF,
  0x62, 0x08, 0xFF, 0x62, 0x08, 0xFF, 0x62, 0x08, 0xFF, 0x62, 0x08, 0xFF, 0x62, 0x08, 0xFF, 0x61,
  0x08, 0xFF, 0x62, 0x08, 0xFF, 0x61, 0x08, 0xFF, 0x82, 0x10, 0xFF, 0xA3, 0x10, 0xFF, 0xA3, 0x10,
  0xFF, 0xA3, 0x10, 0xFF, 0xA3, 0x10, 0xFF, 0xA3, 0x10, 0xFF, 0xA3, 0x10, 0xFF, 0xA3, 0x10, 0xFF,
  0xA3, 0x10, 0xFF, 0xA3, 0x10, 0xFF, 0x82, 0x10, 0xFF, 0x61, 0x08, 0xFF, 0x61, 0x08, 0xFF, 0x62,
  0x08, 0xFF, 0x62, 0x08, 0xFF, 0x61, 0x08, 0xFF, 0x61, 0x08, 0xFF, 0x62, 0x08, 0xFF, 0x62, 0x08,
  0xFF, 0x82, 0x08, 0xFF, 0x82, 0x08, 0xFF, 0x82, 0x08, 0xFF, 0x82, 0x08, 0xFF, 0x82, 0x10, 0xFF,
  0x82, 0x10, 0xFF, 0x82, 0x10, 0xFF, 0xA2, 0x10, 0xFF, 0xA2, 0x10, 0xFF, 0xA3, 0x10, 0xFF, 0xA3,
  0x10, 0xFF, 0xA3, 0x10, 0xFF, 0xA3, 0x10, 0xFF, 0xA3, 0x10, 0xFF, 0xA3, 0x10, 0xFF, 0xA3, 0x10,
  0xFF, 0xA3, 0x10, 0xFF, 0xA3, 0x10, 0xFF, 0xA3, 0x10, 0xFF, 0xC3, 0x18, 0xFF, 0xC3, 0x18, 0xFF,
  0xA3, 0x10, 0xFF, 0xC3, 0x10, 0xFF, 0xC3, 0x18, 0xFF, 0x61, 0x08, 0xFF, 0x00, 0x00, 0xFF, 0x8E,
  0x6B, 0xFF, 0xD8, 0xB5, 0xFF, 0x14, 0x9D, 0xFF, 0x76, 0xAD, 0xFF, 0x29, 0x42, 0xF1, 0xAB, 0x52,
  0x29, 0x6E, 0x6B, 0x00, 0x4D, 0x6B, 0x00, 0x4D, 0x6B, 0x00, 0x4D, 0x6B, 0x00, 0x4D, 0x6B, 0x00,
  0x4D, 0x6B, 0x00, 0x4D, 0x6B, 0x00, 0x4D, 0x6B, 0x00, 0x4D, 0x6B, 0x00, 0x4D, 0x6B, 0x00, 0x4D,
  0x6B, 0x00, 0x4D, 0x6B, 0x00, 0x8E, 0x6B, 0x00, 0x8E, 0x6B, 0x00, 0x8E, 0x6B, 0x00, 0x8E, 0x6B,
  0x00, 0x8E, 0x6B, 0x00, 0x8E, 0x6B, 0x00, 0x8E, 0x6B, 0x00, 0x8E, 0x6B, 0x00, 0x8E, 0x6B, 0x00,
  0x8E, 0x6B, 0x00, 0x8E, 0x6B, 0x00, 0x10, 0x7C, 0x00, 0x28, 0x42, 0x76, 0x4D, 0x63, 0xFF, 0xB7,
  0xB5, 0xFF, 0x35, 0xA5, 0xFF, 0xD7, 0xB5, 0xFF, 0xC7, 0x39, 0xFF, 0x00, 0x00, 0xFF, 0xC3, 0x10,
  0xFF, 0xC3, 0x18, 0xFF, 0xC3, 0x10, 0xFF, 0xC3, 0x10, 0xFF, 0xC3, 0x10, 0xFF, 0xA2, 0x10, 0xFF,
  0x62, 0x08, 0xFF, 0x62, 0x08, 0xFF, 0x62, 0x08, 0xFF, 0x62, 0x08, 0xFF, 0x62, 0x08, 0xFF, 0x62,
  0x08, 0xFF, 0x82, 0x08, 0xFF, 0x82, 0x10, 0xFF, 0x82, 0x10, 0xFF, 0x82, 0x10, 0xFF, 0xA2, 0x10,
  0xFF, 0xC3, 0x10, 0xFF, 0xC3, 0x18, 0xFF, 0xE3, 0x18, 0xFF, 0xE4, 0x18, 0xFF, 0xE4, 0x18, 0xFF,
  0xE4, 0x18, 0xFF, 0x04, 0x19, 0xFF, 0x04, 0x21, 0xFF, 0x04, 0x21, 0xFF, 0x04, 0x21, 0xFF, 0x24,
  0x21, 0xFF, 0x24, 0x21, 0xFF, 0x25, 0x21, 0xFF, 0x25, 0x21, 0xFF, 0x25, 0x21, 0xFF, 0x45, 0x21,
  0xFF, 0xC3, 0x10, 0xFF, 0x41, 0x08, 0xFF, 0x61, 0x08, 0xFF, 0x61, 0x08, 0xFF, 0x61, 0x08, 0xFF,
  0x61, 0x08, 0xFF, 0x61, 0x08, 0xFF, 0x61, 0x08, 0xFF, 0x61, 0x08, 0xFF, 0x41, 0x08, 0xFF, 0x82,
  0x08, 0xFF, 0x45, 0x21, 0xFF, 0x25, 0x21, 0xFF, 0x24, 0x21, 0xFF, 0x24, 0x21, 0xFF, 0x04, 0x21,
  0xFF, 0x04, 0x19, 0xFF, 0x04, 0x19, 0xFF, 0xE4, 0x18, 0xFF, 0xE4, 0x18, 0xFF, 0xE3, 0x18, 0xFF,
  0xE3, 0x18, 0xFF, 0xE3, 0x18, 0xFF, 0xC3, 0x18, 0xFF, 0xA3, 0x10, 0xFF, 0xA3, 0x10, 0xFF, 0xA2,
  0x10, 0xFF, 0x82, 0x10, 0xFF, 0x82, 0x10, 0xFF, 0x82, 0x08, 0xFF, 0x61, 0x08, 0xFF, 0x61, 0x08,
  0xFF, 0x61, 0x08, 0xFF, 0x61, 0x08, 0xFF, 0x61, 0x08, 0xFF, 0x61, 0x08, 0xFF, 0x61, 0x08, 0xFF,
  0x82, 0x08, 0xFF, 0xA2, 0x10, 0xFF, 0xC3, 0x10, 0xFF, 0xC3, 0x10, 0xFF, 0xC3, 0x10, 0xFF, 0xC3,
  0x18, 0xFF, 0xA2, 0x10, 0xFF, 0x00, 0x00, 0xFF, 0xE8, 0x39, 0xFF, 0xD8, 0xB5, 0xFF, 0x35, 0xA5,
  0xFF, 0xB7, 0xB5, 0xFF, 0xEC, 0x5A, 0xFF, 0xAB, 0x52, 0x68, 0xB3, 0x94, 0x00, 0x10, 0x7C, 0x00,
  0x31, 0x84, 0x00, 0x31, 0x84, 0x00, 0x31, 0x84, 0x00, 0x31, 0x84, 0x00, 0x31, 0x84, 0x00, 0x31,
  0x84, 0x00, 0x31, 0x84, 0x00, 0x31, 0x84, 0x00, 0x31, 0x84, 0x00, 0x31, 0x84, 0x00, 0xCB, 0x5A,
  0x00, 0xCB, 0x5A, 0x00, 0xCB, 0x5A, 0x00, 0xCB, 0x5A, 0x00, 0xCB, 0x5A, 0x00, 0xCB, 0x5A, 0x00,
  0xCB, 0x5A, 0x00, 0xCB, 0x5A, 0x00, 0xCB, 0x5A, 0x00, 0xCB, 0x5A, 0x00, 0xEB, 0x5A, 0x00, 0xCB,
  0x52, 0x04, 0x45, 0x29, 0xC1, 0xB3, 0x94, 0xFF, 0xB7, 0xB5, 0xFF, 0x55, 0xA5, 0xFF, 0x55, 0xA5,
  0xFF, 0xE3, 0x18, 0xFF, 0x20, 0x00, 0xFF, 0xC3, 0x10, 0xFF, 0xC3, 0x10, 0xFF, 0xC3, 0x10, 0xFF,
  0xA3, 0x10, 0xFF, 0xA2, 0x10, 0xFF, 0xA2, 0x10, 0xFF, 0x04, 0x19, 0xFF, 0x45, 0x21, 0xFF, 0x65,
  0x29, 0xFF, 0x66, 0x29, 0xFF, 0x86, 0x29, 0xFF, 0xA7, 0x31, 0xFF, 0xC7, 0x31, 0xFF, 0xE8, 0x39,
  0xFF, 0xE8, 0x39, 0xFF, 0xE8, 0x39, 0xFF, 0x08, 0x3A, 0xFF, 0x29, 0x42, 0xFF, 0x29, 0x42, 0xFF,
  0x49, 0x42, 0xFF, 0x49, 0x42, 0xFF, 0x49, 0x42, 0xFF, 0x49, 0x42, 0xFF, 0x49, 0x42, 0xFF, 0x49,
  0x42, 0xFF, 0x49, 0x42, 0xFF, 0x49, 0x42, 0xFF, 0x49, 0x42, 0xFF, 0x49, 0x42, 0xFF, 0x49, 0x42,
  0xFF, 0x49, 0x42, 0xFF, 0x49, 0x42, 0xFF, 0x6A, 0x4A, 0xFF, 0xC7, 0x31, 0xFF, 0x24, 0x21, 0xFF,
  0x45, 0x21, 0xFF, 0x45, 0x21, 0xFF, 0x45, 0x21, 0xFF, 0x45, 0x21, 0xFF, 0x45, 0x21, 0xFF, 0x25,
  0x21, 0xFF, 0x24, 0x21, 0xFF, 0x04, 0x21, 0xFF, 0x65, 0x29, 0xFF, 0x6A, 0x4A, 0xFF, 0x6A, 0x4A,
  0xFF, 0x49, 0x42, 0xFF, 0x49, 0x42, 0xFF, 0x49, 0x42, 0xFF, 0x49, 0x42, 0xFF, 0x29, 0x42, 0xFF,
  0x29, 0x42, 0xFF, 0x29, 0x42, 0xFF, 0x29, 0x42, 0xFF, 0x29, 0x3A, 0xFF, 0x29, 0x42, 0xFF, 0x08,
  0x3A, 0xFF, 0x08, 0x3A, 0xFF, 0x08, 0x3A, 0xFF, 0x08, 0x3A, 0xFF, 0xE8, 0x39, 0xFF, 0xE8, 0x39,
  0xFF, 0xC7, 0x31, 0xFF, 0xA7, 0x31, 0xFF, 0x86, 0x29, 0xFF, 0x65, 0x29, 0xFF, 0x45, 0x21, 0xFF,
  0x25, 0x21, 0xFF, 0x04, 0x21, 0xFF, 0x04, 0x21, 0xFF, 0xC3, 0x10, 0xFF, 0x82, 0x10, 0xFF, 0xA2,
  0x10, 0xFF, 0xA3, 0x10, 0xFF, 0xC3, 0x18, 0xFF, 0xC3, 0x10, 0xFF, 0xA3, 0x10, 0xFF, 0x00, 0x00,
  0xFF, 0x04, 0x21, 0xFF, 0x56, 0xA5, 0xFF, 0x55, 0xA5, 0xFF, 0xB7, 0xB5, 0xFF, 0x72, 0x8C, 0xFF,
  0xC7, 0x39, 0xA4, 0x4D, 0x6B, 0x00, 0x4D, 0x63, 0x00, 0x4D, 0x63, 0x00, 0x4D, 0x63, 0x00, 0x4D,
  0x63, 0x00, 0x4D, 0x63, 0x00, 0x4D, 0x63, 0x00, 0x4D, 0x63, 0x00, 0x4D, 0x63, 0x00, 0x4D, 0x63,
  0x00, 0x4D, 0x63, 0x00, 0x4D, 0x63, 0x00, 0x72, 0x8C, 0x00, 0xB3, 0x94, 0x00, 0x72, 0x8C, 0x00,
  0x51, 0x84, 0x00, 0x51, 0x84, 0x00, 0x51, 0x84, 0x00, 0x51, 0x84, 0x00, 0x51, 0x84, 0x00, 0x51,
  0x84, 0x00, 0x51, 0x84, 0x00, 0x92, 0x8C, 0x00, 0xCF, 0x73, 0x24, 0x6A, 0x4A, 0xFD, 0x76, 0xAD,
  0xFF, 0x35, 0xA5, 0xFF, 0xB7, 0xAD, 0xFF, 0x31, 0x84, 0xFF, 0x20, 0x00, 0xFF, 0x61, 0x08, 0xFF,
  0xC3, 0x10, 0xFF, 0xC3, 0x10, 0xFF, 0xA3, 0x10, 0xFF, 0xA3, 0x10, 0xFF, 0x61, 0x08, 0xFF, 0x04,
  0x21, 0xFF, 0x6A, 0x4A, 0xFF, 0x6A, 0x42, 0xFF, 0x49, 0x42, 0xFF, 0x6A, 0x42, 0xFF, 0x8A, 0x4A,
  0xFF, 0xAA, 0x4A, 0xFF, 0xAB, 0x52, 0xFF, 0xAB, 0x52, 0xFF, 0xAB, 0x52, 0xFF, 0xAB, 0x52, 0xFF,
  0xAB, 0x52, 0xFF, 0xAB, 0x4A, 0xFF, 0x8A, 0x4A, 0xFF, 0x6A, 0x4A, 0xFF, 0x49, 0x42, 0xFF, 0x29,
  0x42, 0xFF, 0x29, 0x42, 0xFF, 0x29, 0x42, 0xFF, 0x08, 0x3A, 0xFF, 0x08, 0x3A, 0xFF, 0x08, 0x3A,
  0xFF, 0x08, 0x3A, 0xFF, 0x08, 0x3A, 0xFF, 0x08, 0x3A, 0xFF, 0x08, 0x3A, 0xFF, 0x08, 0x3A, 0xFF,
  0xE8, 0x39, 0xFF, 0x29, 0x42, 0xFF, 0x49, 0x42, 0xFF, 0x29, 0x42, 0xFF, 0x29, 0x42, 0xFF, 0x29,
  0x42, 0xFF, 0x29, 0x42, 0xFF, 0x29, 0x42, 0xFF, 0x29, 0x42, 0xFF, 0x29, 0x42, 0xFF, 0x29, 0x42,
  0xFF, 0x29, 0x42, 0xFF, 0x08, 0x3A, 0xFF, 0x08, 0x3A, 0xFF, 0x08, 0x3A, 0xFF, 0x08, 0x3A, 0xFF,
  0x08, 0x3A, 0xFF, 0x08, 0x3A, 0xFF, 0x08, 0x3A, 0xFF, 0x08, 0x3A, 0xFF, 0x08, 0x3A, 0xFF, 0x08,
  0x3A, 0xFF, 0x08, 0x3A, 0xFF, 0x08, 0x3A, 0xFF, 0x29, 0x42, 0xFF, 0x4A, 0x42, 0xFF, 0x6A, 0x4A,
  0xFF, 0xAB, 0x4A, 0xFF, 0xAB, 0x52, 0xFF, 0xCB, 0x52, 0xFF, 0xCB, 0x52, 0xFF, 0xCB, 0x52, 0xFF,
  0xAB, 0x52, 0xFF, 0x8A, 0x4A, 0xFF, 0x6A, 0x4A, 0xFF, 0x49, 0x42, 0xFF, 0x29, 0x42, 0xFF, 0x49,
  0x42, 0xFF, 0x29, 0x42, 0xFF, 0xA3, 0x10, 0xFF, 0x82, 0x08, 0xFF, 0xA3, 0x10, 0xFF, 0xA3, 0x10,
  0xFF, 0xC3, 0x10, 0xFF, 0xA3, 0x10, 0xFF, 0x41, 0x08, 0xFF, 0x40, 0x08, 0xFF, 0x72, 0x8C, 0xFF,
  0x96, 0xAD, 0xFF, 0x56, 0xA5, 0xFF, 0x35, 0xA5, 0xFF, 0xC7, 0x39, 0xEB, 0x10, 0x7C, 0x15, 0xF4,
  0x9C, 0x00, 0xB3, 0x94, 0x00, 0xB3, 0x94, 0x00, 0xB3, 0x94, 0x00, 0xB3, 0x94, 0x00, 0xB3, 0x94,
  0x00, 0xB3, 0x94, 0x00, 0xB3, 0x94, 0x00, 0xB3, 0x94, 0x00, 0xB3, 0x94, 0x00, 0x92, 0x8C, 0x00,
  0x6D, 0x6B, 0x00, 0x0C, 0x5B, 0x00, 0x6E, 0x6B, 0x00, 0xAE, 0x73, 0x00, 0x8E, 0x73, 0x00, 0x8E,
  0x73, 0x00, 0x8E, 0x73, 0x00, 0x8E, 0x73, 0x00, 0x8E, 0x73, 0x00, 0x8E, 0x73, 0x00, 0xAF, 0x73,
  0x00, 0x6A, 0x4A, 0x63, 0x8E, 0x6B, 0xFF, 0xD8, 0xB5, 0xFF, 0xD3, 0x94, 0xFF, 0xF8, 0xBD, 0xFF,
  0x2D, 0x63, 0xFF, 0x00, 0x00, 0xFF, 0xA2, 0x10, 0xFF, 0xC3, 0x10, 0xFF, 0xC3, 0x10, 0xFF, 0xA3,
  0x10, 0xFF, 0x82, 0x10, 0xFF, 0x61, 0x08, 0xFF, 0x86, 0x29, 0xFF, 0x4A, 0x42, 0xFF, 0x08, 0x3A,
  0xFF, 0x08, 0x3A, 0xFF, 0x49, 0x42, 0xFF, 0xE8, 0x39, 0xFF, 0xC7, 0x31, 0xFF, 0x86, 0x31, 0xFF,
  0x66, 0x29, 0xFF, 0x66, 0x29, 0xFF, 0x86, 0x29, 0xFF, 0xA6, 0x31, 0xFF, 0xA7, 0x31, 0xFF, 0xE8,
  0x39, 0xFF, 0x29, 0x42, 0xFF, 0x6A, 0x4A, 0xFF, 0x29, 0x42, 0xFF, 0x08, 0x3A, 0xFF, 0x08, 0x3A,
  0xFF, 0x08, 0x3A, 0xFF, 0x08, 0x3A, 0xFF, 0x08, 0x3A, 0xFF, 0x08, 0x3A, 0xFF, 0x08, 0x3A, 0xFF,
  0x08, 0x3A, 0xFF, 0x08, 0x3A, 0xFF, 0x08, 0x3A, 0xFF, 0x08, 0x3A, 0xFF, 0xE8, 0x39, 0xFF, 0xE8,
  0x39, 0xFF, 0xE8, 0x39, 0xFF, 0xE8, 0x39, 0xFF, 0xE8, 0x39, 0xFF, 0xE8, 0x39, 0xFF, 0xE8, 0x39,
  0xFF, 0xE8, 0x39, 0xFF, 0xE8, 0x39, 0xFF, 0xE8, 0x39, 0xFF, 0xE8, 0x39, 0xFF, 0xE8, 0x39, 0xFF,
  0x08, 0x3A, 0xFF, 0x08, 0x3A, 0xFF, 0x08, 0x3A, 0xFF, 0xE8, 0x39, 0xFF, 0xE8, 0x39, 0xFF, 0xE8,
  0x39, 0xFF, 0xE8, 0x39, 0xFF, 0x08, 0x3A, 0xFF, 0x08, 0x3A, 0xFF, 0xE8, 0x39, 0xFF, 0x08, 0x3A,
  0xFF, 0x49, 0x42, 0xFF, 0xE8, 0x39, 0xFF, 0xC7, 0x39, 0xFF, 0xA7, 0x31, 0xFF, 0xA7, 0x31, 0xFF,
  0xA6, 0x31, 0xFF, 0xA6, 0x31, 0xFF, 0xA7, 0x31, 0xFF, 0xA7, 0x31, 0xFF, 0xC7, 0x39, 0xFF, 0xE8,
  0x39, 0xFF, 0x29, 0x42, 0xFF, 0x08, 0x3A, 0xFF, 0x08, 0x3A, 0xFF, 0x49, 0x42, 0xFF, 0x25, 0x21,
  0xFF, 0x61, 0x08, 0xFF, 0xA2, 0x10, 0xFF, 0xA3, 0x10, 0xFF, 0xC3, 0x10, 0xFF, 0xC3, 0x10, 0xFF,
  0xA2, 0x10, 0xFF, 0x00, 0x00, 0xFF, 0x6E, 0x6B, 0xFF, 0xF8, 0xBD, 0xFF, 0xF4, 0x9C, 0xFF, 0xD7,
  0xB5, 0xFF, 0xAB, 0x52, 0xFF, 0x49, 0x4A, 0x48, 0xEC, 0x5A, 0x00, 0xCB, 0x5A, 0x00, 0xCB, 0x5A,
  0x00, 0xCB, 0x5A, 0x00, 0xCB, 0x5A, 0x00, 0xCB, 0x5A, 0x00, 0xCB, 0x5A, 0x00, 0xCB, 0x52, 0x00,
  0x2C, 0x63, 0x00, 0x4D, 0x6B, 0x00, 0x8E, 0x73, 0x00, 0xF0, 0x7B, 0x00, 0x08, 0x42, 0x00, 0x92,
  0x8C, 0x00, 0x56, 0xA5, 0x00, 0x55, 0xA5, 0x00, 0x55, 0xA5, 0x00, 0x55, 0xA5, 0x00, 0x55, 0xA5,
  0x00, 0x55, 0xA5, 0x00, 0x55, 0xA5, 0x00, 0x76, 0xAD, 0x00, 0x28, 0x42, 0xAD, 0xF0, 0x7B, 0xFF,
  0xB7, 0xAD, 0xFF, 0xF4, 0x9C, 0xFF, 0xD7, 0xB5, 0xFF, 0x29, 0x42, 0xFF, 0x00, 0x00, 0xFF, 0xA3,
  0x10, 0xFF, 0xC3, 0x10, 0xFF, 0xC3, 0x10, 0xFF, 0xA2, 0x10, 0xFF, 0x82, 0x10, 0xFF, 0x82, 0x08,
  0xFF, 0xE8, 0x39, 0xFF, 0x29, 0x42, 0xFF, 0xE8, 0x39, 0xFF, 0x29, 0x42, 0xFF, 0x45, 0x21, 0xFF,
  0x41, 0x08, 0xFF, 0x41, 0x08, 0xFF, 0x41, 0x08, 0xFF, 0x41, 0x00, 0xFF, 0x41, 0x00, 0xFF, 0x41,
  0x08, 0xFF, 0x41, 0x08, 0xFF, 0x41, 0x08, 0xFF, 0x61, 0x08, 0xFF, 0x61, 0x08, 0xFF, 0xC3, 0x18,
  0xFF, 0x29, 0x42, 0xFF, 0x29, 0x42, 0xFF, 0x08, 0x3A, 0xFF, 0x08, 0x3A, 0xFF, 0x08, 0x3A, 0xFF,
  0x08, 0x3A, 0xFF, 0x08, 0x3A, 0xFF, 0x08, 0x3A, 0xFF, 0x08, 0x3A, 0xFF, 0x08, 0x3A, 0xFF, 0x08,
  0x3A, 0xFF, 0x08, 0x3A, 0xFF, 0x08, 0x3A, 0xFF, 0xE8, 0x39, 0xFF, 0xE8, 0x39, 0xFF, 0xE8, 0x39,
  0xFF, 0xE8, 0x39, 0xFF, 0xE8, 0x39, 0xFF, 0xE8, 0x39, 0xFF, 0xE8, 0x39, 0xFF, 0xE8, 0x39, 0xFF,
  0xE8, 0x39, 0xFF, 0x08, 0x3A, 0xFF, 0x08, 0x3A, 0xFF, 0x08, 0x3A, 0xFF, 0x08, 0x3A, 0xFF, 0x08,
  0x3A, 0xFF, 0xE8, 0x39, 0xFF, 0xE8, 0x39, 0xFF, 0xE8, 0x39, 0xFF, 0xE8, 0x39, 0xFF, 0xE8, 0x39,
  0xFF, 0x08, 0x3A, 0xFF, 0x08, 0x3A, 0xFF, 0x49, 0x42, 0xFF, 0x25, 0x21, 0xFF, 0x41, 0x08, 0xFF,
  0x61, 0x08, 0xFF, 0x41, 0x08, 0xFF, 0x41, 0x08, 0xFF, 0x41, 0x08, 0xFF, 0x41, 0x08, 0xFF, 0x41,
  0x08, 0xFF, 0x41, 0x08, 0xFF, 0x61, 0x08, 0xFF, 0x41, 0x08, 0xFF, 0x04, 0x19, 0xFF, 0x29, 0x42,
  0xFF, 0x08, 0x3A, 0xFF, 0x29, 0x42, 0xFF, 0xA7, 0x31, 0xFF, 0x62, 0x08, 0xFF, 0x82, 0x10, 0xFF,
  0xA3, 0x10, 0xFF, 0xA3, 0x10, 0xFF, 0xC3, 0x10, 0xFF, 0xC2, 0x10, 0xFF, 0x00, 0x00, 0xFF, 0x69,
  0x4A, 0xFF, 0xF8, 0xB5, 0xFF, 0xD3, 0x94, 0xFF, 0xF8, 0xBD, 0xFF, 0x6E, 0x6B, 0xFF, 0x25, 0x21,
  0x91, 0x2D, 0x63, 0x00, 0x0C, 0x63, 0x00, 0x0C, 0x63, 0x00, 0x0C, 0x63, 0x00, 0x0C, 0x63, 0x00,
  0x0C, 0x63, 0x00, 0x0C, 0x5B, 0x00, 0x2C, 0x63, 0x00, 0x49, 0x4A, 0x00, 0x69, 0x4A, 0x00, 0x31,
  0x84, 0x00, 0xF0, 0x7B, 0x00, 0x29, 0x42, 0x00, 0x72, 0x8C, 0x00, 0x92, 0x8C, 0x00, 0xAE, 0x73,
  0x00, 0x6E, 0x6B, 0x00, 0x8E, 0x6B, 0x00, 0x8E, 0x6B, 0x00, 0x8E, 0x6B, 0x00, 0x6E, 0x6B, 0x00,
  0xAF, 0x73, 0x0C, 0x6A, 0x4A, 0xDA, 0xF4, 0x9C, 0xFF, 0x15, 0x9D, 0xFF, 0x35, 0xA5, 0xFF, 0x55,
  0xA5, 0xFF, 0x24, 0x21, 0xFF, 0x00, 0x00, 0xFF, 0xA2, 0x10, 0xFF, 0xC3, 0x10, 0xFF, 0xA3, 0x10,
  0xFF, 0xA2, 0x10, 0xFF, 0x82, 0x08, 0xFF, 0xC3, 0x10, 0xFF, 0x08, 0x3A, 0xFF, 0x08, 0x3A, 0xFF,
  0x29, 0x42, 0xFF, 0xA6, 0x31, 0xFF, 0x20, 0x00, 0xFF, 0x41, 0x08, 0xFF, 0x61, 0x08, 0xFF, 0x82,
  0x08, 0xFF, 0x82, 0x08, 0xFF, 0x82, 0x10, 0xFF, 0x82, 0x08, 0xFF, 0x82, 0x08, 0xFF, 0x62, 0x08,
  0xFF, 0x61, 0x08, 0xFF, 0x41, 0x08, 0xFF, 0x00, 0x00, 0xFF, 0x04, 0x19, 0xFF, 0x49, 0x42, 0xFF,
  0x08, 0x3A, 0xFF, 0x08, 0x3A, 0xFF, 0x08, 0x3A, 0xFF, 0x08, 0x3A, 0xFF, 0xE8, 0x39, 0xFF, 0xE8,
  0x39, 0xFF, 0xE8, 0x39, 0xFF, 0xE8, 0x39, 0xFF, 0xE8, 0x39, 0xFF, 0xE8, 0x39, 0xFF, 0xE8, 0x39,
  0xFF, 0xE8, 0x39, 0xFF, 0xE8, 0x39, 0xFF, 0xE8, 0x39, 0xFF, 0xE8, 0x39, 0xFF, 0xE8, 0x39, 0xFF,
  0xE8, 0x39, 0xFF, 0xE8, 0x39, 0xFF, 0xE8, 0x39, 0xFF, 0xE8, 0x39, 0xFF, 0x08, 0x3A, 0xFF, 0xE8,
  0x39, 0xFF, 0xE8, 0x39, 0xFF, 0xE8, 0x39, 0xFF, 0xE8, 0x39, 0xFF, 0xE8, 0x39, 0xFF, 0xE8, 0x39,
  0xFF, 0xE8, 0x39, 0xFF, 0xE8, 0x39, 0xFF, 0xE8, 0x39, 0xFF, 0xE8, 0x39, 0xFF, 0x49, 0x42, 0xFF,
  0xA6, 0x31, 0xFF, 0x00, 0x00, 0xFF, 0x41, 0x08, 0xFF, 0x61, 0x08, 0xFF, 0x82, 0x08, 0xFF, 0x82,
  0x08, 0xFF, 0x82, 0x08, 0xFF, 0x82, 0x08, 0xFF, 0x62, 0x08, 0xFF, 0x62, 0x08, 0xFF, 0x61, 0x08,
  0xFF, 0x41, 0x08, 0xFF, 0x00, 0x00, 0xFF, 0x86, 0x29, 0xFF, 0x29, 0x42, 0xFF, 0x08, 0x3A, 0xFF,
  0xE8, 0x39, 0xFF, 0xA2, 0x10, 0xFF, 0x82, 0x10, 0xFF, 0xA2, 0x10, 0xFF, 0xC3, 0x10, 0xFF, 0xC3,
  0x18, 0xFF, 0xA3, 0x10, 0xFF, 0x00, 0x00, 0xFF, 0x25, 0x21, 0xFF, 0x56, 0xA5, 0xFF, 0x35, 0xA5,
  0xFF, 0x76, 0xAD, 0xFF, 0x31, 0x84, 0xFF, 0xA6, 0x31, 0xC8, 0xB3, 0x94, 0x00, 0x92, 0x8C, 0x00,
  0x92, 0x8C, 0x00, 0x92, 0x8C, 0x00, 0x92, 0x8C, 0x00, 0x92, 0x8C, 0x00, 0x51, 0x84, 0x00, 0x14,
  0x9D, 0x00, 0xCB, 0x52, 0x00, 0x49, 0x4A, 0x00, 0x31, 0x8C, 0x00, 0xF0, 0x7B, 0x00, 0x49, 0x42,
  0x00, 0x71, 0x8C, 0x00, 0xB3, 0x94, 0x00, 0x6E, 0x6B, 0x00, 0x2D, 0x63, 0x00, 0x4D, 0x6B, 0x00,
  0x4D, 0x6B, 0x00, 0x4D, 0x6B, 0x00, 0x8E, 0x6B, 0x00, 0x8A, 0x4A, 0x3E, 0xCB, 0x52, 0xFC, 0x97,
  0xAD, 0xFF, 0xF4, 0x9C, 0xFF, 0x96, 0xAD, 0xFF, 0xD3, 0x94, 0xFF, 0x61, 0x08, 0xFF, 0x41, 0x08,
  0xFF, 0xA3, 0x10, 0xFF, 0xC3, 0x10, 0xFF, 0xA3, 0x10, 0xFF, 0xA2, 0x10, 0xFF, 0x61, 0x08, 0xFF,
  0x04, 0x19, 0xFF, 0x29, 0x42, 0xFF, 0xE8, 0x39, 0xFF, 0x29, 0x42, 0xFF, 0x45, 0x21, 0xFF, 0x20,
  0x00, 0xFF, 0x82, 0x10, 0xFF, 0x82, 0x08, 0xFF, 0x82, 0x08, 0xFF, 0x82, 0x08, 0xFF, 0x82, 0x08,
  0xFF, 0x82, 0x08, 0xFF, 0x82, 0x08, 0xFF, 0x62, 0x08, 0xFF, 0x82, 0x08, 0xFF, 0x82, 0x10, 0xFF,
  0x41, 0x08, 0xFF, 0x82, 0x10, 0xFF, 0x29, 0x42, 0xFF, 0x29, 0x42, 0xFF, 0xE8, 0x39, 0xFF, 0x08,
  0x3A, 0xFF, 0xE8, 0x39, 0xFF, 0xE8, 0x39, 0xFF, 0xE8, 0x39, 0xFF, 0xE8, 0x39, 0xFF, 0xE8, 0x39,
  0xFF, 0xE8, 0x39, 0xFF, 0xE8, 0x39, 0xFF, 0xE8, 0x39, 0xFF, 0xE8, 0x39, 0xFF, 0xE8, 0x39, 0xFF,
  0xE8, 0x39, 0xFF, 0xE8, 0x39, 0xFF, 0xE8, 0x39, 0xFF, 0xE8, 0x39, 0xFF, 0xE8, 0x39, 0xFF, 0xE8,
  0x39, 0xFF, 0xE8, 0x39, 0xFF, 0xE8, 0x39, 0xFF, 0xE8, 0x39, 0xFF, 0xE8, 0x39, 0xFF, 0xE8, 0x39,
  0xFF, 0xE8, 0x39, 0xFF, 0xE8, 0x39, 0xFF, 0xE8, 0x39, 0xFF, 0xE8, 0x39, 0xFF, 0xE8, 0x39, 0xFF,
  0xE8, 0x39, 0xFF, 0x08, 0x3A, 0xFF, 0x49, 0x42, 0xFF, 0x25, 0x21, 0xFF, 0x20, 0x00, 0xFF, 0x82,
  0x10, 0xFF, 0x82, 0x10, 0xFF, 0x82, 0x08, 0xFF, 0x82, 0x08, 0xFF, 0x82, 0x08, 0xFF, 0x82, 0x08,
  0xFF, 0x82, 0x08, 0xFF, 0x82, 0x08, 0xFF, 0x82, 0x08, 0xFF, 0x82, 0x10, 0xFF, 0x20, 0x00, 0xFF,
  0xE3, 0x18, 0xFF, 0x29, 0x42, 0xFF, 0x08, 0x3A, 0xFF, 0x29, 0x42, 0xFF, 0xE4, 0x18, 0xFF, 0x61,
  0x08, 0xFF, 0xA2, 0x10, 0xFF, 0xC3, 0x10, 0xFF, 0xC3, 0x18, 0xFF, 0xA2, 0x10, 0xFF, 0x41, 0x08,
  0xFF, 0x41, 0x08, 0xFF, 0xB3, 0x94, 0xFF, 0xB7, 0xAD, 0xFF, 0xF4, 0x9C, 0xFF, 0x76, 0xAD, 0xFF,
  0x49, 0x42, 0xEB, 0x49, 0x4A, 0x25, 0x29, 0x42, 0x00, 0x49, 0x4A, 0x00, 0x49, 0x4A, 0x00, 0x49,
  0x42, 0x00, 0x29, 0x42, 0x00, 0x2D, 0x63, 0x00, 0x92, 0x8C, 0x00, 0xCB, 0x52, 0x00, 0x69, 0x4A,
  0x00, 0x31, 0x8C, 0x00, 0xF0, 0x7B, 0x00, 0x49, 0x42, 0x00, 0x71, 0x8C, 0x00, 0x92, 0x94, 0x00,
  0xD3, 0x94, 0x00, 0x35, 0xA5, 0x00, 0x35, 0xA5, 0x00, 0x55, 0xA5, 0x00, 0x55, 0xA5, 0x00, 0xD7,
  0xB5, 0x00, 0x4D, 0x63, 0x6D, 0x4D, 0x63, 0xFF, 0x96, 0xAD, 0xFF, 0xF4, 0x9C, 0xFF, 0xD7, 0xB5,
  0xFF, 0x10, 0x84, 0xFF, 0x00, 0x00, 0xFF, 0x61, 0x08, 0xFF, 0xA3, 0x10, 0xFF, 0xC3, 0x18, 0xFF,
  0xC3, 0x10, 0xFF, 0xA2, 0x10, 0xFF, 0x41, 0x08, 0xFF, 0x45, 0x29, 0xFF, 0x29, 0x42, 0xFF, 0xE8,
  0x39, 0xFF, 0x08, 0x42, 0xFF, 0xE4, 0x18, 0xFF, 0x41, 0x08, 0xFF, 0x82, 0x08, 0xFF, 0x82, 0x08,
  0xFF, 0x82, 0x08, 0xFF, 0x82, 0x08, 0xFF, 0x82, 0x08, 0xFF, 0x82, 0x08, 0xFF, 0x82, 0x08, 0xFF,
  0x62, 0x08, 0xFF, 0x62, 0x08, 0xFF, 0x62, 0x08, 0xFF, 0x41, 0x08, 0xFF, 0x61, 0x08, 0xFF, 0x08,
  0x3A, 0xFF, 0x29, 0x42, 0xFF, 0xE8, 0x39, 0xFF, 0xE8, 0x39, 0xFF, 0xE8, 0x39, 0xFF, 0xE8, 0x39,
  0xFF, 0xE8, 0x39, 0xFF, 0xE8, 0x39, 0xFF, 0xE8, 0x39, 0xFF, 0xE8, 0x39, 0xFF, 0xE8, 0x39, 0xFF,
  0xE8, 0x39, 0xFF, 0xE8, 0x39, 0xFF, 0xE8, 0x39, 0xFF, 0xE8, 0x39, 0xFF, 0xE8, 0x39, 0xFF, 0xE8,
  0x39, 0xFF, 0xE8, 0x39, 0xFF, 0xE8, 0x39, 0xFF, 0xE8, 0x39, 0xFF, 0xE8, 0x39, 0xFF, 0xE8, 0x39,
  0xFF, 0xE8, 0x39, 0xFF, 0xE8, 0x39, 0xFF, 0xE8, 0x39, 0xFF, 0xE8, 0x39, 0xFF, 0xE8, 0x39, 0xFF,
  0xE8, 0x39, 0xFF, 0xE8, 0x39, 0xFF, 0xE8, 0x39, 0xFF, 0xE8, 0x39, 0xFF, 0x08, 0x3A, 0xFF, 0x29,
  0x42, 0xFF, 0xE4, 0x18, 0xFF, 0x41, 0x08, 0xFF, 0x82, 0x08, 0xFF, 0x82, 0x08, 0xFF, 0x82, 0x08,
  0xFF, 0x82, 0x08, 0xFF, 0x82, 0x08, 0xFF, 0x82, 0x08, 0xFF, 0x82, 0x08, 0xFF, 0x82, 0x08, 0xFF,
  0x82, 0x08, 0xFF, 0x82, 0x08, 0xFF, 0x41, 0x08, 0xFF, 0xA2, 0x10, 0xFF, 0x08, 0x3A, 0xFF, 0xE8,
  0x39, 0xFF, 0x09, 0x42, 0xFF, 0x25, 0x21, 0xFF, 0x61, 0x08, 0xFF, 0xA2, 0x10, 0xFF, 0xA3, 0x10,
  0xFF, 0xC3, 0x10, 0xFF, 0xA3, 0x10, 0xFF, 0x61, 0x10, 0xFF, 0x00, 0x00, 0xFF, 0xAF, 0x73, 0xFF,
  0xD8, 0xB5, 0xFF, 0xF4, 0x9C, 0xFF, 0xB7, 0xB5, 0xFF, 0x8A, 0x52, 0xFF, 0x49, 0x42, 0x5D, 0x51,
  0x84, 0x00, 0xF0, 0x7B, 0x00, 0xF0, 0x7B, 0x00, 0xCF, 0x7B, 0x00, 0xCF, 0x73, 0x00, 0xEF, 0x7B,
  0x00, 0x72, 0x8C, 0x00, 0xCB, 0x52, 0x00, 0x69, 0x4A, 0x00, 0x31, 0x8C, 0x00, 0xF0, 0x7B, 0x00,
  0x49, 0x42, 0x00, 0x71, 0x8C, 0x00, 0xB3, 0x94, 0x00, 0xB3, 0x94, 0x00, 0x72, 0x8C, 0x00, 0x6D,
  0x6B, 0x00, 0x8E, 0x6B, 0x00, 0x8E, 0x73, 0x00, 0xEF, 0x7B, 0x00, 0x8A, 0x4A, 0x9F, 0x72, 0x8C,
  0xFF, 0x76, 0xAD, 0xFF, 0x14, 0x9D, 0xFF, 0xD7, 0xB5, 0xFF, 0x2C, 0x63, 0xFF, 0x00, 0x00, 0xFF,
  0x82, 0x10, 0xFF, 0xC3, 0x18, 0xFF, 0xC3, 0x10, 0xFF, 0xA3, 0x10, 0xFF, 0xA2, 0x10, 0xFF, 0x61,
  0x08, 0xFF, 0xA6, 0x31, 0xFF, 0x29, 0x42, 0xFF, 0xE8, 0x39, 0xFF, 0x08, 0x3A, 0xFF, 0xA3, 0x10,
  0xFF, 0x41, 0x08, 0xFF, 0x82, 0x08, 0xFF, 0x82, 0x08, 0xFF, 0x82, 0x08, 0xFF, 0x82, 0x08, 0xFF,
  0x82, 0x08, 0xFF, 0x82, 0x08, 0xFF, 0x82, 0x08, 0xFF, 0x62, 0x08, 0xFF, 0x62, 0x08, 0xFF, 0x62,
  0x08, 0xFF, 0x41, 0x08, 0xFF, 0x41, 0x08, 0xFF, 0xC7, 0x31, 0xFF, 0x29, 0x42, 0xFF, 0xE8, 0x39,
  0xFF, 0xE8, 0x39, 0xFF, 0xE8, 0x39, 0xFF, 0xE8, 0x39, 0xFF, 0xE8, 0x39, 0xFF, 0xE8, 0x39, 0xFF,
  0xE8, 0x39, 0xFF, 0xE8, 0x39, 0xFF, 0xE8, 0x39, 0xFF, 0xE8, 0x39, 0xFF, 0xE8, 0x39, 0xFF, 0xE8,
  0x39, 0xFF, 0xE8, 0x39, 0xFF, 0xE8, 0x39, 0xFF, 0xE8, 0x39, 0xFF, 0xE8, 0x39, 0xFF, 0xE8, 0x39,
  0xFF, 0xE8, 0x39, 0xFF, 0xE8, 0x39, 0xFF, 0xE8, 0x39, 0xFF, 0xE8, 0x39, 0xFF, 0xE8, 0x39, 0xFF,
  0xE8, 0x39, 0xFF, 0xE8, 0x39, 0xFF, 0xE8, 0x39, 0xFF, 0xE8, 0x39, 0xFF, 0xE8, 0x39, 0xFF, 0xE8,
  0x39, 0xFF, 0xE8, 0x39, 0xFF, 0x08, 0x3A, 0xFF, 0x29, 0x42, 0xFF, 0xC3, 0x10, 0xFF, 0x41, 0x08,
  0xFF, 0x82, 0x08, 0xFF, 0x82, 0x08, 0xFF, 0x82, 0x08, 0xFF, 0x82, 0x08, 0xFF, 0x82, 0x08, 0xFF,
  0x82, 0x08, 0xFF, 0x82, 0x08, 0xFF, 0x82, 0x08, 0xFF, 0x82, 0x08, 0xFF, 0x82, 0x10, 0xFF, 0x41,
  0x08, 0xFF, 0x61, 0x08, 0xFF, 0xE8, 0x31, 0xFF, 0xE8, 0x39, 0xFF, 0x08, 0x3A, 0xFF, 0x86, 0x29,
  0xFF, 0x62, 0x08, 0xFF, 0xA2, 0x10, 0xFF, 0xA2, 0x10, 0xFF, 0xC3, 0x10, 0xFF, 0xC3, 0x10, 0xFF,
  0x82, 0x10, 0xFF, 0x00, 0x00, 0xFF, 0x8A, 0x4A, 0xFF, 0xD7, 0xB5, 0xFF, 0x14, 0x9D, 0xFF, 0x97,
  0xAD, 0xFF, 0x8E, 0x6B, 0xFF, 0xAA, 0x52, 0x8C, 0x35, 0xA5, 0x00, 0xB3, 0x94, 0x00, 0xB3, 0x94,
  0x00, 0xD4, 0x94, 0x00, 0x14, 0x9D, 0x00, 0xF0, 0x7B, 0x00, 0x51, 0x8C, 0x00, 0xCB, 0x52, 0x00,
  0x69, 0x4A, 0x00, 0x31, 0x8C, 0x00, 0xF0, 0x7B, 0x00, 0x49, 0x42, 0x00, 0x71, 0x8C, 0x00, 0xB3,
  0x94, 0x00, 0xB3, 0x94, 0x00, 0x92, 0x8C, 0x00, 0xAE, 0x73, 0x00, 0x08, 0x42, 0x00, 0xE8, 0x39,
  0x00, 0xE8, 0x39, 0x10, 0x08, 0x42, 0xD4, 0x35, 0x9D, 0xFF, 0x76, 0xAD, 0xFF, 0x35, 0xA5, 0xFF,
  0xD7, 0xB5, 0xFF, 0x08, 0x42, 0xFF, 0x00, 0x00, 0xFF, 0xA2, 0x10, 0xFF, 0xC3, 0x18, 0xFF, 0xC3,
  0x18, 0xFF, 0xA3, 0x10, 0xFF, 0x82, 0x08, 0xFF, 0xA2, 0x10, 0xFF, 0xE8, 0x39, 0xFF, 0x08, 0x3A,
  0xFF, 0x08, 0x3A, 0xFF, 0xE8, 0x39, 0xFF, 0x62, 0x08, 0xFF, 0x41, 0x08, 0xFF, 0x82, 0x08, 0xFF,
  0x82, 0x08, 0xFF, 0x82, 0x08, 0xFF, 0x82, 0x08, 0xFF, 0x82, 0x08, 0xFF, 0x82, 0x08, 0xFF, 0x82,
  0x08, 0xFF, 0x82, 0x08, 0xFF, 0x82, 0x08, 0xFF, 0x82, 0x08, 0xFF, 0x61, 0x08, 0xFF, 0x41, 0x08,
  0xFF, 0xA7, 0x31, 0xFF, 0x29, 0x42, 0xFF, 0xE8, 0x39, 0xFF, 0xE8, 0x39, 0xFF, 0xE8, 0x39, 0xFF,
  0xE8, 0x39, 0xFF, 0xE8, 0x39, 0xFF, 0xE8, 0x39, 0xFF, 0xE8, 0x39, 0xFF, 0xC8, 0x39, 0xFF, 0xE8,
  0x39, 0xFF, 0xE8, 0x39, 0xFF, 0xE8, 0x39, 0xFF, 0xE8, 0x39, 0xFF, 0xE8, 0x39, 0xFF, 0xE8, 0x39,
  0xFF, 0xE8, 0x39, 0xFF, 0xE8, 0x39, 0xFF, 0xE8, 0x39, 0xFF, 0xE8, 0x39, 0xFF, 0xE8, 0x39, 0xFF,
  0xE8, 0x39, 0xFF, 0xE8, 0x39, 0xFF, 0xE8, 0x39, 0xFF, 0xE8, 0x39, 0xFF, 0xE8, 0x39, 0xFF, 0xE8,
  0x39, 0xFF, 0xE8, 0x39, 0xFF, 0xE8, 0x39, 0xFF, 0xE8, 0x39, 0xFF, 0xE8, 0x39, 0xFF, 0x08, 0x3A,
  0xFF, 0x08, 0x3A, 0xFF, 0x82, 0x10, 0xFF, 0x41, 0x08, 0xFF, 0x82, 0x08, 0xFF, 0x82, 0x08, 0xFF,
  0x82, 0x08, 0xFF, 0x82, 0x08, 0xFF, 0x82, 0x08, 0xFF, 0x82, 0x08, 0xFF, 0x82, 0x08, 0xFF, 0x82,
  0x08, 0xFF, 0x82, 0x08, 0xFF, 0x82, 0x08, 0xFF, 0x41, 0x08, 0xFF, 0x41, 0x08, 0xFF, 0xA7, 0x31,
  0xFF, 0xE8, 0x39, 0xFF, 0xE8, 0x39, 0xFF, 0xA7, 0x31, 0xFF, 0x82, 0x10, 0xFF, 0x82, 0x08, 0xFF,
  0xA2, 0x10, 0xFF, 0xC3, 0x10, 0xFF, 0xC3, 0x10, 0xFF, 0xA2, 0x10, 0xFF, 0x00, 0x00, 0xFF, 0x86,
  0x29, 0xFF, 0xB7, 0xB5, 0xFF, 0x55, 0xA5, 0xFF, 0x76, 0xAD, 0xFF, 0xD3, 0x94, 0xFF, 0xE8, 0x39,
  0xBF, 0x8A, 0x52, 0x03, 0x6A, 0x4A, 0x00, 0x29, 0x42, 0x00, 0x2D, 0x63, 0x00, 0xF4, 0x9C, 0x00,
  0xEF, 0x7B, 0x00, 0x71, 0x8C, 0x00, 0xCB, 0x52, 0x00, 0x69, 0x4A, 0x00, 0x31, 0x8C, 0x00, 0xF0,
  0x7B, 0x00, 0x49, 0x42, 0x00, 0x71, 0x8C, 0x00, 0xB3, 0x94, 0x00, 0xB3, 0x94, 0x00, 0x71, 0x8C,
  0x00, 0x72, 0x8C, 0x00, 0x31, 0x84, 0x00, 0x10, 0x7C, 0x00, 0x0C, 0x63, 0x29, 0x6A, 0x4A, 0xFF,
  0x76, 0xA5, 0xFF, 0x35, 0xA5, 0xFF, 0x56, 0xA5, 0xFF, 0x96, 0xAD, 0xFF, 0x24, 0x21, 0xFF, 0x00,
  0x00, 0xFF, 0xC3, 0x10, 0xFF, 0xC3, 0x18, 0xFF, 0xC3, 0x10, 0xFF, 0xA3, 0x10, 0xFF, 0x61, 0x08,
  0xFF, 0xE3, 0x18, 0xFF, 0x08, 0x3A, 0xFF, 0xE8, 0x39, 0xFF, 0x08, 0x3A, 0xFF, 0xE8, 0x39, 0xFF,
  0x21, 0x08, 0xFF, 0x21, 0x08, 0xFF, 0x82, 0x10, 0xFF, 0x82, 0x08, 0xFF, 0x82, 0x08, 0xFF, 0x82,
  0x08, 0xFF, 0x82, 0x08, 0xFF, 0x82, 0x08, 0xFF, 0x82, 0x08, 0xFF, 0x82, 0x08, 0xFF, 0x82, 0x08,
  0xFF, 0x82, 0x08, 0xFF, 0x61, 0x08, 0xFF, 0x20, 0x00, 0xFF, 0x86, 0x29, 0xFF, 0x29, 0x42, 0xFF,
  0xE8, 0x39, 0xFF, 0xE8, 0x39, 0xFF, 0xE8, 0x39, 0xFF, 0xE8, 0x39, 0xFF, 0xE8, 0x39, 0xFF, 0xE8,
  0x39, 0xFF, 0xE8, 0x39, 0xFF, 0xC7, 0x31, 0xFF, 0xC7, 0x31, 0xFF, 0xE7, 0x31, 0xFF, 0xE8, 0x31,
  0xFF, 0xE8, 0x31, 0xFF, 0xC7, 0x31, 0xFF, 0xC7, 0x31, 0xFF, 0xE8, 0x31, 0xFF, 0xE8, 0x39, 0xFF,
  0xE8, 0x39, 0xFF, 0xE8, 0x39, 0xFF, 0xE8, 0x39, 0xFF, 0xC8, 0x39, 0xFF, 0xE8, 0x31, 0xFF, 0xE8,
  0x31, 0xFF, 0xE8, 0x39, 0xFF, 0xE8, 0x39, 0xFF, 0xC7, 0x31, 0xFF, 0xC7, 0x31, 0xFF, 0xE8, 0x39,
  0xFF, 0xE7, 0x39, 0xFF, 0xE7, 0x31, 0xFF, 0x08, 0x3A, 0xFF, 0xE7, 0x39, 0xFF, 0x21, 0x00, 0xFF,
  0x41, 0x08, 0xFF, 0x82, 0x10, 0xFF, 0x82, 0x08, 0xFF, 0x82, 0x08, 0xFF, 0x82, 0x08, 0xFF, 0x82,
  0x08, 0xFF, 0x82, 0x08, 0xFF, 0x82, 0x08, 0xFF, 0x82, 0x08, 0xFF, 0x82, 0x08, 0xFF, 0x82, 0x08,
  0xFF, 0x41, 0x08, 0xFF, 0x20, 0x00, 0xFF, 0xA6, 0x31, 0xFF, 0xE8, 0x39, 0xFF, 0xC7, 0x31, 0xFF,
  0xC7, 0x31, 0xFF, 0xA3, 0x10, 0xFF, 0x61, 0x08, 0xFF, 0xA2, 0x10, 0xFF, 0xA3, 0x10, 0xFF, 0xC3,
  0x10, 0xFF, 0xA2, 0x10, 0xFF, 0x00, 0x00, 0xFF, 0xE3, 0x18, 0xFF, 0x76, 0xAD, 0xFF, 0x76, 0xAD,
  0xFF, 0x55, 0xA5, 0xFF, 0x55, 0xA5, 0xFF, 0x08, 0x42, 0xF0, 0xAE, 0x73, 0x20, 0xD3, 0x94, 0x00,
  0x10, 0x7C, 0x00, 0xAA, 0x52, 0x00, 0xF4, 0x9C, 0x00, 0xEF, 0x7B, 0x00, 0x71, 0x8C, 0x00, 0xCB,
  0x52, 0x00, 0x69, 0x4A, 0x00, 0x31, 0x8C, 0x00, 0xF0, 0x7B, 0x00, 0x49, 0x42, 0x00, 0x71, 0x8C,
  0x00, 0xB3, 0x94, 0x00, 0xB3, 0x94, 0x00, 0x72, 0x8C, 0x00, 0x10, 0x84, 0x00, 0x6D, 0x6B, 0x00,
  0x10, 0x7C, 0x00, 0xEB, 0x5A, 0x51, 0x6E, 0x6B, 0xFF, 0xB7, 0xB5, 0xFF, 0xF4, 0x9C, 0xFF, 0x96,
  0xAD, 0xFF, 0x14, 0x9D, 0xFF, 0x82, 0x10, 0xFF, 0x20, 0x00, 0xFF, 0xC3, 0x10, 0xFF, 0xC3, 0x18,
  0xFF, 0xC3, 0x10, 0xFF, 0xA3, 0x10, 0xFF, 0x61, 0x08, 0xFF, 0x24, 0x21, 0xFF, 0x29, 0x42, 0xFF,
  0x08, 0x3A, 0xFF, 0x29, 0x42, 0xFF, 0x49, 0x42, 0xFF, 0x24, 0x21, 0xFF, 0x41, 0x08, 0xFF, 0x62,
  0x08, 0xFF, 0x82, 0x08, 0xFF, 0x82, 0x08, 0xFF, 0x82, 0x08, 0xFF, 0x82, 0x08, 0xFF, 0x82, 0x08,
  0xFF, 0x82, 0x08, 0xFF, 0x82, 0x08, 0xFF, 0x82, 0x08, 0xFF, 0x82, 0x08, 0xFF, 0x41, 0x08, 0xFF,
  0xA2, 0x10, 0xFF, 0x29, 0x42, 0xFF, 0x6A, 0x42, 0xFF, 0x29, 0x42, 0xFF, 0x29, 0x42, 0xFF, 0x29,
  0x42, 0xFF, 0x08, 0x3A, 0xFF, 0xE8, 0x39, 0xFF, 0xE8, 0x39, 0xFF, 0xE8, 0x39, 0xFF, 0xC7, 0x39,
  0xFF, 0xC7, 0x31, 0xFF, 0xC7, 0x31, 0xFF, 0xC8, 0x31, 0xFF, 0xC7, 0x31, 0xFF, 0xC7, 0x31, 0xFF,
  0xC7, 0x31, 0xFF, 0xC7, 0x31, 0xFF, 0xE7, 0x31, 0xFF, 0xE7, 0x31, 0xFF, 0xE7, 0x39, 0xFF, 0xE8,
  0x39, 0xFF, 0xE8, 0x39, 0xFF, 0xE8, 0x39, 0xFF, 0xE8, 0x39, 0xFF, 0xE8, 0x39, 0xFF, 0xE8, 0x39,
  0xFF, 0xC7, 0x31, 0xFF, 0xC7, 0x31, 0xFF, 0xE8, 0x39, 0xFF, 0x08, 0x3A, 0xFF, 0x08, 0x3A, 0xFF,
  0x29, 0x42, 0xFF, 0x49, 0x42, 0xFF, 0xE4, 0x18, 0xFF, 0x41, 0x08, 0xFF, 0x62, 0x08, 0xFF, 0x82,
  0x08, 0xFF, 0x82, 0x08, 0xFF, 0x82, 0x08, 0xFF, 0x82, 0x08, 0xFF, 0x82, 0x08, 0xFF, 0x82, 0x08,
  0xFF, 0x82, 0x08, 0xFF, 0x82, 0x08, 0xFF, 0x62, 0x08, 0xFF, 0x41, 0x08, 0xFF, 0xC3, 0x18, 0xFF,
  0x29, 0x42, 0xFF, 0x09, 0x42, 0xFF, 0xE8, 0x39, 0xFF, 0xE8, 0x39, 0xFF, 0xC3, 0x18, 0xFF, 0x61,
  0x08, 0xFF, 0xA2, 0x10, 0xFF, 0xA3, 0x10, 0xFF, 0xA3, 0x10, 0xFF, 0xA2, 0x10, 0xFF, 0x20, 0x00,
  0xFF, 0x61, 0x08, 0xFF, 0xF4, 0x9C, 0xFF, 0x96, 0xAD, 0xFF, 0x14, 0x9D, 0xFF, 0x97, 0xAD, 0xFF,
  0xEB, 0x5A, 0xFF, 0x8E, 0x73, 0x40, 0x55, 0xA5, 0x00, 0x2D, 0x63, 0x00, 0x69, 0x4A, 0x00, 0x14,
  0x9D, 0x00, 0xEF, 0x7B, 0x00, 0x71, 0x8C, 0x00, 0xCB, 0x52, 0x00, 0x69, 0x4A, 0x00, 0x31, 0x8C,
  0x00, 0xF0, 0x7B, 0x00, 0x29, 0x42, 0x00, 0xD3, 0x9C, 0x00, 0x35, 0xA5, 0x00, 0x55, 0xA5, 0x00,
  0x14, 0x9D, 0x00, 0x71, 0x8C, 0x00, 0x86, 0x29, 0x00, 0xE7, 0x39, 0x00, 0xC7, 0x39, 0x8E, 0x10,
  0x84, 0xFF, 0xB7, 0xB5, 0xFF, 0xF4, 0x9C, 0xFF, 0xB7, 0xB5, 0xFF, 0x31, 0x84, 0xFF, 0x20, 0x00,
  0xFF, 0x61, 0x08, 0xFF, 0xC3, 0x10, 0xFF, 0xC3, 0x18, 0xFF, 0xA3, 0x10, 0xFF, 0xA2, 0x10, 0xFF,
  0x61, 0x08, 0xFF, 0xA6, 0x31, 0xFF, 0x29, 0x42, 0xFF, 0xA7, 0x31, 0xFF, 0x66, 0x29, 0xFF, 0x45,
  0x29, 0xFF, 0x66, 0x29, 0xFF, 0xC3, 0x18, 0xFF, 0x61, 0x08, 0xFF, 0x82, 0x08, 0xFF, 0x82, 0x08,
  0xFF, 0x82, 0x08, 0xFF, 0x82, 0x08, 0xFF, 0x82, 0x08, 0xFF, 0x82, 0x08, 0xFF, 0x82, 0x08, 0xFF,
  0x82, 0x08, 0xFF, 0x61, 0x08, 0xFF, 0x82, 0x08, 0xFF, 0x25, 0x21, 0xFF, 0x86, 0x29, 0xFF, 0x45,
  0x29, 0xFF, 0x66, 0x29, 0xFF, 0x86, 0x29, 0xFF, 0xA7, 0x31, 0xFF, 0x08, 0x3A, 0xFF, 0x29, 0x42,
  0xFF, 0xE8, 0x39, 0xFF, 0xC7, 0x31, 0xFF, 0xC7, 0x31, 0xFF, 0xC7, 0x31, 0xFF, 0xC7, 0x31, 0xFF,
  0xC7, 0x31, 0xFF, 0xC7, 0x31, 0xFF, 0xC7, 0x31, 0xFF, 0xC7, 0x31, 0xFF, 0xC8, 0x31, 0xFF, 0xC7,
  0x31, 0xFF, 0xC7, 0x31, 0xFF, 0xC7, 0x31, 0xFF, 0xC7, 0x31, 0xFF, 0xC7, 0x31, 0xFF, 0xC7, 0x31,
  0xFF, 0xC7, 0x31, 0xFF, 0xC7, 0x31, 0xFF, 0xC7, 0x31, 0xFF, 0xC7, 0x31, 0xFF, 0x08, 0x3A, 0xFF,
  0xE8, 0x39, 0xFF, 0xA7, 0x31, 0xFF, 0x86, 0x29, 0xFF, 0x45, 0x29, 0xFF, 0x65, 0x29, 0xFF, 0x66,
  0x29, 0xFF, 0xA2, 0x10, 0xFF, 0x61, 0x08, 0xFF, 0x82, 0x08, 0xFF, 0x82, 0x08, 0xFF, 0x82, 0x08,
  0xFF, 0x82, 0x08, 0xFF, 0x82, 0x08, 0xFF, 0x82, 0x08, 0xFF, 0x82, 0x08, 0xFF, 0x82, 0x08, 0xFF,
  0x61, 0x08, 0xFF, 0xC3, 0x10, 0xFF, 0x66, 0x29, 0xFF, 0x66, 0x29, 0xFF, 0x66, 0x29, 0xFF, 0x86,
  0x29, 0xFF, 0x08, 0x3A, 0xFF, 0x66, 0x29, 0xFF, 0x41, 0x08, 0xFF, 0x82, 0x10, 0xFF, 0xA2, 0x10,
  0xFF, 0xA3, 0x10, 0xFF, 0xA3, 0x10, 0xFF, 0x41, 0x08, 0xFF, 0x00, 0x00, 0xFF, 0x51, 0x84, 0xFF,
  0xB7, 0xB5, 0xFF, 0xF4, 0x9C, 0xFF, 0xD7, 0xB5, 0xFF, 0xAF, 0x73, 0xFF, 0x28, 0x42, 0x7B, 0xAA,
  0x52, 0x00, 0xA2, 0x10, 0x00, 0x8A, 0x4A, 0x00, 0xB6, 0xAD, 0x00, 0x51, 0x84, 0x00, 0xD3, 0x94,
  0x00, 0xEB, 0x5A, 0x00, 0x49, 0x4A, 0x00, 0x31, 0x8C, 0x00, 0xF0, 0x7B, 0x00, 0x69, 0x4A, 0x1B,
  0xAA, 0x52, 0x73, 0x8A, 0x52, 0x85, 0xAB, 0x52, 0x7B, 0xEB, 0x5A, 0x6F, 0x0C, 0x5B, 0x5D, 0x65,
  0x29, 0x48, 0x65, 0x29, 0x37, 0x65, 0x29, 0xD4, 0xB3, 0x94, 0xFF, 0x76, 0xAD, 0xFF, 0xF4, 0x9C,
  0xFF, 0xD8, 0xB5, 0xFF, 0x2D, 0x63, 0xFF, 0x00, 0x00, 0xFF, 0xA2, 0x10, 0xFF, 0xC3, 0x18, 0xFF,
  0xC3, 0x10, 0xFF, 0xA3, 0x10, 0xFF, 0x82, 0x10, 0xFF, 0xA2, 0x10, 0xFF, 0x86, 0x29, 0xFF, 0xE3,
  0x18, 0xFF, 0x62, 0x08, 0xFF, 0x61, 0x08, 0xFF, 0x41, 0x08, 0xFF, 0x41, 0x08, 0xFF, 0x82, 0x08,
  0xFF, 0x82, 0x10, 0xFF, 0x82, 0x10, 0xFF, 0x82, 0x08, 0xFF, 0x82, 0x08, 0xFF, 0x82, 0x08, 0xFF,
  0x82, 0x08, 0xFF, 0x82, 0x08, 0xFF, 0x82, 0x10, 0xFF, 0x82, 0x10, 0xFF, 0x82, 0x10, 0xFF, 0x82,
  0x10, 0xFF, 0x61, 0x08, 0xFF, 0x41, 0x00, 0xFF, 0x41, 0x08, 0xFF, 0x41, 0x08, 0xFF, 0x61, 0x08,
  0xFF, 0x41, 0x08, 0xFF, 0x82, 0x08, 0xFF, 0x86, 0x29, 0xFF, 0x29, 0x42, 0xFF, 0xC7, 0x31, 0xFF,
  0xC7, 0x31, 0xFF, 0xC7, 0x31, 0xFF, 0xC7, 0x31, 0xFF, 0xC7, 0x31, 0xFF, 0xC7, 0x31, 0xFF, 0xC7,
  0x31, 0xFF, 0xC7, 0x31, 0xFF, 0xE7, 0x31, 0xFF, 0xE7, 0x31, 0xFF, 0xE7, 0x31, 0xFF, 0xC7, 0x31,
  0xFF, 0xC7, 0x31, 0xFF, 0xC7, 0x31, 0xFF, 0xC7, 0x31, 0xFF, 0xC7, 0x31, 0xFF, 0xC7, 0x31, 0xFF,
  0xC7, 0x31, 0xFF, 0xE8, 0x39, 0xFF, 0x86, 0x29, 0xFF, 0x82, 0x10, 0xFF, 0x62, 0x08, 0xFF, 0x61,
  0x08, 0xFF, 0x41, 0x08, 0xFF, 0x41, 0x08, 0xFF, 0x61, 0x08, 0xFF, 0x82, 0x10, 0xFF, 0x82, 0x10,
  0xFF, 0x82, 0x10, 0xFF, 0x82, 0x10, 0xFF, 0x82, 0x10, 0xFF, 0x82, 0x08, 0xFF, 0x82, 0x08, 0xFF,
  0x82, 0x08, 0xFF, 0x82, 0x10, 0xFF, 0x82, 0x10, 0xFF, 0x82, 0x10, 0xFF, 0x82, 0x10, 0xFF, 0x61,
  0x08, 0xFF, 0x41, 0x08, 0xFF, 0x41, 0x08, 0xFF, 0x61, 0x08, 0xFF, 0xA3, 0x10, 0xFF, 0x25, 0x21,
  0xFF, 0x82, 0x10, 0xFF, 0x82, 0x08, 0xFF, 0xA2, 0x10, 0xFF, 0xA3, 0x10, 0xFF, 0xA2, 0x10, 0xFF,
  0x82, 0x08, 0xFF, 0x00, 0x00, 0xFF, 0x4D, 0x6B, 0xFF, 0xD8, 0xB5, 0xFF, 0xF4, 0x9C, 0xFF, 0xB7,
  0xAD, 0xFF, 0x72, 0x8C, 0xFF, 0x65, 0x29, 0xC6, 0xA6, 0x31, 0x33, 0xE3, 0x18, 0x41, 0x08, 0x3A,
  0x52, 0x8E, 0x6B, 0x5A, 0xCB, 0x5A, 0x62, 0xEB, 0x5A, 0x68, 0x49, 0x4A, 0x3D, 0xCB, 0x52, 0x00,
  0x51, 0x8C, 0x00, 0x31, 0x84, 0x14, 0x45, 0x21, 0xD7, 0xC7, 0x31, 0xFF, 0xE8, 0x39, 0xFF, 0xA7,
  0x31, 0xFF, 0xC7, 0x31, 0xFF, 0xE8, 0x39, 0xFF, 0x08, 0x3A, 0xFF, 0x61, 0x08, 0xFF, 0x65, 0x29,
  0xFF, 0x97, 0xAD, 0xFF, 0x14, 0x9D, 0xFF, 0x14, 0x9D, 0xFF, 0xF8, 0xBD, 0xFF, 0x8A, 0x4A, 0xFF,
  0x00, 0x00, 0xFF, 0xC3, 0x10, 0xFF, 0xC3, 0x10, 0xFF, 0xC3, 0x10, 0xFF, 0xA2, 0x10, 0xFF, 0x82,
  0x10, 0xFF, 0xA2, 0x10, 0xFF, 0x62, 0x08, 0xFF, 0x41, 0x08, 0xFF, 0x62, 0x08, 0xFF, 0x82, 0x10,
  0xFF, 0x82, 0x10, 0xFF, 0x82, 0x10, 0xFF, 0x82, 0x10, 0xFF, 0x82, 0x08, 0xFF, 0x82, 0x08, 0xFF,
  0x82, 0x08, 0xFF, 0x82, 0x08, 0xFF, 0x82, 0x08, 0xFF, 0x82, 0x08, 0xFF, 0x82, 0x08, 0xFF, 0x82,
  0x08, 0xFF, 0x82, 0x08, 0xFF, 0x82, 0x10, 0xFF, 0x82, 0x10, 0xFF, 0x82, 0x10, 0xFF, 0x82, 0x10,
  0xFF, 0x82, 0x10, 0xFF, 0x82, 0x10, 0xFF, 0x82, 0x08, 0xFF, 0x82, 0x08, 0xFF, 0x41, 0x08, 0xFF,
  0x21, 0x00, 0xFF, 0xC7, 0x31, 0xFF, 0x08, 0x3A, 0xFF, 0xC7, 0x31, 0xFF, 0xC7, 0x31, 0xFF, 0xC7,
  0x31, 0xFF, 0xC7, 0x31, 0xFF, 0xC7, 0x31, 0xFF, 0xC7, 0x31, 0xFF, 0xC7, 0x31, 0xFF, 0xC7, 0x31,
  0xFF, 0xC7, 0x31, 0xFF, 0xC7, 0x31, 0xFF, 0xC7, 0x31, 0xFF, 0xC7, 0x31, 0xFF, 0xC7, 0x31, 0xFF,
  0xC7, 0x31, 0xFF, 0xC7, 0x31, 0xFF, 0xC7, 0x31, 0xFF, 0xE8, 0x39, 0xFF, 0xA7, 0x31, 0xFF, 0x41,
  0x08, 0xFF, 0x41, 0x08, 0xFF, 0x82, 0x08, 0xFF, 0x82, 0x10, 0xFF, 0x82, 0x10, 0xFF, 0x82, 0x10,
  0xFF, 0x82, 0x10, 0xFF, 0x82, 0x10, 0xFF, 0x82, 0x10, 0xFF, 0x82, 0x10, 0xFF, 0x82, 0x10, 0xFF,
  0x82, 0x10, 0xFF, 0x82, 0x10, 0xFF, 0x82, 0x10, 0xFF, 0x82, 0x10, 0xFF, 0x82, 0x10, 0xFF, 0x82,
  0x10, 0xFF, 0x82, 0x10, 0xFF, 0x82, 0x10, 0xFF, 0x82, 0x10, 0xFF, 0x82, 0x08, 0xFF, 0x62, 0x08,
  0xFF, 0x61, 0x08, 0xFF, 0x41, 0x08, 0xFF, 0x61, 0x08, 0xFF, 0x82, 0x10, 0xFF, 0x82, 0x10, 0xFF,
  0x82, 0x10, 0xFF, 0xA3, 0x10, 0xFF, 0xA3, 0x10, 0xFF, 0x82, 0x10, 0xFF, 0x00, 0x00, 0xFF, 0xAB,
  0x52, 0xFF, 0xF8, 0xBD, 0xFF, 0x14, 0x9D, 0xFF, 0x35, 0xA5, 0xFF, 0x76, 0xAD, 0xFF, 0x04, 0x21,
  0xFE, 0xA2, 0x10, 0xFE, 0x08, 0x3A, 0xFF, 0xE8, 0x39, 0xFF, 0xC7, 0x31, 0xFF, 0xC8, 0x31, 0xFF,
  0xE7, 0x39, 0xFF, 0xE7, 0x39, 0xFF, 0x45, 0x29, 0xA6, 0x92, 0x94, 0x03, 0xCB, 0x52, 0x6D, 0xE8,
  0x31, 0xFF, 0x93, 0x8C, 0xFF, 0xD0, 0x73, 0xFF, 0xD0, 0x73, 0xFF, 0xAF, 0x6B, 0xFF, 0x8F, 0x6B,
  0xFF, 0x52, 0x84, 0xFF, 0x04, 0x21, 0xFF, 0xA6, 0x31, 0xFF, 0xF8, 0xB5, 0xFF, 0xF4, 0x9C, 0xFF,
  0x15, 0x9D, 0xFF, 0xB7, 0xB5, 0xFF, 0xC7, 0x39, 0xFF, 0x00, 0x00, 0xFF, 0xA3, 0x10, 0xFF, 0xC3,
  0x10, 0xFF, 0xA3, 0x10, 0xFF, 0xA2, 0x10, 0xFF, 0x82, 0x10, 0xFF, 0x82, 0x08, 0xFF, 0x62, 0x08,
  0xFF, 0x82, 0x10, 0xFF, 0x82, 0x10, 0xFF, 0x82, 0x10, 0xFF, 0x82, 0x10, 0xFF, 0x82, 0x10, 0xFF,
  0x82, 0x08, 0xFF, 0x82, 0x08, 0xFF, 0x82, 0x08, 0xFF, 0x82, 0x08, 0xFF, 0x82, 0x08, 0xFF, 0x82,
  0x08, 0xFF, 0x82, 0x08, 0xFF, 0x82, 0x08, 0xFF, 0x82, 0x08, 0xFF, 0x82, 0x08, 0xFF, 0x82, 0x10,
  0xFF, 0x82, 0x10, 0xFF, 0x82, 0x10, 0xFF, 0x82, 0x10, 0xFF, 0x82, 0x10, 0xFF, 0x82, 0x10, 0xFF,
  0x82, 0x10, 0xFF, 0x82, 0x10, 0xFF, 0x82, 0x10, 0xFF, 0x41, 0x00, 0xFF, 0xC3, 0x18, 0xFF, 0x29,
  0x42, 0xFF, 0xC7, 0x31, 0xFF, 0xC7, 0x31, 0xFF, 0xC7, 0x31, 0xFF, 0xC7, 0x31, 0xFF, 0xC7, 0x31,
  0xFF, 0xC7, 0x31, 0xFF, 0xC7, 0x31, 0xFF, 0xC7, 0x31, 0xFF, 0xC7, 0x31, 0xFF, 0xC7, 0x31, 0xFF,
  0xC7, 0x31, 0xFF, 0xC7, 0x31, 0xFF, 0xC7, 0x31, 0xFF, 0xC7, 0x31, 0xFF, 0xC7, 0x31, 0xFF, 0xC7,
  0x31, 0xFF, 0x08, 0x3A, 0xFF, 0xE4, 0x18, 0xFF, 0x41, 0x08, 0xFF, 0xA2, 0x10, 0xFF, 0x82, 0x10,
  0xFF, 0x82, 0x10, 0xFF, 0x82, 0x10, 0xFF, 0x82, 0x10, 0xFF, 0x82, 0x10, 0xFF, 0x82, 0x10, 0xFF,
  0x82, 0x10, 0xFF, 0x82, 0x10, 0xFF, 0x82, 0x08, 0xFF, 0x82, 0x08, 0xFF, 0x82, 0x10, 0xFF, 0x82,
  0x10, 0xFF, 0x82, 0x10, 0xFF, 0x82, 0x10, 0xFF, 0x82, 0x10, 0xFF, 0x82, 0x10, 0xFF, 0x82, 0x10,
  0xFF, 0x82, 0x10, 0xFF, 0x82, 0x10, 0xFF, 0x82, 0x10, 0xFF, 0x82, 0x08, 0xFF, 0x82, 0x10, 0xFF,
  0x82, 0x10, 0xFF, 0x82, 0x10, 0xFF, 0x82, 0x10, 0xFF, 0x82, 0x10, 0xFF, 0xA3, 0x10, 0xFF, 0xA3,
  0x10, 0xFF, 0xA2, 0x10, 0xFF, 0x00, 0x00, 0xFF, 0x08, 0x42, 0xFF, 0xD7, 0xB5, 0xFF, 0x14, 0x9D,
  0xFF, 0xF4, 0x9C, 0xFF, 0xD7, 0xB5, 0xFF, 0xA6, 0x31, 0xFF, 0xC8, 0x31, 0xFF, 0x32, 0x7C, 0xFF,
  0x6F, 0x6B, 0xFF, 0x8F, 0x6B, 0xFF, 0x8F, 0x6B, 0xFF, 0x8F, 0x6B, 0xFF, 0x93, 0x84, 0xFF, 0x24,
  0x19, 0xFF, 0xEB, 0x5A, 0x5D, 0xA7, 0x31, 0xA1, 0x0D, 0x5B, 0xFF, 0xD0, 0x73, 0xFF, 0x0D, 0x5B,
  0xFF, 0x4E, 0x63, 0xFF, 0x4E, 0x63, 0xFF, 0x4E, 0x63, 0xFF, 0xF1, 0x7B, 0xFF, 0x25, 0x21, 0xFF,
  0x8A, 0x52, 0xFF, 0xF8, 0xB5, 0xFF, 0xF4, 0x9C, 0xFF, 0x35, 0xA5, 0xFF, 0x55, 0xA5, 0xFF, 0x24,
  0x21, 0xFF, 0x00, 0x00, 0xFF, 0x82, 0x10, 0xFF, 0xA3, 0x10, 0xFF, 0xA3, 0x10, 0xFF, 0x82, 0x10,
  0xFF, 0x82, 0x10, 0xFF, 0x82, 0x10, 0xFF, 0x82, 0x10, 0xFF, 0x82, 0x10, 0xFF, 0x82, 0x10, 0xFF,
  0x82, 0x10, 0xFF, 0x82, 0x08, 0xFF, 0x82, 0x08, 0xFF, 0x82, 0x08, 0xFF, 0x82, 0x08, 0xFF, 0x82,
  0x08, 0xFF, 0x82, 0x08, 0xFF, 0x82, 0x08, 0xFF, 0x82, 0x08, 0xFF, 0x82, 0x08, 0xFF, 0x82, 0x08,
  0xFF, 0x82, 0x08, 0xFF, 0x82, 0x08, 0xFF, 0x82, 0x10, 0xFF, 0x82, 0x10, 0xFF, 0x82, 0x10, 0xFF,
  0x82, 0x10, 0xFF, 0x82, 0x10, 0xFF, 0x82, 0x10, 0xFF, 0x82, 0x10, 0xFF, 0x82, 0x10, 0xFF, 0x82,
  0x10, 0xFF, 0x82, 0x08, 0xFF, 0x41, 0x08, 0xFF, 0x45, 0x29, 0xFF, 0x29, 0x42, 0xFF, 0xE8, 0x39,
  0xFF, 0xE8, 0x39, 0xFF, 0xE8, 0x39, 0xFF, 0xE8, 0x39, 0xFF, 0xE8, 0x39, 0xFF, 0xE8, 0x39, 0xFF,
  0xE8, 0x39, 0xFF, 0xE8, 0x39, 0xFF, 0xE8, 0x39, 0xFF, 0xE8, 0x39, 0xFF, 0xE8, 0x39, 0xFF, 0xE8,
  0x39, 0xFF, 0xE8, 0x39, 0xFF, 0xE8, 0x39, 0xFF, 0x29, 0x42, 0xFF, 0xC7, 0x31, 0xFF, 0x61, 0x08,
  0xFF, 0x62, 0x08, 0xFF, 0x82, 0x10, 0xFF, 0x82, 0x10, 0xFF, 0x82, 0x10, 0xFF, 0x82, 0x10, 0xFF,
  0x82, 0x10, 0xFF, 0x82, 0x10, 0xFF, 0x82, 0x10, 0xFF, 0x82, 0x08, 0xFF, 0x82, 0x08, 0xFF, 0x82,
  0x10, 0xFF, 0x82, 0x10, 0xFF, 0x82, 0x08, 0xFF, 0x82, 0x08, 0xFF, 0x82, 0x10, 0xFF, 0x82, 0x10,
  0xFF, 0x82, 0x10, 0xFF, 0x82, 0x10, 0xFF, 0x82, 0x10, 0xFF, 0x82, 0x10, 0xFF, 0x82, 0x10, 0xFF,
  0x82, 0x08, 0xFF, 0x82, 0x08, 0xFF, 0x82, 0x10, 0xFF, 0x82, 0x10, 0xFF, 0x82, 0x10, 0xFF, 0x82,
  0x10, 0xFF, 0x82, 0x10, 0xFF, 0xA3, 0x10, 0xFF, 0xA2, 0x10, 0xFF, 0x82, 0x10, 0xFF, 0x00, 0x00,
  0xFF, 0x65, 0x29, 0xFF, 0x76, 0xAD, 0xFF, 0x35, 0xA5, 0xFF, 0xF4, 0x9C, 0xFF, 0xD8, 0xB5, 0xFF,
  0xAA, 0x52, 0xFF, 0xA7, 0x31, 0xFF, 0xF1, 0x73, 0xFF, 0x4E, 0x63, 0xFF, 0x4E, 0x63, 0xFF, 0x6E,
  0x63, 0xFF, 0x0D, 0x5B, 0xFF, 0x11, 0x7C, 0xFF, 0x2D, 0x5B, 0xFF, 0xA2, 0x10, 0x8F, 0x66, 0x29,
  0xBC, 0x8F, 0x6B, 0xFF, 0x8F, 0x6B, 0xFF, 0x2D, 0x5B, 0xFF, 0x2E, 0x63, 0xFF, 0x4E, 0x63, 0xFF,
  0x6E, 0x63, 0xFF, 0xB0, 0x6B, 0xFF, 0x24, 0x21, 0xFF, 0x8E, 0x73, 0xFF, 0xB7, 0xB5, 0xFF, 0xF4,
  0x9C, 0xFF, 0x76, 0xAD, 0xFF, 0xD3, 0x94, 0xFF, 0x82, 0x10, 0xFF, 0x20, 0x00, 0xFF, 0x82, 0x10,
  0xFF, 0x82, 0x08, 0xFF, 0x82, 0x10, 0xFF, 0x82, 0x10, 0xFF, 0x82, 0x10, 0xFF, 0x82, 0x10, 0xFF,
  0x82, 0x10, 0xFF, 0x82, 0x10, 0xFF, 0x82, 0x10, 0xFF, 0x82, 0x08, 0xFF, 0x82, 0x08, 0xFF, 0x82,
  0x08, 0xFF, 0x82, 0x08, 0xFF, 0x82, 0x08, 0xFF, 0x82, 0x08, 0xFF, 0x82, 0x08, 0xFF, 0x82, 0x08,
  0xFF, 0x82, 0x08, 0xFF, 0x82, 0x08, 0xFF, 0x82, 0x08, 0xFF, 0x82, 0x08, 0xFF, 0x82, 0x08, 0xFF,
  0x82, 0x10, 0xFF, 0x82, 0x10, 0xFF, 0x82, 0x10, 0xFF, 0x82, 0x10, 0xFF, 0x82, 0x10, 0xFF, 0x82,
  0x10, 0xFF, 0x82, 0x10, 0xFF, 0x82, 0x10, 0xFF, 0x82, 0x10, 0xFF, 0x82, 0x10, 0xFF, 0x61, 0x08,
  0xFF, 0x61, 0x08, 0xFF, 0x45, 0x21, 0xFF, 0xC7, 0x31, 0xFF, 0xC7, 0x31, 0xFF, 0xA7, 0x31, 0xFF,
  0xC7, 0x31, 0xFF, 0xC7, 0x31, 0xFF, 0xC7, 0x31, 0xFF, 0xC7, 0x31, 0xFF, 0xC7, 0x31, 0xFF, 0xC7,
  0x31, 0xFF, 0xC7, 0x31, 0xFF, 0xC7, 0x31, 0xFF, 0xC7, 0x31, 0xFF, 0xC7, 0x31, 0xFF, 0xC7, 0x31,
  0xFF, 0xA6, 0x29, 0xFF, 0xA3, 0x10, 0xFF, 0x61, 0x08, 0xFF, 0x82, 0x10, 0xFF, 0x82, 0x10, 0xFF,
  0x82, 0x10, 0xFF, 0x82, 0x10, 0xFF, 0x82, 0x10, 0xFF, 0x82, 0x10, 0xFF, 0x82, 0x10, 0xFF, 0x82,
  0x10, 0xFF, 0x82, 0x10, 0xFF, 0x82, 0x08, 0xFF, 0x82, 0x10, 0xFF, 0x82, 0x10, 0xFF, 0x82, 0x10,
  0xFF, 0x82, 0x08, 0xFF, 0x82, 0x08, 0xFF, 0x82, 0x10, 0xFF, 0x82, 0x10, 0xFF, 0x82, 0x10, 0xFF,
  0x82, 0x10, 0xFF, 0x82, 0x10, 0xFF, 0x82, 0x08, 0xFF, 0x82, 0x08, 0xFF, 0x82, 0x10, 0xFF, 0x82,
  0x10, 0xFF, 0x82, 0x10, 0xFF, 0x82, 0x10, 0xFF, 0x82, 0x10, 0xFF, 0xA2, 0x10, 0xFF, 0x82, 0x10,
  0xFF, 0x82, 0x08, 0xFF, 0x82, 0x10, 0xFF, 0x00, 0x00, 0xFF, 0xC3, 0x18, 0xFF, 0xF4, 0x9C, 0xFF,
  0x76, 0xA5, 0xFF, 0xF4, 0x9C, 0xFF, 0xB7, 0xB5, 0xFF, 0x8E, 0x6B, 0xFF, 0x25, 0x21, 0xFF, 0xB0,
  0x73, 0xFF, 0x4E, 0x63, 0xFF, 0x4E, 0x63, 0xFF, 0x4E, 0x63, 0xFF, 0x2D, 0x63, 0xFF, 0xB0, 0x73,
  0xFF, 0x4E, 0x63, 0xFF, 0x24, 0x21, 0xAC, 0x66, 0x29, 0xD6, 0xD0, 0x73, 0xFF, 0x6E, 0x63, 0xFF,
  0x0D, 0x5B, 0xFF, 0x2D, 0x63, 0xFF, 0x2D, 0x63, 0xFF, 0x8F, 0x6B, 0xFF, 0x4E, 0x63, 0xFF, 0x04,
  0x21, 0xFF, 0x92, 0x94, 0xFF, 0x76, 0xAD, 0xFF, 0xF4, 0x9C, 0xFF, 0xB7, 0xAD, 0xFF, 0x72, 0x8C,
  0xFF, 0x20, 0x00, 0xFF, 0x41, 0x08, 0xFF, 0x82, 0x08, 0xFF, 0x82, 0x08, 0xFF, 0x82, 0x08, 0xFF,
  0x82, 0x08, 0xFF, 0x82, 0x08, 0xFF, 0x82, 0x08, 0xFF, 0x82, 0x10, 0xFF, 0x82, 0x08, 0xFF, 0x82,
  0x08, 0xFF, 0x82, 0x08, 0xFF, 0x82, 0x08, 0xFF, 0x82, 0x08, 0xFF, 0x82, 0x08, 0xFF, 0x82, 0x08,
  0xFF, 0x82, 0x08, 0xFF, 0x82, 0x08, 0xFF, 0x82, 0x08, 0xFF, 0x82, 0x08, 0xFF, 0x82, 0x08, 0xFF,
  0x82, 0x08, 0xFF, 0x82, 0x08, 0xFF, 0x82, 0x08, 0xFF, 0x82, 0x08, 0xFF, 0x82, 0x08, 0xFF, 0x82,
  0x08, 0xFF, 0x82, 0x08, 0xFF, 0x82, 0x08, 0xFF, 0x82, 0x10, 0xFF, 0x82, 0x10, 0xFF, 0x82, 0x10,
  0xFF, 0x82, 0x10, 0xFF, 0x82, 0x10, 0xFF, 0x82, 0x10, 0xFF, 0x62, 0x08, 0xFF, 0x41, 0x08, 0xFF,
  0x82, 0x10, 0xFF, 0x82, 0x10, 0xFF, 0x82, 0x10, 0xFF, 0x82, 0x10, 0xFF, 0x82, 0x10, 0xFF, 0x82,
  0x10, 0xFF, 0x82, 0x10, 0xFF, 0x82, 0x10, 0xFF, 0x82, 0x10, 0xFF, 0x82, 0x10, 0xFF, 0x82, 0x10,
  0xFF, 0x82, 0x10, 0xFF, 0x82, 0x10, 0xFF, 0x82, 0x10, 0xFF, 0x61, 0x08, 0xFF, 0x61, 0x08, 0xFF,
  0x82, 0x10, 0xFF, 0x82, 0x10, 0xFF, 0x82, 0x10, 0xFF, 0x82, 0x10, 0xFF, 0x82, 0x10, 0xFF, 0x82,
  0x10, 0xFF, 0x82, 0x10, 0xFF, 0x82, 0x10, 0xFF, 0x82, 0x10, 0xFF, 0x82, 0x10, 0xFF, 0x82, 0x10,
  0xFF, 0x82, 0x10, 0xFF, 0x82, 0x10, 0xFF, 0x82, 0x10, 0xFF, 0x82, 0x08, 0xFF, 0x82, 0x08, 0xFF,
  0x82, 0x10, 0xFF, 0x82, 0x10, 0xFF, 0x82, 0x10, 0xFF, 0x82, 0x10, 0xFF, 0x82, 0x08, 0xFF, 0x82,
  0x08, 0xFF, 0x82, 0x08, 0xFF, 0x82, 0x08, 0xFF, 0x82, 0x08, 0xFF, 0x82, 0x08, 0xFF, 0x82, 0x08,
  0xFF, 0x82, 0x08, 0xFF, 0x82, 0x08, 0xFF, 0x82, 0x08, 0xFF, 0x82, 0x08, 0xFF, 0x82, 0x08, 0xFF,
  0x41, 0x08, 0xFF, 0x41, 0x08, 0xFF, 0x72, 0x8C, 0xFF, 0x97, 0xAD, 0xFF, 0xF4, 0x9C, 0xFF, 0x76,
  0xAD, 0xFF, 0x92, 0x8C, 0xFF, 0x45, 0x21, 0xFF, 0x6E, 0x63, 0xFF, 0x8F, 0x6B, 0xFF, 0x4E, 0x63,
  0xFF, 0x4E, 0x63, 0xFF, 0x4E, 0x63, 0xFF, 0xAF, 0x6B, 0xFF, 0xAF, 0x6B, 0xFF, 0xA6, 0x31, 0xBC,
  0x86, 0x29, 0xEB, 0x52, 0x84, 0xFF, 0x0D, 0x5B, 0xFF, 0x0D, 0x5B, 0xFF, 0x2D, 0x63, 0xFF, 0x2D,
  0x63, 0xFF, 0xAF, 0x6B, 0xFF, 0xCC, 0x52, 0xFF, 0x25, 0x21, 0xFF, 0x56, 0xAD, 0xFF, 0x55, 0xA5,
  0xFF, 0xF4, 0x9C, 0xFF, 0xD8, 0xB5, 0xFF, 0xCF, 0x73, 0xFF, 0x00, 0x00, 0xFF, 0x61, 0x08, 0xFF,
  0x82, 0x08, 0xFF, 0x82, 0x08, 0xFF, 0x82, 0x08, 0xFF, 0x82, 0x08, 0xFF, 0x82, 0x08, 0xFF, 0x82,
  0x08, 0xFF, 0x82, 0x08, 0xFF, 0x82, 0x08, 0xFF, 0x82, 0x08, 0xFF, 0x82, 0x08, 0xFF, 0x82, 0x08,
  0xFF, 0x82, 0x08, 0xFF, 0x82, 0x08, 0xFF, 0x82, 0x08, 0xFF, 0x82, 0x08, 0xFF, 0x82, 0x08, 0xFF,
  0x82, 0x08, 0xFF, 0x82, 0x08, 0xFF, 0x82, 0x08, 0xFF, 0x82, 0x08, 0xFF, 0x82, 0x08, 0xFF, 0x82,
  0x08, 0xFF, 0x82, 0x08, 0xFF, 0x82, 0x08, 0xFF, 0x82, 0x08, 0xFF, 0x82, 0x08, 0xFF, 0x82, 0x08,
  0xFF, 0x82, 0x10, 0xFF, 0x82, 0x10, 0xFF, 0x82, 0x10, 0xFF, 0x82, 0x10, 0xFF, 0x82, 0x10, 0xFF,
  0x82, 0x10, 0xFF, 0x82, 0x10, 0xFF, 0x82, 0x10, 0xFF, 0x62, 0x08, 0xFF, 0x62, 0x08, 0xFF, 0x62,
  0x08, 0xFF, 0x62, 0x08, 0xFF, 0x62, 0x08, 0xFF, 0x62, 0x08, 0xFF, 0x62, 0x08, 0xFF, 0x62, 0x08,
  0xFF, 0x61, 0x08, 0xFF, 0x61, 0x08, 0xFF, 0x61, 0x08, 0xFF, 0x62, 0x08, 0xFF, 0x62, 0x08, 0xFF,
  0x61, 0x08, 0xFF, 0x41, 0x08, 0xFF, 0x61, 0x08, 0xFF, 0x61, 0x08, 0xFF, 0x61, 0x08, 0xFF, 0x61,
  0x08, 0xFF, 0x61, 0x08, 0xFF, 0x61, 0x08, 0xFF, 0x41, 0x08, 0xFF, 0x61, 0x08, 0xFF, 0x61, 0x08,
  0xFF, 0x61, 0x08, 0xFF, 0x61, 0x08, 0xFF, 0x61, 0x08, 0xFF, 0x61, 0x08, 0xFF, 0x61, 0x08, 0xFF,
  0x61, 0x08, 0xFF, 0x62, 0x08, 0xFF, 0x62, 0x08, 0xFF, 0x62, 0x08, 0xFF, 0x82, 0x08, 0xFF, 0x82,
  0x08, 0xFF, 0x82, 0x08, 0xFF, 0x82, 0x10, 0xFF, 0x82, 0x10, 0xFF, 0x82, 0x10, 0xFF, 0x82, 0x08,
  0xFF, 0x82, 0x08, 0xFF, 0x82, 0x08, 0xFF, 0x82, 0x08, 0xFF, 0x82, 0x08, 0xFF, 0x82, 0x08, 0xFF,
  0x82, 0x08, 0xFF, 0x82, 0x08, 0xFF, 0x62, 0x08, 0xFF, 0x41, 0x08, 0xFF, 0x00, 0x00, 0xFF, 0xCF,
  0x7B, 0xFF, 0xD7, 0xB5, 0xFF, 0xF4, 0x9C, 0xFF, 0x55, 0xA5, 0xFF, 0x55, 0xA5, 0xFF, 0x65, 0x29,
  0xFF, 0xEC, 0x52, 0xFF, 0xAF, 0x6B, 0xFF, 0x4E, 0x63, 0xFF, 0x4E, 0x63, 0xFF, 0x4E, 0x63, 0xFF,
  0x6E, 0x63, 0xFF, 0x31, 0x7C, 0xFF, 0x86, 0x29, 0xC9, 0xE4, 0x18, 0xEC, 0x72, 0x84, 0xFF, 0xAF,
  0x6B, 0xFF, 0x0D, 0x5B, 0xFF, 0x2D, 0x63, 0xFF, 0x2D, 0x63, 0xFF, 0xAF, 0x6B, 0xFF, 0x6A, 0x42,
  0xFF, 0xC7, 0x39, 0xFF, 0xB7, 0xB5, 0xFF, 0x35, 0xA5, 0xFF, 0xF4, 0x9C, 0xFF, 0xF8, 0xB5, 0xFF,
  0x4D, 0x63, 0xFF, 0x00, 0x00, 0xFF, 0x61, 0x08, 0xFF, 0x82, 0x08, 0xFF, 0x82, 0x08, 0xFF, 0x82,
  0x08, 0xFF, 0x82, 0x08, 0xFF, 0x82, 0x08, 0xFF, 0x82, 0x08, 0xFF, 0x82, 0x08, 0xFF, 0x82, 0x08,
  0xFF, 0x82, 0x08, 0xFF, 0x82, 0x08, 0xFF, 0x82, 0x08, 0xFF, 0x82, 0x08, 0xFF, 0x82, 0x08, 0xFF,
  0x82, 0x08, 0xFF, 0x82, 0x08, 0xFF, 0x82, 0x08, 0xFF, 0x82, 0x08, 0xFF, 0x82, 0x08, 0xFF, 0x82,
  0x08, 0xFF, 0x82, 0x08, 0xFF, 0x82, 0x08, 0xFF, 0x82, 0x08, 0xFF, 0x82, 0x08, 0xFF, 0x82, 0x08,
  0xFF, 0x82, 0x08, 0xFF, 0x82, 0x08, 0xFF, 0x82, 0x08, 0xFF, 0x82, 0x08, 0xFF, 0x82, 0x08, 0xFF,
  0x82, 0x08, 0xFF, 0x82, 0x10, 0xFF, 0x82, 0x10, 0xFF, 0x82, 0x10, 0xFF, 0x82, 0x10, 0xFF, 0x82,
  0x10, 0xFF, 0x82, 0x10, 0xFF, 0x82, 0x10, 0xFF, 0x82, 0x10, 0xFF, 0x82, 0x10, 0xFF, 0x82, 0x10,
  0xFF, 0x82, 0x10, 0xFF, 0x82, 0x08, 0xFF, 0x82, 0x08, 0xFF, 0x82, 0x08, 0xFF, 0x62, 0x08, 0xFF,
  0x82, 0x08, 0xFF, 0x82, 0x10, 0xFF, 0x82, 0x10, 0xFF, 0xA2, 0x10, 0xFF, 0xA2, 0x10, 0xFF, 0x82,
  0x10, 0xFF, 0xA2, 0x10, 0xFF, 0xA3, 0x10, 0xFF, 0xC3, 0x10, 0xFF, 0xC3, 0x10, 0xFF, 0xC3, 0x10,
  0xFF, 0xC3, 0x18, 0xFF, 0xA3, 0x10, 0xFF, 0x82, 0x10, 0xFF, 0xA2, 0x10, 0xFF, 0xA2, 0x10, 0xFF,
  0xA2, 0x10, 0xFF, 0xA2, 0x10, 0xFF, 0xA2, 0x10, 0xFF, 0x82, 0x10, 0xFF, 0x82, 0x10, 0xFF, 0x82,
  0x08, 0xFF, 0x82, 0x08, 0xFF, 0x62, 0x08, 0xFF, 0x62, 0x08, 0xFF, 0x61, 0x08, 0xFF, 0x41, 0x08,
  0xFF, 0x41, 0x08, 0xFF, 0x61, 0x08, 0xFF, 0x82, 0x10, 0xFF, 0x82, 0x08, 0xFF, 0x82, 0x08, 0xFF,
  0x82, 0x08, 0xFF, 0x82, 0x08, 0xFF, 0x82, 0x08, 0xFF, 0x82, 0x08, 0xFF, 0x82, 0x08, 0xFF, 0x62,
  0x08, 0xFF, 0x61, 0x08, 0xFF, 0x00, 0x00, 0xFF, 0x8E, 0x6B, 0xFF, 0xF8, 0xB5, 0xFF, 0xF4, 0x9C,
  0xFF, 0x35, 0xA5, 0xFF, 0xB7, 0xB5, 0xFF, 0xC7, 0x39, 0xFF, 0x8B, 0x4A, 0xFF, 0xD0, 0x73, 0xFF,
  0x4E, 0x63, 0xFF, 0x6E, 0x63, 0xFF, 0x4E, 0x63, 0xFF, 0xF0, 0x73, 0xFF, 0x73, 0x84, 0xFF, 0x45,
  0x29, 0xD0, 0x86, 0x31, 0xA5, 0x08, 0x3A, 0xFF, 0x6E, 0x63, 0xFF, 0xEC, 0x5A, 0xFF, 0x4E, 0x63,
  0xFF, 0x6E, 0x63, 0xFF, 0x11, 0x7C, 0xFF, 0x66, 0x29, 0xFF, 0x69, 0x4A, 0xFF, 0xD8, 0xB5, 0xFF,
  0x15, 0x9D, 0xFF, 0xF4, 0x9C, 0xFF, 0xF8, 0xBD, 0xFF, 0x4D, 0x63, 0xFF, 0x00, 0x00, 0xFF, 0x62,
  0x08, 0xFF, 0x82, 0x08, 0xFF, 0x82, 0x08, 0xFF, 0x82, 0x08, 0xFF, 0x82, 0x08, 0xFF, 0x82, 0x08,
  0xFF, 0x82, 0x08, 0xFF, 0x82, 0x08, 0xFF, 0x82, 0x08, 0xFF, 0x82, 0x08, 0xFF, 0x82, 0x08, 0xFF,
  0x82, 0x08, 0xFF, 0x82, 0x08, 0xFF, 0x82, 0x08, 0xFF, 0x82, 0x08, 0xFF, 0x82, 0x08, 0xFF, 0x82,
  0x08, 0xFF, 0x82, 0x08, 0xFF, 0x82, 0x08, 0xFF, 0x82, 0x08, 0xFF, 0x82, 0x08, 0xFF, 0x82, 0x08,
  0xFF, 0x82, 0x08, 0xFF, 0x82, 0x08, 0xFF, 0x82, 0x08, 0xFF, 0x82, 0x08, 0xFF, 0x82, 0x08, 0xFF,
  0x82, 0x08, 0xFF, 0x82, 0x08, 0xFF, 0x82, 0x08, 0xFF, 0x82, 0x08, 0xFF, 0x82, 0x08, 0xFF, 0x82,
  0x10, 0xFF, 0x82, 0x10, 0xFF, 0x82, 0x10, 0xFF, 0x82, 0x10, 0xFF, 0x82, 0x08, 0xFF, 0x62, 0x08,
  0xFF, 0x82, 0x08, 0xFF, 0x62, 0x08, 0xFF, 0x62, 0x08, 0xFF, 0x61, 0x08, 0xFF, 0x61, 0x08, 0xFF,
  0x61, 0x08, 0xFF, 0x61, 0x08, 0xFF, 0x62, 0x08, 0xFF, 0x61, 0x08, 0xFF, 0x61, 0x08, 0xFF, 0x20,
  0x00, 0xFF, 0xA2, 0x10, 0xFF, 0x86, 0x29, 0xFF, 0x66, 0x29, 0xFF, 0x45, 0x21, 0xFF, 0xC3, 0x18,
  0xFF, 0xE3, 0x18, 0xFF, 0xE3, 0x18, 0xFF, 0xE3, 0x18, 0xFF, 0x04, 0x21, 0xFF, 0x04, 0x21, 0xFF,
  0x04, 0x21, 0xFF, 0x45, 0x29, 0xFF, 0x24, 0x21, 0xFF, 0x45, 0x21, 0xFF, 0x45, 0x29, 0xFF, 0x45,
  0x29, 0xFF, 0x45, 0x21, 0xFF, 0x45, 0x29, 0xFF, 0x66, 0x29, 0xFF, 0x66, 0x29, 0xFF, 0x45, 0x29,
  0xFF, 0x25, 0x21, 0xFF, 0x45, 0x29, 0xFF, 0x45, 0x29, 0xFF, 0x45, 0x29, 0xFF, 0xA2, 0x10, 0xFF,
  0x41, 0x08, 0xFF, 0x82, 0x08, 0xFF, 0x82, 0x08, 0xFF, 0x82, 0x08, 0xFF, 0x82, 0x08, 0xFF, 0x62,
  0x08, 0xFF, 0x62, 0x08, 0xFF, 0x62, 0x08, 0xFF, 0x62, 0x08, 0xFF, 0x61, 0x08, 0xFF, 0x00, 0x00,
  0xFF, 0xAF, 0x73, 0xFF, 0xD8, 0xB5, 0xFF, 0xF4, 0x9C, 0xFF, 0x15, 0x9D, 0xFF, 0xD8, 0xB5, 0xFF,
  0x6A, 0x4A, 0xFF, 0x66, 0x29, 0xFF, 0x11, 0x7C, 0xFF, 0x8F, 0x6B, 0xFF, 0x6E, 0x63, 0xFF, 0x2D,
  0x63, 0xFF, 0xAF, 0x6B, 0xFF, 0xE8, 0x39, 0xFF, 0x65, 0x29, 0x8F, 0x6E, 0x6B, 0x12, 0xC7, 0x31,
  0x8C, 0x28, 0x42, 0xC9, 0x29, 0x42, 0xE4, 0xC7, 0x31, 0xF9, 0x08, 0x3A, 0xFF, 0x86, 0x29, 0xFF,
  0x00, 0x00, 0xFF, 0xAF, 0x73, 0xFF, 0xD8, 0xB5, 0xFF, 0x14, 0x9D, 0xFF, 0xF4, 0x9C, 0xFF, 0x97,
  0xAD, 0xFF, 0x92, 0x8C, 0xFF, 0x00, 0x00, 0xFF, 0x00, 0x00, 0xFF, 0x82, 0x10, 0xFF, 0x82, 0x10,
  0xFF, 0x82, 0x10, 0xFF, 0x82, 0x08, 0xFF, 0x82, 0x08, 0xFF, 0x82, 0x08, 0xFF, 0x82, 0x08, 0xFF,
  0x82, 0x08, 0xFF, 0x82, 0x08, 0xFF, 0x82, 0x08, 0xFF, 0x82, 0x08, 0xFF, 0x82, 0x08, 0xFF, 0x82,
  0x10, 0xFF, 0x82, 0x10, 0xFF, 0x82, 0x08, 0xFF, 0x82, 0x08, 0xFF, 0x82, 0x08, 0xFF, 0x82, 0x08,
  0xFF, 0x82, 0x08, 0xFF, 0x82, 0x08, 0xFF, 0x82, 0x08, 0xFF, 0x82, 0x08, 0xFF, 0x82, 0x08, 0xFF,
  0x82, 0x08, 0xFF, 0x82, 0x08, 0xFF, 0x82, 0x10, 0xFF, 0x82, 0x10, 0xFF, 0x82, 0x10, 0xFF, 0x82,
  0x10, 0xFF, 0x82, 0x10, 0xFF, 0x82, 0x10, 0xFF, 0x82, 0x10, 0xFF, 0x82, 0x10, 0xFF, 0x82, 0x10,
  0xFF, 0x82, 0x10, 0xFF, 0x61, 0x08, 0xFF, 0x61, 0x08, 0xFF, 0x82, 0x10, 0xFF, 0x82, 0x10, 0xFF,
  0x82, 0x10, 0xFF, 0x82, 0x08, 0xFF, 0x82, 0x10, 0xFF, 0x82, 0x08, 0xFF, 0x61, 0x08, 0xFF, 0x61,
  0x08, 0xFF, 0x41, 0x08, 0xFF, 0x00, 0x00, 0xFF, 0x41, 0x08, 0xFF, 0x04, 0x19, 0xFF, 0xA3, 0x10,
  0xFF, 0x61, 0x08, 0xFF, 0x61, 0x08, 0xFF, 0x20, 0x00, 0xFF, 0x20, 0x00, 0xFF, 0x20, 0x00, 0xFF,
  0x20, 0x00, 0xFF, 0x20, 0x00, 0xFF, 0x20, 0x00, 0xFF, 0x41, 0x08, 0xFF, 0x41, 0x08, 0xFF, 0x41,
  0x08, 0xFF, 0x41, 0x08, 0xFF, 0x61, 0x08, 0xFF, 0x61, 0x08, 0xFF, 0x61, 0x08, 0xFF, 0x82, 0x08,
  0xFF, 0x82, 0x10, 0xFF, 0x82, 0x10, 0xFF, 0x82, 0x10, 0xFF, 0xA2, 0x10, 0xFF, 0xA3, 0x10, 0xFF,
  0xC3, 0x18, 0xFF, 0xE3, 0x18, 0xFF, 0x82, 0x10, 0xFF, 0x41, 0x08, 0xFF, 0x82, 0x08, 0xFF, 0x62,
  0x08, 0xFF, 0x82, 0x08, 0xFF, 0x62, 0x08, 0xFF, 0x62, 0x08, 0xFF, 0x62, 0x08, 0xFF, 0x62, 0x08,
  0xFF, 0x41, 0x08, 0xFF, 0x00, 0x00, 0xFF, 0xC3, 0x18, 0xFF, 0x14, 0x9D, 0xFF, 0x56, 0xA5, 0xFF,
  0x14, 0x9D, 0xFF, 0x14, 0x9D, 0xFF, 0xD8, 0xB5, 0xFF, 0xCF, 0x73, 0xFF, 0x00, 0x00, 0xFF, 0xA7,
  0x31, 0xFF, 0x08, 0x3A, 0xF9, 0x08, 0x3A, 0xE9, 0x29, 0x42, 0xD8, 0x49, 0x42, 0xC8, 0x04, 0x21,
  0x78, 0xAA, 0x52, 0x0B, 0x6E, 0x6B, 0x00, 0x28, 0x42, 0x00, 0xCF, 0x73, 0x00, 0x8E, 0x73, 0x15,
  0x08, 0x42, 0x33, 0x04, 0x21, 0x44, 0x49, 0x4A, 0x59, 0x45, 0x29, 0xCD, 0x51, 0x84, 0xFF, 0xB7,
  0xB5, 0xFF, 0xF4, 0x9C, 0xFF, 0x14, 0x9D, 0xFF, 0x14, 0x9D, 0xFF, 0xD7, 0xB5, 0xFF, 0x6E, 0x6B,
  0xFF, 0x00, 0x00, 0xFF, 0x00, 0x00, 0xFF, 0x00, 0x00, 0xFF, 0x00, 0x00, 0xFF, 0x00, 0x00, 0xFF,
  0x00, 0x00, 0xFF, 0x00, 0x00, 0xFF, 0x00, 0x00, 0xFF, 0x00, 0x00, 0xFF, 0x00, 0x00, 0xFF, 0x00,
  0x00, 0xFF, 0x00, 0x00, 0xFF, 0x00, 0x00, 0xFF, 0x00, 0x00, 0xFF, 0x00, 0x00, 0xFF, 0x00, 0x00,
  0xFF, 0x00, 0x00, 0xFF, 0x00, 0x00, 0xFF, 0x00, 0x00, 0xFF, 0x00, 0x00, 0xFF, 0x00, 0x00, 0xFF,
  0x00, 0x00, 0xFF, 0x00, 0x00, 0xFF, 0x00, 0x00, 0xFF, 0x00, 0x00, 0xFF, 0x00, 0x00, 0xFF, 0x00,
  0x00, 0xFF, 0x00, 0x00, 0xFF, 0x00, 0x00, 0xFF, 0x00, 0x00, 0xFF, 0x00, 0x00, 0xFF, 0x00, 0x00,
  0xFF, 0x00, 0x00, 0xFF, 0x00, 0x00, 0xFF, 0x00, 0x00, 0xFF, 0x00, 0x00, 0xFF, 0x00, 0x00, 0xFF,
  0x00, 0x00, 0xFF, 0x00, 0x00, 0xFF, 0x00, 0x00, 0xFF, 0x00, 0x00, 0xFF, 0x00, 0x00, 0xFF, 0x00,
  0x00, 0xFF, 0x00, 0x00, 0xFF, 0x00, 0x00, 0xFF, 0x00, 0x00, 0xFF, 0x20, 0x00, 0xFF, 0xA2, 0x10,
  0xFF, 0xA2, 0x10, 0xFF, 0x00, 0x00, 0xFF, 0x00, 0x00, 0xFF, 0x00, 0x00, 0xFF, 0x00, 0x00, 0xFF,
  0x00, 0x00, 0xFF, 0x00, 0x00, 0xFF, 0x00, 0x00, 0xFF, 0x00, 0x00, 0xFF, 0x00, 0x00, 0xFF, 0x00,
  0x00, 0xFF, 0x00, 0x00, 0xFF, 0x00, 0x00, 0xFF, 0x00, 0x00, 0xFF, 0x00, 0x00, 0xFF, 0x00, 0x00,
  0xFF, 0x00, 0x00, 0xFF, 0x00, 0x00, 0xFF, 0x00, 0x00, 0xFF, 0x00, 0x00, 0xFF, 0x00, 0x00, 0xFF,
  0x00, 0x00, 0xFF, 0x00, 0x00, 0xFF, 0x00, 0x00, 0xFF, 0x00, 0x00, 0xFF, 0x00, 0x00, 0xFF, 0x00,
  0x00, 0xFF, 0x00, 0x00, 0xFF, 0x00, 0x00, 0xFF, 0x00, 0x00, 0xFF, 0x00, 0x00, 0xFF, 0x00, 0x00,
  0xFF, 0x00, 0x00, 0xFF, 0x00, 0x00, 0xFF, 0x00, 0x00, 0xFF, 0x00, 0x00, 0xFF, 0xC3, 0x18, 0xFF,
  0x72, 0x8C, 0xFF, 0xB7, 0xB5, 0xFF, 0xF4, 0x9C, 0xFF, 0x14, 0x9D, 0xFF, 0xF4, 0x9C, 0xFF, 0xB7,
  0xB5, 0xFF, 0x72, 0x8C, 0xFF, 0xA2, 0x10, 0xC8, 0x44, 0x21, 0x44, 0xE7, 0x39, 0x2C, 0xCB, 0x5A,
  0x1F, 0xF0, 0x7B, 0x06, 0xCF, 0x73, 0x00, 0x86, 0x31, 0x00, 0xAA, 0x52, 0x00, 0x6E, 0x6B, 0x00,
  0x28, 0x42, 0x00, 0x8E, 0x73, 0x00, 0x6D, 0x6B, 0x00, 0xE7, 0x39, 0x00, 0x08, 0x42, 0x00, 0x51,
  0x84, 0x00, 0x69, 0x4A, 0xA9, 0x72, 0x8C, 0xFF, 0xB7, 0xB5, 0xFF, 0xF4, 0x9C, 0xFF, 0x14, 0x9D,
  0xFF, 0x14, 0x9D, 0xFF, 0x35, 0xA5, 0xFF, 0xD8, 0xB5, 0xFF, 0x92, 0x8C, 0xFF, 0x0C, 0x63, 0xFF,
  0x0C, 0x63, 0xFF, 0x2D, 0x63, 0xFF, 0x2C, 0x63, 0xFF, 0xEB, 0x5A, 0xFF, 0xCB, 0x5A, 0xFF, 0xAB,
  0x52, 0xFF, 0x8A, 0x52, 0xFF, 0x6A, 0x4A, 0xFF, 0x69, 0x4A, 0xFF, 0x69, 0x4A, 0xFF, 0x49, 0x4A,
  0xFF, 0x49, 0x42, 0xFF, 0x29, 0x42, 0xFF, 0x28, 0x42, 0xFF, 0x08, 0x3A, 0xFF, 0x08, 0x3A, 0xFF,
  0xE7, 0x39, 0xFF, 0xE7, 0x39, 0xFF, 0xE8, 0x39, 0xFF, 0xE8, 0x39, 0xFF, 0xE7, 0x39, 0xFF, 0xE7,
  0x39, 0xFF, 0xE7, 0x39, 0xFF, 0xE7, 0x39, 0xFF, 0xE8, 0x39, 0xFF, 0xE8, 0x39, 0xFF, 0xE7, 0x39,
  0xFF, 0xE7, 0x39, 0xFF, 0xE7, 0x39, 0xFF, 0xC7, 0x39, 0xFF, 0xE7, 0x39, 0xFF, 0xE7, 0x39, 0xFF,
  0xE8, 0x39, 0xFF, 0xE8, 0x39, 0xFF, 0x08, 0x3A, 0xFF, 0xE8, 0x39, 0xFF, 0xE7, 0x39, 0xFF, 0xE7,
  0x39, 0xFF, 0xE7, 0x39, 0xFF, 0xE7, 0x39, 0xFF, 0xE7, 0x39, 0xFF, 0xC7, 0x39, 0xFF, 0x08, 0x42,
  0xFF, 0xC7, 0x39, 0xFF, 0x41, 0x08, 0xFF, 0x61, 0x08, 0xFF, 0x04, 0x19, 0xFF, 0x08, 0x42, 0xFF,
  0x08, 0x42, 0xFF, 0x28, 0x42, 0xFF, 0x08, 0x3A, 0xFF, 0x08, 0x3A, 0xFF, 0x08, 0x3A, 0xFF, 0xE8,
  0x39, 0xFF, 0xE8, 0x39, 0xFF, 0x08, 0x3A, 0xFF, 0x08, 0x42, 0xFF, 0x08, 0x3A, 0xFF, 0x08, 0x3A,
  0xFF, 0x08, 0x42, 0xFF, 0x28, 0x42, 0xFF, 0x28, 0x42, 0xFF, 0x28, 0x42, 0xFF, 0x49, 0x42, 0xFF,
  0x49, 0x4A, 0xFF, 0x49, 0x4A, 0xFF, 0x8A, 0x4A, 0xFF, 0xAA, 0x52, 0xFF, 0xCB, 0x52, 0xFF, 0xCB,
  0x52, 0xFF, 0xAA, 0x52, 0xFF, 0x0C, 0x5B, 0xFF, 0x2C, 0x63, 0xFF, 0x0C, 0x63, 0xFF, 0x2C, 0x63,
  0xFF, 0x2D, 0x63, 0xFF, 0x2D, 0x63, 0xFF, 0x4D, 0x63, 0xFF, 0x4D, 0x63, 0xFF, 0x4D, 0x63, 0xFF,
  0x4D, 0x6B, 0xFF, 0xF0, 0x7B, 0xFF, 0x55, 0xA5, 0xFF, 0xB7, 0xB5, 0xFF, 0xF4, 0x9C, 0xFF, 0x14,
  0x9D, 0xFF, 0x14, 0x9D, 0xFF, 0xF4, 0x9C, 0xFF, 0xB7, 0xB5, 0xFF, 0xB3, 0x94, 0xFF, 0xE3, 0x18,
  0xAD, 0x86, 0x29, 0x00, 0x49, 0x4A, 0x00, 0xCB, 0x52, 0x00, 0xCF, 0x73, 0x00, 0xAE, 0x73, 0x00,
  0x86, 0x31, 0x00, 0x8A, 0x52, 0x00, 0x6E, 0x6B, 0x00, 0x28, 0x42, 0x00, 0x8E, 0x73, 0x00, 0x2C,
  0x63, 0x00, 0x8E, 0x6B, 0x00, 0x96, 0xAD, 0x00, 0xD3, 0x94, 0x05, 0x08, 0x42, 0xD0, 0xB3, 0x94,
  0xFF, 0x35, 0xA5, 0xFF, 0xF4, 0x9C, 0xFF, 0xF4, 0x9C, 0xFF, 0x14, 0x9D, 0xFF, 0xF4, 0x9C, 0xFF,
  0x14, 0x9D, 0xFF, 0x97, 0xAD, 0xFF, 0xF8, 0xBD, 0xFF, 0xF8, 0xBD, 0xFF, 0xF8, 0xBD, 0xFF, 0xF8,
  0xBD, 0xFF, 0xD8, 0xB5, 0xFF, 0xD8, 0xB5, 0xFF, 0xD7, 0xB5, 0xFF, 0xD7, 0xB5, 0xFF, 0xD7, 0xB5,
  0xFF, 0xD7, 0xB5, 0xFF, 0xD7, 0xB5, 0xFF, 0xD7, 0xB5, 0xFF, 0xD7, 0xB5, 0xFF, 0xB7, 0xB5, 0xFF,
  0xB7, 0xB5, 0xFF, 0xB7, 0xB5, 0xFF, 0xB7, 0xB5, 0xFF, 0x97, 0xB5, 0xFF, 0xB7, 0xB5, 0xFF, 0xB7,
  0xB5, 0xFF, 0xB7, 0xB5, 0xFF, 0xB7, 0xB5, 0xFF, 0xB7, 0xB5, 0xFF, 0xB7, 0xB5, 0xFF, 0xB7, 0xB5,
  0xFF, 0xB7, 0xB5, 0xFF, 0xB7, 0xB5, 0xFF, 0xB7, 0xB5, 0xFF, 0xB7, 0xB5, 0xFF, 0xB7, 0xB5, 0xFF,
  0xB7, 0xB5, 0xFF, 0xB7, 0xB5, 0xFF, 0xB7, 0xB5, 0xFF, 0xB7, 0xB5, 0xFF, 0x96, 0xAD, 0xFF, 0x96,
  0xB5, 0xFF, 0xB7, 0xB5, 0xFF, 0x97, 0xB5, 0xFF, 0x96, 0xAD, 0xFF, 0xB7, 0xB5, 0xFF, 0xD7, 0xB5,
  0xFF, 0xB7, 0xB5, 0xFF, 0xB7, 0xB5, 0xFF, 0x9A, 0xCE, 0xFF, 0xAE, 0x73, 0xFF, 0x00, 0x00, 0xFF,
  0x00, 0x00, 0xFF, 0x92, 0x94, 0xFF, 0x5A, 0xC6, 0xFF, 0xB7, 0xB5, 0xFF, 0xB7, 0xB5, 0xFF, 0xB7,
  0xB5, 0xFF, 0xB7, 0xB5, 0xFF, 0xB7, 0xB5, 0xFF, 0xB7, 0xB5, 0xFF, 0xB7, 0xB5, 0xFF, 0xB7, 0xB5,
  0xFF, 0xB7, 0xB5, 0xFF, 0xB7, 0xB5, 0xFF, 0xB7, 0xB5, 0xFF, 0xB7, 0xB5, 0xFF, 0xB7, 0xB5, 0xFF,
  0xB7, 0xB5, 0xFF, 0xB7, 0xB5, 0xFF, 0xD7, 0xB5, 0xFF, 0xD7, 0xB5, 0xFF, 0xD7, 0xB5, 0xFF, 0xD7,
  0xB5, 0xFF, 0xD7, 0xB5, 0xFF, 0xD8, 0xB5, 0xFF, 0xD8, 0xB5, 0xFF, 0xD7, 0xB5, 0xFF, 0xD8, 0xB5,
  0xFF, 0xF8, 0xBD, 0xFF, 0xF8, 0xBD, 0xFF, 0xF8, 0xBD, 0xFF, 0xF8, 0xBD, 0xFF, 0xF8, 0xBD, 0xFF,
  0xF8, 0xBD, 0xFF, 0xF8, 0xB5, 0xFF, 0xD8, 0xB5, 0xFF, 0xD8, 0xB5, 0xFF, 0xB7, 0xB5, 0xFF, 0x55,
  0xA5, 0xFF, 0x14, 0x9D, 0xFF, 0x14, 0x9D, 0xFF, 0x14, 0x9D, 0xFF, 0x14, 0x9D, 0xFF, 0xF4, 0x9C,
  0xFF, 0x96, 0xAD, 0xFF, 0xD3, 0x94, 0xFF, 0x45, 0x29, 0xDF, 0xEC, 0x5A, 0x0A, 0x6E, 0x6B, 0x00,
  0x2C, 0x63, 0x00, 0xCF, 0x73, 0x00, 0xAE, 0x73, 0x00, 0x66, 0x31, 0x00, 0x8A, 0x52, 0x00, 0x6E,
  0x6B, 0x00, 0x08, 0x3A, 0x00, 0x6E, 0x6B, 0x00, 0x10, 0x84, 0x00, 0xF4, 0x9C, 0x00, 0xF4, 0x9C,
  0x00, 0x30, 0x84, 0x16, 0x8A, 0x52, 0xED, 0x35, 0xA5, 0xFF, 0x35, 0xA5, 0xFF, 0x14, 0x9D, 0xFF,
  0x14, 0x9D, 0xFF, 0x14, 0x9D, 0xFF, 0x14, 0x9D, 0xFF, 0x14, 0x9D, 0xFF, 0x14, 0x9D, 0xFF, 0xF4,
  0x9C, 0xFF, 0xF4, 0x9C, 0xFF, 0xF4, 0x9C, 0xFF, 0xF4, 0x9C, 0xFF, 0xF4, 0x9C, 0xFF, 0xF4, 0x9C,
  0xFF, 0xF4, 0x9C, 0xFF, 0xF4, 0x9C, 0xFF, 0xF4, 0x9C, 0xFF, 0x14, 0x9D, 0xFF, 0xF4, 0x9C, 0xFF,
  0x14, 0x9D, 0xFF, 0x14, 0x9D, 0xFF, 0x14, 0x9D, 0xFF, 0x14, 0x9D, 0xFF, 0x14, 0x9D, 0xFF, 0x14,
  0x9D, 0xFF, 0x14, 0x9D, 0xFF, 0x14, 0x9D, 0xFF, 0x14, 0x9D, 0xFF, 0x14, 0x9D, 0xFF, 0x14, 0x9D,
  0xFF, 0x14, 0x9D, 0xFF, 0x14, 0x9D, 0xFF, 0x14, 0x9D, 0xFF, 0x14, 0x9D, 0xFF, 0x14, 0x9D, 0xFF,
  0x14, 0x9D, 0xFF, 0x14, 0x9D, 0xFF, 0x14, 0x9D, 0xFF, 0x14, 0x9D, 0xFF, 0x14, 0x9D, 0xFF, 0x14,
  0x9D, 0xFF, 0x14, 0x9D, 0xFF, 0x14, 0x9D, 0xFF, 0x14, 0x9D, 0xFF, 0x14, 0x9D, 0xFF, 0xF4, 0x9C,
  0xFF, 0x35, 0xA5, 0xFF, 0x56, 0xA5, 0xFF, 0x14, 0x9D, 0xFF, 0x14, 0x9D, 0xFF, 0x14, 0x9D, 0xFF,
  0xF8, 0xBD, 0xFF, 0xCF, 0x73, 0xFF, 0x41, 0x08, 0xFF, 0x2C, 0x63, 0xFF, 0xF8, 0xBD, 0xFF, 0x14,
  0x9D, 0xFF, 0x14, 0x9D, 0xFF, 0x14, 0x9D, 0xFF, 0x14, 0x9D, 0xFF, 0x14, 0x9D, 0xFF, 0x14, 0x9D,
  0xFF, 0x14, 0x9D, 0xFF, 0x14, 0x9D, 0xFF, 0x14, 0x9D, 0xFF, 0x14, 0x9D, 0xFF, 0x14, 0x9D, 0xFF,
  0x14, 0x9D, 0xFF, 0x14, 0x9D, 0xFF, 0x14, 0x9D, 0xFF, 0x14, 0x9D, 0xFF, 0x14, 0x9D, 0xFF, 0x14,
  0x9D, 0xFF, 0x14, 0x9D, 0xFF, 0x14, 0x9D, 0xFF, 0xF4, 0x9C, 0xFF, 0xF4, 0x9C, 0xFF, 0xF4, 0x9C,
  0xFF, 0xF4, 0x9C, 0xFF, 0xF4, 0x9C, 0xFF, 0xF4, 0x9C, 0xFF, 0xF4, 0x9C, 0xFF, 0xF4, 0x9C, 0xFF,
  0xF4, 0x9C, 0xFF, 0xF4, 0x9C, 0xFF, 0xF4, 0x9C, 0xFF, 0xF4, 0x9C, 0xFF, 0xF4, 0x9C, 0xFF, 0xF4,
  0x9C, 0xFF, 0xF4, 0x9C, 0xFF, 0xF4, 0x9C, 0xFF, 0x14, 0x9D, 0xFF, 0x14, 0x9D, 0xFF, 0x14, 0x9D,
  0xFF, 0x14, 0x9D, 0xFF, 0x14, 0x9D, 0xFF, 0x14, 0x9D, 0xFF, 0x35, 0xA5, 0xFF, 0x56, 0xA5, 0xFF,
  0x86, 0x31, 0xF7, 0x2D, 0x63, 0x29, 0x10, 0x7C, 0x00, 0xF0, 0x7B, 0x00, 0xF0, 0x7B, 0x00, 0xEF,
  0x7B, 0x00, 0x86, 0x31, 0x00, 0x8A, 0x52, 0x00, 0x6E, 0x6B, 0x00, 0xAA, 0x52, 0x00, 0x6E, 0x6B,
  0x00, 0xEF, 0x7B, 0x00, 0xAF, 0x73, 0x00, 0xAF, 0x73, 0x00, 0x0C, 0x5B, 0x33, 0xEC, 0x5A, 0xFA,
  0x97, 0xAD, 0xFF, 0x14, 0x9D, 0xFF, 0x14, 0x9D, 0xFF, 0x14, 0x9D, 0xFF, 0x14, 0x9D, 0xFF, 0x14,
  0x9D, 0xFF, 0x14, 0x9D, 0xFF, 0x14, 0x9D, 0xFF, 0x14, 0x9D, 0xFF, 0x14, 0x9D, 0xFF, 0x14, 0x9D,
  0xFF, 0x14, 0x9D, 0xFF, 0x14, 0x9D, 0xFF, 0x14, 0x9D, 0xFF, 0x14, 0x9D, 0xFF, 0x14, 0x9D, 0xFF,
  0x14, 0x9D, 0xFF, 0x14, 0x9D, 0xFF, 0x14, 0x9D, 0xFF, 0x14, 0x9D, 0xFF, 0x14, 0x9D, 0xFF, 0x14,
  0x9D, 0xFF, 0x14, 0x9D, 0xFF, 0x14, 0x9D, 0xFF, 0x14, 0x9D, 0xFF, 0x14, 0x9D, 0xFF, 0x14, 0x9D,
  0xFF, 0x14, 0x9D, 0xFF, 0x14, 0x9D, 0xFF, 0x14, 0x9D, 0xFF, 0x14, 0x9D, 0xFF, 0x14, 0x9D, 0xFF,
  0x14, 0x9D, 0xFF, 0x14, 0x9D, 0xFF, 0x14, 0x9D, 0xFF, 0x14, 0x9D, 0xFF, 0x14, 0x9D, 0xFF, 0x14,
  0x9D, 0xFF, 0x14, 0x9D, 0xFF, 0x14, 0x9D, 0xFF, 0x14, 0x9D, 0xFF, 0x14, 0x9D, 0xFF, 0x14, 0x9D,
  0xFF, 0x14, 0x9D, 0xFF, 0xF4, 0x9C, 0xFF, 0x55, 0xA5, 0xFF, 0x55, 0xA5, 0xFF, 0xAF, 0x73, 0xFF,
  0x8E, 0x73, 0xFF, 0x92, 0x8C, 0xFF, 0x8E, 0x73, 0xFF, 0xCF, 0x73, 0xFF, 0xB7, 0xAD, 0xFF, 0x96,
  0xAD, 0xFF, 0x76, 0xAD, 0xFF, 0x15, 0x9D, 0xFF, 0xF4, 0x9C, 0xFF, 0x14, 0x9D, 0xFF, 0x14, 0x9D,
  0xFF, 0x14, 0x9D, 0xFF, 0x14, 0x9D, 0xFF, 0x14, 0x9D, 0xFF, 0x14, 0x9D, 0xFF, 0x14, 0x9D, 0xFF,
  0x14, 0x9D, 0xFF, 0x14, 0x9D, 0xFF, 0x14, 0x9D, 0xFF, 0x14, 0x9D, 0xFF, 0x14, 0x9D, 0xFF, 0x14,
  0x9D, 0xFF, 0x14, 0x9D, 0xFF, 0x14, 0x9D, 0xFF, 0x14, 0x9D, 0xFF, 0x14, 0x9D, 0xFF, 0x14, 0x9D,
  0xFF, 0x14, 0x9D, 0xFF, 0x14, 0x9D, 0xFF, 0x14, 0x9D, 0xFF, 0x14, 0x9D, 0xFF, 0x14, 0x9D, 0xFF,
  0x14, 0x9D, 0xFF, 0x14, 0x9D, 0xFF, 0x14, 0x9D, 0xFF, 0x14, 0x9D, 0xFF, 0x14, 0x9D, 0xFF, 0x14,
  0x9D, 0xFF, 0x14, 0x9D, 0xFF, 0x14, 0x9D, 0xFF, 0x14, 0x9D, 0xFF, 0x14, 0x9D, 0xFF, 0x14, 0x9D,
  0xFF, 0x14, 0x9D, 0xFF, 0x14, 0x9D, 0xFF, 0x14, 0x9D, 0xFF, 0x14, 0x9D, 0xFF, 0x14, 0x9D, 0xFF,
  0x14, 0x9D, 0xFF, 0x35, 0x9D, 0xFF, 0x96, 0xAD, 0xFF, 0xE7, 0x39, 0xFF, 0x86, 0x29, 0x4E, 0x29,
  0x42, 0x00, 0x29, 0x42, 0x00, 0x29, 0x42, 0x00, 0x6A, 0x4A, 0x00, 0x86, 0x29, 0x00, 0xCA, 0x5A,
  0x00, 0xEB, 0x5A, 0x00, 0x0C, 0x63, 0x00, 0xEB, 0x5A, 0x00, 0xCB, 0x5A, 0x00, 0xCB, 0x5A, 0x00,
  0xCB, 0x5A, 0x00, 0x49, 0x4A, 0x53, 0x2D, 0x63, 0xFF, 0xB7, 0xB5, 0xFF, 0xF4, 0x9C, 0xFF, 0x14,
  0x9D, 0xFF, 0x14, 0x9D, 0xFF, 0x14, 0x9D, 0xFF, 0x14, 0x9D, 0xFF, 0x14, 0x9D, 0xFF, 0x14, 0x9D,
  0xFF, 0x14, 0x9D, 0xFF, 0x14, 0x9D, 0xFF, 0x14, 0x9D, 0xFF, 0x14, 0x9D, 0xFF, 0x14, 0x9D, 0xFF,
  0x14, 0x9D, 0xFF, 0x14, 0x9D, 0xFF, 0x14, 0x9D, 0xFF, 0x14, 0x9D, 0xFF, 0x14, 0x9D, 0xFF, 0x14,
  0x9D, 0xFF, 0x14, 0x9D, 0xFF, 0x14, 0x9D, 0xFF, 0x14, 0x9D, 0xFF, 0x14, 0x9D, 0xFF, 0x14, 0x9D,
  0xFF, 0x14, 0x9D, 0xFF, 0x14, 0x9D, 0xFF, 0x14, 0x9D, 0xFF, 0x14, 0x9D, 0xFF, 0x14, 0x9D, 0xFF,
  0x14, 0x9D, 0xFF, 0x14, 0x9D, 0xFF, 0x14, 0x9D, 0xFF, 0x14, 0x9D, 0xFF, 0x14, 0x9D, 0xFF, 0x14,
  0x9D, 0xFF, 0x14, 0x9D, 0xFF, 0x14, 0x9D, 0xFF, 0x14, 0x9D, 0xFF, 0x14, 0x9D, 0xFF, 0x14, 0x9D,
  0xFF, 0x14, 0x9D, 0xFF, 0x14, 0x9D, 0xFF, 0x14, 0x9D, 0xFF, 0x14, 0x9D, 0xFF, 0x35, 0xA5, 0xFF,
  0x14, 0x9D, 0xFF, 0x0C, 0x5B, 0xFF, 0xB3, 0x94, 0xFF, 0xCF, 0x7B, 0xFF, 0x82, 0x08, 0xFF, 0xB3,
  0x94, 0xFF, 0x31, 0x84, 0xFF, 0x4D, 0x63, 0xFF, 0x76, 0xAD, 0xFF, 0x35, 0xA5, 0xFF, 0x14, 0x9D,
  0xFF, 0x14, 0x9D, 0xFF, 0x14, 0x9D, 0xFF, 0x14, 0x9D, 0xFF, 0x14, 0x9D, 0xFF, 0x14, 0x9D, 0xFF,
  0x14, 0x9D, 0xFF, 0x14, 0x9D, 0xFF, 0x14, 0x9D, 0xFF, 0x14, 0x9D, 0xFF, 0x14, 0x9D, 0xFF, 0x14,
  0x9D, 0xFF, 0x14, 0x9D, 0xFF, 0x14, 0x9D, 0xFF, 0x14, 0x9D, 0xFF, 0x14, 0x9D, 0xFF, 0x14, 0x9D,
  0xFF, 0x14, 0x9D, 0xFF, 0x14, 0x9D, 0xFF, 0x14, 0x9D, 0xFF, 0x14, 0x9D, 0xFF, 0x14, 0x9D, 0xFF,
  0x14, 0x9D, 0xFF, 0x14, 0x9D, 0xFF, 0x14, 0x9D, 0xFF, 0x14, 0x9D, 0xFF, 0x14, 0x9D, 0xFF, 0x14,
  0x9D, 0xFF, 0x14, 0x9D, 0xFF, 0x14, 0x9D, 0xFF, 0x14, 0x9D, 0xFF, 0x14, 0x9D, 0xFF, 0x14, 0x9D,
  0xFF, 0x14, 0x9D, 0xFF, 0x14, 0x9D, 0xFF, 0x14, 0x9D, 0xFF, 0x14, 0x9D, 0xFF, 0x14, 0x9D, 0xFF,
  0x14, 0x9D, 0xFF, 0x14, 0x9D, 0xFF, 0x14, 0x9D, 0xFF, 0x14, 0x9D, 0xFF, 0xF4, 0x9C, 0xFF, 0xF8,
  0xB5, 0xFF, 0x6A, 0x4A, 0xFF, 0xC3, 0x18, 0x67, 0x04, 0x21, 0x00, 0x04, 0x21, 0x00, 0x04, 0x21,
  0x00, 0xE4, 0x18, 0x00, 0x45, 0x29, 0x00, 0xA7, 0x31, 0x00, 0x08, 0x42, 0x00, 0x08, 0x42, 0x00,
  0x08, 0x42, 0x00, 0x08, 0x42, 0x00, 0x08, 0x42, 0x00, 0x08, 0x42, 0x00, 0xA7, 0x31, 0x72, 0x8E,
  0x73, 0xFF, 0xD7, 0xB5, 0xFF, 0xF4, 0x9C, 0xFF, 0x14, 0x9D, 0xFF, 0x14, 0x9D, 0xFF, 0x14, 0x9D,
  0xFF, 0x14, 0x9D, 0xFF, 0x14, 0x9D, 0xFF, 0x14, 0x9D, 0xFF, 0x14, 0x9D, 0xFF, 0x14, 0x9D, 0xFF,
  0x14, 0x9D, 0xFF, 0x14, 0x9D, 0xFF, 0x14, 0x9D, 0xFF, 0x14, 0x9D, 0xFF, 0x14, 0x9D, 0xFF, 0x14,
  0x9D, 0xFF, 0x14, 0x9D, 0xFF, 0x14, 0x9D, 0xFF, 0x14, 0x9D, 0xFF, 0x14, 0x9D, 0xFF, 0x14, 0x9D,
  0xFF, 0x14, 0x9D, 0xFF, 0x14, 0x9D, 0xFF, 0x14, 0x9D, 0xFF, 0x14, 0x9D, 0xFF, 0x14, 0x9D, 0xFF,
  0x14, 0x9D, 0xFF, 0x14, 0x9D, 0xFF, 0x14, 0x9D, 0xFF, 0x14, 0x9D, 0xFF, 0x14, 0x9D, 0xFF, 0x14,
  0x9D, 0xFF, 0x14, 0x9D, 0xFF, 0x14, 0x9D, 0xFF, 0x14, 0x9D, 0xFF, 0x14, 0x9D, 0xFF, 0x14, 0x9D,
  0xFF, 0x14, 0x9D, 0xFF, 0x14, 0x9D, 0xFF, 0x14, 0x9D, 0xFF, 0x14, 0x9D, 0xFF, 0x14, 0x9D, 0xFF,
  0x14, 0x9D, 0xFF, 0xF4, 0x9C, 0xFF, 0x76, 0xAD, 0xFF, 0x51, 0x8C, 0xFF, 0x4D, 0x63, 0xFF, 0x86,
  0x29, 0xFF, 0x6E, 0x6B, 0xFF, 0x08, 0x42, 0xFF, 0xAA, 0x52, 0xFF, 0x08, 0x42, 0xFF, 0xD0, 0x7B,
  0xFF, 0x31, 0x84, 0xFF, 0x76, 0xAD, 0xFF, 0xF4, 0x9C, 0xFF, 0x14, 0x9D, 0xFF, 0x14, 0x9D, 0xFF,
  0x14, 0x9D, 0xFF, 0x14, 0x9D, 0xFF, 0x14, 0x9D, 0xFF, 0x14, 0x9D, 0xFF, 0x14, 0x9D, 0xFF, 0x14,
  0x9D, 0xFF, 0x14, 0x9D, 0xFF, 0x14, 0x9D, 0xFF, 0x14, 0x9D, 0xFF, 0x14, 0x9D, 0xFF, 0x14, 0x9D,
  0xFF, 0x14, 0x9D, 0xFF, 0x14, 0x9D, 0xFF, 0x14, 0x9D, 0xFF, 0x14, 0x9D, 0xFF, 0x14, 0x9D, 0xFF,
  0x14, 0x9D, 0xFF, 0x14, 0x9D, 0xFF, 0x14, 0x9D, 0xFF, 0x14, 0x9D, 0xFF, 0x14, 0x9D, 0xFF, 0x14,
  0x9D, 0xFF, 0x14, 0x9D, 0xFF, 0x14, 0x9D, 0xFF, 0x14, 0x9D, 0xFF, 0x14, 0x9D, 0xFF, 0x14, 0x9D,
  0xFF, 0x14, 0x9D, 0xFF, 0x14, 0x9D, 0xFF, 0x14, 0x9D, 0xFF, 0x14, 0x9D, 0xFF, 0x14, 0x9D, 0xFF,
  0x14, 0x9D, 0xFF, 0x14, 0x9D, 0xFF, 0x14, 0x9D, 0xFF, 0x14, 0x9D, 0xFF, 0x14, 0x9D, 0xFF, 0x14,
  0x9D, 0xFF, 0x14, 0x9D, 0xFF, 0xF4, 0x9C, 0xFF, 0xD8, 0xB5, 0xFF, 0xCB, 0x5A, 0xFF, 0x24, 0x21,
  0x89, 0xEB, 0x5A, 0x00, 0xAB, 0x52, 0x00, 0xAB, 0x52, 0x00, 0xAB, 0x52, 0x00, 0xAB, 0x52, 0x00,
  0x8A, 0x4A, 0x00, 0xA6, 0x31, 0x00, 0xA6, 0x31, 0x00, 0xA6, 0x31, 0x00, 0xA6, 0x31, 0x00, 0xA6,
  0x31, 0x00, 0x86, 0x31, 0x00, 0x65, 0x29, 0x8D, 0xF0, 0x7B, 0xFF, 0xB7, 0xAD, 0xFF, 0xF4, 0x9C,
  0xFF, 0x14, 0x9D, 0xFF, 0x14, 0x9D, 0xFF, 0x14, 0x9D, 0xFF, 0x14, 0x9D, 0xFF, 0x14, 0x9D, 0xFF,
  0x14, 0x9D, 0xFF, 0x14, 0x9D, 0xFF, 0x14, 0x9D, 0xFF, 0x14, 0x9D, 0xFF, 0x14, 0x9D, 0xFF, 0x14,
  0x9D, 0xFF, 0x14, 0x9D, 0xFF, 0x14, 0x9D, 0xFF, 0x14, 0x9D, 0xFF, 0x14, 0x9D, 0xFF, 0x14, 0x9D,
  0xFF, 0x14, 0x9D, 0xFF, 0x14, 0x9D, 0xFF, 0x14, 0x9D, 0xFF, 0x14, 0x9D, 0xFF, 0x14, 0x9D, 0xFF,
  0x14, 0x9D, 0xFF, 0x14, 0x9D, 0xFF, 0x14, 0x9D, 0xFF, 0x14, 0x9D, 0xFF, 0x14, 0x9D, 0xFF, 0x14,
  0x9D, 0xFF, 0x14, 0x9D, 0xFF, 0x14, 0x9D, 0xFF, 0x14, 0x9D, 0xFF, 0x14, 0x9D, 0xFF, 0x14, 0x9D,
  0xFF, 0x14, 0x9D, 0xFF, 0x14, 0x9D, 0xFF, 0x14, 0x9D, 0xFF, 0x14, 0x9D, 0xFF, 0x14, 0x9D, 0xFF,
  0x14, 0x9D, 0xFF, 0x14, 0x9D, 0xFF, 0x14, 0x9D, 0xFF, 0x14, 0x9D, 0xFF, 0x35, 0xA5, 0xFF, 0xF4,
  0x9C, 0xFF, 0xCF, 0x73, 0xFF, 0x14, 0x9D, 0xFF, 0x82, 0x10, 0xFF, 0x65, 0x29, 0xFF, 0xD8, 0xBD,
  0xFF, 0x41, 0x08, 0xFF, 0x66, 0x29, 0xFF, 0x55, 0xA5, 0xFF, 0xF0, 0x7B, 0xFF, 0x35, 0xA5, 0xFF,
  0x14, 0x9D, 0xFF, 0x14, 0x9D, 0xFF, 0x14, 0x9D, 0xFF, 0x14, 0x9D, 0xFF, 0x14, 0x9D, 0xFF, 0x14,
  0x9D, 0xFF, 0x14, 0x9D, 0xFF, 0x14, 0x9D, 0xFF, 0x14, 0x9D, 0xFF, 0x14, 0x9D, 0xFF, 0x14, 0x9D,
  0xFF, 0x14, 0x9D, 0xFF, 0x14, 0x9D, 0xFF, 0x14, 0x9D, 0xFF, 0x14, 0x9D, 0xFF, 0x14, 0x9D, 0xFF,
  0x14, 0x9D, 0xFF, 0x14, 0x9D, 0xFF, 0x14, 0x9D, 0xFF, 0x14, 0x9D, 0xFF, 0x14, 0x9D, 0xFF, 0x14,
  0x9D, 0xFF, 0x14, 0x9D, 0xFF, 0x14, 0x9D, 0xFF, 0x14, 0x9D, 0xFF, 0x14, 0x9D, 0xFF, 0x14, 0x9D,
  0xFF, 0x14, 0x9D, 0xFF, 0x14, 0x9D, 0xFF, 0x14, 0x9D, 0xFF, 0x14, 0x9D, 0xFF, 0x14, 0x9D, 0xFF,
  0x14, 0x9D, 0xFF, 0x14, 0x9D, 0xFF, 0x14, 0x9D, 0xFF, 0x14, 0x9D, 0xFF, 0x14, 0x9D, 0xFF, 0x14,
  0x9D, 0xFF, 0x14, 0x9D, 0xFF, 0x14, 0x9D, 0xFF, 0x14, 0x9D, 0xFF, 0x14, 0x9D, 0xFF, 0xF4, 0x9C,
  0xFF, 0xD8, 0xB5, 0xFF, 0xEB, 0x5A, 0xFF, 0x08, 0x3A, 0x9E, 0xFC, 0xDE, 0x00, 0x59, 0xC6, 0x00,
  0x59, 0xC6, 0x00, 0x59, 0xC6, 0x00, 0x59, 0xC6, 0x00, 0x59, 0xC6, 0x00, 0x31, 0x84, 0x00, 0x31,
  0x84, 0x00, 0x31, 0x84, 0x00, 0x31, 0x84, 0x00, 0x31, 0x84, 0x00, 0x71, 0x8C, 0x00, 0x69, 0x4A,
  0x9B, 0x10, 0x7C, 0xFF, 0x76, 0xAD, 0xFF, 0x14, 0x9D, 0xFF, 0x14, 0x9D, 0xFF, 0x14, 0x9D, 0xFF,
  0x14, 0x9D, 0xFF, 0x14, 0x9D, 0xFF, 0x14, 0x9D, 0xFF, 0x14, 0x9D, 0xFF, 0x14, 0x9D, 0xFF, 0x14,
  0x9D, 0xFF, 0x14, 0x9D, 0xFF, 0x14, 0x9D, 0xFF, 0x14, 0x9D, 0xFF, 0x14, 0x9D, 0xFF, 0x14, 0x9D,
  0xFF, 0x14, 0x9D, 0xFF, 0x14, 0x9D, 0xFF, 0x14, 0x9D, 0xFF, 0x14, 0x9D, 0xFF, 0x14, 0x9D, 0xFF,
  0x14, 0x9D, 0xFF, 0x14, 0x9D, 0xFF, 0x14, 0x9D, 0xFF, 0x14, 0x9D, 0xFF, 0x14, 0x9D, 0xFF, 0x14,
  0x9D, 0xFF, 0x14, 0x9D, 0xFF, 0x14, 0x9D, 0xFF, 0x14, 0x9D, 0xFF, 0x14, 0x9D, 0xFF, 0x14, 0x9D,
  0xFF, 0x14, 0x9D, 0xFF, 0x14, 0x9D, 0xFF, 0x14, 0x9D, 0xFF, 0x14, 0x9D, 0xFF, 0x14, 0x9D, 0xFF,
  0x14, 0x9D, 0xFF, 0x14, 0x9D, 0xFF, 0x14, 0x9D, 0xFF, 0x14, 0x9D, 0xFF, 0x14, 0x9D, 0xFF, 0x14,
  0x9D, 0xFF, 0x14, 0x9D, 0xFF, 0x76, 0xAD, 0xFF, 0xF4, 0x9C, 0xFF, 0xAB, 0x52, 0xFF, 0xC7, 0x39,
  0xFF, 0xAB, 0x52, 0xFF, 0x65, 0x29, 0xFF, 0xCF, 0x73, 0xFF, 0x24, 0x21, 0xFF, 0x29, 0x42, 0xFF,
  0x08, 0x42, 0xFF, 0xAF, 0x73, 0xFF, 0xF4, 0x9C, 0xFF, 0x55, 0xA5, 0xFF, 0x14, 0x9D, 0xFF, 0x14,
  0x9D, 0xFF, 0x14, 0x9D, 0xFF, 0x14, 0x9D, 0xFF, 0x14, 0x9D, 0xFF, 0x14, 0x9D, 0xFF, 0x14, 0x9D,
  0xFF, 0x14, 0x9D, 0xFF, 0x14, 0x9D, 0xFF, 0x14, 0x9D, 0xFF, 0x14, 0x9D, 0xFF, 0x14, 0x9D, 0xFF,
  0x14, 0x9D, 0xFF, 0x14, 0x9D, 0xFF, 0x14, 0x9D, 0xFF, 0x14, 0x9D, 0xFF, 0x14, 0x9D, 0xFF, 0x14,
  0x9D, 0xFF, 0x14, 0x9D, 0xFF, 0x14, 0x9D, 0xFF, 0x14, 0x9D, 0xFF, 0x14, 0x9D, 0xFF, 0x14, 0x9D,
  0xFF, 0x14, 0x9D, 0xFF, 0x14, 0x9D, 0xFF, 0x14, 0x9D, 0xFF, 0x14, 0x9D, 0xFF, 0x14, 0x9D, 0xFF,
  0x14, 0x9D, 0xFF, 0x14, 0x9D, 0xFF, 0x14, 0x9D, 0xFF, 0x14, 0x9D, 0xFF, 0x14, 0x9D, 0xFF, 0x14,
  0x9D, 0xFF, 0x14, 0x9D, 0xFF, 0x14, 0x9D, 0xFF, 0x14, 0x9D, 0xFF, 0x14, 0x9D, 0xFF, 0x14, 0x9D,
  0xFF, 0x14, 0x9D, 0xFF, 0x14, 0x9D, 0xFF, 0xF4, 0x9C, 0xFF, 0x97, 0xAD, 0xFF, 0xCF, 0x73, 0xFF,
  0xA6, 0x31, 0xBF, 0x11, 0x84, 0x00, 0xCF, 0x7B, 0x00, 0xCF, 0x7B, 0x00, 0xCF, 0x7B, 0x00, 0xCF,
  0x7B, 0x00, 0xCF, 0x7B, 0x00, 0xB2, 0x94, 0x00, 0xB2, 0x94, 0x00, 0xB2, 0x94, 0x00, 0xB2, 0x94,
  0x00, 0xB2, 0x94, 0x00, 0xF3, 0x9C, 0x00, 0xEC, 0x5A, 0xB6, 0x72, 0x8C, 0xFF, 0x55, 0xA5, 0xFF,
  0x14, 0x9D, 0xFF, 0x14, 0x9D, 0xFF, 0x14, 0x9D, 0xFF, 0x14, 0x9D, 0xFF, 0x14, 0x9D, 0xFF, 0x14,
  0x9D, 0xFF, 0x14, 0x9D, 0xFF, 0x14, 0x9D, 0xFF, 0x14, 0x9D, 0xFF, 0x14, 0x9D, 0xFF, 0x14, 0x9D,
  0xFF, 0x14, 0x9D, 0xFF, 0x14, 0x9D, 0xFF, 0x14, 0x9D, 0xFF, 0x14, 0x9D, 0xFF, 0x14, 0x9D, 0xFF,
  0x14, 0x9D, 0xFF, 0x14, 0x9D, 0xFF, 0x14, 0x9D, 0xFF, 0x14, 0x9D, 0xFF, 0x14, 0x9D, 0xFF, 0x14,
  0x9D, 0xFF, 0x14, 0x9D, 0xFF, 0x14, 0x9D, 0xFF, 0x14, 0x9D, 0xFF, 0x14, 0x9D, 0xFF, 0x14, 0x9D,
  0xFF, 0x14, 0x9D, 0xFF, 0x14, 0x9D, 0xFF, 0x14, 0x9D, 0xFF, 0x14, 0x9D, 0xFF, 0x14, 0x9D, 0xFF,
  0x14, 0x9D, 0xFF, 0x14, 0x9D, 0xFF, 0x14, 0x9D, 0xFF, 0x14, 0x9D, 0xFF, 0x14, 0x9D, 0xFF, 0x14,
  0x9D, 0xFF, 0x14, 0x9D, 0xFF, 0x14, 0x9D, 0xFF, 0x14, 0x9D, 0xFF, 0x14, 0x9D, 0xFF, 0x35, 0xA5,
  0xFF, 0x76, 0xA5, 0xFF, 0x2D, 0x63, 0xFF, 0x61, 0x08, 0xFF, 0x45, 0x29, 0xFF, 0x2D, 0x63, 0xFF,
  0x6A, 0x4A, 0xFF, 0xAB, 0x52, 0xFF, 0x04, 0x19, 0xFF, 0xC3, 0x10, 0xFF, 0xAF, 0x73, 0xFF, 0x76,
  0xAD, 0xFF, 0x14, 0x9D, 0xFF, 0x14, 0x9D, 0xFF, 0x14, 0x9D, 0xFF, 0x14, 0x9D, 0xFF, 0x14, 0x9D,
  0xFF, 0x14, 0x9D, 0xFF, 0x14, 0x9D, 0xFF, 0x14, 0x9D, 0xFF, 0x14, 0x9D, 0xFF, 0x14, 0x9D, 0xFF,
  0x14, 0x9D, 0xFF, 0x14, 0x9D, 0xFF, 0x14, 0x9D, 0xFF, 0x14, 0x9D, 0xFF, 0x14, 0x9D, 0xFF, 0x14,
  0x9D, 0xFF, 0x14, 0x9D, 0xFF, 0x14, 0x9D, 0xFF, 0x14, 0x9D, 0xFF, 0x14, 0x9D, 0xFF, 0x14, 0x9D,
  0xFF, 0x14, 0x9D, 0xFF, 0x14, 0x9D, 0xFF, 0x14, 0x9D, 0xFF, 0x14, 0x9D, 0xFF, 0x14, 0x9D, 0xFF,
  0x14, 0x9D, 0xFF, 0x14, 0x9D, 0xFF, 0x14, 0x9D, 0xFF, 0x14, 0x9D, 0xFF, 0x14, 0x9D, 0xFF, 0x14,
  0x9D, 0xFF, 0x14, 0x9D, 0xFF, 0x14, 0x9D, 0xFF, 0x14, 0x9D, 0xFF, 0x14, 0x9D, 0xFF, 0x14, 0x9D,
  0xFF, 0x14, 0x9D, 0xFF, 0x14, 0x9D, 0xFF, 0x14, 0x9D, 0xFF, 0x14, 0x9D, 0xFF, 0x14, 0x9D, 0xFF,
  0x14, 0x9D, 0xFF, 0x56, 0xA5, 0xFF, 0x72, 0x8C, 0xFF, 0xC7, 0x31, 0xC8, 0xAF, 0x73, 0x00, 0x8E,
  0x6B, 0x00, 0x8E, 0x6B, 0x00, 0x8E, 0x6B, 0x00, 0x8E, 0x6B, 0x00, 0x8E, 0x6B, 0x00, 0xCF, 0x73,
  0x00, 0xCF, 0x73, 0x00, 0xCF, 0x73, 0x00, 0xCF, 0x73, 0x00, 0xCF, 0x73, 0x00, 0xF0, 0x7B, 0x00,
  0xAA, 0x52, 0xC9, 0xD3, 0x94, 0xFF, 0x35, 0xA5, 0xFF, 0x14, 0x9D, 0xFF, 0x14, 0x9D, 0xFF, 0x14,
  0x9D, 0xFF, 0x14, 0x9D, 0xFF, 0x14, 0x9D, 0xFF, 0x14, 0x9D, 0xFF, 0x14, 0x9D, 0xFF, 0x14, 0x9D,
  0xFF, 0x14, 0x9D, 0xFF, 0x14, 0x9D, 0xFF, 0x14, 0x9D, 0xFF, 0x14, 0x9D, 0xFF, 0x14, 0x9D, 0xFF,
  0x14, 0x9D, 0xFF, 0x14, 0x9D, 0xFF, 0x14, 0x9D, 0xFF, 0x14, 0x9D, 0xFF, 0x14, 0x9D, 0xFF, 0x14,
  0x9D, 0xFF, 0x14, 0x9D, 0xFF, 0x14, 0x9D, 0xFF, 0x14, 0x9D, 0xFF, 0x14, 0x9D, 0xFF, 0x14, 0x9D,
  0xFF, 0x14, 0x9D, 0xFF, 0x14, 0x9D, 0xFF, 0x14, 0x9D, 0xFF, 0x14, 0x9D, 0xFF, 0x14, 0x9D, 0xFF,
  0x14, 0x9D, 0xFF, 0x14, 0x9D, 0xFF, 0x14, 0x9D, 0xFF, 0x14, 0x9D, 0xFF, 0x14, 0x9D, 0xFF, 0x14,
  0x9D, 0xFF, 0x14, 0x9D, 0xFF, 0x14, 0x9D, 0xFF, 0x14, 0x9D, 0xFF, 0x14, 0x9D, 0xFF, 0x14, 0x9D,
  0xFF, 0x14, 0x9D, 0xFF, 0x14, 0x9D, 0xFF, 0xF4, 0x9C, 0xFF, 0xB7, 0xB5, 0xFF, 0x30, 0x84, 0xFF,
  0xE3, 0x18, 0xFF, 0xE4, 0x18, 0xFF, 0x08, 0x42, 0xFF, 0x00, 0x00, 0xFF, 0x49, 0x42, 0xFF, 0x04,
  0x19, 0xFF, 0x24, 0x21, 0xFF, 0x92, 0x8C, 0xFF, 0x96, 0xAD, 0xFF, 0xF4, 0x9C, 0xFF, 0x14, 0x9D,
  0xFF, 0x14, 0x9D, 0xFF, 0x14, 0x9D, 0xFF, 0x14, 0x9D, 0xFF, 0x14, 0x9D, 0xFF, 0x14, 0x9D, 0xFF,
  0x14, 0x9D, 0xFF, 0x14, 0x9D, 0xFF, 0x14, 0x9D, 0xFF, 0x14, 0x9D, 0xFF, 0x14, 0x9D, 0xFF, 0x14,
  0x9D, 0xFF, 0x14, 0x9D, 0xFF, 0x14, 0x9D, 0xFF, 0x14, 0x9D, 0xFF, 0x14, 0x9D, 0xFF, 0x14, 0x9D,
  0xFF, 0x14, 0x9D, 0xFF, 0x14, 0x9D, 0xFF, 0x14, 0x9D, 0xFF, 0x14, 0x9D, 0xFF, 0x14, 0x9D, 0xFF,
  0x14, 0x9D, 0xFF, 0x14, 0x9D, 0xFF, 0x14, 0x9D, 0xFF, 0x14, 0x9D, 0xFF, 0x14, 0x9D, 0xFF, 0x14,
  0x9D, 0xFF, 0x14, 0x9D, 0xFF, 0x14, 0x9D, 0xFF, 0x14, 0x9D, 0xFF, 0x14, 0x9D, 0xFF, 0x14, 0x9D,
  0xFF, 0x14, 0x9D, 0xFF, 0x14, 0x9D, 0xFF, 0x14, 0x9D, 0xFF, 0x14, 0x9D, 0xFF, 0x14, 0x9D, 0xFF,
  0x14, 0x9D, 0xFF, 0x14, 0x9D, 0xFF, 0x14, 0x9D, 0xFF, 0x14, 0x9D, 0xFF, 0x55, 0xA5, 0xFF, 0xB3,
  0x94, 0xFF, 0x08, 0x3A, 0xD7, 0x8E, 0x73, 0x0C, 0x6E, 0x6B, 0x00, 0x6E, 0x6B, 0x00, 0x6E, 0x6B,
  0x00, 0x6E, 0x6B, 0x00, 0x6E, 0x6B, 0x00, 0x2D, 0x63, 0x00, 0x2D, 0x63, 0x00, 0x2D, 0x63, 0x00,
  0x2D, 0x63, 0x00, 0x2D, 0x63, 0x00, 0x2D, 0x63, 0x0A, 0xAA, 0x52, 0xD6, 0x35, 0xA5, 0xFF, 0x35,
  0xA5, 0xFF, 0x14, 0x9D, 0xFF, 0x14, 0x9D, 0xFF, 0x14, 0x9D, 0xFF, 0x14, 0x9D, 0xFF, 0x14, 0x9D,
  0xFF, 0x14, 0x9D, 0xFF, 0x14, 0x9D, 0xFF, 0x14, 0x9D, 0xFF, 0x14, 0x9D, 0xFF, 0x14, 0x9D, 0xFF,
  0x14, 0x9D, 0xFF, 0x14, 0x9D, 0xFF, 0x14, 0x9D, 0xFF, 0x14, 0x9D, 0xFF, 0x14, 0x9D, 0xFF, 0x14,
  0x9D, 0xFF, 0x14, 0x9D, 0xFF, 0x14, 0x9D, 0xFF, 0x14, 0x9D, 0xFF, 0x14, 0x9D, 0xFF, 0x14, 0x9D,
  0xFF, 0x14, 0x9D, 0xFF, 0x14, 0x9D, 0xFF, 0x14, 0x9D, 0xFF, 0x14, 0x9D, 0xFF, 0x14, 0x9D, 0xFF,
  0x14, 0x9D, 0xFF, 0x14, 0x9D, 0xFF, 0x14, 0x9D, 0xFF, 0x14, 0x9D, 0xFF, 0x14, 0x9D, 0xFF, 0x14,
  0x9D, 0xFF, 0x14, 0x9D, 0xFF, 0x14, 0x9D, 0xFF, 0x14, 0x9D, 0xFF, 0x14, 0x9D, 0xFF, 0x14, 0x9D,
  0xFF, 0x14, 0x9D, 0xFF, 0x14, 0x9D, 0xFF, 0x14, 0x9D, 0xFF, 0x14, 0x9D, 0xFF, 0x14, 0x9D, 0xFF,
  0x14, 0x9D, 0xFF, 0x15, 0x9D, 0xFF, 0x97, 0xAD, 0xFF, 0xCB, 0x5A, 0xFF, 0xE4, 0x18, 0xFF, 0xC3,
  0x10, 0xFF, 0x00, 0x00, 0xFF, 0x66, 0x29, 0xFF, 0x86, 0x29, 0xFF, 0x6E, 0x6B, 0xFF, 0xB7, 0xB5,
  0xFF, 0x14, 0x9D, 0xFF, 0x14, 0x9D, 0xFF, 0x14, 0x9D, 0xFF, 0x14, 0x9D, 0xFF, 0x14, 0x9D, 0xFF,
  0x14, 0x9D, 0xFF, 0x14, 0x9D, 0xFF, 0x14, 0x9D, 0xFF, 0x14, 0x9D, 0xFF, 0x14, 0x9D, 0xFF, 0x14,
  0x9D, 0xFF, 0x14, 0x9D, 0xFF, 0x14, 0x9D, 0xFF, 0x14, 0x9D, 0xFF, 0x14, 0x9D, 0xFF, 0x14, 0x9D,
  0xFF, 0x14, 0x9D, 0xFF, 0x14, 0x9D, 0xFF, 0x14, 0x9D, 0xFF, 0x14, 0x9D, 0xFF, 0x14, 0x9D, 0xFF,
  0x14, 0x9D, 0xFF, 0x14, 0x9D, 0xFF, 0x14, 0x9D, 0xFF, 0x14, 0x9D, 0xFF, 0x14, 0x9D, 0xFF, 0x14,
  0x9D, 0xFF, 0x14, 0x9D, 0xFF, 0x14, 0x9D, 0xFF, 0x14, 0x9D, 0xFF, 0x14, 0x9D, 0xFF, 0x14, 0x9D,
  0xFF, 0x14, 0x9D, 0xFF, 0x14, 0x9D, 0xFF, 0x14, 0x9D, 0xFF, 0x14, 0x9D, 0xFF, 0x14, 0x9D, 0xFF,
  0x14, 0x9D, 0xFF, 0x14, 0x9D, 0xFF, 0x14, 0x9D, 0xFF, 0x14, 0x9D, 0xFF, 0x14, 0x9D, 0xFF, 0x14,
  0x9D, 0xFF, 0x14, 0x9D, 0xFF, 0x35, 0xA5, 0xFF, 0x35, 0xA5, 0xFF, 0x08, 0x42, 0xEC, 0x08, 0x3A,
  0x24, 0x08, 0x42, 0x00, 0x08, 0x42, 0x00, 0x08, 0x42, 0x00, 0x08, 0x42, 0x00, 0x08, 0x42, 0x00,
  0xAA, 0x52, 0x00, 0xAA, 0x52, 0x00, 0xAA, 0x52, 0x00, 0xAA, 0x52, 0x00, 0xAA, 0x52, 0x00, 0x8A,
  0x52, 0x21, 0xCB, 0x52, 0xEA, 0x56, 0xA5, 0xFF, 0x35, 0xA5, 0xFF, 0x14, 0x9D, 0xFF, 0x14, 0x9D,
  0xFF, 0x14, 0x9D, 0xFF, 0x14, 0x9D, 0xFF, 0x14, 0x9D, 0xFF, 0x14, 0x9D, 0xFF, 0x14, 0x9D, 0xFF,
  0x14, 0x9D, 0xFF, 0x14, 0x9D, 0xFF, 0x14, 0x9D, 0xFF, 0x14, 0x9D, 0xFF, 0x14, 0x9D, 0xFF, 0x14,
  0x9D, 0xFF, 0x14, 0x9D, 0xFF, 0x14, 0x9D, 0xFF, 0x14, 0x9D, 0xFF, 0x14, 0x9D, 0xFF, 0x14, 0x9D,
  0xFF, 0x14, 0x9D, 0xFF, 0x14, 0x9D, 0xFF, 0x14, 0x9D, 0xFF, 0x14, 0x9D, 0xFF, 0x14, 0x9D, 0xFF,
  0x14, 0x9D, 0xFF, 0x14, 0x9D, 0xFF, 0x14, 0x9D, 0xFF, 0x14, 0x9D, 0xFF, 0x14, 0x9D, 0xFF, 0x14,
  0x9D, 0xFF, 0x14, 0x9D, 0xFF, 0x14, 0x9D, 0xFF, 0x14, 0x9D, 0xFF, 0x14, 0x9D, 0xFF, 0x14, 0x9D,
  0xFF, 0x14, 0x9D, 0xFF, 0x14, 0x9D, 0xFF, 0x14, 0x9D, 0xFF, 0x14, 0x9D, 0xFF, 0x14, 0x9D, 0xFF,
  0x14, 0x9D, 0xFF, 0x14, 0x9D, 0xFF, 0x14, 0x9D, 0xFF, 0x14, 0x9D, 0xFF, 0x14, 0x9D, 0xFF, 0x35,
  0xA5, 0xFF, 0xB7, 0xB5, 0xFF, 0xF0, 0x7B, 0xFF, 0xAB, 0x52, 0xFF, 0xCB, 0x52, 0xFF, 0x0C, 0x5B,
  0xFF, 0x92, 0x8C, 0xFF, 0xD7, 0xB5, 0xFF, 0x15, 0x9D, 0xFF, 0x14, 0x9D, 0xFF, 0x14, 0x9D, 0xFF,
  0x14, 0x9D, 0xFF, 0x14, 0x9D, 0xFF, 0x14, 0x9D, 0xFF, 0x14, 0x9D, 0xFF, 0x14, 0x9D, 0xFF, 0x14,
  0x9D, 0xFF, 0x14, 0x9D, 0xFF, 0x14, 0x9D, 0xFF, 0x14, 0x9D, 0xFF, 0x14, 0x9D, 0xFF, 0x14, 0x9D,
  0xFF, 0x14, 0x9D, 0xFF, 0x14, 0x9D, 0xFF, 0x14, 0x9D, 0xFF, 0x14, 0x9D, 0xFF, 0x14, 0x9D, 0xFF,
  0x14, 0x9D, 0xFF, 0x14, 0x9D, 0xFF, 0x14, 0x9D, 0xFF, 0x14, 0x9D, 0xFF, 0x14, 0x9D, 0xFF, 0x14,
  0x9D, 0xFF, 0x14, 0x9D, 0xFF, 0x14, 0x9D, 0xFF, 0x14, 0x9D, 0xFF, 0x14, 0x9D, 0xFF, 0x14, 0x9D,
  0xFF, 0x14, 0x9D, 0xFF, 0x14, 0x9D, 0xFF, 0x14, 0x9D, 0xFF, 0x14, 0x9D, 0xFF, 0x14, 0x9D, 0xFF,
  0x14, 0x9D, 0xFF, 0x14, 0x9D, 0xFF, 0x14, 0x9D, 0xFF, 0x14, 0x9D, 0xFF, 0x14, 0x9D, 0xFF, 0x14,
  0x9D, 0xFF, 0x14, 0x9D, 0xFF, 0x14, 0x9D, 0xFF, 0x14, 0x9D, 0xFF, 0x14, 0x9D, 0xFF, 0x35, 0xA5,
  0xFF, 0x76, 0xAD, 0xFF, 0x29, 0x42, 0xFF, 0x04, 0x21, 0x39, 0x04, 0x21, 0x00, 0x24, 0x21, 0x00,
  0x24, 0x21, 0x00, 0x24, 0x21, 0x00, 0x24, 0x21, 0x00, 0x49, 0x4A, 0x00, 0x49, 0x4A, 0x00, 0x49,
  0x4A, 0x00, 0x49, 0x4A, 0x00, 0x49, 0x4A, 0x00, 0x08, 0x42, 0x31, 0x2C, 0x63, 0xF8, 0xD7, 0xB5,
  0xFF, 0x76, 0xAD, 0xFF, 0x76, 0xAD, 0xFF, 0x76, 0xAD, 0xFF, 0x76, 0xAD, 0xFF, 0x76, 0xAD, 0xFF,
  0x76, 0xAD, 0xFF, 0x76, 0xAD, 0xFF, 0x76, 0xAD, 0xFF, 0x76, 0xAD, 0xFF, 0x76, 0xAD, 0xFF, 0x76,
  0xAD, 0xFF, 0x76, 0xAD, 0xFF, 0x76, 0xAD, 0xFF, 0x76, 0xAD, 0xFF, 0x76, 0xAD, 0xFF, 0x76, 0xAD,
  0xFF, 0x76, 0xAD, 0xFF, 0x76, 0xAD, 0xFF, 0x76, 0xAD, 0xFF, 0x76, 0xAD, 0xFF, 0x76, 0xAD, 0xFF,
  0x76, 0xAD, 0xFF, 0x76, 0xAD, 0xFF, 0x76, 0xAD, 0xFF, 0x76, 0xAD, 0xFF, 0x76, 0xAD, 0xFF, 0x76,
  0xAD, 0xFF, 0x76, 0xAD, 0xFF, 0x76, 0xAD, 0xFF, 0x76, 0xAD, 0xFF, 0x76, 0xAD, 0xFF, 0x76, 0xAD,
  0xFF, 0x76, 0xAD, 0xFF, 0x76, 0xAD, 0xFF, 0x76, 0xAD, 0xFF, 0x76, 0xAD, 0xFF, 0x76, 0xAD, 0xFF,
  0x76, 0xAD, 0xFF, 0x76, 0xAD, 0xFF, 0x76, 0xAD, 0xFF, 0x76, 0xAD, 0xFF, 0x76, 0xAD, 0xFF, 0x76,
  0xAD, 0xFF, 0x76, 0xAD, 0xFF, 0x76, 0xAD, 0xFF, 0x55, 0xA5, 0xFF, 0x96, 0xAD, 0xFF, 0x18, 0xBE,
  0xFF, 0xF8, 0xBD, 0xFF, 0xD7, 0xB5, 0xFF, 0xF8, 0xBD, 0xFF, 0xF8, 0xBD, 0xFF, 0x76, 0xAD, 0xFF,
  0x55, 0xA5, 0xFF, 0x76, 0xAD, 0xFF, 0x76, 0xAD, 0xFF, 0x76, 0xAD, 0xFF, 0x76, 0xAD, 0xFF, 0x76,
  0xAD, 0xFF, 0x76, 0xAD, 0xFF, 0x76, 0xAD, 0xFF, 0x76, 0xAD, 0xFF, 0x76, 0xAD, 0xFF, 0x76, 0xAD,
  0xFF, 0x76, 0xAD, 0xFF, 0x76, 0xAD, 0xFF, 0x76, 0xAD, 0xFF, 0x76, 0xAD, 0xFF, 0x76, 0xAD, 0xFF,
  0x76, 0xAD, 0xFF, 0x76, 0xAD, 0xFF, 0x76, 0xAD, 0xFF, 0x76, 0xAD, 0xFF, 0x76, 0xAD, 0xFF, 0x76,
  0xAD, 0xFF, 0x76, 0xAD, 0xFF, 0x76, 0xAD, 0xFF, 0x76, 0xAD, 0xFF, 0x76, 0xAD, 0xFF, 0x76, 0xAD,
  0xFF, 0x76, 0xAD, 0xFF, 0x76, 0xAD, 0xFF, 0x76, 0xAD, 0xFF, 0x76, 0xAD, 0xFF, 0x76, 0xAD, 0xFF,
  0x76, 0xAD, 0xFF, 0x76, 0xAD, 0xFF, 0x76, 0xAD, 0xFF, 0x76, 0xAD, 0xFF, 0x75, 0xAD, 0xFF, 0x75,
  0xAD, 0xFF, 0x75, 0xAD, 0xFF, 0x75, 0xAD, 0xFF, 0x75, 0xAD, 0xFF, 0x76, 0xAD, 0xFF, 0x76, 0xAD,
  0xFF, 0x76, 0xAD, 0xFF, 0x76, 0xAD, 0xFF, 0x76, 0xAD, 0xFF, 0x18, 0xBE, 0xFF, 0xCB, 0x5A, 0xFF,
  0x24, 0x21, 0x50, 0xE8, 0x39, 0x00, 0xC7, 0x39, 0x00, 0xC7, 0x39, 0x00, 0xC7, 0x39, 0x00, 0xC7,
  0x39, 0x00, 0x65, 0x29, 0x00, 0x65, 0x29, 0x00, 0x65, 0x29, 0x00, 0x65, 0x29, 0x00, 0x65, 0x29,
  0x00, 0x65, 0x29, 0x3D, 0x29, 0x42, 0xFF, 0xAF, 0x73, 0xFF, 0x6E, 0x6B, 0xFF, 0x6E, 0x6B, 0xFF,
  0x6E, 0x6B, 0xFF, 0x6E, 0x6B, 0xFF, 0x6E, 0x6B, 0xFF, 0x6E, 0x6B, 0xFF, 0x6E, 0x6B, 0xFF, 0x6E,
  0x6B, 0xFF, 0x6E, 0x6B, 0xFF, 0x6E, 0x6B, 0xFF, 0x6E, 0x6B, 0xFF, 0x6F, 0x6B, 0xFF, 0x6E, 0x6B,
  0xFF, 0x6E, 0x6B, 0xFF, 0x6E, 0x6B, 0xFF, 0x6E, 0x6B, 0xFF, 0x6E, 0x6B, 0xFF, 0x6E, 0x6B, 0xFF,
  0x6E, 0x6B, 0xFF, 0x6E, 0x6B, 0xFF, 0x6E, 0x6B, 0xFF, 0x6E, 0x6B, 0xFF, 0x6E, 0x6B, 0xFF, 0x6E,
  0x6B, 0xFF, 0x6E, 0x6B, 0xFF, 0x6E, 0x6B, 0xFF, 0x6E, 0x6B, 0xFF, 0x6F, 0x6B, 0xFF, 0x6F, 0x6B,
  0xFF, 0x6E, 0x6B, 0xFF, 0x6E, 0x6B, 0xFF, 0x6E, 0x6B, 0xFF, 0x6E, 0x6B, 0xFF, 0x6E, 0x6B, 0xFF,
  0x6E, 0x6B, 0xFF, 0x6E, 0x6B, 0xFF, 0x6E, 0x6B, 0xFF, 0x6E, 0x6B, 0xFF, 0x6E, 0x6B, 0xFF, 0x6E,
  0x6B, 0xFF, 0x6E, 0x6B, 0xFF, 0x6E, 0x6B, 0xFF, 0x6E, 0x6B, 0xFF, 0x6E, 0x6B, 0xFF, 0x6E, 0x6B,
  0xFF, 0x6E, 0x6B, 0xFF, 0x6E, 0x6B, 0xFF, 0x6E, 0x6B, 0xFF, 0x8F, 0x6B, 0xFF, 0xAF, 0x6B, 0xFF,
  0x6F, 0x6B, 0xFF, 0x6F, 0x6B, 0xFF, 0x6F, 0x6B, 0xFF, 0x6F, 0x6B, 0xFF, 0x6E, 0x6B, 0xFF, 0x6F,
  0x6B, 0xFF, 0x6F, 0x6B, 0xFF, 0x6F, 0x6B, 0xFF, 0x6E, 0x6B, 0xFF, 0x6E, 0x6B, 0xFF, 0x6E, 0x6B,
  0xFF, 0x6E, 0x6B, 0xFF, 0x6E, 0x6B, 0xFF, 0x6E, 0x6B, 0xFF, 0x6E, 0x6B, 0xFF, 0x6E, 0x6B, 0xFF,
  0x6E, 0x6B, 0xFF, 0x6E, 0x63, 0xFF, 0x6E, 0x6B, 0xFF, 0x6E, 0x6B, 0xFF, 0x6E, 0x6B, 0xFF, 0x6E,
  0x6B, 0xFF, 0x6E, 0x6B, 0xFF, 0x6E, 0x6B, 0xFF, 0x6E, 0x6B, 0xFF, 0x6E, 0x6B, 0xFF, 0x6E, 0x6B,
  0xFF, 0x6E, 0x6B, 0xFF, 0x6E, 0x6B, 0xFF, 0x6E, 0x6B, 0xFF, 0x6F, 0x6B, 0xFF, 0x6E, 0x6B, 0xFF,
  0x6E, 0x6B, 0xFF, 0x6E, 0x6B, 0xFF, 0x6E, 0x6B, 0xFF, 0x6E, 0x6B, 0xFF, 0x6E, 0x6B, 0xFF, 0x6E,
  0x6B, 0xFF, 0x6E, 0x6B, 0xFF, 0x6F, 0x6B, 0xFF, 0x8F, 0x6B, 0xFF, 0x8F, 0x6B, 0xFF, 0x8F, 0x6B,
  0xFF, 0x8F, 0x6B, 0xFF, 0x6F, 0x6B, 0xFF, 0x6E, 0x6B, 0xFF, 0x6E, 0x6B, 0xFF, 0x6E, 0x6B, 0xFF,
  0x6E, 0x6B, 0xFF, 0xD0, 0x73, 0xFF, 0x65, 0x29, 0xFF, 0x29, 0x42, 0x59, 0x52, 0x84, 0x00, 0xD0,
  0x73, 0x00, 0xD0, 0x73, 0x00, 0xD0, 0x73, 0x00, 0xD0, 0x73, 0x00, 0x82, 0x08, 0x00, 0x82, 0x08,
  0x00, 0x82, 0x08, 0x00, 0x82, 0x08, 0x00, 0x82, 0x10, 0x00, 0x00, 0x00, 0x4A, 0x66, 0x21, 0xFF,
  0x0E, 0x53, 0xFF, 0xAC, 0x4A, 0xFF, 0xAD, 0x4A, 0xFF, 0xCD, 0x4A, 0xFF, 0xCD, 0x4A, 0xFF, 0xCD,
  0x4A, 0xFF, 0xAD, 0x4A, 0xFF, 0xAD, 0x4A, 0xFF, 0xAD, 0x4A, 0xFF, 0xAD, 0x4A, 0xFF, 0xCD, 0x4A,
  0xFF, 0xAD, 0x4A, 0xFF, 0xCD, 0x4A, 0xFF, 0xCD, 0x4A, 0xFF, 0xCD, 0x4A, 0xFF, 0xAD, 0x4A, 0xFF,
  0xAD, 0x4A, 0xFF, 0xCD, 0x4A, 0xFF, 0xAD, 0x4A, 0xFF, 0xAD, 0x4A, 0xFF, 0xCD, 0x4A, 0xFF, 0xCD,
  0x4A, 0xFF, 0xAC, 0x4A, 0xFF, 0xAD, 0x4A, 0xFF, 0xAD, 0x4A, 0xFF, 0xAD, 0x4A, 0xFF, 0xAD, 0x4A,
  0xFF, 0xAD, 0x4A, 0xFF, 0xCD, 0x4A, 0xFF, 0xCD, 0x4A, 0xFF, 0xCD, 0x4A, 0xFF, 0xCD, 0x4A, 0xFF,
  0xAD, 0x4A, 0xFF, 0xAD, 0x4A, 0xFF, 0xCD, 0x4A, 0xFF, 0xCD, 0x4A, 0xFF, 0xAD, 0x4A, 0xFF, 0xCD,
  0x4A, 0xFF, 0xAC, 0x4A, 0xFF, 0xAD, 0x4A, 0xFF, 0xAC, 0x4A, 0xFF, 0xAD, 0x4A, 0xFF, 0xAD, 0x4A,
  0xFF, 0xAD, 0x4A, 0xFF, 0xAD, 0x4A, 0xFF, 0xCD, 0x4A, 0xFF, 0xCD, 0x4A, 0xFF, 0xCD, 0x4A, 0xFF,
  0xCD, 0x4A, 0xFF, 0x2F, 0x5B, 0xFF, 0x6F, 0x63, 0xFF, 0x2F, 0x5B, 0xFF, 0xCD, 0x4A, 0xFF, 0xCD,
  0x4A, 0xFF, 0xCD, 0x4A, 0xFF, 0xCD, 0x4A, 0xFF, 0xCD, 0x4A, 0xFF, 0xCD, 0x4A, 0xFF, 0xAD, 0x4A,
  0xFF, 0xAD, 0x4A, 0xFF, 0xAC, 0x4A, 0xFF, 0xAC, 0x4A, 0xFF, 0xAD, 0x4A, 0xFF, 0xCD, 0x4A, 0xFF,
  0xCD, 0x4A, 0xFF, 0xCD, 0x4A, 0xFF, 0xAC, 0x4A, 0xFF, 0xAC, 0x4A, 0xFF, 0xAC, 0x4A, 0xFF, 0xAC,
  0x4A, 0xFF, 0xAC, 0x4A, 0xFF, 0xAD, 0x4A, 0xFF, 0xCD, 0x4A, 0xFF, 0xCD, 0x4A, 0xFF, 0xCD, 0x4A,
  0xFF, 0xAC, 0x4A, 0xFF, 0xAC, 0x4A, 0xFF, 0xAC, 0x4A, 0xFF, 0xAC, 0x4A, 0xFF, 0xCD, 0x4A, 0xFF,
  0xCD, 0x4A, 0xFF, 0xAD, 0x4A, 0xFF, 0xAD, 0x4A, 0xFF, 0xAD, 0x4A, 0xFF, 0xAD, 0x4A, 0xFF, 0xAC,
  0x4A, 0xFF, 0xAD, 0x4A, 0xFF, 0xAD, 0x4A, 0xFF, 0xAC, 0x4A, 0xFF, 0xAD, 0x4A, 0xFF, 0xCD, 0x4A,
  0xFF, 0xCD, 0x4A, 0xFF, 0xCD, 0x4A, 0xFF, 0xCD, 0x4A, 0xFF, 0xCD, 0x4A, 0xFF, 0xCD, 0x4A, 0xFF,
  0xCD, 0x4A, 0xFF, 0xCD, 0x4A, 0xFF, 0xAD, 0x4A, 0xFF, 0xCD, 0x4A, 0xFF, 0x0E, 0x53, 0xFF, 0xE5,
  0x18, 0xFF, 0xC3, 0x18, 0x74, 0x09, 0x3A, 0x00, 0xC7, 0x31, 0x00, 0xC7, 0x31, 0x00, 0xC7, 0x31,
  0x00, 0xC7, 0x31, 0x00, 0x29, 0x42, 0x00, 0x29, 0x42, 0x00, 0x29, 0x42, 0x00, 0x29, 0x42, 0x00,
  0x6A, 0x4A, 0x00, 0x04, 0x21, 0x61, 0xA8, 0x29, 0xFF, 0xB1, 0x6B, 0xFF, 0x4F, 0x5B, 0xFF, 0x4F,
  0x5B, 0xFF, 0x4F, 0x5B, 0xFF, 0x4F, 0x5B, 0xFF, 0x4F, 0x63, 0xFF, 0x4F, 0x63, 0xFF, 0x4F, 0x63,
  0xFF, 0x4F, 0x5B, 0xFF, 0x4F, 0x5B, 0xFF, 0x4F, 0x5B, 0xFF, 0x4F, 0x63, 0xFF, 0x4F, 0x63, 0xFF,
  0x4F, 0x63, 0xFF, 0x4F, 0x63, 0xFF, 0x4F, 0x63, 0xFF, 0x4F, 0x63, 0xFF, 0x4F, 0x63, 0xFF, 0x4F,
  0x63, 0xFF, 0x4F, 0x63, 0xFF, 0x4F, 0x63, 0xFF, 0x4F, 0x63, 0xFF, 0x4F, 0x63, 0xFF, 0x4F, 0x63,
  0xFF, 0x4F, 0x63, 0xFF, 0x4F, 0x63, 0xFF, 0x4F, 0x63, 0xFF, 0x4F, 0x63, 0xFF, 0x4F, 0x63, 0xFF,
  0x4F, 0x63, 0xFF, 0x4F, 0x63, 0xFF, 0x4F, 0x63, 0xFF, 0x4F, 0x63, 0xFF, 0x4F, 0x63, 0xFF, 0x4F,
  0x63, 0xFF, 0x4F, 0x63, 0xFF, 0x4F, 0x63, 0xFF, 0x4F, 0x63, 0xFF, 0x4F, 0x63, 0xFF, 0x4F, 0x63,
  0xFF, 0x4F, 0x63, 0xFF, 0x4F, 0x63, 0xFF, 0x4F, 0x63, 0xFF, 0x4F, 0x63, 0xFF, 0x4F, 0x63, 0xFF,
  0x4F, 0x63, 0xFF, 0x4F, 0x63, 0xFF, 0x4F, 0x5B, 0xFF, 0xB0, 0x6B, 0xFF, 0x6B, 0x42, 0xFF, 0xE4,
  0x18, 0xFF, 0x4A, 0x42, 0xFF, 0xB0, 0x6B, 0xFF, 0x4F, 0x63, 0xFF, 0x4F, 0x63, 0xFF, 0x4F, 0x63,
  0xFF, 0x4F, 0x63, 0xFF, 0x4F, 0x63, 0xFF, 0x4F, 0x5B, 0xFF, 0x4F, 0x5B, 0xFF, 0x4F, 0x63, 0xFF,
  0x4F, 0x5B, 0xFF, 0x4F, 0x63, 0xFF, 0x4F, 0x63, 0xFF, 0x4F, 0x63, 0xFF, 0x4F, 0x63, 0xFF, 0x4F,
  0x63, 0xFF, 0x4F, 0x63, 0xFF, 0x4F, 0x63, 0xFF, 0x4F, 0x63, 0xFF, 0x4F, 0x63, 0xFF, 0x4F, 0x63,
  0xFF, 0x4F, 0x63, 0xFF, 0x4F, 0x63, 0xFF, 0x4F, 0x63, 0xFF, 0x4F, 0x63, 0xFF, 0x4F, 0x63, 0xFF,
  0x4F, 0x63, 0xFF, 0x4F, 0x63, 0xFF, 0x4F, 0x63, 0xFF, 0x4F, 0x63, 0xFF, 0x4F, 0x63, 0xFF, 0x4F,
  0x63, 0xFF, 0x4F, 0x63, 0xFF, 0x4F, 0x63, 0xFF, 0x4F, 0x63, 0xFF, 0x4F, 0x63, 0xFF, 0x4F, 0x63,
  0xFF, 0x4F, 0x63, 0xFF, 0x4F, 0x63, 0xFF, 0x4F, 0x63, 0xFF, 0x4F, 0x63, 0xFF, 0x4F, 0x63, 0xFF,
  0x4F, 0x63, 0xFF, 0x4F, 0x63, 0xFF, 0x4F, 0x63, 0xFF, 0x4F, 0x63, 0xFF, 0x4F, 0x63, 0xFF, 0x4F,
  0x63, 0xFF, 0x6F, 0x63, 0xFF, 0x90, 0x6B, 0xFF, 0xE9, 0x31, 0xFF, 0x82, 0x10, 0x8E, 0x45, 0x29,
  0x00, 0x25, 0x21, 0x00, 0x25, 0x21, 0x00, 0x25, 0x21, 0x00, 0x25, 0x21, 0x00, 0x66, 0x29, 0x00,
  0x66, 0x29, 0x00, 0x66, 0x29, 0x00, 0x66, 0x29, 0x00, 0x86, 0x31, 0x00, 0xE3, 0x18, 0x81, 0x6A,
  0x42, 0xFF, 0x90, 0x63, 0xFF, 0x2E, 0x5B, 0xFF, 0x4E, 0x5B, 0xFF, 0x4E, 0x5B, 0xFF, 0x4E, 0x5B,
  0xFF, 0x4E, 0x5B, 0xFF, 0x4E, 0x5B, 0xFF, 0x4E, 0x5B, 0xFF, 0x4E, 0x5B, 0xFF, 0x4E, 0x5B, 0xFF,
  0x4E, 0x5B, 0xFF, 0x4E, 0x5B, 0xFF, 0x4E, 0x5B, 0xFF, 0x4E, 0x5B, 0xFF, 0x4E, 0x5B, 0xFF, 0x4E,
  0x5B, 0xFF, 0x4E, 0x5B, 0xFF, 0x4E, 0x5B, 0xFF, 0x4E, 0x5B, 0xFF, 0x4E, 0x5B, 0xFF, 0x4E, 0x5B,
  0xFF, 0x4E, 0x5B, 0xFF, 0x4F, 0x63, 0xFF, 0x4F, 0x63, 0xFF, 0x4E, 0x63, 0xFF, 0x4E, 0x63, 0xFF,
  0x4E, 0x63, 0xFF, 0x4F, 0x63, 0xFF, 0x4F, 0x63, 0xFF, 0x4F, 0x63, 0xFF, 0x4F, 0x63, 0xFF, 0x4F,
  0x63, 0xFF, 0x4E, 0x63, 0xFF, 0x4E, 0x63, 0xFF, 0x4E, 0x5B, 0xFF, 0x4E, 0x5B, 0xFF, 0x4E, 0x5B,
  0xFF, 0x4F, 0x5B, 0xFF, 0x4F, 0x5B, 0xFF, 0x4E, 0x5B, 0xFF, 0x4E, 0x5B, 0xFF, 0x4E, 0x5B, 0xFF,
  0x4E, 0x5B, 0xFF, 0x4E, 0x5B, 0xFF, 0x4E, 0x5B, 0xFF, 0x4E, 0x5B, 0xFF, 0x2E, 0x5B, 0xFF, 0xB0,
  0x6B, 0xFF, 0xED, 0x52, 0xFF, 0x00, 0x00, 0xFF, 0x00, 0x00, 0xFF, 0x00, 0x00, 0xFF, 0x0D, 0x5B,
  0xFF, 0xB0, 0x6B, 0xFF, 0x2E, 0x5B, 0xFF, 0x4E, 0x5B, 0xFF, 0x4E, 0x5B, 0xFF, 0x4E, 0x5B, 0xFF,
  0x4E, 0x5B, 0xFF, 0x4E, 0x5B, 0xFF, 0x4E, 0x5B, 0xFF, 0x4E, 0x5B, 0xFF, 0x4E, 0x5B, 0xFF, 0x4E,
  0x5B, 0xFF, 0x4E, 0x5B, 0xFF, 0x4E, 0x5B, 0xFF, 0x4E, 0x5B, 0xFF, 0x4E, 0x5B, 0xFF, 0x4E, 0x5B,
  0xFF, 0x4E, 0x5B, 0xFF, 0x4E, 0x5B, 0xFF, 0x4E, 0x5B, 0xFF, 0x4E, 0x5B, 0xFF, 0x4E, 0x5B, 0xFF,
  0x4E, 0x5B, 0xFF, 0x4E, 0x5B, 0xFF, 0x4F, 0x5B, 0xFF, 0x4E, 0x5B, 0xFF, 0x4F, 0x63, 0xFF, 0x4F,
  0x63, 0xFF, 0x4F, 0x63, 0xFF, 0x4E, 0x63, 0xFF, 0x4E, 0x5B, 0xFF, 0x4E, 0x5B, 0xFF, 0x4E, 0x5B,
  0xFF, 0x4E, 0x5B, 0xFF, 0x4E, 0x5B, 0xFF, 0x4E, 0x5B, 0xFF, 0x4E, 0x5B, 0xFF, 0x4E, 0x5B, 0xFF,
  0x4E, 0x5B, 0xFF, 0x4E, 0x5B, 0xFF, 0x4E, 0x5B, 0xFF, 0x4E, 0x5B, 0xFF, 0x4E, 0x5B, 0xFF, 0x4E,
  0x5B, 0xFF, 0x4F, 0x5B, 0xFF, 0x4E, 0x5B, 0xFF, 0x4E, 0x5B, 0xFF, 0x4F, 0x63, 0xFF, 0x70, 0x63,
  0xFF, 0x4A, 0x42, 0xFF, 0xA2, 0x10, 0xA6, 0x45, 0x21, 0x00, 0x25, 0x21, 0x00, 0x25, 0x21, 0x00,
  0x25, 0x21, 0x00, 0x25, 0x21, 0x00, 0x04, 0x19, 0x00, 0x04, 0x19, 0x00, 0x04, 0x19, 0x00, 0x04,
  0x19, 0x00, 0x04, 0x19, 0x00, 0xA2, 0x10, 0x84, 0x8B, 0x4A, 0xFF, 0x70, 0x63, 0xFF, 0x2E, 0x5B,
  0xFF, 0x4E, 0x5B, 0xFF, 0x4E, 0x5B, 0xFF, 0x4E, 0x5B, 0xFF, 0x4E, 0x5B, 0xFF, 0x4E, 0x5B, 0xFF,
  0x4E, 0x5B, 0xFF, 0x4E, 0x5B, 0xFF, 0x4E, 0x5B, 0xFF, 0x4E, 0x5B, 0xFF, 0x4E, 0x5B, 0xFF, 0x4E,
  0x5B, 0xFF, 0x4E, 0x5B, 0xFF, 0x4E, 0x5B, 0xFF, 0x4E, 0x5B, 0xFF, 0x4E, 0x5B, 0xFF, 0x4E, 0x5B,
  0xFF, 0x4E, 0x5B, 0xFF, 0x4E, 0x5B, 0xFF, 0x4E, 0x5B, 0xFF, 0x4F, 0x5B, 0xFF, 0x4F, 0x63, 0xFF,
  0x4F, 0x63, 0xFF, 0x4F, 0x63, 0xFF, 0x4F, 0x63, 0xFF, 0x4F, 0x63, 0xFF, 0x4F, 0x63, 0xFF, 0x4F,
  0x63, 0xFF, 0x4F, 0x63, 0xFF, 0x4F, 0x63, 0xFF, 0x4F, 0x63, 0xFF, 0x4F, 0x63, 0xFF, 0x4F, 0x63,
  0xFF, 0x4F, 0x63, 0xFF, 0x4E, 0x63, 0xFF, 0x4F, 0x5B, 0xFF, 0x4F, 0x5B, 0xFF, 0x4E, 0x5B, 0xFF,
  0x4F, 0x5B, 0xFF, 0x4E, 0x5B, 0xFF, 0x4E, 0x5B, 0xFF, 0x4E, 0x5B, 0xFF, 0x4E, 0x5B, 0xFF, 0x4E,
  0x5B, 0xFF, 0x4E, 0x5B, 0xFF, 0x2E, 0x5B, 0xFF, 0xB0, 0x6B, 0xFF, 0x0D, 0x53, 0xFF, 0x20, 0x00,
  0xFF, 0x00, 0x00, 0xFF, 0x20, 0x00, 0xFF, 0x0E, 0x5B, 0xFF, 0x90, 0x6B, 0xFF, 0x2E, 0x5B, 0xFF,
  0x4E, 0x5B, 0xFF, 0x4E, 0x5B, 0xFF, 0x4E, 0x5B, 0xFF, 0x4E, 0x5B, 0xFF, 0x4E, 0x5B, 0xFF, 0x4E,
  0x5B, 0xFF, 0x4E, 0x5B, 0xFF, 0x4E, 0x5B, 0xFF, 0x4E, 0x5B, 0xFF, 0x4E, 0x5B, 0xFF, 0x4E, 0x5B,
  0xFF, 0x4E, 0x5B, 0xFF, 0x4E, 0x5B, 0xFF, 0x4E, 0x5B, 0xFF, 0x4E, 0x5B, 0xFF, 0x4E, 0x5B, 0xFF,
  0x4E, 0x5B, 0xFF, 0x4E, 0x5B, 0xFF, 0x4E, 0x63, 0xFF, 0x4E, 0x5B, 0xFF, 0x4E, 0x5B, 0xFF, 0x4F,
  0x5B, 0xFF, 0x4E, 0x63, 0xFF, 0x4E, 0x63, 0xFF, 0x4F, 0x63, 0xFF, 0x4F, 0x63, 0xFF, 0x4E, 0x63,
  0xFF, 0x4E, 0x63, 0xFF, 0x4E, 0x5B, 0xFF, 0x4E, 0x5B, 0xFF, 0x4E, 0x5B, 0xFF, 0x4E, 0x5B, 0xFF,
  0x4E, 0x5B, 0xFF, 0x4E, 0x5B, 0xFF, 0x4E, 0x5B, 0xFF, 0x4E, 0x5B, 0xFF, 0x4E, 0x5B, 0xFF, 0x4E,
  0x5B, 0xFF, 0x4E, 0x5B, 0xFF, 0x4E, 0x5B, 0xFF, 0x4E, 0x63, 0xFF, 0x4E, 0x5B, 0xFF, 0x4E, 0x5B,
  0xFF, 0x4E, 0x5B, 0xFF, 0x4F, 0x63, 0xFF, 0x6F, 0x63, 0xFF, 0x6B, 0x42, 0xFF, 0x82, 0x10, 0xB6,
  0xC3, 0x18, 0x00, 0xC3, 0x18, 0x00, 0xC3, 0x18, 0x00, 0xC3, 0x18, 0x00, 0xC3, 0x18, 0x00, 0x24,
  0x21, 0x00, 0x24, 0x21, 0x00, 0x24, 0x21, 0x00, 0x24, 0x21, 0x00, 0x24, 0x21, 0x00, 0xA3, 0x10,
  0x99, 0x8B, 0x42, 0xFF, 0x70, 0x63, 0xFF, 0x2E, 0x5B, 0xFF, 0x2E, 0x5B, 0xFF, 0x4E, 0x5B, 0xFF,
  0x4E, 0x5B, 0xFF, 0x4E, 0x5B, 0xFF, 0x4E, 0x5B, 0xFF, 0x4E, 0x5B, 0xFF, 0x4E, 0x5B, 0xFF, 0x4E,
  0x5B, 0xFF, 0x4E, 0x5B, 0xFF, 0x4E, 0x5B, 0xFF, 0x4E, 0x5B, 0xFF, 0x4E, 0x5B, 0xFF, 0x4E, 0x5B,
  0xFF, 0x4E, 0x5B, 0xFF, 0x4E, 0x5B, 0xFF, 0x4E, 0x5B, 0xFF, 0x4E, 0x5B, 0xFF, 0x4E, 0x5B, 0xFF,
  0x4E, 0x5B, 0xFF, 0x4E, 0x5B, 0xFF, 0x4E, 0x5B, 0xFF, 0x4E, 0x5B, 0xFF, 0x4E, 0x5B, 0xFF, 0x4F,
  0x63, 0xFF, 0x4F, 0x63, 0xFF, 0x4F, 0x5B, 0xFF, 0x4E, 0x5B, 0xFF, 0x4E, 0x5B, 0xFF, 0x4F, 0x63,
  0xFF, 0x4F, 0x63, 0xFF, 0x4F, 0x63, 0xFF, 0x4F, 0x63, 0xFF, 0x4F, 0x5B, 0xFF, 0x4F, 0x5B, 0xFF,
  0x4E, 0x5B, 0xFF, 0x4E, 0x5B, 0xFF, 0x4F, 0x5B, 0xFF, 0x4F, 0x5B, 0xFF, 0x4E, 0x5B, 0xFF, 0x4E,
  0x5B, 0xFF, 0x4E, 0x5B, 0xFF, 0x4E, 0x5B, 0xFF, 0x4E, 0x5B, 0xFF, 0x4E, 0x5B, 0xFF, 0x4E, 0x5B,
  0xFF, 0x2E, 0x5B, 0xFF, 0x90, 0x63, 0xFF, 0x8B, 0x42, 0xFF, 0x46, 0x21, 0xFF, 0xCC, 0x52, 0xFF,
  0x90, 0x6B, 0xFF, 0x2E, 0x5B, 0xFF, 0x4E, 0x5B, 0xFF, 0x4E, 0x5B, 0xFF, 0x4E, 0x5B, 0xFF, 0x4E,
  0x5B, 0xFF, 0x4E, 0x5B, 0xFF, 0x4E, 0x5B, 0xFF, 0x4E, 0x5B, 0xFF, 0x4E, 0x5B, 0xFF, 0x4E, 0x5B,
  0xFF, 0x4E, 0x5B, 0xFF, 0x4E, 0x5B, 0xFF, 0x4E, 0x5B, 0xFF, 0x4E, 0x5B, 0xFF, 0x4E, 0x5B, 0xFF,
  0x4E, 0x5B, 0xFF, 0x4E, 0x5B, 0xFF, 0x4E, 0x5B, 0xFF, 0x4E, 0x5B, 0xFF, 0x4E, 0x5B, 0xFF, 0x4E,
  0x63, 0xFF, 0x4E, 0x5B, 0xFF, 0x4E, 0x5B, 0xFF, 0x4F, 0x5B, 0xFF, 0x4F, 0x63, 0xFF, 0x4E, 0x63,
  0xFF, 0x4F, 0x5B, 0xFF, 0x4F, 0x5B, 0xFF, 0x4F, 0x5B, 0xFF, 0x4F, 0x63, 0xFF, 0x4E, 0x5B, 0xFF,
  0x4E, 0x5B, 0xFF, 0x4E, 0x5B, 0xFF, 0x4E, 0x5B, 0xFF, 0x4E, 0x5B, 0xFF, 0x4E, 0x5B, 0xFF, 0x4E,
  0x5B, 0xFF, 0x4E, 0x5B, 0xFF, 0x4E, 0x5B, 0xFF, 0x4E, 0x5B, 0xFF, 0x4E, 0x5B, 0xFF, 0x4F, 0x5B,
  0xFF, 0x4F, 0x5B, 0xFF, 0x4E, 0x5B, 0xFF, 0x4E, 0x5B, 0xFF, 0x4E, 0x5B, 0xFF, 0x4F, 0x63, 0xFF,
  0x4F, 0x5B, 0xFF, 0xCC, 0x4A, 0xFF, 0x82, 0x10, 0xBE, 0x00, 0x00, 0x03, 0x41, 0x08, 0x00, 0x41,
  0x08, 0x00, 0x41, 0x08, 0x00, 0x41, 0x08, 0x00, 0x04, 0x21, 0x00, 0x04, 0x21, 0x00, 0x04, 0x21,
  0x00, 0x04, 0x21, 0x00, 0x04, 0x21, 0x00, 0xC3, 0x18, 0xAA, 0xCD, 0x52, 0xFF, 0x6F, 0x63, 0xFF,
  0x2E, 0x5B, 0xFF, 0x2E, 0x5B, 0xFF, 0x4E, 0x5B, 0xFF, 0x4E, 0x5B, 0xFF, 0x4E, 0x5B, 0xFF, 0x4E,
  0x5B, 0xFF, 0x4E, 0x5B, 0xFF, 0x4E, 0x5B, 0xFF, 0x4E, 0x5B, 0xFF, 0x4E, 0x5B, 0xFF, 0x4E, 0x5B,
  0xFF, 0x4E, 0x5B, 0xFF, 0x4E, 0x5B, 0xFF, 0x4E, 0x5B, 0xFF, 0x4E, 0x5B, 0xFF, 0x4E, 0x5B, 0xFF,
  0x4E, 0x5B, 0xFF, 0x4E, 0x5B, 0xFF, 0x4E, 0x5B, 0xFF, 0x4E, 0x5B, 0xFF, 0x4E, 0x5B, 0xFF, 0x4E,
  0x5B, 0xFF, 0x4E, 0x5B, 0xFF, 0x4E, 0x5B, 0xFF, 0x4E, 0x5B, 0xFF, 0x4E, 0x5B, 0xFF, 0x4E, 0x5B,
  0xFF, 0x4E, 0x5B, 0xFF, 0x4E, 0x5B, 0xFF, 0x4E, 0x5B, 0xFF, 0x4E, 0x5B, 0xFF, 0x4E, 0x5B, 0xFF,
  0x4F, 0x63, 0xFF, 0x4F, 0x5B, 0xFF, 0x4E, 0x5B, 0xFF, 0x4E, 0x5B, 0xFF, 0x4E, 0x5B, 0xFF, 0x4E,
  0x5B, 0xFF, 0x4E, 0x5B, 0xFF, 0x4E, 0x5B, 0xFF, 0x4E, 0x5B, 0xFF, 0x4E, 0x5B, 0xFF, 0x4E, 0x5B,
  0xFF, 0x4E, 0x5B, 0xFF, 0x4E, 0x5B, 0xFF, 0x4E, 0x5B, 0xFF, 0x4E, 0x5B, 0xFF, 0x2E, 0x5B, 0xFF,
  0xB0, 0x6B, 0xFF, 0xD1, 0x6B, 0xFF, 0xB0, 0x6B, 0xFF, 0x2E, 0x5B, 0xFF, 0x2E, 0x5B, 0xFF, 0x4E,
  0x5B, 0xFF, 0x4E, 0x5B, 0xFF, 0x4E, 0x5B, 0xFF, 0x4E, 0x5B, 0xFF, 0x4E, 0x5B, 0xFF, 0x4E, 0x5B,
  0xFF, 0x4E, 0x5B, 0xFF, 0x4E, 0x5B, 0xFF, 0x4E, 0x5B, 0xFF, 0x4E, 0x5B, 0xFF, 0x4E, 0x5B, 0xFF,
  0x4E, 0x5B, 0xFF, 0x4E, 0x5B, 0xFF, 0x4E, 0x5B, 0xFF, 0x4E, 0x5B, 0xFF, 0x4E, 0x5B, 0xFF, 0x4E,
  0x5B, 0xFF, 0x4E, 0x5B, 0xFF, 0x4E, 0x5B, 0xFF, 0x4E, 0x5B, 0xFF, 0x4E, 0x5B, 0xFF, 0x4E, 0x5B,
  0xFF, 0x4E, 0x5B, 0xFF, 0x4E, 0x5B, 0xFF, 0x4E, 0x5B, 0xFF, 0x4E, 0x5B, 0xFF, 0x4E, 0x5B, 0xFF,
  0x4E, 0x5B, 0xFF, 0x4E, 0x5B, 0xFF, 0x4E, 0x5B, 0xFF, 0x4E, 0x5B, 0xFF, 0x4E, 0x5B, 0xFF, 0x4E,
  0x5B, 0xFF, 0x4E, 0x5B, 0xFF, 0x4E, 0x5B, 0xFF, 0x4E, 0x5B, 0xFF, 0x4E, 0x5B, 0xFF, 0x4E, 0x5B,
  0xFF, 0x4E, 0x5B, 0xFF, 0x4E, 0x5B, 0xFF, 0x4F, 0x5B, 0xFF, 0x4F, 0x5B, 0xFF, 0x4E, 0x5B, 0xFF,
  0x4E, 0x5B, 0xFF, 0x4E, 0x5B, 0xFF, 0x4F, 0x63, 0xFF, 0x4F, 0x5B, 0xFF, 0xCD, 0x52, 0xFF, 0x82,
  0x10, 0xC5, 0x00, 0x00, 0x06, 0x41, 0x00, 0x00, 0x41, 0x00, 0x00, 0x41, 0x00, 0x00, 0x41, 0x00,
  0x00, 0xE3, 0x18, 0x00, 0xE3, 0x18, 0x00, 0xE3, 0x18, 0x00, 0xE3, 0x18, 0x00, 0xC2, 0x10, 0x00,
  0xE4, 0x18, 0xAE, 0x2E, 0x5B, 0xFF, 0x70, 0x63, 0xFF, 0x4F, 0x5B, 0xFF, 0x4F, 0x5B, 0xFF, 0x4F,
  0x5B, 0xFF, 0x4F, 0x5B, 0xFF, 0x4F, 0x5B, 0xFF, 0x4F, 0x5B, 0xFF, 0x4F, 0x5B, 0xFF, 0x4F, 0x5B,
  0xFF, 0x4F, 0x5B, 0xFF, 0x4F, 0x5B, 0xFF, 0x2E, 0x5B, 0xFF, 0x4E, 0x5B, 0xFF, 0x4E, 0x5B, 0xFF,
  0x6F, 0x63, 0xFF, 0x8F, 0x63, 0xFF, 0x6F, 0x63, 0xFF, 0x8F, 0x63, 0xFF, 0x8F, 0x63, 0xFF, 0x8F,
  0x63, 0xFF, 0x8F, 0x63, 0xFF, 0x8F, 0x63, 0xFF, 0x8F, 0x63, 0xFF, 0x8F, 0x63, 0xFF, 0x8F, 0x63,
  0xFF, 0x8F, 0x63, 0xFF, 0x90, 0x63, 0xFF, 0x90, 0x63, 0xFF, 0x8F, 0x63, 0xFF, 0x6F, 0x63, 0xFF,
  0x6F, 0x63, 0xFF, 0x8F, 0x63, 0xFF, 0x8F, 0x63, 0xFF, 0x90, 0x63, 0xFF, 0x8F, 0x63, 0xFF, 0x6F,
  0x63, 0xFF, 0x6F, 0x63, 0xFF, 0x6F, 0x63, 0xFF, 0x6F, 0x63, 0xFF, 0x6F, 0x63, 0xFF, 0x6F, 0x63,
  0xFF, 0x6F, 0x63, 0xFF, 0x6F, 0x63, 0xFF, 0x6F, 0x63, 0xFF, 0x6F, 0x63, 0xFF, 0x6F, 0x63, 0xFF,
  0x6F, 0x63, 0xFF, 0x6F, 0x63, 0xFF, 0x6F, 0x63, 0xFF, 0x6F, 0x63, 0xFF, 0x6F, 0x63, 0xFF, 0x6F,
  0x63, 0xFF, 0x6F, 0x63, 0xFF, 0x6F, 0x63, 0xFF, 0x6F, 0x63, 0xFF, 0x6F, 0x63, 0xFF, 0x6F, 0x63,
  0xFF, 0x6F, 0x63, 0xFF, 0x6F, 0x63, 0xFF, 0x6F, 0x63, 0xFF, 0x6F, 0x63, 0xFF, 0x6F, 0x63, 0xFF,
  0x6F, 0x63, 0xFF, 0x6F, 0x63, 0xFF, 0x6F, 0x63, 0xFF, 0x6F, 0x63, 0xFF, 0x6F, 0x63, 0xFF, 0x6F,
  0x63, 0xFF, 0x8F, 0x63, 0xFF, 0x6F, 0x63, 0xFF, 0x8F, 0x63, 0xFF, 0x8F, 0x63, 0xFF, 0x8F, 0x63,
  0xFF, 0x6F, 0x63, 0xFF, 0x6F, 0x63, 0xFF, 0x8F, 0x63, 0xFF, 0x8F, 0x63, 0xFF, 0x8F, 0x63, 0xFF,
  0x8F, 0x63, 0xFF, 0x90, 0x63, 0xFF, 0x90, 0x63, 0xFF, 0x8F, 0x63, 0xFF, 0x8F, 0x63, 0xFF, 0x6F,
  0x63, 0xFF, 0x6F, 0x63, 0xFF, 0x6F, 0x63, 0xFF, 0x6F, 0x63, 0xFF, 0x4F, 0x63, 0xFF, 0x2E, 0x5B,
  0xFF, 0x4E, 0x5B, 0xFF, 0x6F, 0x63, 0xFF, 0x6F, 0x63, 0xFF, 0x6F, 0x63, 0xFF, 0x6F, 0x63, 0xFF,
  0x6F, 0x63, 0xFF, 0x6F, 0x63, 0xFF, 0x6F, 0x63, 0xFF, 0x6F, 0x63, 0xFF, 0x4F, 0x63, 0xFF, 0x6F,
  0x63, 0xFF, 0x6F, 0x63, 0xFF, 0xCD, 0x52, 0xFF, 0x82, 0x10, 0xD2, 0x00, 0x00, 0x0C, 0x20, 0x00,
  0x00, 0x20, 0x00, 0x00, 0x20, 0x00, 0x00, 0x20, 0x00, 0x00, 0x40, 0x08, 0x00, 0x40, 0x08, 0x00,
  0x40, 0x08, 0x00, 0x40, 0x08, 0x00, 0x00, 0x00, 0x02, 0xA2, 0x10, 0xBC, 0xD1, 0x6B, 0xFF, 0x12,
  0x74, 0xFF, 0xD1, 0x6B, 0xFF, 0xD1, 0x73, 0xFF, 0xF1, 0x73, 0xFF, 0xF1, 0x73, 0xFF, 0xF1, 0x73,
  0xFF, 0xF1, 0x73, 0xFF, 0xD1, 0x73, 0xFF, 0xD1, 0x73, 0xFF, 0xF1, 0x73, 0xFF, 0x11, 0x74, 0xFF,
  0xB0, 0x6B, 0xFF, 0x2E, 0x5B, 0xFF, 0x4F, 0x5B, 0xFF, 0x2E, 0x5B, 0xFF, 0xAC, 0x4A, 0xFF, 0xAC,
  0x4A, 0xFF, 0xCC, 0x4A, 0xFF, 0xAC, 0x4A, 0xFF, 0xAC, 0x4A, 0xFF, 0xAC, 0x4A, 0xFF, 0xAC, 0x4A,
  0xFF, 0xAC, 0x4A, 0xFF, 0xAC, 0x4A, 0xFF, 0xAC, 0x4A, 0xFF, 0xAC, 0x4A, 0xFF, 0xAC, 0x4A, 0xFF,
  0xAC, 0x4A, 0xFF, 0xAC, 0x4A, 0xFF, 0xAC, 0x4A, 0xFF, 0xAC, 0x4A, 0xFF, 0xAC, 0x4A, 0xFF, 0xED,
  0x52, 0xFF, 0x0D, 0x5B, 0xFF, 0x4E, 0x5B, 0xFF, 0x6F, 0x63, 0xFF, 0x4E, 0x5B, 0xFF, 0x4F, 0x63,
  0xFF, 0x4F, 0x63, 0xFF, 0x6F, 0x63, 0xFF, 0x6F, 0x63, 0xFF, 0x6F, 0x63, 0xFF, 0x6F, 0x63, 0xFF,
  0x6F, 0x63, 0xFF, 0x6F, 0x63, 0xFF, 0x4F, 0x63, 0xFF, 0x6F, 0x63, 0xFF, 0x6F, 0x63, 0xFF, 0x6F,
  0x63, 0xFF, 0x6F, 0x63, 0xFF, 0x4F, 0x63, 0xFF, 0x4F, 0x63, 0xFF, 0x6F, 0x63, 0xFF, 0x4F, 0x63,
  0xFF, 0x4F, 0x63, 0xFF, 0x6F, 0x63, 0xFF, 0x4F, 0x63, 0xFF, 0x4F, 0x63, 0xFF, 0x4F, 0x63, 0xFF,
  0x6F, 0x63, 0xFF, 0x4F, 0x63, 0xFF, 0x4F, 0x5B, 0xFF, 0x4F, 0x63, 0xFF, 0x6F, 0x63, 0xFF, 0x6F,
  0x63, 0xFF, 0x6F, 0x63, 0xFF, 0x4F, 0x63, 0xFF, 0xED, 0x52, 0xFF, 0xCD, 0x52, 0xFF, 0xAC, 0x4A,
  0xFF, 0xAC, 0x4A, 0xFF, 0xAC, 0x4A, 0xFF, 0xAC, 0x4A, 0xFF, 0xAC, 0x4A, 0xFF, 0xAC, 0x4A, 0xFF,
  0xAC, 0x4A, 0xFF, 0xAC, 0x4A, 0xFF, 0xAC, 0x4A, 0xFF, 0xAC, 0x4A, 0xFF, 0xAC, 0x4A, 0xFF, 0xAC,
  0x4A, 0xFF, 0xAC, 0x4A, 0xFF, 0xAC, 0x4A, 0xFF, 0xAC, 0x4A, 0xFF, 0xAC, 0x4A, 0xFF, 0x8C, 0x4A,
  0xFF, 0xED, 0x52, 0xFF, 0x4E, 0x5B, 0xFF, 0x2E, 0x5B, 0xFF, 0x90, 0x63, 0xFF, 0xB0, 0x6B, 0xFF,
  0xB0, 0x6B, 0xFF, 0xB0, 0x6B, 0xFF, 0xB0, 0x6B, 0xFF, 0xB0, 0x6B, 0xFF, 0xB0, 0x6B, 0xFF, 0xB0,
  0x6B, 0xFF, 0xB0, 0x6B, 0xFF, 0xB0, 0x6B, 0xFF, 0xB0, 0x6B, 0xFF, 0xD1, 0x6B, 0xFF, 0x0E, 0x53,
  0xFF, 0x82, 0x10, 0xDC, 0x40, 0x08, 0x10, 0x82, 0x10, 0x00, 0x82, 0x10, 0x00, 0x82, 0x10, 0x00,
  0x82, 0x10, 0x00, 0xA2, 0x10, 0x00, 0xA2, 0x10, 0x00, 0xA2, 0x10, 0x00, 0xA2, 0x10, 0x00, 0xA2,
  0x10, 0x06, 0x82, 0x10, 0xC6, 0x04, 0x19, 0xFF, 0x25, 0x21, 0xFF, 0x45, 0x21, 0xFF, 0x45, 0x21,
  0xFF, 0x45, 0x21, 0xFF, 0x65, 0x29, 0xFF, 0x66, 0x29, 0xFF, 0x66, 0x29, 0xFF, 0x66, 0x29, 0xFF,
  0x66, 0x29, 0xFF, 0x65, 0x29, 0xFF, 0x45, 0x21, 0xFF, 0xCB, 0x52, 0xFF, 0x90, 0x6B, 0xFF, 0x4F,
  0x5B, 0xFF, 0x2A, 0x3A, 0xFF, 0x87, 0x29, 0xFF, 0xC8, 0x31, 0xFF, 0xA8, 0x29, 0xFF, 0xA7, 0x29,
  0xFF, 0x87, 0x29, 0xFF, 0x87, 0x29, 0xFF, 0xA8, 0x29, 0xFF, 0xC8, 0x31, 0xFF, 0xA8, 0x29, 0xFF,
  0xA8, 0x29, 0xFF, 0xA8, 0x29, 0xFF, 0xA8, 0x29, 0xFF, 0xA8, 0x29, 0xFF, 0xA8, 0x29, 0xFF, 0xC8,
  0x31, 0xFF, 0xC8, 0x31, 0xFF, 0x09, 0x3A, 0xFF, 0xA7, 0x29, 0xFF, 0x67, 0x29, 0xFF, 0x46, 0x21,
  0xFF, 0x25, 0x21, 0xFF, 0x25, 0x21, 0xFF, 0x25, 0x21, 0xFF, 0x25, 0x21, 0xFF, 0x25, 0x21, 0xFF,
  0x25, 0x21, 0xFF, 0x25, 0x21, 0xFF, 0x25, 0x21, 0xFF, 0x25, 0x21, 0xFF, 0x25, 0x21, 0xFF, 0x25,
  0x21, 0xFF, 0x25, 0x21, 0xFF, 0x25, 0x21, 0xFF, 0x25, 0x21, 0xFF, 0x25, 0x21, 0xFF, 0x25, 0x21,
  0xFF, 0x25, 0x21, 0xFF, 0x25, 0x21, 0xFF, 0x25, 0x21, 0xFF, 0x25, 0x21, 0xFF, 0x25, 0x21, 0xFF,
  0x25, 0x21, 0xFF, 0x25, 0x21, 0xFF, 0x25, 0x21, 0xFF, 0x25, 0x21, 0xFF, 0x25, 0x21, 0xFF, 0x25,
  0x21, 0xFF, 0x25, 0x21, 0xFF, 0x25, 0x21, 0xFF, 0x25, 0x21, 0xFF, 0x25, 0x21, 0xFF, 0x46, 0x21,
  0xFF, 0xE9, 0x31, 0xFF, 0x67, 0x21, 0xFF, 0x67, 0x21, 0xFF, 0xA7, 0x29, 0xFF, 0xA8, 0x29, 0xFF,
  0xA8, 0x29, 0xFF, 0xA8, 0x29, 0xFF, 0xA7, 0x29, 0xFF, 0xA7, 0x29, 0xFF, 0x87, 0x29, 0xFF, 0xA7,
  0x29, 0xFF, 0xA8, 0x29, 0xFF, 0xA8, 0x29, 0xFF, 0xA8, 0x29, 0xFF, 0xC8, 0x29, 0xFF, 0xC8, 0x31,
  0xFF, 0xE8, 0x31, 0xFF, 0xE9, 0x31, 0xFF, 0xE8, 0x31, 0xFF, 0xA8, 0x29, 0xFF, 0xED, 0x52, 0xFF,
  0xF1, 0x73, 0xFF, 0xCC, 0x52, 0xFF, 0xC3, 0x10, 0xFF, 0xE4, 0x10, 0xFF, 0xE4, 0x18, 0xFF, 0xE4,
  0x18, 0xFF, 0x04, 0x19, 0xFF, 0xE4, 0x18, 0xFF, 0xE4, 0x18, 0xFF, 0xE4, 0x18, 0xFF, 0xE4, 0x18,
  0xFF, 0x04, 0x19, 0xFF, 0xE4, 0x10, 0xFF, 0xA3, 0x08, 0xFF, 0x61, 0x08, 0xEA, 0xA6, 0x31, 0x16,
  0xE8, 0x39, 0x00, 0xC7, 0x31, 0x00, 0xC7, 0x31, 0x00, 0xC7, 0x31, 0x00, 0xA2, 0x10, 0x00, 0xA2,
  0x10, 0x00, 0xA2, 0x10, 0x00, 0xA2, 0x10, 0x00, 0x82, 0x08, 0x0A, 0xA2, 0x10, 0xCE, 0xE7, 0x49,
  0xFF, 0xE7, 0x41, 0xFF, 0x04, 0x29, 0xFF, 0x04, 0x29, 0xFF, 0x04, 0x29, 0xFF, 0x04, 0x29, 0xFF,
  0x04, 0x29, 0xFF, 0xE4, 0x28, 0xFF, 0xE3, 0x20, 0xFF, 0xC3, 0x20, 0xFF, 0xE3, 0x20, 0xFF, 0x20,
  0x08, 0xFF, 0xC3, 0x18, 0xFF, 0x32, 0x7C, 0xFF, 0x90, 0x63, 0xFF, 0xB0, 0x6B, 0xFF, 0xD1, 0x73,
  0xFF, 0xD1, 0x73, 0xFF, 0xD1, 0x73, 0xFF, 0xD1, 0x73, 0xFF, 0xD1, 0x73, 0xFF, 0xD1, 0x73, 0xFF,
  0xD1, 0x73, 0xFF, 0xD1, 0x73, 0xFF, 0xD1, 0x73, 0xFF, 0xD1, 0x73, 0xFF, 0xD1, 0x73, 0xFF, 0xD1,
  0x73, 0xFF, 0xD1, 0x73, 0xFF, 0xD1, 0x73, 0xFF, 0xD1, 0x73, 0xFF, 0xD1, 0x73, 0xFF, 0x12, 0x7C,
  0xFF, 0x4F, 0x5B, 0xFF, 0x66, 0x21, 0xFF, 0x00, 0x00, 0xFF, 0x00, 0x00, 0xFF, 0x00, 0x00, 0xFF,
  0x00, 0x00, 0xFF, 0x00, 0x00, 0xFF, 0x00, 0x00, 0xFF, 0x00, 0x00, 0xFF, 0x00, 0x00, 0xFF, 0x00,
  0x00, 0xFF, 0x00, 0x00, 0xFF, 0x00, 0x00, 0xFF, 0x00, 0x00, 0xFF, 0x00, 0x00, 0xFF, 0x00, 0x00,
  0xFF, 0x00, 0x00, 0xFF, 0x00, 0x00, 0xFF, 0x00, 0x00, 0xFF, 0x00, 0x00, 0xFF, 0x00, 0x00, 0xFF,
  0x00, 0x00, 0xFF, 0x00, 0x00, 0xFF, 0x00, 0x00, 0xFF, 0x00, 0x00, 0xFF, 0x00, 0x00, 0xFF, 0x00,
  0x00, 0xFF, 0x00, 0x00, 0xFF, 0x00, 0x00, 0xFF, 0x00, 0x00, 0xFF, 0x00, 0x00, 0xFF, 0x00, 0x00,
  0xFF, 0x00, 0x00, 0xFF, 0x00, 0x00, 0xFF, 0x00, 0x00, 0xFF, 0x25, 0x21, 0xFF, 0xCD, 0x4A, 0xFF,
  0xD1, 0x6B, 0xFF, 0xF1, 0x73, 0xFF, 0xB0, 0x6B, 0xFF, 0xD0, 0x6B, 0xFF, 0xD0, 0x6B, 0xFF, 0xD0,
  0x6B, 0xFF, 0xD0, 0x6B, 0xFF, 0xD0, 0x6B, 0xFF, 0xD0, 0x6B, 0xFF, 0xD1, 0x6B, 0xFF, 0xD0, 0x6B,
  0xFF, 0xD1, 0x6B, 0xFF, 0xD1, 0x6B, 0xFF, 0xD1, 0x6B, 0xFF, 0xD1, 0x73, 0xFF, 0xD1, 0x73, 0xFF,
  0xD1, 0x73, 0xFF, 0xB0, 0x6B, 0xFF, 0x90, 0x6B, 0xFF, 0x12, 0x7C, 0xFF, 0x45, 0x21, 0xFF, 0x41,
  0x08, 0xFF, 0x04, 0x29, 0xFF, 0xE3, 0x20, 0xFF, 0x04, 0x29, 0xFF, 0x24, 0x29, 0xFF, 0x24, 0x31,
  0xFF, 0x24, 0x31, 0xFF, 0x24, 0x31, 0xFF, 0x24, 0x31, 0xFF, 0x24, 0x31, 0xFF, 0x08, 0x4A, 0xFF,
  0x28, 0x52, 0xFF, 0x61, 0x10, 0xF4, 0xC3, 0x10, 0x20, 0x24, 0x21, 0x00, 0x04, 0x19, 0x00, 0x04,
  0x19, 0x00, 0x04, 0x19, 0x00, 0x21, 0x00, 0x00, 0x21, 0x00, 0x00, 0x21, 0x00, 0x00, 0x21, 0x00,
  0x00, 0x00, 0x00, 0x0A, 0xA2, 0x10, 0xCF, 0x51, 0x9C, 0xFF, 0x31, 0x94, 0xFF, 0xCB, 0x6A, 0xFF,
  0xCB, 0x62, 0xFF, 0xCB, 0x6A, 0xFF, 0xCB, 0x6A, 0xFF, 0xAA, 0x62, 0xFF, 0x8A, 0x5A, 0xFF, 0x6A,
  0x5A, 0xFF, 0x29, 0x4A, 0xFF, 0x6A, 0x52, 0xFF, 0x86, 0x39, 0xFF, 0x45, 0x29, 0xFF, 0x11, 0x74,
  0xFF, 0x2E, 0x5B, 0xFF, 0x6F, 0x63, 0xFF, 0x6F, 0x63, 0xFF, 0x4F, 0x63, 0xFF, 0x4F, 0x63, 0xFF,
  0x4F, 0x63, 0xFF, 0x4F, 0x63, 0xFF, 0x4F, 0x63, 0xFF, 0x4F, 0x63, 0xFF, 0x4F, 0x63, 0xFF, 0x4F,
  0x63, 0xFF, 0x4F, 0x63, 0xFF, 0x4F, 0x63, 0xFF, 0x4F, 0x63, 0xFF, 0x4F, 0x63, 0xFF, 0x4F, 0x63,
  0xFF, 0x4F, 0x5B, 0xFF, 0x4F, 0x63, 0xFF, 0x8F, 0x63, 0xFF, 0x4A, 0x3A, 0xFF, 0x00, 0x00, 0xFF,
  0x00, 0x00, 0xFF, 0x00, 0x00, 0xFF, 0x00, 0x00, 0xFF, 0x00, 0x00, 0xFF, 0x00, 0x00, 0xFF, 0x00,
  0x00, 0xFF, 0x00, 0x00, 0xFF, 0x00, 0x00, 0xFF, 0x00, 0x00, 0xFF, 0x00, 0x00, 0xFF, 0x00, 0x00,
  0xFF, 0x00, 0x00, 0xFF, 0x00, 0x00, 0xFF, 0x00, 0x00, 0xFF, 0x00, 0x00, 0xFF, 0x00, 0x00, 0xFF,
  0x00, 0x00, 0xFF, 0x00, 0x00, 0xFF, 0x00, 0x00, 0xFF, 0x00, 0x00, 0xFF, 0x00, 0x00, 0xFF, 0x00,
  0x00, 0xFF, 0x00, 0x00, 0xFF, 0x00, 0x00, 0xFF, 0x00, 0x00, 0xFF, 0x00, 0x00, 0xFF, 0x00, 0x00,
  0xFF, 0x00, 0x00, 0xFF, 0x00, 0x00, 0xFF, 0x00, 0x00, 0xFF, 0x00, 0x00, 0xFF, 0x00, 0x00, 0xFF,
  0x00, 0x00, 0xFF, 0x00, 0x00, 0xFF, 0x26, 0x19, 0xFF, 0x90, 0x6B, 0xFF, 0x6F, 0x63, 0xFF, 0x4E,
  0x5B, 0xFF, 0x4E, 0x5B, 0xFF, 0x4E, 0x5B, 0xFF, 0x4F, 0x63, 0xFF, 0x4E, 0x5B, 0xFF, 0x4E, 0x5B,
  0xFF, 0x4E, 0x5B, 0xFF, 0x4F, 0x63, 0xFF, 0x4F, 0x5B, 0xFF, 0x4F, 0x5B, 0xFF, 0x4E, 0x5B, 0xFF,
  0x4F, 0x5B, 0xFF, 0x4F, 0x5B, 0xFF, 0x4E, 0x5B, 0xFF, 0x4E, 0x5B, 0xFF, 0x4F, 0x5B, 0xFF, 0x4E,
  0x5B, 0xFF, 0x90, 0x63, 0xFF, 0x05, 0x19, 0xFF, 0x65, 0x39, 0xFF, 0x6A, 0x5A, 0xFF, 0x49, 0x52,
  0xFF, 0x8A, 0x62, 0xFF, 0xAA, 0x62, 0xFF, 0xAB, 0x62, 0xFF, 0xAB, 0x62, 0xFF, 0xAB, 0x6A, 0xFF,
  0xAA, 0x62, 0xFF, 0xAA, 0x62, 0xFF, 0x52, 0x9C, 0xFF, 0x51, 0xA4, 0xFF, 0x81, 0x18, 0xF7, 0x20,
  0x00, 0x22, 0x82, 0x08, 0x00, 0x82, 0x08, 0x00, 0x82, 0x08, 0x00, 0x82, 0x08, 0x00, 0x61, 0x08,
  0x00, 0x61, 0x08, 0x00, 0x61, 0x08, 0x00, 0x61, 0x08, 0x00, 0x21, 0x00, 0x0B, 0xA2, 0x10, 0xD0,
  0x8E, 0x83, 0xFF, 0x6E, 0x7B, 0xFF, 0x49, 0x5A, 0xFF, 0x69, 0x5A, 0xFF, 0x69, 0x5A, 0xFF, 0x69,
  0x5A, 0xFF, 0x49, 0x52, 0xFF, 0x29, 0x52, 0xFF, 0x08, 0x4A, 0xFF, 0xE8, 0x41, 0xFF, 0x08, 0x4A,
  0xFF, 0x45, 0x31, 0xFF, 0x65, 0x29, 0xFF, 0xB0, 0x6B, 0xFF, 0xED, 0x52, 0xFF, 0x0D, 0x5B, 0xFF,
  0x0D, 0x53, 0xFF, 0x0E, 0x53, 0xFF, 0x0E, 0x5B, 0xFF, 0x0E, 0x53, 0xFF, 0x0E, 0x5B, 0xFF, 0x0D,
  0x5B, 0xFF, 0x0D, 0x53, 0xFF, 0x0D, 0x53, 0xFF, 0x0D, 0x53, 0xFF, 0x0D, 0x53, 0xFF, 0x0D, 0x5B,
  0xFF, 0x0E, 0x53, 0xFF, 0x0D, 0x53, 0xFF, 0x0D, 0x53, 0xFF, 0x0D, 0x53, 0xFF, 0x0E, 0x53, 0xFF,
  0x4F, 0x63, 0xFF, 0x87, 0x29, 0xFF, 0x00, 0x00, 0xFF, 0x00, 0x00, 0xFF, 0x00, 0x00, 0xFF, 0x00,
  0x00, 0xFF, 0x00, 0x00, 0xFF, 0x00, 0x00, 0xFF, 0x00, 0x00, 0xFF, 0x00, 0x00, 0xFF, 0x00, 0x00,
  0xFF, 0x00, 0x00, 0xFF, 0x00, 0x00, 0xFF, 0x00, 0x00, 0xFF, 0x00, 0x00, 0xFF, 0x00, 0x00, 0xFF,
  0x00, 0x00, 0xFF, 0x00, 0x00, 0xFF, 0x00, 0x00, 0xFF, 0x00, 0x00, 0xFF, 0x00, 0x00, 0xFF, 0x00,
  0x00, 0xFF, 0x00, 0x00, 0xFF, 0x00, 0x00, 0xFF, 0x00, 0x00, 0xFF, 0x00, 0x00, 0xFF, 0x00, 0x00,
  0xFF, 0x00, 0x00, 0xFF, 0x00, 0x00, 0xFF, 0x00, 0x00, 0xFF, 0x00, 0x00, 0xFF, 0x00, 0x00, 0xFF,
  0x00, 0x00, 0xFF, 0x00, 0x00, 0xFF, 0x00, 0x00, 0xFF, 0x00, 0x00, 0xFF, 0x00, 0x00, 0xFF, 0x83,
  0x08, 0xFF, 0x4F, 0x5B, 0xFF, 0x0E, 0x5B, 0xFF, 0xED, 0x52, 0xFF, 0x0D, 0x53, 0xFF, 0x0D, 0x53,
  0xFF, 0x0D, 0x53, 0xFF, 0x0D, 0x53, 0xFF, 0x0D, 0x53, 0xFF, 0x0D, 0x53, 0xFF, 0x0D, 0x53, 0xFF,
  0x0D, 0x53, 0xFF, 0x0D, 0x53, 0xFF, 0x0D, 0x53, 0xFF, 0x0D, 0x53, 0xFF, 0x0D, 0x53, 0xFF, 0x0D,
  0x53, 0xFF, 0x0D, 0x53, 0xFF, 0x0D, 0x53, 0xFF, 0x0D, 0x53, 0xFF, 0x4F, 0x5B, 0xFF, 0x25, 0x21,
  0xFF, 0x25, 0x31, 0xFF, 0x09, 0x4A, 0xFF, 0x08, 0x4A, 0xFF, 0x29, 0x52, 0xFF, 0x49, 0x52, 0xFF,
  0x49, 0x52, 0xFF, 0x49, 0x5A, 0xFF, 0x49, 0x5A, 0xFF, 0x49, 0x52, 0xFF, 0x49, 0x5A, 0xFF, 0x8F,
  0x83, 0xFF, 0x8E, 0x83, 0xFF, 0x81, 0x10, 0xF9, 0x25, 0x19, 0x25, 0xA7, 0x31, 0x00, 0x87, 0x29,
  0x00, 0x87, 0x29, 0x00, 0x87, 0x29, 0x00, 0x61, 0x08, 0x00, 0x61, 0x08, 0x00, 0x61, 0x08, 0x00,
  0x61, 0x08, 0x00, 0x21, 0x00, 0x0C, 0xA2, 0x10, 0xD3, 0x6E, 0x7B, 0xFF, 0x6E, 0x7B, 0xFF, 0x49,
  0x5A, 0xFF, 0x69, 0x5A, 0xFF, 0x69, 0x5A, 0xFF, 0x69, 0x5A, 0xFF, 0x49, 0x52, 0xFF, 0x29, 0x52,
  0xFF, 0x08, 0x4A, 0xFF, 0xE8, 0x41, 0xFF, 0x08, 0x4A, 0xFF, 0x45, 0x31, 0xFF, 0x45, 0x29, 0xFF,
  0xB0, 0x6B, 0xFF, 0xED, 0x52, 0xFF, 0x2E, 0x5B, 0xFF, 0x0E, 0x5B, 0xFF, 0x0E, 0x5B, 0xFF, 0x0E,
  0x5B, 0xFF, 0x2E, 0x5B, 0xFF, 0x2E, 0x5B, 0xFF, 0x2E, 0x5B, 0xFF, 0x2E, 0x5B, 0xFF, 0x0E, 0x5B,
  0xFF, 0x0E, 0x5B, 0xFF, 0x0E, 0x5B, 0xFF, 0x0E, 0x5B, 0xFF, 0x0E, 0x5B, 0xFF, 0x0E, 0x5B, 0xFF,
  0x0E, 0x5B, 0xFF, 0x0E, 0x5B, 0xFF, 0x2E, 0x5B, 0xFF, 0x4F, 0x63, 0xFF, 0xE9, 0x39, 0xFF, 0x21,
  0x00, 0xFF, 0x00, 0x00, 0xFF, 0x62, 0x08, 0xFF, 0x62, 0x08, 0xFF, 0x62, 0x08, 0xFF, 0x62, 0x08,
  0xFF, 0x04, 0x21, 0xFF, 0x45, 0x29, 0xFF, 0x24, 0x21, 0xFF, 0x24, 0x21, 0xFF, 0x24, 0x21, 0xFF,
  0x45, 0x29, 0xFF, 0x45, 0x29, 0xFF, 0x45, 0x29, 0xFF, 0x24, 0x21, 0xFF, 0x24, 0x21, 0xFF, 0x24,
  0x21, 0xFF, 0x45, 0x29, 0xFF, 0x24, 0x21, 0xFF, 0x24, 0x21, 0xFF, 0x45, 0x29, 0xFF, 0x24, 0x21,
  0xFF, 0x24, 0x21, 0xFF, 0x45, 0x29, 0xFF, 0x24, 0x21, 0xFF, 0x24, 0x21, 0xFF, 0x45, 0x29, 0xFF,
  0x45, 0x29, 0xFF, 0x24, 0x21, 0xFF, 0x45, 0x29, 0xFF, 0x45, 0x29, 0xFF, 0x24, 0x21, 0xFF, 0x04,
  0x21, 0xFF, 0x20, 0x00, 0xFF, 0x00, 0x00, 0xFF, 0xE5, 0x10, 0xFF, 0x4F, 0x5B, 0xFF, 0x4E, 0x5B,
  0xFF, 0x0D, 0x53, 0xFF, 0x0E, 0x5B, 0xFF, 0x0E, 0x5B, 0xFF, 0x0E, 0x5B, 0xFF, 0x0E, 0x5B, 0xFF,
  0x0E, 0x5B, 0xFF, 0x0E, 0x5B, 0xFF, 0x0E, 0x5B, 0xFF, 0x0E, 0x5B, 0xFF, 0x0E, 0x5B, 0xFF, 0x0E,
  0x5B, 0xFF, 0x0E, 0x5B, 0xFF, 0x0E, 0x5B, 0xFF, 0x0E, 0x5B, 0xFF, 0x0E, 0x5B, 0xFF, 0x0E, 0x5B,
  0xFF, 0x0E, 0x5B, 0xFF, 0x6F, 0x63, 0xFF, 0x25, 0x21, 0xFF, 0x24, 0x31, 0xFF, 0x29, 0x4A, 0xFF,
  0x08, 0x4A, 0xFF, 0x29, 0x52, 0xFF, 0x49, 0x52, 0xFF, 0x49, 0x52, 0xFF, 0x49, 0x5A, 0xFF, 0x49,
  0x5A, 0xFF, 0x49, 0x5A, 0xFF, 0x49, 0x5A, 0xFF, 0x8E, 0x83, 0xFF, 0x8E, 0x83, 0xFF, 0x81, 0x10,
  0xFF, 0x87, 0x29, 0x2D, 0x4A, 0x42, 0x00, 0x09, 0x3A, 0x00, 0x09, 0x3A, 0x00, 0x09, 0x3A, 0x00,
  0x41, 0x00, 0x00, 0x41, 0x00, 0x00, 0x41, 0x00, 0x00, 0x41, 0x00, 0x00, 0x20, 0x00, 0x0E, 0x82,
  0x10, 0xD6, 0x8E, 0x83, 0xFF, 0x8F, 0x83, 0xFF, 0x49, 0x5A, 0xFF, 0x49, 0x5A, 0xFF, 0x69, 0x5A,
  0xFF, 0x69, 0x5A, 0xFF, 0x8A, 0x5A, 0xFF, 0x49, 0x52, 0xFF, 0x08, 0x4A, 0xFF, 0xC7, 0x41, 0xFF,
  0xE8, 0x49, 0xFF, 0x25, 0x31, 0xFF, 0x45, 0x29, 0xFF, 0xB0, 0x6B, 0xFF, 0xED, 0x52, 0xFF, 0x2E,
  0x5B, 0xFF, 0x0E, 0x5B, 0xFF, 0x0E, 0x5B, 0xFF, 0x0E, 0x5B, 0xFF, 0x2E, 0x5B, 0xFF, 0x2E, 0x5B,
  0xFF, 0x2E, 0x5B, 0xFF, 0x2E, 0x5B, 0xFF, 0x0E, 0x5B, 0xFF, 0x0E, 0x5B, 0xFF, 0x0E, 0x5B, 0xFF,
  0x0E, 0x5B, 0xFF, 0x0E, 0x5B, 0xFF, 0x0E, 0x5B, 0xFF, 0x0E, 0x5B, 0xFF, 0x0E, 0x5B, 0xFF, 0x2E,
  0x5B, 0xFF, 0x0E, 0x5B, 0xFF, 0x2A, 0x42, 0xFF, 0x8B, 0x42, 0xFF, 0x66, 0x29, 0xFF, 0x2E, 0x1A,
  0xFF, 0xB4, 0x12, 0xFF, 0xB0, 0x01, 0xFF, 0xF3, 0x3A, 0xFF, 0x9E, 0xEF, 0xFF, 0xFF, 0xFF, 0xFF,
  0xDF, 0xFF, 0xFF, 0xBE, 0xF7, 0xFF, 0xBE, 0xF7, 0xFF, 0xFF, 0xFF, 0xFF, 0x9E, 0xF7, 0xFF, 0x9E,
  0xF7, 0xFF, 0xFF, 0xFF, 0xFF, 0x9E, 0xF7, 0xFF, 0xDF, 0xFF, 0xFF, 0xBE, 0xF7, 0xFF, 0xDF, 0xFF,
  0xFF, 0xDF, 0xFF, 0xFF, 0xBE, 0xF7, 0xFF, 0xDF, 0xFF, 0xFF, 0xDF, 0xFF, 0xFF, 0x7D, 0xEF, 0xFF,
  0x5D, 0xEF, 0xFF, 0xFF, 0xFF, 0xFF, 0x9E, 0xF7, 0xFF, 0x5D, 0xEF, 0xFF, 0x9E, 0xF7, 0xFF, 0xFF,
  0xFF, 0xFF, 0xDF, 0xFF, 0xFF, 0xDF, 0xFF, 0xFF, 0x3C, 0xE7, 0xFF, 0x46, 0x21, 0xFF, 0xC9, 0x29,
  0xFF, 0x6B, 0x42, 0xFF, 0xAC, 0x4A, 0xFF, 0x6F, 0x63, 0xFF, 0x0D, 0x53, 0xFF, 0x0E, 0x5B, 0xFF,
  0x0E, 0x5B, 0xFF, 0x0E, 0x5B, 0xFF, 0x0E, 0x5B, 0xFF, 0x0E, 0x5B, 0xFF, 0x0E, 0x5B, 0xFF, 0x0E,
  0x5B, 0xFF, 0x0E, 0x5B, 0xFF, 0x0E, 0x5B, 0xFF, 0x0E, 0x5B, 0xFF, 0x0E, 0x5B, 0xFF, 0x0E, 0x5B,
  0xFF, 0x0E, 0x5B, 0xFF, 0x0E, 0x5B, 0xFF, 0x0E, 0x5B, 0xFF, 0x0D, 0x5B, 0xFF, 0x6F, 0x5B, 0xFF,
  0x25, 0x19, 0xFF, 0x04, 0x29, 0xFF, 0x08, 0x4A, 0xFF, 0xE8, 0x49, 0xFF, 0x08, 0x52, 0xFF, 0x49,
  0x5A, 0xFF, 0x8A, 0x62, 0xFF, 0x49, 0x5A, 0xFF, 0x49, 0x5A, 0xFF, 0x28, 0x5A, 0xFF, 0x28, 0x5A,
  0xFF, 0x8F, 0x83, 0xFF, 0x6D, 0x83, 0xFF, 0x61, 0x10, 0xFE, 0x87, 0x29, 0x2C, 0x29, 0x42, 0x00,
  0x09, 0x3A, 0x00, 0x09, 0x3A, 0x00, 0x09, 0x3A, 0x00, 0xA2, 0x10, 0x00, 0xA2, 0x10, 0x00, 0xA2,
  0x10, 0x00, 0xA2, 0x10, 0x00, 0xC3, 0x10, 0x0E, 0x41, 0x08, 0xD8, 0xC3, 0x18, 0xFF, 0xE4, 0x20,
  0xFF, 0x41, 0x10, 0xFF, 0x41, 0x10, 0xFF, 0x61, 0x10, 0xFF, 0x61, 0x10, 0xFF, 0xC3, 0x18, 0xFF,
  0x82, 0x10, 0xFF, 0x21, 0x08, 0xFF, 0x21, 0x08, 0xFF, 0x21, 0x08, 0xFF, 0x00, 0x00, 0xFF, 0x45,
  0x29, 0xFF, 0xD0, 0x73, 0xFF, 0x0D, 0x53, 0xFF, 0x0E, 0x5B, 0xFF, 0x0E, 0x5B, 0xFF, 0x0E, 0x5B,
  0xFF, 0x0E, 0x5B, 0xFF, 0x2E, 0x5B, 0xFF, 0x2E, 0x5B, 0xFF, 0x2E, 0x5B, 0xFF, 0x2E, 0x5B, 0xFF,
  0x2E, 0x5B, 0xFF, 0x2E, 0x5B, 0xFF, 0x0E, 0x5B, 0xFF, 0x0E, 0x5B, 0xFF, 0x0E, 0x5B, 0xFF, 0x0E,
  0x5B, 0xFF, 0x0E, 0x5B, 0xFF, 0x0E, 0x5B, 0xFF, 0x2E, 0x5B, 0xFF, 0x0E, 0x5B, 0xFF, 0x09, 0x3A,
  0xFF, 0x90, 0x63, 0xFF, 0x8B, 0x4A, 0xFF, 0xEE, 0x11, 0xFF, 0xB5, 0x0A, 0xFF, 0x90, 0x01, 0xFF,
  0x56, 0x43, 0xFF, 0x1C, 0xDF, 0xFF, 0xD2, 0x9C, 0xFF, 0xBA, 0xD6, 0xFF, 0x92, 0x94, 0xFF, 0x59,
  0xCE, 0xFF, 0x8E, 0x73, 0xFF, 0x30, 0x84, 0xFF, 0x30, 0x84, 0xFF, 0x59, 0xCE, 0xFF, 0xFF, 0xFF,
  0xFF, 0x96, 0xB5, 0xFF, 0xEF, 0x7B, 0xFF, 0x3C, 0xE7, 0xFF, 0x59, 0xCE, 0xFF, 0x8A, 0x52, 0xFF,
  0x9E, 0xF7, 0xFF, 0x34, 0xA5, 0xFF, 0x6D, 0x6B, 0xFF, 0x3C, 0xE7, 0xFF, 0x9A, 0xD6, 0xFF, 0x8A,
  0x52, 0xFF, 0x34, 0xA5, 0xFF, 0xFF, 0xFF, 0xFF, 0x10, 0x84, 0xFF, 0xCF, 0x7B, 0xFF, 0xFF, 0xFF,
  0xFF, 0x7D, 0xEF, 0xFF, 0x2A, 0x3A, 0xFF, 0x70, 0x63, 0xFF, 0x8B, 0x4A, 0xFF, 0x8C, 0x4A, 0xFF,
  0x4F, 0x63, 0xFF, 0x0D, 0x53, 0xFF, 0x0E, 0x5B, 0xFF, 0x0E, 0x5B, 0xFF, 0x0E, 0x5B, 0xFF, 0x0E,
  0x5B, 0xFF, 0x0E, 0x5B, 0xFF, 0x0E, 0x5B, 0xFF, 0x0E, 0x5B, 0xFF, 0x0E, 0x5B, 0xFF, 0x0E, 0x5B,
  0xFF, 0x0E, 0x5B, 0xFF, 0x0E, 0x5B, 0xFF, 0x0E, 0x5B, 0xFF, 0x0E, 0x5B, 0xFF, 0x0E, 0x5B, 0xFF,
  0x0E, 0x53, 0xFF, 0x0D, 0x53, 0xFF, 0x70, 0x63, 0xFF, 0x46, 0x21, 0xFF, 0x20, 0x08, 0xFF, 0x82,
  0x10, 0xFF, 0x62, 0x10, 0xFF, 0x82, 0x18, 0xFF, 0xE3, 0x20, 0xFF, 0xC3, 0x20, 0xFF, 0x41, 0x10,
  0xFF, 0x41, 0x10, 0xFF, 0x61, 0x10, 0xFF, 0x82, 0x18, 0xFF, 0x25, 0x31, 0xFF, 0x24, 0x31, 0xFF,
  0x00, 0x00, 0xFE, 0xA7, 0x31, 0x2C, 0x09, 0x3A, 0x00, 0xE8, 0x39, 0x00, 0xE8, 0x39, 0x00, 0xE8,
  0x39, 0x00, 0xA2, 0x10, 0x00, 0xA2, 0x10, 0x00, 0xA2, 0x10, 0x00, 0xA2, 0x10, 0x00, 0x00, 0x00,
  0x0F, 0xE8, 0x39, 0xDA, 0xB6, 0xB5, 0xFF, 0x96, 0xAD, 0xFF, 0x75, 0xAD, 0xFF, 0x75, 0xAD, 0xFF,
  0x96, 0xAD, 0xFF, 0xB6, 0xB5, 0xFF, 0xAA, 0x52, 0xFF, 0xCF, 0x73, 0xFF, 0xD7, 0xB5, 0xFF, 0x34,
  0x9D, 0xFF, 0x55, 0xA5, 0xFF, 0xCF, 0x73, 0xFF, 0x65, 0x29, 0xFF, 0x6F, 0x63, 0xFF, 0x0E, 0x53,
  0xFF, 0x0E, 0x5B, 0xFF, 0x0E, 0x5B, 0xFF, 0x0E, 0x5B, 0xFF, 0x0E, 0x5B, 0xFF, 0x2E, 0x5B, 0xFF,
  0x2E, 0x5B, 0xFF, 0x2E, 0x5B, 0xFF, 0x2E, 0x5B, 0xFF, 0x2E, 0x5B, 0xFF, 0x2E, 0x5B, 0xFF, 0x2E,
  0x5B, 0xFF, 0x2E, 0x5B, 0xFF, 0x0E, 0x5B, 0xFF, 0x0E, 0x5B, 0xFF, 0x0E, 0x5B, 0xFF, 0x0E, 0x5B,
  0xFF, 0x2E, 0x5B, 0xFF, 0x0E, 0x5B, 0xFF, 0xE8, 0x31, 0xFF, 0x2E, 0x5B, 0xFF, 0x8B, 0x52, 0xFF,
  0xCD, 0x11, 0xFF, 0x73, 0x0A, 0xFF, 0x8F, 0x01, 0xFF, 0x14, 0x3B, 0xFF, 0xFB, 0xDE, 0xFF, 0x28,
  0x4A, 0xFF, 0xAE, 0x73, 0xFF, 0x28, 0x42, 0xFF, 0xAE, 0x73, 0xFF, 0x08, 0x42, 0xFF, 0x69, 0x4A,
  0xFF, 0xC7, 0x39, 0xFF, 0xEF, 0x7B, 0xFF, 0xFF, 0xFF, 0xFF, 0xEB, 0x5A, 0xFF, 0x82, 0x10, 0xFF,
  0xCF, 0x7B, 0xFF, 0x4D, 0x6B, 0xFF, 0xEF, 0x7B, 0xFF, 0xAE, 0x73, 0xFF, 0xCB, 0x5A, 0xFF, 0x2C,
  0x63, 0xFF, 0x3C, 0xE7, 0xFF, 0xA6, 0x31, 0xFF, 0x34, 0xA5, 0xFF, 0xFF, 0xFF, 0xFF, 0x1C, 0xE7,
  0xFF, 0x04, 0x21, 0xFF, 0xC7, 0x39, 0xFF, 0xFF, 0xFF, 0xFF, 0x7D, 0xEF, 0xFF, 0x6B, 0x42, 0xFF,
  0x4F, 0x5B, 0xFF, 0x6B, 0x42, 0xFF, 0xAC, 0x4A, 0xFF, 0x4F, 0x5B, 0xFF, 0x0D, 0x53, 0xFF, 0x0E,
  0x5B, 0xFF, 0x0E, 0x5B, 0xFF, 0x0E, 0x5B, 0xFF, 0x0E, 0x5B, 0xFF, 0x0E, 0x5B, 0xFF, 0x0E, 0x5B,
  0xFF, 0x0E, 0x5B, 0xFF, 0x0E, 0x5B, 0xFF, 0x0E, 0x5B, 0xFF, 0x0E, 0x5B, 0xFF, 0x0E, 0x53, 0xFF,
  0x0E, 0x53, 0xFF, 0x0E, 0x53, 0xFF, 0x0E, 0x53, 0xFF, 0x0D, 0x53, 0xFF, 0x0D, 0x53, 0xFF, 0x0E,
  0x53, 0xFF, 0x86, 0x29, 0xFF, 0xB2, 0x94, 0xFF, 0xD7, 0xB5, 0xFF, 0x96, 0xAD, 0xFF, 0x58, 0xC6,
  0xFF, 0x92, 0x8C, 0xFF, 0xE7, 0x39, 0xFF, 0x34, 0xA5, 0xFF, 0xB6, 0xB5, 0xFF, 0x96, 0xAD, 0xFF,
  0xB6, 0xB5, 0xFF, 0xD6, 0xB5, 0xFF, 0x38, 0xC6, 0xFF, 0xC7, 0x39, 0xFE, 0xC3, 0x10, 0x2B, 0xC7,
  0x31, 0x00, 0xA7, 0x29, 0x00, 0xA7, 0x29, 0x00, 0xA7, 0x29, 0x00, 0x61, 0x08, 0x00, 0x61, 0x08,
  0x00, 0x61, 0x08, 0x00, 0x61, 0x08, 0x00, 0x00, 0x00, 0x10, 0xAB, 0x52, 0xDC, 0xFF, 0xFF, 0xFF,
  0xFF, 0xFF, 0xFF, 0xFF, 0xFF, 0xFF, 0xFF, 0xFF, 0xFF, 0xFF, 0xFF, 0xFF, 0xFF, 0xFF, 0xFF, 0x51,
  0x8C, 0xFF, 0xD7, 0xBD, 0xFF, 0xFF, 0xFF, 0xFF, 0xDF, 0xF7, 0xFF, 0xFF, 0xFF, 0xFF, 0x18, 0xBE,
  0xFF, 0x45, 0x21, 0xFF, 0x0D, 0x5B, 0xFF, 0x0E, 0x53, 0xFF, 0x0E, 0x5B, 0xFF, 0x0E, 0x5B, 0xFF,
  0x0E, 0x5B, 0xFF, 0x0E, 0x5B, 0xFF, 0x2E, 0x5B, 0xFF, 0x2E, 0x5B, 0xFF, 0x2E, 0x5B, 0xFF, 0x2E,
  0x5B, 0xFF, 0x2E, 0x5B, 0xFF, 0x2E, 0x5B, 0xFF, 0x2E, 0x5B, 0xFF, 0x2E, 0x5B, 0xFF, 0x0E, 0x5B,
  0xFF, 0x0E, 0x5B, 0xFF, 0x0E, 0x5B, 0xFF, 0x0E, 0x5B, 0xFF, 0x2E, 0x5B, 0xFF, 0x0E, 0x5B, 0xFF,
  0xA8, 0x29, 0xFF, 0x0E, 0x5B, 0xFF, 0x8A, 0x52, 0xFF, 0xCD, 0x11, 0xFF, 0x73, 0x0A, 0xFF, 0x8F,
  0x01, 0xFF, 0xD3, 0x32, 0xFF, 0xFF, 0xFF, 0xFF, 0xAE, 0x7B, 0xFF, 0x08, 0x42, 0xFF, 0x4D, 0x6B,
  0xFF, 0x08, 0x42, 0xFF, 0xF7, 0xBD, 0xFF, 0x69, 0x4A, 0xFF, 0x0C, 0x63, 0xFF, 0x8E, 0x73, 0xFF,
  0xFF, 0xFF, 0xFF, 0xCB, 0x5A, 0xFF, 0x69, 0x4A, 0xFF, 0x28, 0x42, 0xFF, 0x8A, 0x52, 0xFF, 0x14,
  0xA5, 0xFF, 0xEB, 0x5A, 0xFF, 0xBE, 0xF7, 0xFF, 0x28, 0x42, 0xFF, 0x49, 0x4A, 0xFF, 0x69, 0x4A,
  0xFF, 0xBA, 0xD6, 0xFF, 0xFF, 0xFF, 0xFF, 0xD3, 0x9C, 0xFF, 0x45, 0x29, 0xFF, 0x65, 0x29, 0xFF,
  0x55, 0xAD, 0xFF, 0xFF, 0xFF, 0xFF, 0x6A, 0x42, 0xFF, 0x2E, 0x5B, 0xFF, 0x8B, 0x42, 0xFF, 0xAC,
  0x4A, 0xFF, 0x4E, 0x5B, 0xFF, 0x0D, 0x53, 0xFF, 0x0E, 0x53, 0xFF, 0x0E, 0x53, 0xFF, 0x0E, 0x5B,
  0xFF, 0x0E, 0x5B, 0xFF, 0x0E, 0x5B, 0xFF, 0x0E, 0x5B, 0xFF, 0x0E, 0x5B, 0xFF, 0x0E, 0x5B, 0xFF,
  0x0E, 0x53, 0xFF, 0x0E, 0x5B, 0xFF, 0x0E, 0x53, 0xFF, 0x0E, 0x53, 0xFF, 0x0E, 0x53, 0xFF, 0x0E,
  0x53, 0xFF, 0x0D, 0x53, 0xFF, 0x0D, 0x5B, 0xFF, 0xCD, 0x4A, 0xFF, 0x66, 0x29, 0xFF, 0x79, 0xCE,
  0xFF, 0xFF, 0xFF, 0xFF, 0xDF, 0xF7, 0xFF, 0xFF, 0xFF, 0xFF, 0x59, 0xC6, 0xFF, 0x4D, 0x6B, 0xFF,
  0xBE, 0xF7, 0xFF, 0xFF, 0xFF, 0xFF, 0xFF, 0xFF, 0xFF, 0xFF, 0xFF, 0xFF, 0xFF, 0xFF, 0xFF, 0xFF,
  0xFF, 0xFF, 0x8A, 0x52, 0xF9, 0x62, 0x08, 0x25, 0xA7, 0x31, 0x00, 0x87, 0x29, 0x00, 0x87, 0x29,
  0x00, 0x87, 0x29, 0x00, 0x61, 0x08, 0x00, 0x61, 0x08, 0x00, 0x61, 0x08, 0x00, 0x61, 0x08, 0x00,
  0x00, 0x00, 0x10, 0x49, 0x42, 0xDB, 0xFF, 0xFF, 0xFF, 0xFF, 0xFF, 0xFF, 0x5D, 0xEF, 0xFF, 0x7D,
  0xEF, 0xFF, 0x7D, 0xF7, 0xFF, 0xFF, 0xFF, 0xFF, 0xAE, 0x7B, 0xFF, 0x55, 0xA5, 0xFF, 0xBF, 0xF7,
  0xFF, 0xDB, 0xD6, 0xFF, 0x1C, 0xDF, 0xFF, 0x76, 0xA5, 0xFF, 0x45, 0x21, 0xFF, 0x2E, 0x5B, 0xFF,
  0x2E, 0x5B, 0xFF, 0x2E, 0x5B, 0xFF, 0x2E, 0x5B, 0xFF, 0x2E, 0x5B, 0xFF, 0x2E, 0x5B, 0xFF, 0x2E,
  0x5B, 0xFF, 0x2E, 0x5B, 0xFF, 0x2E, 0x5B, 0xFF, 0x2E, 0x5B, 0xFF, 0x2E, 0x5B, 0xFF, 0x2E, 0x5B,
  0xFF, 0x2E, 0x5B, 0xFF, 0x2E, 0x5B, 0xFF, 0x2E, 0x5B, 0xFF, 0x2E, 0x5B, 0xFF, 0x2E, 0x5B, 0xFF,
  0x2E, 0x5B, 0xFF, 0x2E, 0x5B, 0xFF, 0x2E, 0x5B, 0xFF, 0xA8, 0x31, 0xFF, 0x2E, 0x5B, 0xFF, 0x8A,
  0x4A, 0xFF, 0xCD, 0x09, 0xFF, 0x94, 0x0A, 0xFF, 0x90, 0x01, 0xFF, 0xB3, 0x32, 0xFF, 0xFF, 0xFF,
  0xFF, 0xD6, 0xBD, 0xFF, 0x2C, 0x63, 0xFF, 0xD7, 0xBD, 0xFF, 0xEF, 0x7B, 0xFF, 0x3C, 0xE7, 0xFF,
  0xCA, 0x5A, 0xFF, 0x8E, 0x73, 0xFF, 0x34, 0xA5, 0xFF, 0xFF, 0xFF, 0xFF, 0x51, 0x8C, 0xFF, 0x4D,
  0x6B, 0xFF, 0x75, 0xAD, 0xFF, 0x14, 0xA5, 0xFF, 0xE7, 0x39, 0xFF, 0x79, 0xCE, 0xFF, 0x96, 0xB5,
  0xFF, 0x69, 0x4A, 0xFF, 0x79, 0xCE, 0xFF, 0xB6, 0xB5, 0xFF, 0xA6, 0x31, 0xFF, 0xD7, 0xBD, 0xFF,
  0x51, 0x8C, 0xFF, 0x14, 0xA5, 0xFF, 0xB2, 0x94, 0xFF, 0x71, 0x8C, 0xFF, 0xFF, 0xFF, 0xFF, 0x4A,
  0x42, 0xFF, 0x2E, 0x5B, 0xFF, 0x8B, 0x42, 0xFF, 0xCC, 0x4A, 0xFF, 0x4F, 0x63, 0xFF, 0x0E, 0x5B,
  0xFF, 0x2E, 0x5B, 0xFF, 0x2E, 0x5B, 0xFF, 0x2E, 0x5B, 0xFF, 0x2E, 0x5B, 0xFF, 0x2E, 0x5B, 0xFF,
  0x2E, 0x5B, 0xFF, 0x2E, 0x5B, 0xFF, 0x2E, 0x5B, 0xFF, 0x2E, 0x5B, 0xFF, 0x2E, 0x5B, 0xFF, 0x2E,
  0x5B, 0xFF, 0x2E, 0x5B, 0xFF, 0x2E, 0x5B, 0xFF, 0x2E, 0x5B, 0xFF, 0x2E, 0x5B, 0xFF, 0x2E, 0x5B,
  0xFF, 0x0E, 0x53, 0xFF, 0x46, 0x21, 0xFF, 0xD7, 0xB5, 0xFF, 0x7E, 0xE7, 0xFF, 0xDC, 0xD6, 0xFF,
  0xDF, 0xF7, 0xFF, 0x38, 0xC6, 0xFF, 0xEB, 0x5A, 0xFF, 0x7D, 0xF7, 0xFF, 0xBE, 0xF7, 0xFF, 0x9D,
  0xEF, 0xFF, 0x7D, 0xEF, 0xFF, 0xFF, 0xFF, 0xFF, 0xFF, 0xFF, 0xFF, 0x48, 0x42, 0xF3, 0x00, 0x00,
  0x1F, 0xA3, 0x10, 0x00, 0xA3, 0x10, 0x00, 0xA3, 0x10, 0x00, 0xA3, 0x10, 0x00, 0x82, 0x08, 0x00,
  0x82, 0x08, 0x00, 0x82, 0x08, 0x00, 0x82, 0x08, 0x00, 0x00, 0x00, 0x0C, 0xAB, 0x52, 0xD3, 0xFF,
  0xFF, 0xFF, 0xFF, 0xFF, 0xFF, 0xFF, 0xFF, 0xFF, 0xFF, 0xFF, 0xFF, 0xFF, 0xFF, 0xFF, 0xFF, 0xFF,
  0xFF, 0x92, 0x94, 0xFF, 0xF7, 0xBD, 0xFF, 0xFF, 0xFF, 0xFF, 0xFF, 0xFF, 0xFF, 0xFF, 0xFF, 0xFF,
  0xDB, 0xDE, 0xFF, 0xA7, 0x31, 0xFF, 0xAC, 0x4A, 0xFF, 0xCC, 0x4A, 0xFF, 0xCC, 0x52, 0xFF, 0xCC,
  0x52, 0xFF, 0xCD, 0x52, 0xFF, 0xCC, 0x52, 0xFF, 0xCD, 0x52, 0xFF, 0xCD, 0x52, 0xFF, 0xEC, 0x52,
  0xFF, 0xCC, 0x52, 0xFF, 0xCC, 0x52, 0xFF, 0xCC, 0x52, 0xFF, 0xCC, 0x52, 0xFF, 0xCC, 0x52, 0xFF,
  0xCC, 0x52, 0xFF, 0xCC, 0x52, 0xFF, 0xCC, 0x52, 0xFF, 0xCC, 0x52, 0xFF, 0xED, 0x52, 0xFF, 0xCC,
  0x4A, 0xFF, 0xA8, 0x31, 0xFF, 0x4F, 0x63, 0xFF, 0x8A, 0x4A, 0xFF, 0xAD, 0x09, 0xFF, 0x32, 0x02,
  0xFF, 0x2E, 0x01, 0xFF, 0x72, 0x32, 0xFF, 0xDF, 0xF7, 0xFF, 0xFF, 0xFF, 0xFF, 0xDF, 0xFF, 0xFF,
  0xFF, 0xFF, 0xFF, 0xDF, 0xFF, 0xFF, 0xFF, 0xFF, 0xFF, 0x3C, 0xE7, 0xFF, 0x1C, 0xE7, 0xFF, 0xFF,
  0xFF, 0xFF, 0xFF, 0xFF, 0xFF, 0xDE, 0xFF, 0xFF, 0x1C, 0xE7, 0xFF, 0xFF, 0xFF, 0xFF, 0xFF, 0xFF,
  0xFF, 0x9D, 0xF7, 0xFF, 0xFF, 0xFF, 0xFF, 0x1C, 0xE7, 0xFF, 0x5C, 0xEF, 0xFF, 0xFF, 0xFF, 0xFF,
  0xFF, 0xFF, 0xFF, 0x3C, 0xE7, 0xFF, 0x5C, 0xEF, 0xFF, 0xDF, 0xFF, 0xFF, 0xFF, 0xFF, 0xFF, 0xDF,
  0xFF, 0xFF, 0xFF, 0xFF, 0xFF, 0x7D, 0xEF, 0xFF, 0x6B, 0x42, 0xFF, 0x0E, 0x53, 0xFF, 0x6B, 0x42,
  0xFF, 0x4A, 0x42, 0xFF, 0xED, 0x52, 0xFF, 0xAC, 0x4A, 0xFF, 0xCC, 0x4A, 0xFF, 0xCC, 0x52, 0xFF,
  0xCC, 0x52, 0xFF, 0xCC, 0x4A, 0xFF, 0xCC, 0x52, 0xFF, 0xCC, 0x52, 0xFF, 0xCC, 0x52, 0xFF, 0xCC,
  0x4A, 0xFF, 0xCC, 0x4A, 0xFF, 0xCC, 0x4A, 0xFF, 0xCC, 0x52, 0xFF, 0xCC, 0x52, 0xFF, 0xCC, 0x52,
  0xFF, 0xCC, 0x52, 0xFF, 0xCC, 0x52, 0xFF, 0xCC, 0x52, 0xFF, 0x8B, 0x42, 0xFF, 0x66, 0x29, 0xFF,
  0xBA, 0xD6, 0xFF, 0xFF, 0xFF, 0xFF, 0xFF, 0xFF, 0xFF, 0xFF, 0xFF, 0xFF, 0x9A, 0xD6, 0xFF, 0x10,
  0x84, 0xFF, 0xBE, 0xF7, 0xFF, 0xFF, 0xFF, 0xFF, 0xFF, 0xFF, 0xFF, 0xFF, 0xFF, 0xFF, 0xFF, 0xFF,
  0xFF, 0xFF, 0xFF, 0xFF, 0xCB, 0x5A, 0xF2, 0x00, 0x00, 0x19, 0x61, 0x08, 0x00, 0x61, 0x08, 0x00,
  0x61, 0x08, 0x00, 0x61, 0x08, 0x00, 0x09, 0x3A, 0x00, 0x09, 0x3A, 0x00, 0x09, 0x3A, 0x00, 0x29,
  0x42, 0x00, 0x66, 0x21, 0x0C, 0x86, 0x31, 0xD2, 0x55, 0xAD, 0xFF, 0x55, 0xAD, 0xFF, 0x13, 0xA5,
  0xFF, 0x14, 0xA5, 0xFF, 0x14, 0xA5, 0xFF, 0x34, 0xA5, 0xFF, 0x8A, 0x52, 0xFF, 0xCF, 0x7B, 0xFF,
  0x75, 0xAD, 0xFF, 0xD3, 0x94, 0xFF, 0xF4, 0x9C, 0xFF, 0x51, 0x84, 0xFF, 0xE3, 0x18, 0xFF, 0xE8,
  0x31, 0xFF, 0x09, 0x32, 0xFF, 0xE8, 0x31, 0xFF, 0xE9, 0x31, 0xFF, 0xE9, 0x31, 0xFF, 0xE9, 0x31,
  0xFF, 0xE8, 0x31, 0xFF, 0xE9, 0x31, 0xFF, 0xE9, 0x31, 0xFF, 0xE9, 0x31, 0xFF, 0xE9, 0x31, 0xFF,
  0xE9, 0x31, 0xFF, 0xE9, 0x39, 0xFF, 0xE9, 0x31, 0xFF, 0xE8, 0x31, 0xFF, 0xE8, 0x31, 0xFF, 0xE9,
  0x31, 0xFF, 0xE9, 0x31, 0xFF, 0x09, 0x3A, 0xFF, 0xE8, 0x31, 0xFF, 0x4A, 0x42, 0xFF, 0xB0, 0x6B,
  0xFF, 0x8F, 0x63, 0xFF, 0xED, 0x52, 0xFF, 0xCE, 0x4A, 0xFF, 0xAD, 0x4A, 0xFF, 0xEE, 0x52, 0xFF,
  0xD0, 0x73, 0xFF, 0x11, 0x7C, 0xFF, 0x31, 0x7C, 0xFF, 0x11, 0x7C, 0xFF, 0x11, 0x7C, 0xFF, 0xD0,
  0x73, 0xFF, 0x52, 0x84, 0xFF, 0x52, 0x84, 0xFF, 0xD0, 0x73, 0xFF, 0xD0, 0x73, 0xFF, 0xF1, 0x7B,
  0xFF, 0x72, 0x84, 0xFF, 0xF0, 0x73, 0xFF, 0xF1, 0x7B, 0xFF, 0x52, 0x84, 0xFF, 0xF0, 0x73, 0xFF,
  0x52, 0x84, 0xFF, 0x52, 0x84, 0xFF, 0xD0, 0x73, 0xFF, 0xF0, 0x73, 0xFF, 0x52, 0x84, 0xFF, 0x31,
  0x7C, 0xFF, 0x11, 0x7C, 0xFF, 0xF0, 0x7B, 0xFF, 0xF1, 0x7B, 0xFF, 0x31, 0x7C, 0xFF, 0xAF, 0x6B,
  0xFF, 0x4F, 0x63, 0xFF, 0xB0, 0x6B, 0xFF, 0xED, 0x52, 0xFF, 0xC8, 0x31, 0xFF, 0xE9, 0x31, 0xFF,
  0xE8, 0x31, 0xFF, 0xE9, 0x31, 0xFF, 0xE9, 0x31, 0xFF, 0xE9, 0x31, 0xFF, 0xC8, 0x31, 0xFF, 0xC8,
  0x31, 0xFF, 0xE9, 0x31, 0xFF, 0xE9, 0x31, 0xFF, 0xE8, 0x31, 0xFF, 0xC8, 0x31, 0xFF, 0xE9, 0x31,
  0xFF, 0xE8, 0x31, 0xFF, 0xE8, 0x31, 0xFF, 0xE8, 0x31, 0xFF, 0xE8, 0x31, 0xFF, 0xE9, 0x31, 0xFF,
  0xE9, 0x31, 0xFF, 0xE9, 0x31, 0xFF, 0x25, 0x21, 0xFF, 0x2D, 0x63, 0xFF, 0x31, 0x84, 0xFF, 0x10,
  0x7C, 0xFF, 0x72, 0x8C, 0xFF, 0x4D, 0x6B, 0xFF, 0x08, 0x42, 0xFF, 0x30, 0x84, 0xFF, 0x51, 0x8C,
  0xFF, 0x31, 0x84, 0xFF, 0x30, 0x84, 0xFF, 0x72, 0x8C, 0xFF, 0xB2, 0x94, 0xFF, 0x24, 0x21, 0xF7,
  0xC3, 0x18, 0x1E, 0xE8, 0x39, 0x00, 0x08, 0x3A, 0x00, 0xE8, 0x39, 0x00, 0xE8, 0x39, 0x00, 0x4A,
  0x42, 0x00, 0x4A, 0x42, 0x00, 0x4A, 0x42, 0x00, 0x6A, 0x4A, 0x00, 0x25, 0x21, 0x7F, 0x00, 0x00,
  0xFF, 0x00, 0x00, 0xFF, 0x00, 0x00, 0xFF, 0x00, 0x00, 0xFF, 0x00, 0x00, 0xFF, 0x00, 0x00, 0xFF,
  0x00, 0x00, 0xFF, 0x00, 0x00, 0xFF, 0x00, 0x00, 0xFF, 0x00, 0x00, 0xFF, 0x00, 0x00, 0xFF, 0x00,
  0x00, 0xFF, 0x00, 0x00, 0xFF, 0x20, 0x00, 0xFF, 0xCC, 0x4A, 0xFF, 0x4F, 0x5B, 0xFF, 0xCD, 0x52,
  0xFF, 0xED, 0x52, 0xFF, 0xED, 0x52, 0xFF, 0xED, 0x52, 0xFF, 0xED, 0x52, 0xFF, 0xED, 0x52, 0xFF,
  0xED, 0x52, 0xFF, 0xED, 0x52, 0xFF, 0xED, 0x52, 0xFF, 0xED, 0x52, 0xFF, 0xED, 0x52, 0xFF, 0xED,
  0x52, 0xFF, 0xED, 0x52, 0xFF, 0xED, 0x52, 0xFF, 0xED, 0x52, 0xFF, 0xED, 0x52, 0xFF, 0xED, 0x52,
  0xFF, 0x0D, 0x53, 0xFF, 0x2E, 0x5B, 0xFF, 0xED, 0x52, 0xFF, 0x0E, 0x53, 0xFF, 0x2D, 0x5B, 0xFF,
  0x2D, 0x63, 0xFF, 0x2D, 0x63, 0xFF, 0x0D, 0x5B, 0xFF, 0x6B, 0x42, 0xFF, 0x4B, 0x3A, 0xFF, 0x4B,
  0x3A, 0xFF, 0x4B, 0x3A, 0xFF, 0x4B, 0x3A, 0xFF, 0x4B, 0x3A, 0xFF, 0x4B, 0x3A, 0xFF, 0x4B, 0x3A,
  0xFF, 0x4B, 0x3A, 0xFF, 0x4B, 0x3A, 0xFF, 0x4B, 0x3A, 0xFF, 0x4B, 0x42, 0xFF, 0x4B, 0x3A, 0xFF,
  0x4B, 0x3A, 0xFF, 0x4B, 0x3A, 0xFF, 0x4B, 0x3A, 0xFF, 0x4B, 0x3A, 0xFF, 0x4B, 0x3A, 0xFF, 0x4B,
  0x3A, 0xFF, 0x4B, 0x3A, 0xFF, 0x4B, 0x3A, 0xFF, 0x4B, 0x3A, 0xFF, 0x4B, 0x3A, 0xFF, 0x4B, 0x3A,
  0xFF, 0x4B, 0x3A, 0xFF, 0x4B, 0x3A, 0xFF, 0x6B, 0x42, 0xFF, 0x0D, 0x53, 0xFF, 0x0D, 0x53, 0xFF,
  0x0D, 0x53, 0xFF, 0x0D, 0x53, 0xFF, 0xED, 0x52, 0xFF, 0xED, 0x52, 0xFF, 0xED, 0x52, 0xFF, 0xED,
  0x52, 0xFF, 0xED, 0x52, 0xFF, 0xED, 0x52, 0xFF, 0xED, 0x52, 0xFF, 0xCD, 0x52, 0xFF, 0xED, 0x52,
  0xFF, 0xED, 0x52, 0xFF, 0xED, 0x52, 0xFF, 0xED, 0x52, 0xFF, 0xED, 0x52, 0xFF, 0xED, 0x52, 0xFF,
  0xED, 0x52, 0xFF, 0xED, 0x52, 0xFF, 0xED, 0x52, 0xFF, 0xED, 0x52, 0xFF, 0x6F, 0x63, 0xFF, 0x66,
  0x21, 0xFF, 0x00, 0x00, 0xFF, 0x00, 0x00, 0xFF, 0x00, 0x00, 0xFF, 0x00, 0x00, 0xFF, 0x00, 0x00,
  0xFF, 0x00, 0x00, 0xFF, 0x00, 0x00, 0xFF, 0x00, 0x00, 0xFF, 0x00, 0x00, 0xFF, 0x00, 0x00, 0xFF,
  0x00, 0x00, 0xFF, 0x00, 0x00, 0xFF, 0x00, 0x00, 0xFF, 0xC3, 0x18, 0xB5, 0x29, 0x42, 0x08, 0x4A,
  0x42, 0x00, 0x29, 0x42, 0x00, 0x29, 0x42, 0x00, 0x66, 0x29, 0x00, 0x66, 0x29, 0x00, 0x66, 0x29,
  0x00, 0x87, 0x29, 0x24, 0x41, 0x08, 0xEB, 0x00, 0x00, 0xFF, 0x00, 0x00, 0xFF, 0x00, 0x00, 0xFF,
  0x00, 0x00, 0xFF, 0x00, 0x00, 0xFF, 0x00, 0x00, 0xFF, 0x00, 0x00, 0xFF, 0x00, 0x00, 0xFF, 0x00,
  0x00, 0xFF, 0x00, 0x00, 0xFF, 0x00, 0x00, 0xFF, 0x00, 0x00, 0xFF, 0x00, 0x00, 0xFF, 0x20, 0x00,
  0xFF, 0xAC, 0x4A, 0xFF, 0x2E, 0x5B, 0xFF, 0xED, 0x52, 0xFF, 0xED, 0x52, 0xFF, 0xED, 0x52, 0xFF,
  0xED, 0x52, 0xFF, 0xED, 0x52, 0xFF, 0xED, 0x52, 0xFF, 0xED, 0x52, 0xFF, 0xED, 0x52, 0xFF, 0xED,
  0x52, 0xFF, 0xED, 0x52, 0xFF, 0xED, 0x52, 0xFF, 0xED, 0x52, 0xFF, 0xED, 0x52, 0xFF, 0xED, 0x52,
  0xFF, 0xED, 0x52, 0xFF, 0xED, 0x52, 0xFF, 0xED, 0x52, 0xFF, 0xED, 0x52, 0xFF, 0xCD, 0x52, 0xFF,
  0xCC, 0x4A, 0xFF, 0xCC, 0x4A, 0xFF, 0xAC, 0x4A, 0xFF, 0xAC, 0x4A, 0xFF, 0xAC, 0x4A, 0xFF, 0xCC,
  0x4A, 0xFF, 0xCD, 0x52, 0xFF, 0xCD, 0x52, 0xFF, 0xCD, 0x52, 0xFF, 0xCD, 0x52, 0xFF, 0xCD, 0x52,
  0xFF, 0xCD, 0x52, 0xFF, 0xCD, 0x52, 0xFF, 0xCD, 0x52, 0xFF, 0xCD, 0x52, 0xFF, 0xCD, 0x52, 0xFF,
  0xCD, 0x52, 0xFF, 0xED, 0x52, 0xFF, 0xED, 0x52, 0xFF, 0xCD, 0x52, 0xFF, 0xCD, 0x52, 0xFF, 0xCD,
  0x52, 0xFF, 0xCD, 0x52, 0xFF, 0xCD, 0x52, 0xFF, 0xCD, 0x52, 0xFF, 0xCD, 0x52, 0xFF, 0xCD, 0x52,
  0xFF, 0xCD, 0x52, 0xFF, 0xCC, 0x52, 0xFF, 0xCD, 0x52, 0xFF, 0xCD, 0x52, 0xFF, 0xCD, 0x52, 0xFF,
  0xCD, 0x52, 0xFF, 0xAC, 0x4A, 0xFF, 0xAC, 0x4A, 0xFF, 0xCC, 0x4A, 0xFF, 0xED, 0x52, 0xFF, 0xED,
  0x52, 0xFF, 0xED, 0x52, 0xFF, 0xED, 0x52, 0xFF, 0xED, 0x52, 0xFF, 0xCD, 0x52, 0xFF, 0xED, 0x52,
  0xFF, 0xED, 0x52, 0xFF, 0xED, 0x52, 0xFF, 0xED, 0x52, 0xFF, 0xED, 0x52, 0xFF, 0xED, 0x52, 0xFF,
  0xED, 0x52, 0xFF, 0xED, 0x52, 0xFF, 0xED, 0x52, 0xFF, 0xED, 0x52, 0xFF, 0xED, 0x52, 0xFF, 0xED,
  0x52, 0xFF, 0xED, 0x52, 0xFF, 0x4F, 0x5B, 0xFF, 0x46, 0x21, 0xFF, 0x00, 0x00, 0xFF, 0x00, 0x00,
  0xFF, 0x00, 0x00, 0xFF, 0x00, 0x00, 0xFF, 0x00, 0x00, 0xFF, 0x00, 0x00, 0xFF, 0x00, 0x00, 0xFF,
  0x00, 0x00, 0xFF, 0x00, 0x00, 0xFF, 0x00, 0x00, 0xFF, 0x00, 0x00, 0xFF, 0x00, 0x00, 0xFF, 0x00,
  0x00, 0xFF, 0x00, 0x00, 0xFF, 0x25, 0x21, 0x81, 0x29, 0x42, 0x00, 0xE8, 0x39, 0x00, 0xE8, 0x39,
  0x00, 0xC3, 0x18, 0x00, 0xC3, 0x18, 0x00, 0xC3, 0x18, 0x00, 0xE3, 0x18, 0x58, 0x20, 0x00, 0xFF,
  0x00, 0x00, 0xFF, 0x00, 0x00, 0xFF, 0x00, 0x00, 0xFF, 0x00, 0x00, 0xFF, 0x00, 0x00, 0xFF, 0x00,
  0x00, 0xFF, 0x00, 0x00, 0xFF, 0x00, 0x00, 0xFF, 0x00, 0x00, 0xFF, 0x00, 0x00, 0xFF, 0x00, 0x00,
  0xFF, 0x00, 0x00, 0xFF, 0x00, 0x00, 0xFF, 0x00, 0x00, 0xFF, 0xAC, 0x4A, 0xFF, 0x2E, 0x5B, 0xFF,
  0xCD, 0x52, 0xFF, 0xED, 0x52, 0xFF, 0xED, 0x52, 0xFF, 0xCD, 0x52, 0xFF, 0xED, 0x52, 0xFF, 0xED,
  0x52, 0xFF, 0xCD, 0x52, 0xFF, 0xCD, 0x52, 0xFF, 0xCD, 0x52, 0xFF, 0xED, 0x52, 0xFF, 0xED, 0x52,
  0xFF, 0xED, 0x52, 0xFF, 0xED, 0x52, 0xFF, 0xCD, 0x52, 0xFF, 0xCD, 0x52, 0xFF, 0xED, 0x52, 0xFF,
  0xED, 0x52, 0xFF, 0xED, 0x52, 0xFF, 0xED, 0x52, 0xFF, 0xED, 0x52, 0xFF, 0xCD, 0x52, 0xFF, 0xCD,
  0x52, 0xFF, 0xCD, 0x52, 0xFF, 0xED, 0x52, 0xFF, 0xED, 0x52, 0xFF, 0xED, 0x52, 0xFF, 0xED, 0x52,
  0xFF, 0xED, 0x52, 0xFF, 0xED, 0x52, 0xFF, 0xED, 0x52, 0xFF, 0xED, 0x52, 0xFF, 0xED, 0x52, 0xFF,
  0xED, 0x52, 0xFF, 0xED, 0x52, 0xFF, 0xED, 0x52, 0xFF, 0xED, 0x52, 0xFF, 0xED, 0x52, 0xFF, 0xED,
  0x52, 0xFF, 0xED, 0x52, 0xFF, 0xED, 0x52, 0xFF, 0xED, 0x52, 0xFF, 0xED, 0x52, 0xFF, 0xED, 0x52,
  0xFF, 0xCD, 0x52, 0xFF, 0xCD, 0x52, 0xFF, 0xCD, 0x52, 0xFF, 0xCD, 0x52, 0xFF, 0xCD, 0x52, 0xFF,
  0xCD, 0x52, 0xFF, 0xCD, 0x52, 0xFF, 0xCD, 0x52, 0xFF, 0xCD, 0x52, 0xFF, 0xCD, 0x52, 0xFF, 0xCD,
  0x52, 0xFF, 0xCD, 0x52, 0xFF, 0xCD, 0x52, 0xFF, 0xED, 0x52, 0xFF, 0xCD, 0x52, 0xFF, 0xCD, 0x52,
  0xFF, 0xED, 0x52, 0xFF, 0xED, 0x52, 0xFF, 0xCD, 0x52, 0xFF, 0xED, 0x52, 0xFF, 0xED, 0x52, 0xFF,
  0xED, 0x52, 0xFF, 0xED, 0x52, 0xFF, 0xED, 0x52, 0xFF, 0xED, 0x52, 0xFF, 0xED, 0x52, 0xFF, 0xED,
  0x52, 0xFF, 0xED, 0x52, 0xFF, 0xED, 0x52, 0xFF, 0xED, 0x52, 0xFF, 0xED, 0x52, 0xFF, 0x4F, 0x5B,
  0xFF, 0x46, 0x21, 0xFF, 0x00, 0x00, 0xFF, 0x00, 0x00, 0xFF, 0x00, 0x00, 0xFF, 0x00, 0x00, 0xFF,
  0x00, 0x00, 0xFF, 0x00, 0x00, 0xFF, 0x00, 0x00, 0xFF, 0x00, 0x00, 0xFF, 0x00, 0x00, 0xFF, 0x00,
  0x00, 0xFF, 0x00, 0x00, 0xFF, 0x00, 0x00, 0xFF, 0x00, 0x00, 0xFF, 0x00, 0x00, 0xFF, 0xC3, 0x18,
  0xAE, 0xC8, 0x31, 0x00, 0x87, 0x31, 0x00, 0x87, 0x31, 0x00, 0xC3, 0x10, 0x00, 0xC3, 0x10, 0x00,
  0xC3, 0x10, 0x00, 0xC3, 0x18, 0x5E, 0x20, 0x00, 0xFF, 0x00, 0x00, 0xFF, 0x00, 0x00, 0xFF, 0x00,
  0x00, 0xFF, 0x00, 0x00, 0xFF, 0x00, 0x00, 0xFF, 0x00, 0x00, 0xFF, 0x00, 0x00, 0xFF, 0x00, 0x00,
  0xFF, 0x00, 0x00, 0xFF, 0x00, 0x00, 0xFF, 0x00, 0x00, 0xFF, 0x00, 0x00, 0xFF, 0x00, 0x00, 0xFF,
  0x00, 0x00, 0xFF, 0xAC, 0x4A, 0xFF, 0x2E, 0x5B, 0xFF, 0xCD, 0x52, 0xFF, 0xED, 0x52, 0xFF, 0xED,
  0x52, 0xFF, 0xED, 0x52, 0xFF, 0xED, 0x52, 0xFF, 0xED, 0x52, 0xFF, 0xCD, 0x52, 0xFF, 0xCD, 0x52,
  0xFF, 0xCD, 0x52, 0xFF, 0xCD, 0x52, 0xFF, 0xCD, 0x52, 0xFF, 0xCD, 0x52, 0xFF, 0xCD, 0x52, 0xFF,
  0xCD, 0x52, 0xFF, 0xCD, 0x52, 0xFF, 0xCD, 0x52, 0xFF, 0xCD, 0x52, 0xFF, 0xCD, 0x52, 0xFF, 0xCD,
  0x52, 0xFF, 0xCD, 0x52, 0xFF, 0xCD, 0x52, 0xFF, 0xCD, 0x52, 0xFF, 0xCD, 0x52, 0xFF, 0xED, 0x52,
  0xFF, 0xED, 0x52, 0xFF, 0xED, 0x52, 0xFF, 0xED, 0x52, 0xFF, 0xED, 0x52, 0xFF, 0xED, 0x52, 0xFF,
  0xED, 0x52, 0xFF, 0xED, 0x52, 0xFF, 0xED, 0x52, 0xFF, 0xED, 0x52, 0xFF, 0xED, 0x52, 0xFF, 0xED,
  0x52, 0xFF, 0xED, 0x52, 0xFF, 0xED, 0x52, 0xFF, 0xED, 0x52, 0xFF, 0xED, 0x52, 0xFF, 0xED, 0x52,
  0xFF, 0xED, 0x52, 0xFF, 0xED, 0x52, 0xFF, 0xED, 0x52, 0xFF, 0xED, 0x52, 0xFF, 0xCD, 0x52, 0xFF,
  0xCD, 0x52, 0xFF, 0xCD, 0x52, 0xFF, 0xCD, 0x52, 0xFF, 0xCD, 0x52, 0xFF, 0xCD, 0x52, 0xFF, 0xCD,
  0x52, 0xFF, 0xCD, 0x52, 0xFF, 0xCD, 0x52, 0xFF, 0xCD, 0x52, 0xFF, 0xCD, 0x52, 0xFF, 0xCD, 0x52,
  0xFF, 0xCD, 0x52, 0xFF, 0xCD, 0x52, 0xFF, 0xED, 0x52, 0xFF, 0xED, 0x52, 0xFF, 0xED, 0x52, 0xFF,
  0xED, 0x52, 0xFF, 0xED, 0x52, 0xFF, 0xED, 0x52, 0xFF, 0xED, 0x52, 0xFF, 0xED, 0x52, 0xFF, 0xED,
  0x52, 0xFF, 0xED, 0x52, 0xFF, 0xED, 0x52, 0xFF, 0xED, 0x52, 0xFF, 0xED, 0x52, 0xFF, 0xED, 0x52,
  0xFF, 0xED, 0x52, 0xFF, 0xED, 0x52, 0xFF, 0x4F, 0x5B, 0xFF, 0x25, 0x21, 0xFF, 0x00, 0x00, 0xFF,
  0x00, 0x00, 0xFF, 0x00, 0x00, 0xFF, 0x00, 0x00, 0xFF, 0x00, 0x00, 0xFF, 0x00, 0x00, 0xFF, 0x00,
  0x00, 0xFF, 0x00, 0x00, 0xFF, 0x00, 0x00, 0xFF, 0x00, 0x00, 0xFF, 0x00, 0x00, 0xFF, 0x00, 0x00,
  0xFF, 0x00, 0x00, 0xFF, 0x00, 0x00, 0xFF, 0xC3, 0x10, 0xC1, 0xA7, 0x31, 0x04, 0x86, 0x29, 0x00,
  0x86, 0x29, 0x00, 0xC3, 0x18, 0x00, 0xC3, 0x18, 0x00, 0xC3, 0x18, 0x00, 0xE4, 0x18, 0x56, 0x20,
  0x00, 0xFF, 0x00, 0x00, 0xFF, 0x00, 0x00, 0xFF, 0x00, 0x00, 0xFF, 0x00, 0x00, 0xFF, 0x00, 0x00,
  0xFF, 0x62, 0x08, 0xFF, 0x26, 0x19, 0xFF, 0x05, 0x19, 0xFF, 0x05, 0x19, 0xFF, 0x26, 0x19, 0xFF,
  0xE5, 0x10, 0xFF, 0x00, 0x00, 0xFF, 0x00, 0x00, 0xFF, 0x00, 0x00, 0xFF, 0xAC, 0x4A, 0xFF, 0x2E,
  0x5B, 0xFF, 0xCD, 0x52, 0xFF, 0xED, 0x52, 0xFF, 0xED, 0x52, 0xFF, 0xED, 0x52, 0xFF, 0xED, 0x52,
  0xFF, 0xED, 0x52, 0xFF, 0xCD, 0x52, 0xFF, 0xCD, 0x52, 0xFF, 0xCD, 0x52, 0xFF, 0xCD, 0x52, 0xFF,
  0xCD, 0x52, 0xFF, 0xCD, 0x52, 0xFF, 0xCD, 0x52, 0xFF, 0xCD, 0x52, 0xFF, 0xCD, 0x52, 0xFF, 0xCD,
  0x52, 0xFF, 0xCD, 0x52, 0xFF, 0xCD, 0x52, 0xFF, 0xCD, 0x52, 0xFF, 0xCD, 0x52, 0xFF, 0xCD, 0x52,
  0xFF, 0xCD, 0x52, 0xFF, 0xCD, 0x52, 0xFF, 0xCD, 0x52, 0xFF, 0xED, 0x52, 0xFF, 0xED, 0x52, 0xFF,
  0xED, 0x52, 0xFF, 0xED, 0x52, 0xFF, 0xED, 0x52, 0xFF, 0xED, 0x52, 0xFF, 0xED, 0x52, 0xFF, 0xED,
  0x52, 0xFF, 0xED, 0x52, 0xFF, 0xED, 0x52, 0xFF, 0xED, 0x52, 0xFF, 0xED, 0x52, 0xFF, 0xED, 0x52,
  0xFF, 0xED, 0x52, 0xFF, 0xED, 0x52, 0xFF, 0xED, 0x52, 0xFF, 0xED, 0x52, 0xFF, 0xED, 0x52, 0xFF,
  0xED, 0x52, 0xFF, 0xCD, 0x52, 0xFF, 0xCD, 0x52, 0xFF, 0xCD, 0x52, 0xFF, 0xCD, 0x52, 0xFF, 0xCD,
  0x52, 0xFF, 0xCD, 0x52, 0xFF, 0xCD, 0x52, 0xFF, 0xCD, 0x52, 0xFF, 0xCD, 0x52, 0xFF, 0xCD, 0x52,
  0xFF, 0xCD, 0x52, 0xFF, 0xCD, 0x52, 0xFF, 0xCD, 0x52, 0xFF, 0xCD, 0x52, 0xFF, 0xCD, 0x52, 0xFF,
  0xED, 0x52, 0xFF, 0xED, 0x52, 0xFF, 0xED, 0x52, 0xFF, 0xED, 0x52, 0xFF, 0xED, 0x52, 0xFF, 0xED,
  0x52, 0xFF, 0xED, 0x52, 0xFF, 0xED, 0x52, 0xFF, 0xED, 0x52, 0xFF, 0xED, 0x52, 0xFF, 0xED, 0x52,
  0xFF, 0xED, 0x52, 0xFF, 0xED, 0x52, 0xFF, 0xED, 0x52, 0xFF, 0xED, 0x52, 0xFF, 0xED, 0x52, 0xFF,
  0x2F, 0x5B, 0xFF, 0x25, 0x21, 0xFF, 0x00, 0x00, 0xFF, 0x00, 0x00, 0xFF, 0x41, 0x00, 0xFF, 0x26,
  0x19, 0xFF, 0x05, 0x19, 0xFF, 0x05, 0x19, 0xFF, 0x26, 0x21, 0xFF, 0x26, 0x21, 0xFF, 0x20, 0x00,
  0xFF, 0x00, 0x00, 0xFF, 0x00, 0x00, 0xFF, 0x00, 0x00, 0xFF, 0x00, 0x00, 0xFF, 0x00, 0x00, 0xFF,
  0x82, 0x10, 0xCB, 0x45, 0x21, 0x0A, 0x24, 0x21, 0x00, 0x24, 0x21, 0x00, 0x45, 0x21, 0x00, 0x45,
  0x21, 0x00, 0x45, 0x21, 0x00, 0x66, 0x29, 0x41, 0x41, 0x08, 0xFD, 0x00, 0x00, 0xFF, 0x00, 0x00,
  0xFF, 0x00, 0x00, 0xFF, 0x00, 0x00, 0xFF, 0x00, 0x00, 0xFF, 0xC4, 0x10, 0xFF, 0xCA, 0x29, 0xFF,
  0xA8, 0x29, 0xFF, 0xA8, 0x29, 0xFF, 0xEA, 0x31, 0xFF, 0x68, 0x21, 0xFF, 0x00, 0x00, 0xFF, 0x00,
  0x00, 0xFF, 0x00, 0x00, 0xFF, 0x8C, 0x4A, 0xFF, 0x2E, 0x5B, 0xFF, 0xCC, 0x4A, 0xFF, 0xCD, 0x52,
  0xFF, 0xCD, 0x52, 0xFF, 0xED, 0x52, 0xFF, 0xED, 0x52, 0xFF, 0xCD, 0x52, 0xFF, 0xCD, 0x52, 0xFF,
  0xCD, 0x52, 0xFF, 0xCD, 0x52, 0xFF, 0xCD, 0x52, 0xFF, 0xCD, 0x52, 0xFF, 0xCD, 0x52, 0xFF, 0xCD,
  0x52, 0xFF, 0xCD, 0x52, 0xFF, 0xCD, 0x52, 0xFF, 0xCD, 0x52, 0xFF, 0xCD, 0x52, 0xFF, 0xCD, 0x52,
  0xFF, 0xCD, 0x52, 0xFF, 0xCD, 0x52, 0xFF, 0xCD, 0x52, 0xFF, 0xCD, 0x52, 0xFF, 0xCD, 0x52, 0xFF,
  0xCD, 0x52, 0xFF, 0xCD, 0x52, 0xFF, 0xCD, 0x52, 0xFF, 0xCD, 0x52, 0xFF, 0xED, 0x52, 0xFF, 0xCD,
  0x52, 0xFF, 0xCD, 0x52, 0xFF, 0xCD, 0x52, 0xFF, 0xCD, 0x52, 0xFF, 0xCD, 0x52, 0xFF, 0xCD, 0x52,
  0xFF, 0xCD, 0x52, 0xFF, 0xCD, 0x52, 0xFF, 0xCD, 0x52, 0xFF, 0xED, 0x52, 0xFF, 0xED, 0x52, 0xFF,
  0xED, 0x52, 0xFF, 0xED, 0x52, 0xFF, 0xED, 0x52, 0xFF, 0xCD, 0x52, 0xFF, 0xCD, 0x52, 0xFF, 0xCD,
  0x52, 0xFF, 0xCD, 0x52, 0xFF, 0xCD, 0x52, 0xFF, 0xCD, 0x52, 0xFF, 0xCD, 0x52, 0xFF, 0xCD, 0x52,
  0xFF, 0xCD, 0x4A, 0xFF, 0xCC, 0x4A, 0xFF, 0xCC, 0x4A, 0xFF, 0xCD, 0x4A, 0xFF, 0xCD, 0x52, 0xFF,
  0xCD, 0x52, 0xFF, 0xCD, 0x52, 0xFF, 0xCD, 0x52, 0xFF, 0xCD, 0x52, 0xFF, 0xCD, 0x52, 0xFF, 0xED,
  0x52, 0xFF, 0xED, 0x52, 0xFF, 0xED, 0x52, 0xFF, 0xED, 0x52, 0xFF, 0xCD, 0x52, 0xFF, 0xCD, 0x52,
  0xFF, 0xCD, 0x52, 0xFF, 0xCD, 0x52, 0xFF, 0xCD, 0x52, 0xFF, 0xED, 0x52, 0xFF, 0xED, 0x52, 0xFF,
  0xCD, 0x52, 0xFF, 0xCD, 0x52, 0xFF, 0xED, 0x52, 0xFF, 0x2E, 0x5B, 0xFF, 0xE4, 0x18, 0xFF, 0x00,
  0x00, 0xFF, 0x00, 0x00, 0xFF, 0x82, 0x08, 0xFF, 0xEA, 0x31, 0xFF, 0xC9, 0x29, 0xFF, 0xC9, 0x29,
  0xFF, 0xEA, 0x31, 0xFF, 0xEA, 0x31, 0xFF, 0x41, 0x00, 0xFF, 0x00, 0x00, 0xFF, 0x00, 0x00, 0xFF,
  0x00, 0x00, 0xFF, 0x00, 0x00, 0xFF, 0x00, 0x00, 0xFF, 0xC3, 0x18, 0xBC, 0xC8, 0x31, 0x01, 0x87,
  0x31, 0x00, 0x87, 0x31, 0x00, 0xE3, 0x18, 0x00, 0xE3, 0x18, 0x00, 0xE3, 0x18, 0x00, 0xE4, 0x18,
  0x39, 0x21, 0x00, 0xF8, 0x00, 0x00, 0xFF, 0x00, 0x00, 0xFF, 0x00, 0x00, 0xFF, 0x00, 0x00, 0xFF,
  0x00, 0x00, 0xFF, 0xA3, 0x08, 0xFF, 0x47, 0x21, 0xFF, 0x26, 0x19, 0xFF, 0x26, 0x19, 0xFF, 0x67,
  0x21, 0xFF, 0xE5, 0x10, 0xFF, 0x00, 0x00, 0xFF, 0x00, 0x00, 0xFF, 0x00, 0x00, 0xFF, 0x2A, 0x3A,
  0xFF, 0x4F, 0x5B, 0xFF, 0xED, 0x52, 0xFF, 0xED, 0x52, 0xFF, 0xED, 0x52, 0xFF, 0xED, 0x52, 0xFF,
  0xED, 0x52, 0xFF, 0xED, 0x52, 0xFF, 0xED, 0x52, 0xFF, 0xED, 0x52, 0xFF, 0xED, 0x52, 0xFF, 0xED,
  0x52, 0xFF, 0xED, 0x52, 0xFF, 0xED, 0x52, 0xFF, 0xED, 0x52, 0xFF, 0xED, 0x52, 0xFF, 0xED, 0x52,
  0xFF, 0xED, 0x52, 0xFF, 0xED, 0x52, 0xFF, 0xED, 0x52, 0xFF, 0xED, 0x52, 0xFF, 0xED, 0x52, 0xFF,
  0xED, 0x52, 0xFF, 0xED, 0x52, 0xFF, 0xED, 0x52, 0xFF, 0xED, 0x52, 0xFF, 0xED, 0x52, 0xFF, 0xED,
  0x52, 0xFF, 0xED, 0x52, 0xFF, 0xED, 0x52, 0xFF, 0xED, 0x52, 0xFF, 0xED, 0x52, 0xFF, 0xED, 0x52,
  0xFF, 0xED, 0x52, 0xFF, 0xED, 0x52, 0xFF, 0xED, 0x52, 0xFF, 0xED, 0x52, 0xFF, 0xED, 0x52, 0xFF,
  0xED, 0x52, 0xFF, 0xED, 0x52, 0xFF, 0xED, 0x52, 0xFF, 0xED, 0x52, 0xFF, 0xED, 0x52, 0xFF, 0xED,
  0x52, 0xFF, 0xED, 0x52, 0xFF, 0xED, 0x52, 0xFF, 0xED, 0x52, 0xFF, 0xED, 0x52, 0xFF, 0xED, 0x52,
  0xFF, 0xED, 0x52, 0xFF, 0xED, 0x52, 0xFF, 0xED, 0x52, 0xFF, 0xED, 0x52, 0xFF, 0xED, 0x52, 0xFF,
  0xED, 0x52, 0xFF, 0xED, 0x52, 0xFF, 0xED, 0x52, 0xFF, 0xED, 0x52, 0xFF, 0xED, 0x52, 0xFF, 0xED,
  0x52, 0xFF, 0xED, 0x52, 0xFF, 0xED, 0x52, 0xFF, 0xED, 0x52, 0xFF, 0xED, 0x52, 0xFF, 0xED, 0x52,
  0xFF, 0xED, 0x52, 0xFF, 0x0D, 0x53, 0xFF, 0x0D, 0x53, 0xFF, 0x0D, 0x53, 0xFF, 0x0D, 0x53, 0xFF,
  0x0D, 0x53, 0xFF, 0xED, 0x52, 0xFF, 0xED, 0x52, 0xFF, 0xED, 0x52, 0xFF, 0xED, 0x52, 0xFF, 0x0D,
  0x5B, 0xFF, 0x0E, 0x53, 0xFF, 0xC3, 0x10, 0xFF, 0x00, 0x00, 0xFF, 0x00, 0x00, 0xFF, 0x62, 0x08,
  0xFF, 0x67, 0x21, 0xFF, 0x46, 0x21, 0xFF, 0x26, 0x19, 0xFF, 0x46, 0x21, 0xFF, 0x47, 0x21, 0xFF,
  0x21, 0x00, 0xFF, 0x00, 0x00, 0xFF, 0x00, 0x00, 0xFF, 0x00, 0x00, 0xFF, 0x00, 0x00, 0xFF, 0x00,
  0x00, 0xFF, 0xA3, 0x10, 0x9E, 0x66, 0x29, 0x00, 0x45, 0x21, 0x00, 0x45, 0x21, 0x00, 0x45, 0x21,
  0x00, 0x45, 0x21, 0x00, 0x45, 0x21, 0x00, 0x45, 0x29, 0x27, 0x41, 0x08, 0xEC, 0x00, 0x00, 0xFF,
  0x00, 0x00, 0xFF, 0x00, 0x00, 0xFF, 0x00, 0x00, 0xFF, 0x00, 0x00, 0xFF, 0x00, 0x00, 0xFF, 0x00,
  0x00, 0xFF, 0x00, 0x00, 0xFF, 0x00, 0x00, 0xFF, 0x00, 0x00, 0xFF, 0x00, 0x00, 0xFF, 0x00, 0x00,
  0xFF, 0x00, 0x00, 0xFF, 0x00, 0x00, 0xFF, 0xE9, 0x31, 0xFF, 0xAC, 0x4A, 0xFF, 0xCC, 0x4A, 0xFF,
  0xCD, 0x4A, 0xFF, 0xCD, 0x4A, 0xFF, 0xCD, 0x4A, 0xFF, 0xCD, 0x4A, 0xFF, 0xCD, 0x52, 0xFF, 0xCD,
  0x4A, 0xFF, 0xCD, 0x4A, 0xFF, 0xCC, 0x4A, 0xFF, 0xCD, 0x4A, 0xFF, 0xCD, 0x4A, 0xFF, 0xCD, 0x4A,
  0xFF, 0xCC, 0x4A, 0xFF, 0xCC, 0x4A, 0xFF, 0xCC, 0x4A, 0xFF, 0xCD, 0x4A, 0xFF, 0xCD, 0x52, 0xFF,
  0xCD, 0x52, 0xFF, 0xCD, 0x4A, 0xFF, 0xCD, 0x4A, 0xFF, 0xCD, 0x52, 0xFF, 0xCD, 0x4A, 0xFF, 0xCD,
  0x4A, 0xFF, 0xCD, 0x52, 0xFF, 0xED, 0x52, 0xFF, 0xED, 0x52, 0xFF, 0xCD, 0x52, 0xFF, 0xCD, 0x4A,
  0xFF, 0xCD, 0x4A, 0xFF, 0xCD, 0x4A, 0xFF, 0xCD, 0x4A, 0xFF, 0xCD, 0x4A, 0xFF, 0xCD, 0x4A, 0xFF,
  0xCD, 0x4A, 0xFF, 0xCD, 0x4A, 0xFF, 0xCD, 0x4A, 0xFF, 0xCD, 0x4A, 0xFF, 0xCD, 0x52, 0xFF, 0xCD,
  0x52, 0xFF, 0xCD, 0x52, 0xFF, 0xCD, 0x52, 0xFF, 0xCD, 0x52, 0xFF, 0xCD, 0x52, 0xFF, 0xCD, 0x52,
  0xFF, 0xCD, 0x52, 0xFF, 0xCD, 0x52, 0xFF, 0xCD, 0x4A, 0xFF, 0xCD, 0x4A, 0xFF, 0xCD, 0x4A, 0xFF,
  0xCC, 0x4A, 0xFF, 0xCD, 0x4A, 0xFF, 0xCC, 0x4A, 0xFF, 0xCC, 0x4A, 0xFF, 0xCD, 0x4A, 0xFF, 0xCD,
  0x4A, 0xFF, 0xCD, 0x4A, 0xFF, 0xCD, 0x4A, 0xFF, 0xCD, 0x4A, 0xFF, 0xCD, 0x52, 0xFF, 0xCD, 0x52,
  0xFF, 0xCD, 0x52, 0xFF, 0xCD, 0x4A, 0xFF, 0xCD, 0x4A, 0xFF, 0xCD, 0x4A, 0xFF, 0xCD, 0x4A, 0xFF,
  0xED, 0x52, 0xFF, 0xED, 0x52, 0xFF, 0xCD, 0x52, 0xFF, 0xCD, 0x4A, 0xFF, 0xCD, 0x4A, 0xFF, 0xCD,
  0x4A, 0xFF, 0xCD, 0x4A, 0xFF, 0xCD, 0x52, 0xFF, 0xCD, 0x52, 0xFF, 0xAC, 0x42, 0xFF, 0xA3, 0x10,
  0xFF, 0x00, 0x00, 0xFF, 0x00, 0x00, 0xFF, 0x00, 0x00, 0xFF, 0x00, 0x00, 0xFF, 0x00, 0x00, 0xFF,
  0x00, 0x00, 0xFF, 0x00, 0x00, 0xFF, 0x00, 0x00, 0xFF, 0x00, 0x00, 0xFF, 0x00, 0x00, 0xFF, 0x00,
  0x00, 0xFF, 0x00, 0x00, 0xFF, 0x00, 0x00, 0xFF, 0x00, 0x00, 0xFF, 0x25, 0x21, 0x8D, 0x29, 0x42,
  0x00, 0xE8, 0x39, 0x00, 0xE8, 0x39, 0x00, 0xE8, 0x39, 0x00, 0xE8, 0x39, 0x00, 0xE8, 0x39, 0x00,
  0x08, 0x3A, 0x09, 0x61, 0x08, 0xD9, 0x00, 0x00, 0xFF, 0x00, 0x00, 0xFF, 0x00, 0x00, 0xFF, 0x00,
  0x00, 0xFF, 0x00, 0x00, 0xFF, 0x00, 0x00, 0xFF, 0x00, 0x00, 0xFF, 0x00, 0x00, 0xFF, 0x00, 0x00,
  0xFF, 0x00, 0x00, 0xFF, 0x00, 0x00, 0xFF, 0x00, 0x00, 0xFF, 0x00, 0x00, 0xFF, 0x00, 0x00, 0xFF,
  0xC8, 0x31, 0xFF, 0x8C, 0x42, 0xFF, 0x2A, 0x3A, 0xFF, 0x4B, 0x3A, 0xFF, 0x4B, 0x3A, 0xFF, 0x4B,
  0x3A, 0xFF, 0x4B, 0x3A, 0xFF, 0x4B, 0x3A, 0xFF, 0x2A, 0x3A, 0xFF, 0x2B, 0x3A, 0xFF, 0x4A, 0x3A,
  0xFF, 0x2A, 0x3A, 0xFF, 0x2A, 0x3A, 0xFF, 0x2A, 0x3A, 0xFF, 0x2A, 0x3A, 0xFF, 0x2A, 0x3A, 0xFF,
  0x2A, 0x3A, 0xFF, 0x2B, 0x3A, 0xFF, 0x4B, 0x3A, 0xFF, 0x4B, 0x3A, 0xFF, 0x4B, 0x3A, 0xFF, 0x4A,
  0x3A, 0xFF, 0x2A, 0x3A, 0xFF, 0x2A, 0x3A, 0xFF, 0x2A, 0x3A, 0xFF, 0x2B, 0x3A, 0xFF, 0x4B, 0x3A,
  0xFF, 0x4B, 0x3A, 0xFF, 0x2A, 0x3A, 0xFF, 0x2A, 0x3A, 0xFF, 0x2A, 0x3A, 0xFF, 0x2A, 0x3A, 0xFF,
  0x2A, 0x3A, 0xFF, 0x2A, 0x3A, 0xFF, 0x2A, 0x3A, 0xFF, 0x2A, 0x3A, 0xFF, 0x2A, 0x3A, 0xFF, 0x2A,
  0x3A, 0xFF, 0x2A, 0x3A, 0xFF, 0x2A, 0x3A, 0xFF, 0x2A, 0x3A, 0xFF, 0x2A, 0x3A, 0xFF, 0x2A, 0x3A,
  0xFF, 0x2A, 0x3A, 0xFF, 0x2A, 0x3A, 0xFF, 0x2A, 0x3A, 0xFF, 0x0A, 0x3A, 0xFF, 0x0A, 0x32, 0xFF,
  0x0A, 0x3A, 0xFF, 0x2A, 0x3A, 0xFF, 0x2A, 0x3A, 0xFF, 0x2A, 0x3A, 0xFF, 0x2A, 0x3A, 0xFF, 0x0A,
  0x32, 0xFF, 0x0A, 0x32, 0xFF, 0x0A, 0x3A, 0xFF, 0x2A, 0x3A, 0xFF, 0x2A, 0x3A, 0xFF, 0x2A, 0x3A,
  0xFF, 0x2A, 0x3A, 0xFF, 0x2A, 0x3A, 0xFF, 0x2A, 0x3A, 0xFF, 0x2A, 0x3A, 0xFF, 0x2A, 0x3A, 0xFF,
  0x2A, 0x3A, 0xFF, 0x0A, 0x3A, 0xFF, 0x0A, 0x3A, 0xFF, 0x0A, 0x3A, 0xFF, 0x0A, 0x3A, 0xFF, 0x0A,
  0x32, 0xFF, 0x0A, 0x32, 0xFF, 0x2A, 0x3A, 0xFF, 0x2A, 0x3A, 0xFF, 0x2A, 0x3A, 0xFF, 0x0A, 0x3A,
  0xFF, 0x2A, 0x3A, 0xFF, 0x4B, 0x3A, 0xFF, 0x83, 0x08, 0xFF, 0x00, 0x00, 0xFF, 0x00, 0x00, 0xFF,
  0x00, 0x00, 0xFF, 0x00, 0x00, 0xFF, 0x00, 0x00, 0xFF, 0x00, 0x00, 0xFF, 0x00, 0x00, 0xFF, 0x00,
  0x00, 0xFF, 0x00, 0x00, 0xFF, 0x00, 0x00, 0xFF, 0x00, 0x00, 0xFF, 0x00, 0x00, 0xFF, 0x00, 0x00,
  0xFF, 0x00, 0x00, 0xFF, 0xE4, 0x18, 0x6E, 0xE8, 0x39, 0x00, 0xA7, 0x31, 0x00, 0xA7, 0x31, 0x00,
  0xA7, 0x31, 0x00, 0xA7, 0x31, 0x00, 0xA7, 0x31, 0x00, 0xC8, 0x31, 0x00, 0x82, 0x10, 0xC0, 0x00,
  0x00, 0xFF, 0x00, 0x00, 0xFF, 0x00, 0x00, 0xFF, 0x00, 0x00, 0xFF, 0x00, 0x00, 0xFF, 0x00, 0x00,
  0xFF, 0x00, 0x00, 0xFF, 0x00, 0x00, 0xFF, 0x00, 0x00, 0xFF, 0x00, 0x00, 0xFF, 0x00, 0x00, 0xFF,
  0x00, 0x00, 0xFF, 0x00, 0x00, 0xFF, 0x00, 0x00, 0xFF, 0x20, 0x00, 0xFF, 0x82, 0x08, 0xFF, 0x62,
  0x08, 0xFF, 0x62, 0x08, 0xFF, 0x62, 0x08, 0xFF, 0x62, 0x08, 0xFF, 0x62, 0x08, 0xFF, 0x62, 0x08,
  0xFF, 0x62, 0x08, 0xFF, 0x62, 0x08, 0xFF, 0x62, 0x08, 0xFF, 0x62, 0x08, 0xFF, 0x62, 0x08, 0xFF,
  0x62, 0x08, 0xFF, 0x62, 0x08, 0xFF, 0x62, 0x08, 0xFF, 0x62, 0x08, 0xFF, 0x62, 0x08, 0xFF, 0x62,
  0x08, 0xFF, 0x62, 0x08, 0xFF, 0x62, 0x08, 0xFF, 0x62, 0x08, 0xFF, 0x62, 0x08, 0xFF, 0x62, 0x08,
  0xFF, 0x62, 0x08, 0xFF, 0x62, 0x08, 0xFF, 0x62, 0x08, 0xFF, 0x62, 0x08, 0xFF, 0x62, 0x08, 0xFF,
  0x62, 0x08, 0xFF, 0x62, 0x08, 0xFF, 0x62, 0x08, 0xFF, 0x62, 0x08, 0xFF, 0x62, 0x08, 0xFF, 0x62,
  0x08, 0xFF, 0x62, 0x08, 0xFF, 0x62, 0x08, 0xFF, 0x62, 0x08, 0xFF, 0x62, 0x08, 0xFF, 0x62, 0x08,
  0xFF, 0x62, 0x08, 0xFF, 0x62, 0x08, 0xFF, 0x62, 0x08, 0xFF, 0x62, 0x08, 0xFF, 0x62, 0x08, 0xFF,
  0x62, 0x08, 0xFF, 0x62, 0x08, 0xFF, 0x61, 0x08, 0xFF, 0x62, 0x08, 0xFF, 0x62, 0x08, 0xFF, 0x62,
  0x08, 0xFF, 0x62, 0x08, 0xFF, 0x62, 0x08, 0xFF, 0x62, 0x08, 0xFF, 0x62, 0x08, 0xFF, 0x62, 0x08,
  0xFF, 0x62, 0x08, 0xFF, 0x62, 0x08, 0xFF, 0x62, 0x08, 0xFF, 0x62, 0x08, 0xFF, 0x62, 0x08, 0xFF,
  0x62, 0x08, 0xFF, 0x62, 0x08, 0xFF, 0x62, 0x08, 0xFF, 0x62, 0x08, 0xFF, 0x61, 0x08, 0xFF, 0x61,
  0x08, 0xFF, 0x61, 0x08, 0xFF, 0x61, 0x08, 0xFF, 0x41, 0x08, 0xFF, 0x62, 0x08, 0xFF, 0x62, 0x08,
  0xFF, 0x62, 0x08, 0xFF, 0x62, 0x08, 0xFF, 0x41, 0x08, 0xFF, 0x62, 0x08, 0xFF, 0x62, 0x08, 0xFF,
  0x00, 0x00, 0xFF, 0x00, 0x00, 0xFF, 0x00, 0x00, 0xFF, 0x00, 0x00, 0xFF, 0x00, 0x00, 0xFF, 0x00,
  0x00, 0xFF, 0x00, 0x00, 0xFF, 0x00, 0x00, 0xFF, 0x00, 0x00, 0xFF, 0x00, 0x00, 0xFF, 0x00, 0x00,
  0xFF, 0x00, 0x00, 0xFF, 0x00, 0x00, 0xFF, 0x00, 0x00, 0xFF, 0x41, 0x00, 0xFF, 0x04, 0x19, 0x51,
  0xE3, 0x18, 0x00, 0xE3, 0x18, 0x00, 0xE3, 0x18, 0x00, 0x29, 0x42, 0x00, 0x29, 0x42, 0x00, 0x29,
  0x42, 0x00, 0x49, 0x42, 0x00, 0x04, 0x19, 0x83, 0x61, 0x08, 0xFF, 0x82, 0x10, 0xFF, 0x61, 0x08,
  0xFF, 0x04, 0x21, 0xFF, 0x04, 0x21, 0xFF, 0xE4, 0x18, 0xFF, 0x04, 0x19, 0xFF, 0x04, 0x19, 0xFF,
  0x04, 0x19, 0xFF, 0x04, 0x19, 0xFF, 0xE4, 0x18, 0xFF, 0xE4, 0x18, 0xFF, 0xE4, 0x18, 0xFF, 0x04,
  0x19, 0xFF, 0xE3, 0x18, 0xFF, 0xC3, 0x18, 0xFF, 0xC3, 0x18, 0xFF, 0xC3, 0x18, 0xFF, 0xC2, 0x18,
  0xFF, 0xC2, 0x18, 0xFF, 0xC3, 0x18, 0xFF, 0xC3, 0x18, 0xFF, 0xC3, 0x18, 0xFF, 0xC3, 0x18, 0xFF,
  0xC3, 0x18, 0xFF, 0xC3, 0x18, 0xFF, 0xC3, 0x18, 0xFF, 0xC3, 0x18, 0xFF, 0xC3, 0x18, 0xFF, 0xC3,
  0x18, 0xFF, 0xC3, 0x18, 0xFF, 0xC3, 0x18, 0xFF, 0xC3, 0x18, 0xFF, 0xC3, 0x18, 0xFF, 0xC3, 0x18,
  0xFF, 0xC3, 0x18, 0xFF, 0xC3, 0x18, 0xFF, 0xC3, 0x18, 0xFF, 0xC3, 0x18, 0xFF, 0xC3, 0x18, 0xFF,
  0xC3, 0x18, 0xFF, 0xC3, 0x18, 0xFF, 0xC3, 0x18, 0xFF, 0xC3, 0x18, 0xFF, 0xC3, 0x18, 0xFF, 0xC3,
  0x18, 0xFF, 0xC3, 0x18, 0xFF, 0xC3, 0x18, 0xFF, 0xC3, 0x18, 0xFF, 0xC3, 0x18, 0xFF, 0xC3, 0x18,
  0xFF, 0xC3, 0x18, 0xFF, 0xC3, 0x18, 0xFF, 0xC3, 0x18, 0xFF, 0xC3, 0x18, 0xFF, 0xC3, 0x18, 0xFF,
  0xC3, 0x18, 0xFF, 0xC3, 0x18, 0xFF, 0xC3, 0x18, 0xFF, 0xC3, 0x18, 0xFF, 0xC3, 0x18, 0xFF, 0xC3,
  0x18, 0xFF, 0xC3, 0x18, 0xFF, 0xC3, 0x18, 0xFF, 0xC3, 0x18, 0xFF, 0xC3, 0x18, 0xFF, 0xC3, 0x18,
  0xFF, 0xC3, 0x18, 0xFF, 0xC3, 0x18, 0xFF, 0xC3, 0x18, 0xFF, 0xC3, 0x18, 0xFF, 0xC3, 0x18, 0xFF,
  0xC3, 0x18, 0xFF, 0xC3, 0x18, 0xFF, 0xC3, 0x18, 0xFF, 0xC3, 0x18, 0xFF, 0xC3, 0x18, 0xFF, 0xC3,
  0x18, 0xFF, 0xC3, 0x18, 0xFF, 0xC3, 0x18, 0xFF, 0xC3, 0x18, 0xFF, 0xC3, 0x18, 0xFF, 0xC3, 0x18,
  0xFF, 0xC3, 0x18, 0xFF, 0xC3, 0x18, 0xFF, 0xC3, 0x18, 0xFF, 0xC3, 0x18, 0xFF, 0xC3, 0x18, 0xFF,
  0xC3, 0x18, 0xFF, 0xC3, 0x18, 0xFF, 0xC3, 0x18, 0xFF, 0xE4, 0x20, 0xFF, 0x04, 0x21, 0xFF, 0xE4,
  0x18, 0xFF, 0x04, 0x19, 0xFF, 0x04, 0x19, 0xFF, 0x04, 0x21, 0xFF, 0x04, 0x21, 0xFF, 0x04, 0x21,
  0xFF, 0x04, 0x21, 0xFF, 0x04, 0x21, 0xFF, 0x04, 0x21, 0xFF, 0xA2, 0x10, 0xFF, 0x61, 0x08, 0xFF,
  0x61, 0x08, 0xFF, 0x04, 0x21, 0xE2, 0x8E, 0x73, 0x18, 0x6D, 0x6B, 0x00, 0x6D, 0x6B, 0x00, 0x6D,
  0x6B, 0x00, 0x6D, 0x6B, 0x00, 0x6D, 0x6B, 0x00, 0x6D, 0x6B, 0x00, 0xAE, 0x73, 0x00, 0xEB, 0x5A,
  0x53, 0xA2, 0x10, 0xFF, 0xE4, 0x18, 0xFF, 0xA2, 0x10, 0xFF, 0x86, 0x29, 0xFF, 0xA7, 0x31, 0xFF,
  0xA6, 0x31, 0xFF, 0xA6, 0x31, 0xFF, 0xA6, 0x31, 0xFF, 0xA6, 0x31, 0xFF, 0xA6, 0x31, 0xFF, 0xA6,
  0x31, 0xFF, 0xA6, 0x31, 0xFF, 0x86, 0x31, 0xFF, 0x86, 0x31, 0xFF, 0xA6, 0x31, 0xFF, 0xA7, 0x31,
  0xFF, 0xA7, 0x31, 0xFF, 0xA7, 0x31, 0xFF, 0xA6, 0x31, 0xFF, 0xA6, 0x31, 0xFF, 0xA7, 0x31, 0xFF,
  0xA7, 0x31, 0xFF, 0xA7, 0x31, 0xFF, 0xA7, 0x31, 0xFF, 0xA6, 0x31, 0xFF, 0xA6, 0x31, 0xFF, 0xA6,
  0x31, 0xFF, 0xA7, 0x31, 0xFF, 0xA7, 0x31, 0xFF, 0xA7, 0x31, 0xFF, 0xA6, 0x31, 0xFF, 0xA6, 0x31,
  0xFF, 0xA6, 0x31, 0xFF, 0xA6, 0x31, 0xFF, 0xA6, 0x31, 0xFF, 0xA6, 0x31, 0xFF, 0xA7, 0x31, 0xFF,
  0xA7, 0x31, 0xFF, 0xA7, 0x31, 0xFF, 0xA7, 0x31, 0xFF, 0xA6, 0x31, 0xFF, 0xA6, 0x31, 0xFF, 0xA6,
  0x31, 0xFF, 0xA7, 0x31, 0xFF, 0xA7, 0x31, 0xFF, 0xA7, 0x31, 0xFF, 0xA7, 0x31, 0xFF, 0xA7, 0x31,
  0xFF, 0xA6, 0x31, 0xFF, 0xA6, 0x31, 0xFF, 0xA7, 0x31, 0xFF, 0xA7, 0x31, 0xFF, 0xA7, 0x31, 0xFF,
  0xA7, 0x31, 0xFF, 0xA7, 0x31, 0xFF, 0xA7, 0x31, 0xFF, 0xA6, 0x31, 0xFF, 0xA6, 0x31, 0xFF, 0xA6,
  0x31, 0xFF, 0xA6, 0x31, 0xFF, 0xA7, 0x31, 0xFF, 0xA7, 0x31, 0xFF, 0xA7, 0x31, 0xFF, 0xA7, 0x31,
  0xFF, 0xA7, 0x31, 0xFF, 0xA7, 0x31, 0xFF, 0xA6, 0x31, 0xFF, 0xA6, 0x31, 0xFF, 0xA6, 0x31, 0xFF,
  0xA6, 0x31, 0xFF, 0xA6, 0x31, 0xFF, 0xA6, 0x31, 0xFF, 0xA6, 0x31, 0xFF, 0xA7, 0x31, 0xFF, 0xA7,
  0x31, 0xFF, 0xA7, 0x31, 0xFF, 0xA7, 0x31, 0xFF, 0xA7, 0x31, 0xFF, 0xA6, 0x31, 0xFF, 0xA7, 0x31,
  0xFF, 0xA7, 0x31, 0xFF, 0xA7, 0x31, 0xFF, 0xA7, 0x31, 0xFF, 0xA6, 0x31, 0xFF, 0xA6, 0x31, 0xFF,
  0xA6, 0x31, 0xFF, 0xA6, 0x31, 0xFF, 0xA6, 0x31, 0xFF, 0xA6, 0x31, 0xFF, 0xA7, 0x31, 0xFF, 0xA7,
  0x31, 0xFF, 0xA6, 0x31, 0xFF, 0xA6, 0x31, 0xFF, 0xA6, 0x31, 0xFF, 0xA6, 0x31, 0xFF, 0xA6, 0x31,
  0xFF, 0xA7, 0x31, 0xFF, 0xC7, 0x31, 0xFF, 0xC7, 0x31, 0xFF, 0xC7, 0x31, 0xFF, 0xE7, 0x39, 0xFF,
  0xE7, 0x39, 0xFF, 0xE3, 0x18, 0xFF, 0xA3, 0x10, 0xFF, 0x62, 0x08, 0xFF, 0x45, 0x21, 0xCC, 0xD3,
  0x9C, 0x00, 0x92, 0x94, 0x00, 0x92, 0x94, 0x00, 0x92, 0x94, 0x00, 0xCE, 0x73, 0x00, 0xCE, 0x73,
  0x00, 0xCE, 0x73, 0x00, 0x0F, 0x7C, 0x00, 0x4C, 0x63, 0x24, 0x41, 0x08, 0xFC, 0xA3, 0x10, 0xFF,
  0xA3, 0x10, 0xFF, 0xA2, 0x10, 0xFF, 0xC3, 0x10, 0xFF, 0xC3, 0x10, 0xFF, 0xA3, 0x10, 0xFF, 0xC3,
  0x10, 0xFF, 0xC3, 0x10, 0xFF, 0xC3, 0x10, 0xFF, 0xC3, 0x10, 0xFF, 0xC3, 0x10, 0xFF, 0xC3, 0x10,
  0xFF, 0xC3, 0x10, 0xFF, 0xC3, 0x10, 0xFF, 0xC3, 0x10, 0xFF, 0xC3, 0x10, 0xFF, 0xC3, 0x10, 0xFF,
  0xA3, 0x10, 0xFF, 0xA3, 0x10, 0xFF, 0xA3, 0x10, 0xFF, 0xC3, 0x10, 0xFF, 0xC3, 0x10, 0xFF, 0xC3,
  0x10, 0xFF, 0xA3, 0x10, 0xFF, 0xA3, 0x10, 0xFF, 0xA3, 0x10, 0xFF, 0xA3, 0x10, 0xFF, 0xA3, 0x10,
  0xFF, 0xA3, 0x10, 0xFF, 0xA3, 0x10, 0xFF, 0xA3, 0x10, 0xFF, 0xA3, 0x10, 0xFF, 0xA3, 0x10, 0xFF,
  0xA3, 0x10, 0xFF, 0xA2, 0x10, 0xFF, 0xA3, 0x10, 0xFF, 0xA3, 0x10, 0xFF, 0xA3, 0x10, 0xFF, 0xA3,
  0x10, 0xFF, 0xA3, 0x10, 0xFF, 0xA3, 0x10, 0xFF, 0xA3, 0x10, 0xFF, 0xA3, 0x10, 0xFF, 0xC3, 0x10,
  0xFF, 0xC3, 0x10, 0xFF, 0xC3, 0x10, 0xFF, 0xC3, 0x10, 0xFF, 0xA3, 0x10, 0xFF, 0xA3, 0x10, 0xFF,
  0xA3, 0x10, 0xFF, 0xA3, 0x10, 0xFF, 0xC3, 0x10, 0xFF, 0xC3, 0x10, 0xFF, 0xC3, 0x10, 0xFF, 0xA3,
  0x10, 0xFF, 0xA3, 0x10, 0xFF, 0xA3, 0x10, 0xFF, 0xA3, 0x10, 0xFF, 0xA3, 0x10, 0xFF, 0xA3, 0x10,
  0xFF, 0xA3, 0x10, 0xFF, 0xA3, 0x10, 0xFF, 0xA3, 0x10, 0xFF, 0xA3, 0x10, 0xFF, 0xA3, 0x10, 0xFF,
  0xA3, 0x10, 0xFF, 0xA2, 0x10, 0xFF, 0xA2, 0x10, 0xFF, 0xA3, 0x10, 0xFF, 0xA2, 0x10, 0xFF, 0xA2,
  0x10, 0xFF, 0xA3, 0x10, 0xFF, 0xA3, 0x10, 0xFF, 0xA3, 0x10, 0xFF, 0xA3, 0x10, 0xFF, 0xA3, 0x10,
  0xFF, 0xA3, 0x10, 0xFF, 0xA3, 0x10, 0xFF, 0xA3, 0x10, 0xFF, 0xA3, 0x10, 0xFF, 0xA3, 0x10, 0xFF,
  0xC3, 0x10, 0xFF, 0xA3, 0x10, 0xFF, 0xA3, 0x10, 0xFF, 0xA3, 0x10, 0xFF, 0xA3, 0x10, 0xFF, 0xA3,
  0x10, 0xFF, 0xA3, 0x10, 0xFF, 0xA3, 0x10, 0xFF, 0xA3, 0x10, 0xFF, 0xA3, 0x10, 0xFF, 0xA3, 0x10,
  0xFF, 0xC3, 0x10, 0xFF, 0xC3, 0x10, 0xFF, 0xA3, 0x10, 0xFF, 0xA3, 0x10, 0xFF, 0xA3, 0x10, 0xFF,
  0xC3, 0x10, 0xFF, 0xC3, 0x10, 0xFF, 0xC3, 0x10, 0xFF, 0xC3, 0x10, 0xFF, 0x82, 0x10, 0xFF, 0xC3,
  0x18, 0xFF, 0x20, 0x00, 0xFF, 0x86, 0x31, 0x9C, 0x71, 0x8C, 0x00, 0x10, 0x84, 0x00, 0x10, 0x84,
  0x00, 0x10, 0x84, 0x00, 0xCB, 0x5A, 0x00, 0xCB, 0x5A, 0x00, 0xCB, 0x5A, 0x00, 0xEB, 0x5A, 0x00,
  0xEB, 0x5A, 0x0A, 0xC3, 0x18, 0xCE, 0x62, 0x08, 0xFF, 0xC3, 0x10, 0xFF, 0x82, 0x10, 0xFF, 0x82,
  0x10, 0xFF, 0x82, 0x10, 0xFF, 0x82, 0x10, 0xFF, 0x82, 0x10, 0xFF, 0x82, 0x10, 0xFF, 0x82, 0x10,
  0xFF, 0x82, 0x10, 0xFF, 0x82, 0x10, 0xFF, 0x82, 0x10, 0xFF, 0x82, 0x10, 0xFF, 0x82, 0x10, 0xFF,
  0x82, 0x10, 0xFF, 0x82, 0x10, 0xFF, 0x82, 0x10, 0xFF, 0x82, 0x10, 0xFF, 0x82, 0x10, 0xFF, 0x82,
  0x10, 0xFF, 0x82, 0x10, 0xFF, 0x82, 0x10, 0xFF, 0x82, 0x10, 0xFF, 0x82, 0x10, 0xFF, 0x82, 0x10,
  0xFF, 0x82, 0x10, 0xFF, 0x82, 0x10, 0xFF, 0x82, 0x10, 0xFF, 0x82, 0x10, 0xFF, 0x82, 0x10, 0xFF,
  0x82, 0x10, 0xFF, 0x82, 0x08, 0xFF, 0x82, 0x08, 0xFF, 0x82, 0x08, 0xFF, 0x82, 0x08, 0xFF, 0x82,
  0x08, 0xFF, 0x82, 0x08, 0xFF, 0x82, 0x10, 0xFF, 0x82, 0x10, 0xFF, 0x82, 0x10, 0xFF, 0x82, 0x10,
  0xFF, 0x82, 0x10, 0xFF, 0x82, 0x10, 0xFF, 0x82, 0x10, 0xFF, 0x82, 0x10, 0xFF, 0x82, 0x10, 0xFF,
  0x82, 0x10, 0xFF, 0x82, 0x10, 0xFF, 0x82, 0x10, 0xFF, 0x82, 0x10, 0xFF, 0x82, 0x10, 0xFF, 0x82,
  0x10, 0xFF, 0x82, 0x10, 0xFF, 0x82, 0x10, 0xFF, 0x82, 0x10, 0xFF, 0x82, 0x10, 0xFF, 0x82, 0x08,
  0xFF, 0x82, 0x08, 0xFF, 0x82, 0x08, 0xFF, 0x82, 0x08, 0xFF, 0x82, 0x08, 0xFF, 0x62, 0x08, 0xFF,
  0x62, 0x08, 0xFF, 0x62, 0x08, 0xFF, 0x62, 0x08, 0xFF, 0x82, 0x08, 0xFF, 0x82, 0x08, 0xFF, 0x82,
  0x08, 0xFF, 0x82, 0x10, 0xFF, 0x82, 0x10, 0xFF, 0x82, 0x08, 0xFF, 0x82, 0x10, 0xFF, 0x82, 0x10,
  0xFF, 0x82, 0x10, 0xFF, 0x82, 0x10, 0xFF, 0x82, 0x10, 0xFF, 0x82, 0x10, 0xFF, 0x82, 0x10, 0xFF,
  0x82, 0x10, 0xFF, 0x82, 0x10, 0xFF, 0x82, 0x10, 0xFF, 0x82, 0x10, 0xFF, 0x82, 0x10, 0xFF, 0x82,
  0x10, 0xFF, 0x82, 0x10, 0xFF, 0x82, 0x10, 0xFF, 0x82, 0x10, 0xFF, 0x82, 0x10, 0xFF, 0x82, 0x10,
  0xFF, 0x82, 0x10, 0xFF, 0x82, 0x10, 0xFF, 0x82, 0x10, 0xFF, 0x82, 0x10, 0xFF, 0x82, 0x10, 0xFF,
  0x82, 0x10, 0xFF, 0x82, 0x10, 0xFF, 0x82, 0x08, 0xFF, 0x82, 0x08, 0xFF, 0x82, 0x08, 0xFF, 0x82,
  0x10, 0xFF, 0x82, 0x10, 0xFF, 0xA2, 0x10, 0xFF, 0xE3, 0x18, 0xFF, 0x61, 0x08, 0xFF, 0xAA, 0x52,
  0x60, 0x6D, 0x6B, 0x00, 0x4D, 0x63, 0x00, 0x4D, 0x63, 0x00, 0x4D, 0x63, 0x00, 0xAE, 0x73, 0x00,
  0xAE, 0x73, 0x00, 0xAE, 0x73, 0x00, 0xAE, 0x73, 0x00, 0x51, 0x8C, 0x00, 0x69, 0x4A, 0x8B, 0x00,
  0x00, 0xFF, 0xC3, 0x18, 0xFF, 0xA2, 0x10, 0xFF, 0xA2, 0x10, 0xFF, 0xA2, 0x10, 0xFF, 0xA2, 0x10,
  0xFF, 0xA2, 0x10, 0xFF, 0xA2, 0x10, 0xFF, 0xA2, 0x10, 0xFF, 0xA2, 0x10, 0xFF, 0xA2, 0x10, 0xFF,
  0xA2, 0x10, 0xFF, 0xA2, 0x10, 0xFF, 0xA2, 0x10, 0xFF, 0xA2, 0x10, 0xFF, 0xA2, 0x10, 0xFF, 0xA2,
  0x10, 0xFF, 0xA2, 0x10, 0xFF, 0xA2, 0x10, 0xFF, 0xA2, 0x10, 0xFF, 0xA2, 0x10, 0xFF, 0xA2, 0x10,
  0xFF, 0xA2, 0x10, 0xFF, 0xA2, 0x10, 0xFF, 0xA2, 0x10, 0xFF, 0xA2, 0x10, 0xFF, 0xA2, 0x10, 0xFF,
  0xA2, 0x10, 0xFF, 0xA2, 0x10, 0xFF, 0xA2, 0x10, 0xFF, 0xA2, 0x10, 0xFF, 0xA2, 0x10, 0xFF, 0x82,
  0x10, 0xFF, 0xA2, 0x10, 0xFF, 0xA2, 0x10, 0xFF, 0xA2, 0x10, 0xFF, 0xA2, 0x10, 0xFF, 0xA2, 0x10,
  0xFF, 0xA2, 0x10, 0xFF, 0xA2, 0x10, 0xFF, 0xA2, 0x10, 0xFF, 0xA2, 0x10, 0xFF, 0xA2, 0x10, 0xFF,
  0xA2, 0x10, 0xFF, 0xA2, 0x10, 0xFF, 0xA2, 0x10, 0xFF, 0xA2, 0x10, 0xFF, 0xA2, 0x10, 0xFF, 0xA2,
  0x10, 0xFF, 0xA2, 0x10, 0xFF, 0xA2, 0x10, 0xFF, 0xA2, 0x10, 0xFF, 0xA2, 0x10, 0xFF, 0xA2, 0x10,
  0xFF, 0xA2, 0x10, 0xFF, 0xA2, 0x10, 0xFF, 0xA2, 0x10, 0xFF, 0xA2, 0x10, 0xFF, 0xA2, 0x10, 0xFF,
  0xA2, 0x10, 0xFF, 0xA2, 0x10, 0xFF, 0x82, 0x10, 0xFF, 0x82, 0x10, 0xFF, 0x82, 0x10, 0xFF, 0x82,
  0x10, 0xFF, 0x82, 0x10, 0xFF, 0x82, 0x10, 0xFF, 0xA2, 0x10, 0xFF, 0xA2, 0x10, 0xFF, 0xA2, 0x10,
  0xFF, 0xA2, 0x10, 0xFF, 0xA2, 0x10, 0xFF, 0xA2, 0x10, 0xFF, 0xA2, 0x10, 0xFF, 0xA2, 0x10, 0xFF,
  0xA2, 0x10, 0xFF, 0xA2, 0x10, 0xFF, 0xA2, 0x10, 0xFF, 0xA2, 0x10, 0xFF, 0xA2, 0x10, 0xFF, 0xA2,
  0x10, 0xFF, 0xA2, 0x10, 0xFF, 0xA2, 0x10, 0xFF, 0xA2, 0x10, 0xFF, 0xA2, 0x10, 0xFF, 0xA2, 0x10,
  0xFF, 0xA2, 0x10, 0xFF, 0xA2, 0x10, 0xFF, 0xA2, 0x10, 0xFF, 0xA2, 0x10, 0xFF, 0xA2, 0x10, 0xFF,
  0xA2, 0x10, 0xFF, 0xA2, 0x10, 0xFF, 0xA2, 0x10, 0xFF, 0xA2, 0x10, 0xFF, 0xA2, 0x10, 0xFF, 0xA2,
  0x10, 0xFF, 0xA2, 0x10, 0xFF, 0xA2, 0x10, 0xFF, 0xA2, 0x10, 0xFF, 0xA2, 0x10, 0xFF, 0xA3, 0x10,
  0xFF, 0xC3, 0x10, 0xFF, 0x20, 0x00, 0xFF, 0xCF, 0x7B, 0x2A, 0xB2, 0x94, 0x00, 0x71, 0x8C, 0x00,
  0x71, 0x8C, 0x00, 0x71, 0x8C, 0x00, 0x0F, 0x7C, 0x00, 0x0F, 0x7C, 0x00, 0x0F, 0x7C, 0x00, 0x0F,
  0x7C, 0x00, 0x71, 0x8C, 0x00, 0xEB, 0x5A, 0x47, 0x00, 0x00, 0xFF, 0xA2, 0x10, 0xFF, 0xA2, 0x10,
  0xFF, 0xC3, 0x10, 0xFF, 0xA2, 0x10, 0xFF, 0xA2, 0x10, 0xFF, 0xA2, 0x10, 0xFF, 0xA2, 0x10, 0xFF,
  0xA2, 0x10, 0xFF, 0xA2, 0x10, 0xFF, 0xA2, 0x10, 0xFF, 0xA2, 0x10, 0xFF, 0xA2, 0x10, 0xFF, 0xA2,
  0x10, 0xFF, 0xA2, 0x10, 0xFF, 0xA2, 0x10, 0xFF, 0xA2, 0x10, 0xFF, 0xA2, 0x10, 0xFF, 0xA2, 0x10,
  0xFF, 0xA2, 0x10, 0xFF, 0xA2, 0x10, 0xFF, 0xA2, 0x10, 0xFF, 0xA2, 0x10, 0xFF, 0xA2, 0x10, 0xFF,
  0xA2, 0x10, 0xFF, 0xA2, 0x10, 0xFF, 0xA2, 0x10, 0xFF, 0xA2, 0x10, 0xFF, 0xA2, 0x10, 0xFF, 0xA2,
  0x10, 0xFF, 0xA2, 0x10, 0xFF, 0xA2, 0x10, 0xFF, 0xA2, 0x10, 0xFF, 0xA2, 0x10, 0xFF, 0xA2, 0x10,
  0xFF, 0xA2, 0x10, 0xFF, 0xA2, 0x10, 0xFF, 0xA2, 0x10, 0xFF, 0xA2, 0x10, 0xFF, 0xA2, 0x10, 0xFF,
  0xA2, 0x10, 0xFF, 0xA2, 0x10, 0xFF, 0xA2, 0x10, 0xFF, 0xA2, 0x10, 0xFF, 0xA2, 0x10, 0xFF, 0xA2,
  0x10, 0xFF, 0xA2, 0x10, 0xFF, 0xA2, 0x10, 0xFF, 0xA2, 0x10, 0xFF, 0xA2, 0x10, 0xFF, 0xA2, 0x10,
  0xFF, 0xA2, 0x10, 0xFF, 0xA2, 0x10, 0xFF, 0xA2, 0x10, 0xFF, 0xA2, 0x10, 0xFF, 0xA2, 0x10, 0xFF,
  0xA2, 0x10, 0xFF, 0xA2, 0x10, 0xFF, 0xA2, 0x10, 0xFF, 0xA2, 0x10, 0xFF, 0xA2, 0x10, 0xFF, 0xA2,
  0x10, 0xFF, 0xA2, 0x10, 0xFF, 0xA2, 0x10, 0xFF, 0xA2, 0x10, 0xFF, 0xA2, 0x10, 0xFF, 0xA2, 0x10,
  0xFF, 0xA2, 0x10, 0xFF, 0xA2, 0x10, 0xFF, 0xA3, 0x10, 0xFF, 0xA3, 0x10, 0xFF, 0xA2, 0x10, 0xFF,
  0xA2, 0x10, 0xFF, 0xA2, 0x10, 0xFF, 0xA2, 0x10, 0xFF, 0xA2, 0x10, 0xFF, 0xA2, 0x10, 0xFF, 0xA2,
  0x10, 0xFF, 0xA2, 0x10, 0xFF, 0xA2, 0x10, 0xFF, 0xA2, 0x10, 0xFF, 0xA2, 0x10, 0xFF, 0xA2, 0x10,
  0xFF, 0xA2, 0x10, 0xFF, 0xA2, 0x10, 0xFF, 0xA2, 0x10, 0xFF, 0xA2, 0x10, 0xFF, 0xA2, 0x10, 0xFF,
  0xA2, 0x10, 0xFF, 0xA3, 0x10, 0xFF, 0xA3, 0x10, 0xFF, 0xA3, 0x10, 0xFF, 0xA2, 0x10, 0xFF, 0xA2,
  0x10, 0xFF, 0xA2, 0x10, 0xFF, 0xA2, 0x10, 0xFF, 0xA2, 0x10, 0xFF, 0xA2, 0x10, 0xFF, 0xA2, 0x10,
  0xFF, 0xA3, 0x10, 0xFF, 0xC3, 0x10, 0xFF, 0xC3, 0x18, 0xFF, 0x82, 0x08, 0xFF, 0xA2, 0x10, 0xCF,
  0xCF, 0x7B, 0x0B, 0x30, 0x84, 0x00, 0xF0, 0x7B, 0x00, 0xF0, 0x7B, 0x00, 0xF0, 0x7B, 0x00, 0xEB,
  0x5A, 0x00, 0xEB, 0x5A, 0x00, 0xEB, 0x5A, 0x00, 0xEB, 0x5A, 0x00, 0xEB, 0x5A, 0x00, 0x6D, 0x6B,
  0x20, 0x24, 0x21, 0xE9, 0x41, 0x08, 0xFF, 0x61, 0x08, 0xFF, 0x82, 0x08, 0xFF, 0xA2, 0x10, 0xFF,
  0xA2, 0x10, 0xFF, 0xA2, 0x10, 0xFF, 0x82, 0x10, 0xFF, 0x82, 0x10, 0xFF, 0x82, 0x10, 0xFF, 0x82,
  0x10, 0xFF, 0x82, 0x10, 0xFF, 0x82, 0x10, 0xFF, 0xA2, 0x10, 0xFF, 0xA2, 0x10, 0xFF, 0xA2, 0x10,
  0xFF, 0xA2, 0x10, 0xFF, 0xA2, 0x10, 0xFF, 0xA2, 0x10, 0xFF, 0xA2, 0x10, 0xFF, 0xA2, 0x10, 0xFF,
  0xA2, 0x10, 0xFF, 0xA2, 0x10, 0xFF, 0xA2, 0x10, 0xFF, 0xA2, 0x10, 0xFF, 0xA2, 0x10, 0xFF, 0xA2,
  0x10, 0xFF, 0xA2, 0x10, 0xFF, 0x82, 0x10, 0xFF, 0x82, 0x10, 0xFF, 0xA2, 0x10, 0xFF, 0x82, 0x10,
  0xFF, 0x82, 0x10, 0xFF, 0x82, 0x10, 0xFF, 0x82, 0x10, 0xFF, 0x82, 0x10, 0xFF, 0x82, 0x10, 0xFF,
  0x82, 0x10, 0xFF, 0x82, 0x10, 0xFF, 0x82, 0x10, 0xFF, 0x82, 0x10, 0xFF, 0x82, 0x10, 0xFF, 0x82,
  0x10, 0xFF, 0x82, 0x10, 0xFF, 0x82, 0x10, 0xFF, 0x82, 0x10, 0xFF, 0x82, 0x10, 0xFF, 0x82, 0x10,
  0xFF, 0x82, 0x10, 0xFF, 0x82, 0x10, 0xFF, 0x82, 0x10, 0xFF, 0x82, 0x10, 0xFF, 0x82, 0x10, 0xFF,
  0x82, 0x10, 0xFF, 0x82, 0x10, 0xFF, 0x82, 0x10, 0xFF, 0x82, 0x10, 0xFF, 0x82, 0x10, 0xFF, 0x82,
  0x10, 0xFF, 0x82, 0x10, 0xFF, 0x82, 0x10, 0xFF, 0x82, 0x10, 0xFF, 0x82, 0x10, 0xFF, 0x82, 0x10,
  0xFF, 0x82, 0x10, 0xFF, 0x82, 0x10, 0xFF, 0x82, 0x10, 0xFF, 0x82, 0x10, 0xFF, 0x82, 0x10, 0xFF,
  0xA2, 0x10, 0xFF, 0xA2, 0x10, 0xFF, 0xA2, 0x10, 0xFF, 0xA2, 0x10, 0xFF, 0x82, 0x10, 0xFF, 0x82,
  0x10, 0xFF, 0x82, 0x10, 0xFF, 0x82, 0x10, 0xFF, 0xA2, 0x10, 0xFF, 0xA2, 0x10, 0xFF, 0xA2, 0x10,
  0xFF, 0xA2, 0x10, 0xFF, 0xA2, 0x10, 0xFF, 0xA2, 0x10, 0xFF, 0xA2, 0x10, 0xFF, 0xA2, 0x10, 0xFF,
  0xA2, 0x10, 0xFF, 0xA2, 0x10, 0xFF, 0xA2, 0x10, 0xFF, 0xA2, 0x10, 0xFF, 0xA2, 0x10, 0xFF, 0xA2,
  0x10, 0xFF, 0xA2, 0x10, 0xFF, 0xA2, 0x10, 0xFF, 0xA2, 0x10, 0xFF, 0xA2, 0x10, 0xFF, 0xA2, 0x10,
  0xFF, 0xA2, 0x10, 0xFF, 0xA2, 0x10, 0xFF, 0xA2, 0x10, 0xFF, 0xA2, 0x10, 0xFF, 0x62, 0x08, 0xFF,
  0xC3, 0x18, 0xFF, 0x20, 0x00, 0xFF, 0xC7, 0x39, 0x95, 0x2C, 0x63, 0x00, 0xAA, 0x52, 0x00, 0xAA,
  0x52, 0x00, 0xAA, 0x52, 0x00, 0xAA, 0x52, 0x00, 0x4D, 0x6B, 0x00, 0x4D, 0x6B, 0x00, 0x4D, 0x6B,
  0x00, 0x4D, 0x6B, 0x00, 0x4D, 0x6B, 0x00, 0xAE, 0x73, 0x25, 0xE3, 0x18, 0xEE, 0x00, 0x00, 0xFF,
  0xE4, 0x18, 0xFF, 0x82, 0x10, 0xFF, 0x41, 0x08, 0xFF, 0x41, 0x08, 0xFF, 0x41, 0x08, 0xFF, 0x41,
  0x00, 0xFF, 0x21, 0x00, 0xFF, 0x21, 0x00, 0xFF, 0x21, 0x00, 0xFF, 0x41, 0x00, 0xFF, 0x41, 0x08,
  0xFF, 0x20, 0x00, 0xFF, 0x00, 0x00, 0xFF, 0x20, 0x00, 0xFF, 0x00, 0x00, 0xFF, 0x00, 0x00, 0xFF,
  0x00, 0x00, 0xFF, 0x00, 0x00, 0xFF, 0x00, 0x00, 0xFF, 0x00, 0x00, 0xFF, 0x00, 0x00, 0xFF, 0x00,
  0x00, 0xFF, 0x20, 0x00, 0xFF, 0x20, 0x00, 0xFF, 0x20, 0x00, 0xFF, 0x41, 0x08, 0xFF, 0x21, 0x00,
  0xFF, 0x20, 0x00, 0xFF, 0x20, 0x00, 0xFF, 0x20, 0x00, 0xFF, 0x20, 0x00, 0xFF, 0x20, 0x00, 0xFF,
  0x20, 0x00, 0xFF, 0x20, 0x00, 0xFF, 0x20, 0x00, 0xFF, 0x20, 0x00, 0xFF, 0x20, 0x00, 0xFF, 0x20,
  0x00, 0xFF, 0x20, 0x00, 0xFF, 0x20, 0x00, 0xFF, 0x20, 0x00, 0xFF, 0x20, 0x00, 0xFF, 0x20, 0x00,
  0xFF, 0x20, 0x00, 0xFF, 0x20, 0x00, 0xFF, 0x20, 0x00, 0xFF, 0x20, 0x00, 0xFF, 0x20, 0x00, 0xFF,
  0x20, 0x00, 0xFF, 0x20, 0x00, 0xFF, 0x20, 0x00, 0xFF, 0x20, 0x00, 0xFF, 0x20, 0x00, 0xFF, 0x20,
  0x00, 0xFF, 0x20, 0x00, 0xFF, 0x20, 0x00, 0xFF, 0x20, 0x00, 0xFF, 0x20, 0x00, 0xFF, 0x20, 0x00,
  0xFF, 0x20, 0x00, 0xFF, 0x20, 0x00, 0xFF, 0x20, 0x00, 0xFF, 0x20, 0x00, 0xFF, 0x20, 0x00, 0xFF,
  0x20, 0x00, 0xFF, 0x20, 0x00, 0xFF, 0x20, 0x00, 0xFF, 0x20, 0x00, 0xFF, 0x20, 0x00, 0xFF, 0x20,
  0x00, 0xFF, 0x20, 0x00, 0xFF, 0x20, 0x00, 0xFF, 0x20, 0x00, 0xFF, 0x20, 0x00, 0xFF, 0x20, 0x00,
  0xFF, 0x20, 0x00, 0xFF, 0x20, 0x00, 0xFF, 0x20, 0x00, 0xFF, 0x20, 0x00, 0xFF, 0x20, 0x00, 0xFF,
  0x20, 0x00, 0xFF, 0x20, 0x00, 0xFF, 0x20, 0x00, 0xFF, 0x20, 0x00, 0xFF, 0x20, 0x00, 0xFF, 0x20,
  0x00, 0xFF, 0x20, 0x00, 0xFF, 0x41, 0x08, 0xFF, 0x41, 0x08, 0xFF, 0x41, 0x08, 0xFF, 0x41, 0x08,
  0xFF, 0x41, 0x08, 0xFF, 0x41, 0x08, 0xFF, 0x41, 0x08, 0xFF, 0x41, 0x08, 0xFF, 0x41, 0x08, 0xFF,
  0x41, 0x08, 0xFF, 0x61, 0x08, 0xFF, 0x82, 0x10, 0xFF, 0xA2, 0x10, 0xFF, 0x00, 0x00, 0xFF, 0xE7,
  0x39, 0x92, 0xAE, 0x73, 0x00, 0x4D, 0x6B, 0x00, 0x4D, 0x6B, 0x00, 0x4D, 0x6B, 0x00, 0x4D, 0x6B,
  0x00, 0xEB, 0x5A, 0x00, 0xEB, 0x5A, 0x00, 0xEB, 0x5A, 0x00, 0xEB, 0x5A, 0x00, 0xEB, 0x5A, 0x00,
  0x4C, 0x63, 0x27, 0xE3, 0x18, 0xEF, 0x00, 0x00, 0xFF, 0x61, 0x08, 0xFF, 0xA2, 0x10, 0xFF, 0xA2,
  0x10, 0xFF, 0xA2, 0x10, 0xFF, 0x82, 0x10, 0xFF, 0xA2, 0x10, 0xFF, 0x82, 0x10, 0xFF, 0xA2, 0x10,
  0xFF, 0xC3, 0x18, 0xFF, 0xE4, 0x18, 0xFF, 0xE3, 0x18, 0xFF, 0x41, 0x08, 0xFF, 0x04, 0x21, 0xFF,
  0x20, 0x00, 0xFF, 0x41, 0x08, 0xFF, 0x61, 0x08, 0xFF, 0x00, 0x00, 0xFF, 0x00, 0x00, 0xFF, 0x00,
  0x00, 0xFF, 0x00, 0x00, 0xFF, 0x00, 0x00, 0xFF, 0x00, 0x00, 0xFF, 0x00, 0x00, 0xFF, 0x00, 0x00,
  0xFF, 0x00, 0x00, 0xFF, 0x41, 0x08, 0xFF, 0xA2, 0x10, 0xFF, 0x82, 0x10, 0xFF, 0x82, 0x10, 0xFF,
  0x82, 0x10, 0xFF, 0x82, 0x10, 0xFF, 0x82, 0x08, 0xFF, 0x82, 0x08, 0xFF, 0x82, 0x08, 0xFF, 0x82,
  0x10, 0xFF, 0x82, 0x08, 0xFF, 0x82, 0x08, 0xFF, 0x82, 0x08, 0xFF, 0x82, 0x08, 0xFF, 0x62, 0x08,
  0xFF, 0x82, 0x08, 0xFF, 0x82, 0x08, 0xFF, 0x82, 0x10, 0xFF, 0x82, 0x10, 0xFF, 0x82, 0x10, 0xFF,
  0x82, 0x10, 0xFF, 0x82, 0x10, 0xFF, 0x82, 0x10, 0xFF, 0x82, 0x10, 0xFF, 0x82, 0x10, 0xFF, 0x82,
  0x10, 0xFF, 0x82, 0x10, 0xFF, 0x82, 0x10, 0xFF, 0x82, 0x10, 0xFF, 0x82, 0x10, 0xFF, 0x82, 0x10,
  0xFF, 0x82, 0x10, 0xFF, 0x82, 0x10, 0xFF, 0x82, 0x10, 0xFF, 0x82, 0x10, 0xFF, 0x82, 0x10, 0xFF,
  0xA2, 0x10, 0xFF, 0x82, 0x10, 0xFF, 0x82, 0x10, 0xFF, 0x82, 0x10, 0xFF, 0x82, 0x10, 0xFF, 0x82,
  0x10, 0xFF, 0x82, 0x10, 0xFF, 0x82, 0x10, 0xFF, 0x82, 0x10, 0xFF, 0x82, 0x10, 0xFF, 0x82, 0x10,
  0xFF, 0x82, 0x10, 0xFF, 0xA2, 0x10, 0xFF, 0xA3, 0x10, 0xFF, 0xC3, 0x10, 0xFF, 0xA3, 0x10, 0xFF,
  0xA3, 0x10, 0xFF, 0xC3, 0x10, 0xFF, 0xA3, 0x10, 0xFF, 0xA3, 0x10, 0xFF, 0xA2, 0x10, 0xFF, 0xA2,
  0x10, 0xFF, 0xA2, 0x10, 0xFF, 0x82, 0x10, 0xFF, 0xA2, 0x10, 0xFF, 0xC3, 0x18, 0xFF, 0x61, 0x08,
  0xFF, 0x41, 0x08, 0xFF, 0xC3, 0x18, 0xFF, 0xA2, 0x10, 0xFF, 0xA2, 0x10, 0xFF, 0xA2, 0x10, 0xFF,
  0xA2, 0x10, 0xFF, 0xA2, 0x10, 0xFF, 0x82, 0x10, 0xFF, 0xA2, 0x10, 0xFF, 0xA2, 0x10, 0xFF, 0x82,
  0x10, 0xFF, 0x20, 0x00, 0xFF, 0x00, 0x00, 0xFF, 0xE7, 0x39, 0x97, 0x8E, 0x73, 0x00, 0x0C, 0x63,
  0x00, 0x0C, 0x63, 0x00, 0x0C, 0x63, 0x00, 0x0C, 0x63, 0x00, 0xEB, 0x5A, 0x00, 0xEB, 0x5A, 0x00,
  0xEB, 0x5A, 0x00, 0xEB, 0x5A, 0x00, 0xEB, 0x5A, 0x00, 0x4D, 0x63, 0x27, 0xE3, 0x18, 0xEF, 0x00,
  0x00, 0xFF, 0x00, 0x00, 0xFF, 0x00, 0x00, 0xFF, 0x00, 0x00, 0xFF, 0x00, 0x00, 0xFF, 0x00, 0x00,
  0xFF, 0x00, 0x00, 0xFF, 0x00, 0x00, 0xFF, 0x00, 0x00, 0xFF, 0x20, 0x00, 0xFF, 0x20, 0x00, 0xFF,
  0x00, 0x00, 0xFF, 0x20, 0x00, 0xFF, 0xA3, 0x10, 0xFF, 0xC3, 0x18, 0xFF, 0xC7, 0x39, 0xFF, 0xA7,
  0x31, 0xFF, 0x66, 0x29, 0xFF, 0x25, 0x21, 0xFF, 0x45, 0x21, 0xFF, 0x45, 0x29, 0xFF, 0x45, 0x21,
  0xFF, 0x45, 0x29, 0xFF, 0xC3, 0x18, 0xFF, 0xA2, 0x10, 0xFF, 0x41, 0x08, 0xFF, 0x00, 0x00, 0xFF,
  0x21, 0x00, 0xFF, 0x41, 0x08, 0xFF, 0x41, 0x08, 0xFF, 0x20, 0x00, 0xFF, 0x00, 0x00, 0xFF, 0x00,
  0x00, 0xFF, 0x00, 0x00, 0xFF, 0x00, 0x00, 0xFF, 0x00, 0x00, 0xFF, 0x00, 0x00, 0xFF, 0x00, 0x00,
  0xFF, 0x00, 0x00, 0xFF, 0x00, 0x00, 0xFF, 0x00, 0x00, 0xFF, 0x00, 0x00, 0xFF, 0x00, 0x00, 0xFF,
  0x00, 0x00, 0xFF, 0x00, 0x00, 0xFF, 0x00, 0x00, 0xFF, 0x00, 0x00, 0xFF, 0x00, 0x00, 0xFF, 0x00,
  0x00, 0xFF, 0x00, 0x00, 0xFF, 0x00, 0x00, 0xFF, 0x00, 0x00, 0xFF, 0x00, 0x00, 0xFF, 0x00, 0x00,
  0xFF, 0x00, 0x00, 0xFF, 0x00, 0x00, 0xFF, 0x00, 0x00, 0xFF, 0x00, 0x00, 0xFF, 0x00, 0x00, 0xFF,
  0x00, 0x00, 0xFF, 0x00, 0x00, 0xFF, 0x00, 0x00, 0xFF, 0x00, 0x00, 0xFF, 0x00, 0x00, 0xFF, 0x00,
  0x00, 0xFF, 0x00, 0x00, 0xFF, 0x00, 0x00, 0xFF, 0x00, 0x00, 0xFF, 0x00, 0x00, 0xFF, 0x00, 0x00,
  0xFF, 0x00, 0x00, 0xFF, 0x20, 0x00, 0xFF, 0x21, 0x00, 0xFF, 0x21, 0x00, 0xFF, 0x41, 0x08, 0xFF,
  0x41, 0x08, 0xFF, 0x41, 0x08, 0xFF, 0x41, 0x08, 0xFF, 0x41, 0x08, 0xFF, 0x41, 0x08, 0xFF, 0x41,
  0x08, 0xFF, 0x41, 0x08, 0xFF, 0x41, 0x08, 0xFF, 0x41, 0x08, 0xFF, 0x41, 0x08, 0xFF, 0x41, 0x08,
  0xFF, 0x41, 0x00, 0xFF, 0x41, 0x08, 0xFF, 0x00, 0x00, 0xFF, 0x00, 0x00, 0xFF, 0x20, 0x00, 0xFF,
  0x20, 0x00, 0xFF, 0x00, 0x00, 0xFF, 0x00, 0x00, 0xFF, 0x00, 0x00, 0xFF, 0x00, 0x00, 0xFF, 0x00,
  0x00, 0xFF, 0x00, 0x00, 0xFF, 0x00, 0x00, 0xFF, 0x00, 0x00, 0xFF, 0x00, 0x00, 0xFF, 0x00, 0x00,
  0xFF, 0xC7, 0x39, 0x97, 0x4D, 0x6B, 0x00, 0xEB, 0x5A, 0x00, 0xEB, 0x5A, 0x00, 0xEB, 0x5A, 0x00,
  0xEB, 0x5A, 0x00, 0xCB, 0x5A, 0x00, 0xCB, 0x5A, 0x00, 0xCB, 0x5A, 0x00, 0xCB, 0x5A, 0x00, 0xCB,
  0x5A, 0x00, 0x2C, 0x63, 0x27, 0xE3, 0x18, 0xEF, 0x00, 0x00, 0xFF, 0x41, 0x08, 0xFF, 0x41, 0x08,
  0xFF, 0x41, 0x08, 0xFF, 0x41, 0x08, 0xFF, 0x20, 0x00, 0xFF, 0x20, 0x00, 0xFF, 0x20, 0x00, 0xFF,
  0x20, 0x00, 0xFF, 0x20, 0x00, 0xFF, 0x00, 0x00, 0xFF, 0x00, 0x00, 0xFF, 0x00, 0x00, 0xFF, 0x82,
  0x10, 0xFF, 0x08, 0x42, 0xFF, 0x41, 0x08, 0xFF, 0x00, 0x00, 0xFF, 0x45, 0x29, 0xFF, 0xEC, 0x5A,
  0xFF, 0x2D, 0x63, 0xFF, 0xEC, 0x5A, 0xFF, 0xCB, 0x5A, 0xFF, 0xEC, 0x5A, 0xFF, 0xEB, 0x5A, 0xFF,
  0x25, 0x21, 0xFF, 0x61, 0x08, 0xFF, 0x00, 0x00, 0xFF, 0x00, 0x00, 0xFF, 0x00, 0x00, 0xFF, 0x00,
  0x00, 0xFF, 0x00, 0x00, 0xFF, 0x61, 0x08, 0xFF, 0x82, 0x10, 0xFF, 0x61, 0x08, 0xFF, 0x61, 0x08,
  0xFF, 0x61, 0x08, 0xFF, 0x61, 0x08, 0xFF, 0x61, 0x08, 0xFF, 0x61, 0x08, 0xFF, 0x61, 0x08, 0xFF,
  0x82, 0x10, 0xFF, 0x82, 0x10, 0xFF, 0x82, 0x10, 0xFF, 0x82, 0x10, 0xFF, 0x82, 0x10, 0xFF, 0x82,
  0x10, 0xFF, 0x61, 0x08, 0xFF, 0x61, 0x08, 0xFF, 0x61, 0x08, 0xFF, 0x61, 0x08, 0xFF, 0x61, 0x08,
  0xFF, 0x61, 0x08, 0xFF, 0x61, 0x08, 0xFF, 0x61, 0x08, 0xFF, 0x61, 0x08, 0xFF, 0x61, 0x08, 0xFF,
  0x61, 0x08, 0xFF, 0x61, 0x08, 0xFF, 0x61, 0x08, 0xFF, 0x61, 0x08, 0xFF, 0x61, 0x08, 0xFF, 0x61,
  0x08, 0xFF, 0x61, 0x08, 0xFF, 0x61, 0x08, 0xFF, 0x61, 0x08, 0xFF, 0x61, 0x08, 0xFF, 0x61, 0x08,
  0xFF, 0x61, 0x08, 0xFF, 0x61, 0x08, 0xFF, 0x81, 0x08, 0xFF, 0x41, 0x08, 0xFF, 0x00, 0x00, 0xFF,
  0x00, 0x00, 0xFF, 0x00, 0x00, 0xFF, 0x00, 0x00, 0xFF, 0x00, 0x00, 0xFF, 0x00, 0x00, 0xFF, 0x00,
  0x00, 0xFF, 0x00, 0x00, 0xFF, 0x00, 0x00, 0xFF, 0x00, 0x00, 0xFF, 0x00, 0x00, 0xFF, 0x00, 0x00,
  0xFF, 0x00, 0x00, 0xFF, 0x00, 0x00, 0xFF, 0x00, 0x00, 0xFF, 0x00, 0x00, 0xFF, 0x00, 0x00, 0xFF,
  0x00, 0x00, 0xFF, 0x00, 0x00, 0xFF, 0x00, 0x00, 0xFF, 0x00, 0x00, 0xFF, 0x20, 0x00, 0xFF, 0x21,
  0x00, 0xFF, 0x20, 0x00, 0xFF, 0x20, 0x00, 0xFF, 0x21, 0x00, 0xFF, 0x20, 0x00, 0xFF, 0x21, 0x00,
  0xFF, 0x20, 0x00, 0xFF, 0x61, 0x08, 0xFF, 0x00, 0x00, 0xFF, 0xA6, 0x31, 0x97, 0x4D, 0x6B, 0x00,
  0xCB, 0x5A, 0x00, 0xCB, 0x5A, 0x00, 0xCB, 0x5A, 0x00, 0xCB, 0x5A, 0x00, 0xCB, 0x5A, 0x00, 0xCB,
  0x5A, 0x00, 0xCB, 0x5A, 0x00, 0xCB, 0x5A, 0x00, 0xCB, 0x5A, 0x00, 0x0C, 0x63, 0x27, 0xE3, 0x18,
  0xEF, 0x62, 0x08, 0xFF, 0xC3, 0x10, 0xFF, 0xC3, 0x10, 0xFF, 0xC3, 0x10, 0xFF, 0xC3, 0x18, 0xFF,
  0xC3, 0x10, 0xFF, 0xA3, 0x10, 0xFF, 0xC3, 0x10, 0xFF, 0xC3, 0x18, 0xFF, 0x82, 0x10, 0xFF, 0x41,
  0x08, 0xFF, 0x00, 0x00, 0xFF, 0x00, 0x00, 0xFF, 0x86, 0x31, 0xFF, 0x6D, 0x6B, 0xFF, 0x00, 0x00,
  0xFF, 0x00, 0x00, 0xFF, 0xC3, 0x18, 0xFF, 0x10, 0x7C, 0xFF, 0x31, 0x84, 0xFF, 0xD0, 0x7B, 0xFF,
  0xCF, 0x7B, 0xFF, 0x10, 0x84, 0xFF, 0xAF, 0x73, 0xFF, 0x24, 0x21, 0xFF, 0x20, 0x00, 0xFF, 0x00,
  0x00, 0xFF, 0x00, 0x00, 0xFF, 0x00, 0x00, 0xFF, 0xA6, 0x31, 0xC6, 0xAA, 0x52, 0x6A, 0xE7, 0x39,
  0x3B, 0x08, 0x42, 0x3F, 0x07, 0x42, 0x41, 0x08, 0x42, 0x41, 0xE8, 0x41, 0x41, 0xE8, 0x39, 0x41,
  0xE7, 0x39, 0x42, 0xE7, 0x39, 0x42, 0xE7, 0x39, 0x41, 0x08, 0x42, 0x3F, 0x08, 0x42, 0x3F, 0x08,
  0x42, 0x3F, 0x08, 0x42, 0x3F, 0x29, 0x42, 0x3E, 0x29, 0x42, 0x3E, 0x08, 0x42, 0x3F, 0xE7, 0x39,
  0x42, 0xE7, 0x39, 0x42, 0xC7, 0x39, 0x42, 0xC7, 0x39, 0x43, 0xC7, 0x39, 0x43, 0xE7, 0x39, 0x42,
  0xE7, 0x39, 0x42, 0xE7, 0x39, 0x42, 0xC7, 0x39, 0x42, 0xC7, 0x39, 0x42, 0xC7, 0x39, 0x43, 0xC7,
  0x39, 0x43, 0xC7, 0x39, 0x43, 0xE7, 0x39, 0x42, 0xE7, 0x39, 0x42, 0xE7, 0x39, 0x42, 0xE7, 0x39,
  0x41, 0xE7, 0x41, 0x41, 0xE7, 0x39, 0x42, 0xC7, 0x39, 0x42, 0xC7, 0x31, 0x44, 0xC7, 0x39, 0x43,
  0xC7, 0x39, 0x3C, 0x28, 0x42, 0x48, 0x89, 0x4A, 0x94, 0x61, 0x08, 0xF1, 0x00, 0x00, 0xFF, 0x00,
  0x00, 0xFF, 0x00, 0x00, 0xFF, 0x20, 0x00, 0xFF, 0x41, 0x00, 0xFF, 0x20, 0x00, 0xFF, 0x20, 0x00,
  0xFF, 0x20, 0x00, 0xFF, 0x20, 0x00, 0xFF, 0x20, 0x00, 0xFF, 0x20, 0x00, 0xFF, 0x20, 0x00, 0xFF,
  0x20, 0x00, 0xFF, 0x20, 0x00, 0xFF, 0x20, 0x00, 0xFF, 0x00, 0x00, 0xFF, 0x00, 0x00, 0xFF, 0x20,
  0x00, 0xFF, 0x41, 0x08, 0xFF, 0x82, 0x10, 0xFF, 0xC3, 0x10, 0xFF, 0x82, 0x10, 0xFF, 0x82, 0x10,
  0xFF, 0xA3, 0x10, 0xFF, 0xA2, 0x10, 0xFF, 0xA3, 0x10, 0xFF, 0xA2, 0x10, 0xFF, 0xC3, 0x18, 0xFF,
  0x20, 0x00, 0xFF, 0x86, 0x31, 0x99, 0x2C, 0x63, 0x00, 0xCB, 0x5A, 0x00, 0xCB, 0x5A, 0x00, 0xCB,
  0x5A, 0x00, 0xCB, 0x5A, 0x00, 0xCB, 0x5A, 0x00, 0xCB, 0x5A, 0x00, 0xCB, 0x5A, 0x00, 0xCB, 0x5A,
  0x00, 0xCB, 0x5A, 0x00, 0x2C, 0x63, 0x27, 0xE3, 0x18, 0xEF, 0x61, 0x08, 0xFF, 0xA2, 0x10, 0xFF,
  0xA3, 0x10, 0xFF, 0xA2, 0x10, 0xFF, 0xA3, 0x10, 0xFF, 0xA3, 0x10, 0xFF, 0xA2, 0x10, 0xFF, 0xA3,
  0x10, 0xFF, 0xA3, 0x10, 0xFF, 0x82, 0x08, 0xFF, 0x20, 0x00, 0xFF, 0x00, 0x00, 0xFF, 0x00, 0x00,
  0xFF, 0x00, 0x00, 0xFF, 0x2C, 0x63, 0xFF, 0xEF, 0x7B, 0xFF, 0xA6, 0x31, 0xFF, 0x45, 0x29, 0xFF,
  0x29, 0x42, 0xFF, 0x08, 0x3A, 0xFF, 0xE8, 0x39, 0xFF, 0xE7, 0x39, 0xFF, 0x08, 0x42, 0xFF, 0x45,
  0x29, 0xFF, 0x20, 0x00, 0xFF, 0x00, 0x00, 0xFF, 0x82, 0x10, 0xFC, 0xC7, 0x31, 0xA8, 0x49, 0x4A,
  0x3F, 0x2C, 0x63, 0x00, 0x51, 0x8C, 0x00, 0xA6, 0x31, 0x00, 0xC7, 0x39, 0x00, 0xC7, 0x39, 0x00,
  0xC7, 0x39, 0x00, 0xC7, 0x39, 0x00, 0xC7, 0x31, 0x00, 0xA6, 0x31, 0x00, 0xA6, 0x31, 0x00, 0xC7,
  0x39, 0x00, 0xC7, 0x39, 0x00, 0xE7, 0x39, 0x00, 0xC7, 0x39, 0x00, 0xE7, 0x39, 0x00, 0xE8, 0x39,
  0x00, 0xE8, 0x39, 0x00, 0xC7, 0x39, 0x00, 0xA6, 0x31, 0x00, 0xA6, 0x31, 0x00, 0xA6, 0x31, 0x00,
  0xA6, 0x31, 0x00, 0xA6, 0x31, 0x00, 0xA6, 0x31, 0x00, 0xA6, 0x31, 0x00, 0xA6, 0x31, 0x00, 0xA6,
  0x31, 0x00, 0xA6, 0x31, 0x00, 0x86, 0x31, 0x00, 0x86, 0x31, 0x00, 0xA6, 0x31, 0x00, 0xA6, 0x31,
  0x00, 0xA6, 0x31, 0x00, 0xA6, 0x31, 0x00, 0xA6, 0x31, 0x00, 0xC7, 0x39, 0x00, 0xA6, 0x31, 0x00,
  0xA6, 0x31, 0x00, 0x86, 0x31, 0x00, 0x86, 0x31, 0x00, 0x65, 0x29, 0x00, 0x8A, 0x4A, 0x00, 0x71,
  0x8C, 0x00, 0xCA, 0x52, 0x1D, 0xC6, 0x31, 0x76, 0xE3, 0x18, 0xD4, 0x41, 0x08, 0xFF, 0x00, 0x00,
  0xFF, 0x00, 0x00, 0xFF, 0x20, 0x00, 0xFF, 0x20, 0x00, 0xFF, 0x20, 0x00, 0xFF, 0x20, 0x00, 0xFF,
  0x20, 0x00, 0xFF, 0x20, 0x00, 0xFF, 0x20, 0x00, 0xFF, 0x20, 0x00, 0xFF, 0x20, 0x00, 0xFF, 0x00,
  0x00, 0xFF, 0x00, 0x00, 0xFF, 0x00, 0x00, 0xFF, 0x20, 0x00, 0xFF, 0x41, 0x08, 0xFF, 0x82, 0x10,
  0xFF, 0xA3, 0x10, 0xFF, 0x82, 0x10, 0xFF, 0x82, 0x10, 0xFF, 0xA2, 0x10, 0xFF, 0xA2, 0x10, 0xFF,
  0xA2, 0x10, 0xFF, 0x82, 0x10, 0xFF, 0xA3, 0x10, 0xFF, 0x20, 0x00, 0xFF, 0x86, 0x31, 0x99, 0x0C,
  0x63, 0x00, 0xAA, 0x52, 0x00, 0xAA, 0x52, 0x00, 0xAA, 0x52, 0x00, 0xAA, 0x52, 0x00, 0xCB, 0x5A,
  0x00, 0xCB, 0x5A, 0x00, 0xCB, 0x5A, 0x00, 0xCB, 0x5A, 0x00, 0xCB, 0x5A, 0x00, 0x0C, 0x63, 0x27,
  0xE3, 0x18, 0xEF, 0x61, 0x08, 0xFF, 0xA3, 0x10, 0xFF, 0xA3, 0x10, 0xFF, 0x82, 0x10, 0xFF, 0xA3,
  0x10, 0xFF, 0xA3, 0x10, 0xFF, 0xA3, 0x10, 0xFF, 0xA3, 0x10, 0xFF, 0xA3, 0x10, 0xFF, 0x62, 0x08,
  0xFF, 0x20, 0x00, 0xFF, 0x00, 0x00, 0xFF, 0x00, 0x00, 0xFF, 0x00, 0x00, 0xFF, 0x20, 0x00, 0xFF,
  0xC7, 0x39, 0xFF, 0x65, 0x29, 0xFF, 0x00, 0x00, 0xFF, 0x00, 0x00, 0xFF, 0x00, 0x00, 0xFF, 0x00,
  0x00, 0xFF, 0x00, 0x00, 0xFF, 0x00, 0x00, 0xFF, 0x00, 0x00, 0xFF, 0x41, 0x08, 0xF6, 0x04, 0x21,
  0x99, 0x8E, 0x73, 0x26, 0xAE, 0x73, 0x00, 0x49, 0x4A, 0x00, 0xAA, 0x52, 0x00, 0xCF, 0x7B, 0x00,
  0xA6, 0x31, 0x00, 0xC7, 0x39, 0x00, 0xC7, 0x39, 0x00, 0xC7, 0x39, 0x00, 0xC7, 0x39, 0x00, 0xC7,
  0x31, 0x00, 0xA6, 0x31, 0x00, 0xA6, 0x31, 0x00, 0xC7, 0x39, 0x00, 0xC7, 0x39, 0x00, 0xE7, 0x39,
  0x00, 0xC7, 0x39, 0x00, 0xE7, 0x39, 0x00, 0xE8, 0x39, 0x00, 0xE8, 0x39, 0x00, 0xC7, 0x39, 0x00,
  0xA6, 0x31, 0x00, 0xA6, 0x31, 0x00, 0xA6, 0x31, 0x00, 0xA6, 0x31, 0x00, 0xA6, 0x31, 0x00, 0xA6,
  0x31, 0x00, 0xA6, 0x31, 0x00, 0xA6, 0x31, 0x00, 0xA6, 0x31, 0x00, 0xA6, 0x31, 0x00, 0x86, 0x31,
  0x00, 0x86, 0x31, 0x00, 0xA6, 0x31, 0x00, 0xA6, 0x31, 0x00, 0xA6, 0x31, 0x00, 0xA6, 0x31, 0x00,
  0xA6, 0x31, 0x00, 0xC7, 0x39, 0x00, 0xA6, 0x31, 0x00, 0xA6, 0x31, 0x00, 0x86, 0x31, 0x00, 0x86,
  0x31, 0x00, 0x65, 0x29, 0x00, 0x69, 0x4A, 0x00, 0xCF, 0x7B, 0x00, 0x0C, 0x63, 0x00, 0xE7, 0x39,
  0x00, 0xAA, 0x52, 0x04, 0x8A, 0x52, 0x4B, 0x65, 0x29, 0xAB, 0x41, 0x08, 0xF8, 0x00, 0x00, 0xFF,
  0x00, 0x00, 0xFF, 0x00, 0x00, 0xFF, 0x00, 0x00, 0xFF, 0x00, 0x00, 0xFF, 0x00, 0x00, 0xFF, 0x00,
  0x00, 0xFF, 0x00, 0x00, 0xFF, 0x00, 0x00, 0xFF, 0x00, 0x00, 0xFF, 0x00, 0x00, 0xFF, 0x00, 0x00,
  0xFF, 0x20, 0x00, 0xFF, 0x41, 0x08, 0xFF, 0x82, 0x10, 0xFF, 0xC3, 0x10, 0xFF, 0xA2, 0x10, 0xFF,
  0xA2, 0x10, 0xFF, 0xA2, 0x10, 0xFF, 0xA2, 0x10, 0xFF, 0xA2, 0x10, 0xFF, 0x82, 0x10, 0xFF, 0xA3,
  0x10, 0xFF, 0x20, 0x00, 0xFF, 0xA6, 0x31, 0x99, 0x2C, 0x63, 0x00, 0xCB, 0x5A, 0x00, 0xCB, 0x5A,
  0x00, 0xCB, 0x5A, 0x00, 0xCB, 0x5A, 0x00, 0xAA, 0x52, 0x00, 0xAA, 0x52, 0x00, 0xAA, 0x52, 0x00,
  0xAA, 0x52, 0x00, 0xAA, 0x52, 0x00, 0xEB, 0x5A, 0x27, 0xC3, 0x18, 0xEF, 0x61, 0x08, 0xFF, 0xA3,
  0x10, 0xFF, 0xA2, 0x10, 0xFF, 0x82, 0x10, 0xFF, 0xA3, 0x10, 0xFF, 0xA3, 0x10, 0xFF, 0xA3, 0x10,
  0xFF, 0xA3, 0x10, 0xFF, 0xC3, 0x10, 0xFF, 0x82, 0x08, 0xFF, 0x20, 0x00, 0xFF, 0x00, 0x00, 0xFF,
  0x86, 0x31, 0xB7, 0x2D, 0x63, 0x4B, 0xC6, 0x31, 0x66, 0x00, 0x00, 0x74, 0x00, 0x00, 0x74, 0xCB,
  0x5A, 0x75, 0xCF, 0x7B, 0x77, 0x4D, 0x6B, 0x76, 0x6D, 0x6B, 0x75, 0x6D, 0x6B, 0x75, 0x6D, 0x6B,
  0x7D, 0xCB, 0x5A, 0x72, 0x49, 0x4A, 0x26, 0xE8, 0x39, 0x00, 0x6D, 0x6B, 0x00, 0x6D, 0x6B, 0x00,
  0x28, 0x42, 0x00, 0xAB, 0x52, 0x00, 0xCF, 0x7B, 0x00, 0x45, 0x29, 0x00, 0x65, 0x29, 0x00, 0x65,
  0x29, 0x00, 0x65, 0x29, 0x00, 0x65, 0x29, 0x00, 0x65, 0x29, 0x00, 0x65, 0x29, 0x00, 0x45, 0x29,
  0x00, 0x65, 0x29, 0x00, 0x86, 0x31, 0x00, 0x86, 0x31, 0x00, 0x86, 0x31, 0x00, 0x86, 0x31, 0x00,
  0xA6, 0x31, 0x00, 0xA6, 0x31, 0x00, 0x85, 0x31, 0x00, 0x45, 0x29, 0x00, 0x45, 0x29, 0x00, 0x45,
  0x29, 0x00, 0x44, 0x29, 0x00, 0x45, 0x29, 0x00, 0x45, 0x29, 0x00, 0x65, 0x29, 0x00, 0x45, 0x29,
  0x00, 0x45, 0x29, 0x00, 0x45, 0x29, 0x00, 0x44, 0x29, 0x00, 0x24, 0x29, 0x00, 0x44, 0x29, 0x00,
  0x45, 0x29, 0x00, 0x45, 0x29, 0x00, 0x45, 0x29, 0x00, 0x65, 0x29, 0x00, 0x65, 0x29, 0x00, 0x65,
  0x29, 0x00, 0x45, 0x29, 0x00, 0x24, 0x21, 0x00, 0x44, 0x29, 0x00, 0x04, 0x21, 0x00, 0x08, 0x42,
  0x00, 0xCF, 0x7B, 0x00, 0xEB, 0x5A, 0x00, 0xC7, 0x39, 0x00, 0x49, 0x4A, 0x00, 0xCB, 0x5A, 0x00,
  0x2D, 0x63, 0x00, 0x45, 0x29, 0x28, 0xC3, 0x18, 0x71, 0x41, 0x08, 0x76, 0xA2, 0x10, 0x74, 0x82,
  0x10, 0x74, 0x82, 0x10, 0x74, 0xA3, 0x10, 0x72, 0xA3, 0x10, 0x72, 0x20, 0x00, 0x78, 0x8A, 0x52,
  0x5C, 0xB6, 0xB5, 0x31, 0xCF, 0x7B, 0x6A, 0x20, 0x00, 0xFA, 0x00, 0x00, 0xFF, 0x41, 0x08, 0xFF,
  0xA2, 0x10, 0xFF, 0xC3, 0x10, 0xFF, 0xA2, 0x10, 0xFF, 0xA2, 0x10, 0xFF, 0xA3, 0x10, 0xFF, 0xA2,
  0x10, 0xFF, 0xA3, 0x10, 0xFF, 0x82, 0x10, 0xFF, 0xA3, 0x10, 0xFF, 0x00, 0x00, 0xFF, 0xC6, 0x39,
  0x97, 0x6D, 0x6B, 0x00, 0xEB, 0x62, 0x00, 0xEB, 0x62, 0x00, 0xEB, 0x62, 0x00, 0xEB, 0x62, 0x00,
  0x69, 0x4A, 0x00, 0x8A, 0x52, 0x00, 0x8A, 0x52, 0x00, 0x8A, 0x52, 0x00, 0x8A, 0x52, 0x00, 0xCB,
  0x5A, 0x28, 0xC3, 0x18, 0xF0, 0x41, 0x08, 0xFF, 0xA3, 0x10, 0xFF, 0xA2, 0x10, 0xFF, 0xA2, 0x10,
  0xFF, 0xA3, 0x10, 0xFF, 0xA3, 0x10, 0xFF, 0xA3, 0x10, 0xFF, 0xA3, 0x10, 0xFF, 0xC3, 0x10, 0xFF,
  0x82, 0x08, 0xFF, 0x20, 0x00, 0xFF, 0x00, 0x00, 0xFF, 0x24, 0x21, 0x8B, 0xAF, 0x73, 0x00, 0xCB,
  0x52, 0x00, 0x82, 0x10, 0x00, 0x20, 0x00, 0x00, 0xEF, 0x7B, 0x00, 0x55, 0xAD, 0x00, 0xB2, 0x94,
  0x00, 0xD3, 0x94, 0x00, 0xD2, 0x94, 0x00, 0xF3, 0x9C, 0x00, 0x10, 0x84, 0x00, 0x69, 0x52, 0x00,
  0x65, 0x29, 0x00, 0x4D, 0x6B, 0x00, 0x4C, 0x63, 0x00, 0xE7, 0x39, 0x00, 0x69, 0x4A, 0x00, 0x10,
  0x84, 0x00, 0xAB, 0x52, 0x00, 0xAB, 0x52, 0x00, 0xAB, 0x52, 0x00, 0xAB, 0x52, 0x00, 0xAB, 0x52,
  0x00, 0xAB, 0x52, 0x00, 0xAB, 0x52, 0x00, 0xAB, 0x52, 0x00, 0xAB, 0x52, 0x00, 0xCB, 0x52, 0x00,
  0xCB, 0x52, 0x00, 0xCB, 0x52, 0x00, 0xCB, 0x52, 0x00, 0xCB, 0x5A, 0x00, 0xCB, 0x5A, 0x00, 0xAB,
  0x52, 0x00, 0xAB, 0x52, 0x00, 0xAA, 0x52, 0x00, 0xAA, 0x52, 0x00, 0x8B, 0x52, 0x00, 0x8B, 0x52,
  0x00, 0xAB, 0x52, 0x00, 0xAB, 0x52, 0x00, 0xAB, 0x52, 0x00, 0xAB, 0x52, 0x00, 0xAB, 0x52, 0x00,
  0x8A, 0x52, 0x00, 0x8A, 0x52, 0x00, 0x8A, 0x52, 0x00, 0xAB, 0x52, 0x00, 0xAB, 0x52, 0x00, 0xAB,
  0x52, 0x00, 0xAB, 0x52, 0x00, 0xAB, 0x52, 0x00, 0xAA, 0x52, 0x00, 0x8A, 0x52, 0x00, 0x8A, 0x4A,
  0x00, 0x8A, 0x52, 0x00, 0x6A, 0x4A, 0x00, 0x2D, 0x63, 0x00, 0xCE, 0x73, 0x00, 0xAA, 0x52, 0x00,
  0x85, 0x31, 0x00, 0x28, 0x42, 0x00, 0xAA, 0x52, 0x00, 0xAA, 0x52, 0x00, 0x45, 0x29, 0x00, 0x45,
  0x29, 0x00, 0x82, 0x10, 0x00, 0xC3, 0x18, 0x00, 0xA3, 0x10, 0x00, 0xC3, 0x18, 0x00, 0xE3, 0x18,
  0x00, 0xE4, 0x18, 0x00, 0x20, 0x00, 0x00, 0x8E, 0x73, 0x00, 0x5D, 0xEF, 0x00, 0xB6, 0xB5, 0x1C,
  0x82, 0x10, 0xEE, 0x00, 0x00, 0xFF, 0x41, 0x08, 0xFF, 0xA2, 0x10, 0xFF, 0xC3, 0x10, 0xFF, 0xA2,
  0x10, 0xFF, 0xA3, 0x10, 0xFF, 0xA3, 0x10, 0xFF, 0xA2, 0x10, 0xFF, 0xA2, 0x10, 0xFF, 0x82, 0x10,
  0xFF, 0xC3, 0x10, 0xFF, 0x00, 0x00, 0xFF, 0xE7, 0x39, 0x95, 0xAE, 0x73, 0x00, 0x2C, 0x63, 0x00,
  0x2C, 0x63, 0x00, 0x2C, 0x63, 0x00, 0x2C, 0x63, 0x00, 0xEB, 0x5A, 0x00, 0x69, 0x4A, 0x00, 0x8A,
  0x52, 0x00, 0xCA, 0x52, 0x00, 0xAA, 0x52, 0x00, 0x0C, 0x63, 0x2A, 0xE3, 0x18, 0xF2, 0x41, 0x08,
  0xFF, 0xA3, 0x10, 0xFF, 0xA3, 0x10, 0xFF, 0xA2, 0x10, 0xFF, 0xA2, 0x10, 0xFF, 0xA3, 0x10, 0xFF,
  0xA3, 0x10, 0xFF, 0xA3, 0x10, 0xFF, 0xC3, 0x18, 0xFF, 0x82, 0x08, 0xFF, 0x20, 0x00, 0xFF, 0x20,
  0x00, 0xFF, 0x41, 0x08, 0x8D, 0x44, 0x21, 0x00, 0x28, 0x42, 0x00, 0x00, 0x00, 0x00, 0x00, 0x00,
  0x00, 0x6D, 0x6B, 0x00, 0xD2, 0x9C, 0x00, 0x10, 0x84, 0x00, 0x50, 0x84, 0x00, 0x50, 0x84, 0x00,
  0x71, 0x8C, 0x00, 0x6D, 0x6B, 0x00, 0x49, 0x4A, 0x00, 0xC7, 0x39, 0x00, 0x4D, 0x6B, 0x00, 0x51,
  0x84, 0x00, 0xAF, 0x73, 0x00, 0xAF, 0x73, 0x00, 0x52, 0x84, 0x00, 0x93, 0x8C, 0x00, 0x73, 0x8C,
  0x00, 0x73, 0x8C, 0x00, 0x73, 0x8C, 0x00, 0x72, 0x8C, 0x00, 0x73, 0x8C, 0x00, 0x73, 0x8C, 0x00,
  0x73, 0x8C, 0x00, 0x72, 0x8C, 0x00, 0x72, 0x8C, 0x00, 0x73, 0x8C, 0x00, 0x93, 0x8C, 0x00, 0x93,
  0x8C, 0x00, 0x73, 0x8C, 0x00, 0x73, 0x8C, 0x00, 0x73, 0x8C, 0x00, 0x73, 0x8C, 0x00, 0x73, 0x8C,
  0x00, 0x73, 0x8C, 0x00, 0x73, 0x8C, 0x00, 0x73, 0x8C, 0x00, 0x73, 0x8C, 0x00, 0x73, 0x8C, 0x00,
  0x93, 0x8C, 0x00, 0x93, 0x8C, 0x00, 0x73, 0x8C, 0x00, 0x73, 0x8C, 0x00, 0x73, 0x8C, 0x00, 0x73,
  0x8C, 0x00, 0x93, 0x8C, 0x00, 0x93, 0x8C, 0x00, 0x93, 0x8C, 0x00, 0x73, 0x8C, 0x00, 0x73, 0x8C,
  0x00, 0x72, 0x84, 0x00, 0x72, 0x84, 0x00, 0x52, 0x84, 0x00, 0x52, 0x84, 0x00, 0x72, 0x84, 0x00,
  0x72, 0x8C, 0x00, 0xF0, 0x7B, 0x00, 0xAF, 0x73, 0x00, 0x8F, 0x6B, 0x00, 0x2C, 0x63, 0x00, 0x8A,
  0x52, 0x00, 0xEB, 0x5A, 0x00, 0x65, 0x29, 0x00, 0xE3, 0x18, 0x00, 0x00, 0x00, 0x00, 0x40, 0x00,
  0x00, 0x20, 0x00, 0x00, 0x20, 0x00, 0x00, 0x21, 0x00, 0x00, 0x41, 0x08, 0x00, 0x00, 0x00, 0x00,
  0x0B, 0x63, 0x00, 0xF7, 0xBD, 0x00, 0x14, 0xA5, 0x2D, 0x82, 0x10, 0xF5, 0x00, 0x00, 0xFF, 0x41,
  0x08, 0xFF, 0xA2, 0x10, 0xFF, 0xC3, 0x10, 0xFF, 0xA2, 0x10, 0xFF, 0xA3, 0x10, 0xFF, 0xA3, 0x10,
  0xFF, 0xA2, 0x10, 0xFF, 0xA2, 0x10, 0xFF, 0x82, 0x10, 0xFF, 0xC3, 0x10, 0xFF, 0x00, 0x00, 0xFF,
  0x08, 0x42, 0x93, 0xCF, 0x7B, 0x00, 0x6D, 0x6B, 0x00, 0x6D, 0x6B, 0x00, 0x4D, 0x6B, 0x00, 0x2C,
  0x63, 0x00, 0xBB, 0xD6, 0x00, 0xF4, 0x9C, 0x00, 0x48, 0x4A, 0x00, 0xCB, 0x5A, 0x00, 0xEB, 0x5A,
  0x00, 0x4D, 0x6B, 0x29, 0xE3, 0x18, 0xF1, 0x41, 0x08, 0xFF, 0xA2, 0x10, 0xFF, 0xA3, 0x10, 0xFF,
  0xA2, 0x10, 0xFF, 0xA2, 0x10, 0xFF, 0xA3, 0x10, 0xFF, 0xA3, 0x10, 0xFF, 0xA3, 0x10, 0xFF, 0xC3,
  0x18, 0xFF, 0x82, 0x08, 0xFF, 0x20, 0x00, 0xFF, 0x00, 0x00, 0xFF, 0xA2, 0x10, 0x8E, 0x00, 0x00,
  0x00, 0xC3, 0x18, 0x00, 0x69, 0x4A, 0x00, 0xA7, 0x31, 0x00, 0x10, 0x84, 0x00, 0xF4, 0x9C, 0x00,
  0x72, 0x8C, 0x00, 0x92, 0x8C, 0x00, 0x72, 0x8C, 0x00, 0x92, 0x8C, 0x00, 0xAE, 0x73, 0x00, 0x10,
  0x7C, 0x00, 0xB3, 0x94, 0x00, 0x72, 0x8C, 0x00, 0x93, 0x8C, 0x00, 0x93, 0x8C, 0x00, 0x93, 0x8C,
  0x00, 0x32, 0x84, 0x00, 0x31, 0x84, 0x00, 0x31, 0x84, 0x00, 0x11, 0x7C, 0x00, 0x11, 0x7C, 0x00,
  0x11, 0x7C, 0x00, 0x11, 0x7C, 0x00, 0x11, 0x7C, 0x00, 0x11, 0x7C, 0x00, 0x11, 0x7C, 0x00, 0x11,
  0x7C, 0x00, 0x31, 0x84, 0x00, 0x31, 0x84, 0x00, 0x31, 0x84, 0x00, 0x31, 0x84, 0x00, 0x31, 0x84,
  0x00, 0x31, 0x7C, 0x00, 0x11, 0x7C, 0x00, 0x11, 0x7C, 0x00, 0x11, 0x7C, 0x00, 0x31, 0x7C, 0x00,
  0x31, 0x7C, 0x00, 0x31, 0x7C, 0x00, 0x31, 0x84, 0x00, 0x31, 0x84, 0x00, 0x31, 0x84, 0x00, 0x31,
  0x84, 0x00, 0x11, 0x7C, 0x00, 0x31, 0x7C, 0x00, 0x31, 0x84, 0x00, 0x31, 0x84, 0x00, 0x31, 0x84,
  0x00, 0x31, 0x84, 0x00, 0x31, 0x84, 0x00, 0x31, 0x7C, 0x00, 0x11, 0x7C, 0x00, 0x11, 0x7C, 0x00,
  0x11, 0x7C, 0x00, 0x11, 0x7C, 0x00, 0x11, 0x7C, 0x00, 0x11, 0x7C, 0x00, 0x31, 0x7C, 0x00, 0x32,
  0x84, 0x00, 0x73, 0x8C, 0x00, 0x32, 0x84, 0x00, 0x11, 0x7C, 0x00, 0x72, 0x8C, 0x00, 0x31, 0x84,
  0x00, 0x28, 0x42, 0x00, 0xA7, 0x31, 0x00, 0xE8, 0x39, 0x00, 0xE7, 0x39, 0x00, 0xE8, 0x39, 0x00,
  0x49, 0x4A, 0x00, 0x28, 0x42, 0x00, 0x45, 0x21, 0x00, 0x71, 0x8C, 0x00, 0xF7, 0xBD, 0x00, 0x75,
  0xAD, 0x2A, 0x82, 0x10, 0xF3, 0x00, 0x00, 0xFF, 0x41, 0x08, 0xFF, 0xA2, 0x10, 0xFF, 0xC3, 0x10,
  0xFF, 0x82, 0x10, 0xFF, 0xA2, 0x10, 0xFF, 0xA2, 0x10, 0xFF, 0xA2, 0x10, 0xFF, 0xA2, 0x10, 0xFF,
  0x82, 0x10, 0xFF, 0xA3, 0x10, 0xFF, 0x00, 0x00, 0xFF, 0xAA, 0x52, 0x96, 0x13, 0xA5, 0x00, 0x71,
  0x8C, 0x00, 0x30, 0x84, 0x00, 0x51, 0x8C, 0x00, 0xF3, 0x9C, 0x00, 0xDB, 0xDE, 0x00, 0x5D, 0xEF,
  0x00, 0x51, 0x8C, 0x00, 0x82, 0x10, 0x00, 0xE3, 0x18, 0x00, 0x24, 0x21, 0x15, 0x82, 0x10, 0xDF,
  0x82, 0x10, 0xFF, 0xA3, 0x10, 0xFF, 0xA3, 0x10, 0xFF, 0xA2, 0x10, 0xFF, 0xA2, 0x10, 0xFF, 0xA3,
  0x10, 0xFF, 0xA3, 0x10, 0xFF, 0xA3, 0x10, 0xFF, 0xC3, 0x18, 0xFF, 0x82, 0x08, 0xFF, 0x20, 0x00,
  0xFF, 0x20, 0x00, 0xFF, 0x20, 0x00, 0x91, 0x00, 0x00, 0x00, 0x8F, 0x73, 0x00, 0xDC, 0xD6, 0x00,
  0x19, 0xBE, 0x00, 0x97, 0xAD, 0x00, 0x56, 0xA5, 0x00, 0x36, 0xA5, 0x00, 0x15, 0x9D, 0x00, 0xF4,
  0x9C, 0x00, 0xD4, 0x94, 0x00, 0xF4, 0x9C, 0x00, 0xF4, 0x9C, 0x00, 0xD4, 0x9C, 0x00, 0xB3, 0x94,
  0x00, 0x52, 0x84, 0x00, 0x52, 0x84, 0x00, 0x52, 0x84, 0x00, 0x31, 0x84, 0x00, 0x31, 0x84, 0x00,
  0x31, 0x84, 0x00, 0x11, 0x7C, 0x00, 0x11, 0x7C, 0x00, 0x11, 0x7C, 0x00, 0x11, 0x7C, 0x00, 0x11,
  0x7C, 0x00, 0x11, 0x7C, 0x00, 0x11, 0x7C, 0x00, 0x11, 0x7C, 0x00, 0x31, 0x84, 0x00, 0x31, 0x84,
  0x00, 0x31, 0x84, 0x00, 0x31, 0x84, 0x00, 0x31, 0x84, 0x00, 0x31, 0x7C, 0x00, 0x11, 0x7C, 0x00,
  0x11, 0x7C, 0x00, 0x11, 0x7C, 0x00, 0x31, 0x7C, 0x00, 0x31, 0x7C, 0x00, 0x31, 0x7C, 0x00, 0x31,
  0x84, 0x00, 0x31, 0x84, 0x00, 0x31, 0x84, 0x00, 0x31, 0x84, 0x00, 0x11, 0x7C, 0x00, 0x31, 0x7C,
  0x00, 0x31, 0x84, 0x00, 0x31, 0x84, 0x00, 0x31, 0x84, 0x00, 0x31, 0x84, 0x00, 0x31, 0x84, 0x00,
  0x31, 0x7C, 0x00, 0x11, 0x7C, 0x00, 0x11, 0x7C, 0x00, 0x11, 0x7C, 0x00, 0x11, 0x7C, 0x00, 0x11,
  0x7C, 0x00, 0x11, 0x7C, 0x00, 0x11, 0x7C, 0x00, 0x11, 0x7C, 0x00, 0x11, 0x7C, 0x00, 0x31, 0x84,
  0x00, 0x52, 0x84, 0x00, 0x72, 0x8C, 0x00, 0xB3, 0x8C, 0x00, 0xF4, 0x9C, 0x00, 0x35, 0x9D, 0x00,
  0x35, 0xA5, 0x00, 0x56, 0xA5, 0x00, 0x76, 0xAD, 0x00, 0x7A, 0xCE, 0x00, 0x97, 0xAD, 0x00, 0x52,
  0x84, 0x00, 0x14, 0x9D, 0x00, 0xB6, 0xB5, 0x00, 0xB6, 0xB5, 0x2D, 0x82, 0x10, 0xF5, 0x00, 0x00,
  0xFF, 0x41, 0x08, 0xFF, 0x82, 0x10, 0xFF, 0xC3, 0x10, 0xFF, 0x82, 0x10, 0xFF, 0x82, 0x10, 0xFF,
  0xA2, 0x10, 0xFF, 0xA2, 0x10, 0xFF, 0xA2, 0x10, 0xFF, 0x82, 0x10, 0xFF, 0xC3, 0x10, 0xFF, 0x00,
  0x00, 0xFF, 0x69, 0x4A, 0x89, 0x92, 0x94, 0x00, 0xCF, 0x7B, 0x00, 0x50, 0x8C, 0x00, 0x9A, 0xCE,
  0x00, 0x5D, 0xE7, 0x00, 0xBB, 0xD6, 0x00, 0xBB, 0xD6, 0x00, 0x1C, 0xDF, 0x00, 0xEF, 0x7B, 0x00,
  0x24, 0x21, 0x00, 0x65, 0x29, 0x0D, 0xA2, 0x10, 0xD8, 0x82, 0x10, 0xFF, 0xA3, 0x10, 0xFF, 0xA2,
  0x10, 0xFF, 0x82, 0x10, 0xFF, 0xA2, 0x10, 0xFF, 0xA2, 0x10, 0xFF, 0xA3, 0x10, 0xFF, 0xA3, 0x10,
  0xFF, 0xC3, 0x10, 0xFF, 0x82, 0x08, 0xFF, 0x20, 0x00, 0xFF, 0x00, 0x00, 0xFF, 0xC3, 0x18, 0x89,
  0x4E, 0x63, 0x00, 0x56, 0xA5, 0x00, 0xD8, 0xB5, 0x00, 0x76, 0xAD, 0x00, 0x56, 0xAD, 0x00, 0x56,
  0xA5, 0x00, 0x35, 0xA5, 0x00, 0xF4, 0x9C, 0x00, 0xD4, 0x9C, 0x00, 0xD4, 0x94, 0x00, 0xD4, 0x94,
  0x00, 0xD4, 0x94, 0x00, 0xD4, 0x94, 0x00, 0x93, 0x8C, 0x00, 0x52, 0x84, 0x00, 0x52, 0x84, 0x00,
  0x52, 0x84, 0x00, 0x31, 0x84, 0x00, 0x31, 0x84, 0x00, 0x31, 0x84, 0x00, 0x11, 0x7C, 0x00, 0x11,
  0x7C, 0x00, 0x11, 0x7C, 0x00, 0x11, 0x7C, 0x00, 0x11, 0x7C, 0x00, 0x11, 0x7C, 0x00, 0x11, 0x7C,
  0x00, 0x11, 0x7C, 0x00, 0x31, 0x84, 0x00, 0x31, 0x84, 0x00, 0x31, 0x84, 0x00, 0x31, 0x84, 0x00,
  0x31, 0x84, 0x00, 0x31, 0x7C, 0x00, 0x11, 0x7C, 0x00, 0x11, 0x7C, 0x00, 0x11, 0x7C, 0x00, 0x31,
  0x7C, 0x00, 0x31, 0x7C, 0x00, 0x31, 0x7C, 0x00, 0x31, 0x84, 0x00, 0x31, 0x84, 0x00, 0x31, 0x84,
  0x00, 0x31, 0x84, 0x00, 0x11, 0x7C, 0x00, 0x31, 0x7C, 0x00, 0x31, 0x84, 0x00, 0x31, 0x84, 0x00,
  0x31, 0x84, 0x00, 0x31, 0x84, 0x00, 0x31, 0x84, 0x00, 0x31, 0x7C, 0x00, 0x11, 0x7C, 0x00, 0x11,
  0x7C, 0x00, 0x11, 0x7C, 0x00, 0x11, 0x7C, 0x00, 0x11, 0x7C, 0x00, 0x11, 0x7C, 0x00, 0x11, 0x7C,
  0x00, 0x11, 0x7C, 0x00, 0x11, 0x7C, 0x00, 0x31, 0x84, 0x00, 0x32, 0x84, 0x00, 0x72, 0x8C, 0x00,
  0x73, 0x8C, 0x00, 0x93, 0x8C, 0x00, 0x93, 0x8C, 0x00, 0xB3, 0x94, 0x00, 0xD4, 0x94, 0x00, 0xF4,
  0x9C, 0x00, 0xD7, 0xB5, 0x00, 0x15, 0x9D, 0x00, 0xF1, 0x7B, 0x00, 0x52, 0x84, 0x00, 0xD3, 0x94,
  0x00, 0xF3, 0x9C, 0x1D, 0x61, 0x08, 0xEE, 0x00, 0x00, 0xFF, 0x41, 0x08, 0xFF, 0x82, 0x10, 0xFF,
  0xA3, 0x10, 0xFF, 0xA2, 0x10, 0xFF, 0xA2, 0x10, 0xFF, 0xA2, 0x10, 0xFF, 0x82, 0x10, 0xFF, 0x82,
  0x10, 0xFF, 0x82, 0x10, 0xFF, 0xA2, 0x10, 0xFF, 0x41, 0x08, 0xFF, 0x28, 0x42, 0x65, 0x4D, 0x6B,
  0x00, 0xEB, 0x62, 0x00, 0xB7, 0xB5, 0x00, 0x1C, 0xE7, 0x00, 0xBB, 0xD6, 0x00, 0xBB, 0xD6, 0x00,
  0x9A, 0xD6, 0x00, 0x9A, 0xCE, 0x00, 0xBB, 0xD6, 0x00, 0x35, 0xA5, 0x00, 0x34, 0xA5, 0x00, 0x44,
  0x29, 0xB5, 0x00, 0x00, 0xFF, 0xA3, 0x10, 0xFF, 0xA3, 0x10, 0xFF, 0xA2, 0x10, 0xFF, 0x82, 0x10,
  0xFF, 0xA2, 0x10, 0xFF, 0xA2, 0x10, 0xFF, 0xA3, 0x10, 0xFF, 0xC3, 0x10, 0xFF, 0x82, 0x08, 0xFF,
  0x00, 0x00, 0xFF, 0x00, 0x00, 0xFF, 0xF0, 0x7B, 0x78, 0x19, 0xBE, 0x00, 0x93, 0x8C, 0x15, 0x18,
  0xBE, 0x2D, 0x97, 0xB5, 0x31, 0x96, 0xAD, 0x30, 0x76, 0xAD, 0x31, 0x55, 0xA5, 0x33, 0x15, 0x9D,
  0x35, 0xF4, 0x9C, 0x37, 0xD4, 0x9C, 0x39, 0xD4, 0x94, 0x39, 0xD4, 0x94, 0x39, 0xD4, 0x94, 0x39,
  0xB3, 0x94, 0x3C, 0x52, 0x84, 0x40, 0x52, 0x84, 0x40, 0x52, 0x84, 0x40, 0x51, 0x84, 0x41, 0x31,
  0x84, 0x42, 0x31, 0x84, 0x43, 0x11, 0x7C, 0x43, 0x11, 0x7C, 0x43, 0x11, 0x7C, 0x43, 0x11, 0x7C,
  0x43, 0x11, 0x7C, 0x43, 0x11, 0x7C, 0x43, 0x11, 0x7C, 0x43, 0x11, 0x7C, 0x43, 0x31, 0x7C, 0x43,
  0x31, 0x84, 0x42, 0x31, 0x84, 0x42, 0x31, 0x84, 0x42, 0x31, 0x84, 0x42, 0x31, 0x7C, 0x43, 0x11,
  0x7C, 0x43, 0x11, 0x7C, 0x43, 0x11, 0x7C, 0x43, 0x31, 0x7C, 0x43, 0x31, 0x7C, 0x43, 0x31, 0x7C,
  0x43, 0x31, 0x84, 0x43, 0x31, 0x84, 0x43, 0x31, 0x84, 0x42, 0x31, 0x84, 0x43, 0x11, 0x7C, 0x43,
  0x31, 0x7C, 0x43, 0x31, 0x84, 0x43, 0x31, 0x84, 0x43, 0x31, 0x84, 0x43, 0x31, 0x84, 0x43, 0x31,
  0x84, 0x43, 0x31, 0x84, 0x43, 0x11, 0x7C, 0x43, 0x11, 0x7C, 0x44, 0x11, 0x7C, 0x44, 0x11, 0x7C,
  0x44, 0x11, 0x7C, 0x43, 0x11, 0x7C, 0x43, 0x11, 0x7C, 0x43, 0x11, 0x7C, 0x43, 0x31, 0x84, 0x42,
  0x31, 0x84, 0x41, 0x52, 0x84, 0x40, 0x72, 0x8C, 0x3E, 0x93, 0x8C, 0x3C, 0x93, 0x8C, 0x3C, 0xB3,
  0x94, 0x39, 0xD4, 0x94, 0x38, 0xF4, 0x9C, 0x36, 0x35, 0xA5, 0x34, 0xF8, 0xBD, 0x30, 0x35, 0xA5,
  0x19, 0x11, 0x84, 0x0E, 0x93, 0x8C, 0x11, 0x72, 0x84, 0x0B, 0x31, 0x84, 0x10, 0xE3, 0x18, 0xDB,
  0x00, 0x00, 0xFF, 0x41, 0x08, 0xFF, 0x82, 0x10, 0xFF, 0xA3, 0x10, 0xFF, 0x82, 0x10, 0xFF, 0x82,
  0x10, 0xFF, 0x82, 0x10, 0xFF, 0x82, 0x10, 0xFF, 0xA2, 0x10, 0xFF, 0x82, 0x10, 0xFF, 0x82, 0x10,
  0xFF, 0x00, 0x00, 0xFF, 0x51, 0x8C, 0x44, 0x9A, 0xD6, 0x00, 0x39, 0xC6, 0x00, 0xDB, 0xD6, 0x00,
  0xBB, 0xD6, 0x00, 0xBB, 0xD6, 0x00, 0xBB, 0xD6, 0x00, 0x9A, 0xD6, 0x0D, 0x7A, 0xCE, 0x1F, 0x18,
  0xC6, 0x1B, 0x19, 0xC6, 0x25, 0x1D, 0xE7, 0x17, 0xCB, 0x5A, 0xAD, 0x00, 0x00, 0xFF, 0x00, 0x00,
  0xFF, 0x00, 0x00, 0xFF, 0x00, 0x00, 0xFF, 0x00, 0x00, 0xFF, 0x00, 0x00, 0xFF, 0x00, 0x00, 0xFF,
  0x00, 0x00, 0xFF, 0x21, 0x00, 0xFF, 0x00, 0x00, 0xFF, 0x00, 0x00, 0xFF, 0x61, 0x08, 0xFF, 0xAF,
  0x73, 0xE9, 0x11, 0x7C, 0xD9, 0x6F, 0x6B, 0xE2, 0x6F, 0x6B, 0xF1, 0x6F, 0x6B, 0xF3, 0x8F, 0x6B,
  0xF3, 0xAF, 0x73, 0xF3, 0xAF, 0x73, 0xF4, 0xB0, 0x73, 0xF6, 0xD0, 0x73, 0xF7, 0xF0, 0x7B, 0xF8,
  0x11, 0x7C, 0xF8, 0x11, 0x7C, 0xF8, 0x11, 0x7C, 0xF8, 0x11, 0x7C, 0xFA, 0x11, 0x7C, 0xFD, 0x11,
  0x7C, 0xFD, 0x11, 0x7C, 0xFD, 0x11, 0x7C, 0xFD, 0x11, 0x7C, 0xFE, 0xF1, 0x7B, 0xFE, 0xF1, 0x7B,
  0xFE, 0xF1, 0x7B, 0xFE, 0xF1, 0x7B, 0xFE, 0xF1, 0x7B, 0xFE, 0xF1, 0x7B, 0xFE, 0xF1, 0x7B, 0xFE,
  0x11, 0x7C, 0xFE, 0x11, 0x7C, 0xFE, 0x11, 0x7C, 0xFE, 0x11, 0x7C, 0xFE, 0x11, 0x7C, 0xFE, 0x11,
  0x7C, 0xFE, 0x11, 0x7C, 0xFE, 0x11, 0x7C, 0xFE, 0x11, 0x7C, 0xFE, 0xF1, 0x7B, 0xFE, 0xF1, 0x7B,
  0xFE, 0x11, 0x7C, 0xFE, 0x11, 0x7C, 0xFE, 0x11, 0x7C, 0xFE, 0x11, 0x7C, 0xFE, 0x11, 0x7C, 0xFE,
  0x11, 0x7C, 0xFE, 0x11, 0x7C, 0xFE, 0x11, 0x7C, 0xFE, 0x11, 0x7C, 0xFE, 0x11, 0x7C, 0xFE, 0x11,
  0x7C, 0xFE, 0x11, 0x7C, 0xFE, 0x11, 0x7C, 0xFE, 0x11, 0x7C, 0xFE, 0xF1, 0x7B, 0xFE, 0xF1, 0x7B,
  0xFE, 0xF1, 0x7B, 0xFF, 0xF0, 0x7B, 0xFF, 0xF0, 0x73, 0xFF, 0xF0, 0x73, 0xFE, 0xF0, 0x7B, 0xFE,
  0xF0, 0x73, 0xFE, 0xF0, 0x7B, 0xFE, 0xF0, 0x7B, 0xFE, 0xF0, 0x7B, 0xFD, 0xF0, 0x7B, 0xFD, 0xF0,
  0x73, 0xFB, 0xD0, 0x73, 0xFA, 0xD0, 0x73, 0xFA, 0xAF, 0x73, 0xF8, 0x8F, 0x6B, 0xF8, 0x6F, 0x6B,
  0xF6, 0x6E, 0x6B, 0xF5, 0x6F, 0x6B, 0xF3, 0x6F, 0x6B, 0xE4, 0x8F, 0x6B, 0xDD, 0x8F, 0x6B, 0xDF,
  0x4E, 0x63, 0xDE, 0xD0, 0x73, 0xDE, 0xC7, 0x31, 0xF7, 0x00, 0x00, 0xFF, 0x00, 0x00, 0xFF, 0x00,
  0x00, 0xFF, 0x20, 0x00, 0xFF, 0x00, 0x00, 0xFF, 0x00, 0x00, 0xFF, 0x00, 0x00, 0xFF, 0x00, 0x00,
  0xFF, 0x00, 0x00, 0xFF, 0x00, 0x00, 0xFF, 0x00, 0x00, 0xFF, 0xA2, 0x10, 0xF3, 0x59, 0xC6, 0x52,
  0xDC, 0xD6, 0x14, 0x79, 0xCE, 0x1B, 0x7A, 0xCE, 0x1B, 0xBB, 0xD6, 0x0C, 0xDB, 0xD6, 0x02, 0xBB,
  0xD6, 0x00, 0xBA, 0xD6, 0x44, 0x7A, 0xCE, 0x9D, 0x19, 0xC6, 0xC8, 0xD7, 0xB5, 0xE4, 0xD7, 0xB5,
  0xF1, 0x76, 0xAD, 0xDF, 0x49, 0x4A, 0xE9, 0xE4, 0x18, 0xFF, 0x04, 0x21, 0xFF, 0x04, 0x21, 0xFF,
  0xE4, 0x18, 0xFF, 0xE3, 0x18, 0xFF, 0xE4, 0x18, 0xFF, 0xC3, 0x18, 0xFF, 0x41, 0x08, 0xFF, 0x20,
  0x00, 0xFF, 0x21, 0x00, 0xFF, 0x09, 0x3A, 0xFF, 0x8B, 0x4A, 0xFF, 0x29, 0x42, 0xFF, 0x8B, 0x4A,
  0xFF, 0x6A, 0x42, 0xFF, 0x8B, 0x4A, 0xFF, 0xCC, 0x52, 0xFF, 0x0D, 0x5B, 0xFF, 0x2E, 0x63, 0xFF,
  0x4E, 0x63, 0xFF, 0x8F, 0x6B, 0xFF, 0x6E, 0x6B, 0xFF, 0x6F, 0x6B, 0xFF, 0x8F, 0x6B, 0xFF, 0xAF,
  0x6B, 0xFF, 0xD0, 0x73, 0xFF, 0xF0, 0x73, 0xFF, 0xD0, 0x73, 0xFF, 0xD0, 0x73, 0xFF, 0xD0, 0x73,
  0xFF, 0xD0, 0x73, 0xFF, 0xD0, 0x73, 0xFF, 0xD0, 0x73, 0xFF, 0xD0, 0x73, 0xFF, 0xD0, 0x73, 0xFF,
  0xD0, 0x73, 0xFF, 0xD0, 0x73, 0xFF, 0xD0, 0x73, 0xFF, 0xD0, 0x73, 0xFF, 0xD0, 0x73, 0xFF, 0xD0,
  0x73, 0xFF, 0xD0, 0x73, 0xFF, 0xD0, 0x73, 0xFF, 0xD0, 0x73, 0xFF, 0xD0, 0x73, 0xFF, 0xD0, 0x73,
  0xFF, 0xD0, 0x73, 0xFF, 0xD0, 0x73, 0xFF, 0xD0, 0x73, 0xFF, 0xD0, 0x73, 0xFF, 0xD0, 0x73, 0xFF,
  0xD0, 0x73, 0xFF, 0xD0, 0x73, 0xFF, 0xD0, 0x73, 0xFF, 0xD0, 0x73, 0xFF, 0xD0, 0x73, 0xFF, 0xD0,
  0x73, 0xFF, 0xD0, 0x73, 0xFF, 0xD0, 0x73, 0xFF, 0xD0, 0x73, 0xFF, 0xD0, 0x73, 0xFF, 0xD0, 0x73,
  0xFF, 0xD0, 0x73, 0xFF, 0xB0, 0x73, 0xFF, 0xB0, 0x73, 0xFF, 0xB0, 0x73, 0xFF, 0xAF, 0x73, 0xFF,
  0xAF, 0x6B, 0xFF, 0xAF, 0x6B, 0xFF, 0xAF, 0x6B, 0xFF, 0xAF, 0x6B, 0xFF, 0xAF, 0x6B, 0xFF, 0xAF,
  0x6B, 0xFF, 0x8F, 0x6B, 0xFF, 0x6F, 0x6B, 0xFF, 0x6F, 0x6B, 0xFF, 0xAF, 0x73, 0xFF, 0x8F, 0x6B,
  0xFF, 0x6E, 0x63, 0xFF, 0x2E, 0x63, 0xFF, 0xED, 0x5A, 0xFF, 0xCC, 0x52, 0xFF, 0x8B, 0x4A, 0xFF,
  0x8B, 0x4A, 0xFF, 0x8B, 0x4A, 0xFF, 0x4A, 0x42, 0xFF, 0x29, 0x3A, 0xFF, 0x09, 0x3A, 0xFF, 0x09,
  0x3A, 0xFF, 0xA3, 0x10, 0xFF, 0x20, 0x00, 0xFF, 0xA2, 0x10, 0xFF, 0x04, 0x21, 0xFF, 0x04, 0x21,
  0xFF, 0x04, 0x21, 0xFF, 0x24, 0x21, 0xFF, 0x25, 0x21, 0xFF, 0x25, 0x21, 0xFB, 0x24, 0x21, 0xDF,
  0x86, 0x31, 0xE0, 0x92, 0x94, 0xE0, 0x9A, 0xCE, 0xEB, 0x18, 0xC6, 0xE3, 0x59, 0xC6, 0xD6, 0x7A,
  0xCE, 0x98, 0xBB, 0xD6, 0x4F, 0xDB, 0xD6, 0x10, 0x9A, 0xD6, 0x00, 0xBB, 0xD6, 0x0C, 0x59, 0xCE,
  0x18, 0xF8, 0xBD, 0x32, 0x18, 0xBE, 0x30, 0x76, 0xAD, 0x25, 0xD8, 0xB5, 0x19, 0x97, 0xAD, 0x20,
  0x4E, 0x63, 0x3F, 0x2D, 0x63, 0x3C, 0x0D, 0x63, 0x3C, 0xCC, 0x5A, 0x3C, 0xAB, 0x52, 0x3C, 0x6A,
  0x4A, 0x39, 0x4E, 0x63, 0x3D, 0x56, 0xA5, 0x6B, 0x55, 0xA5, 0x7E, 0xF4, 0x94, 0x7B, 0x11, 0x7C,
  0x7E, 0x4E, 0x63, 0x81, 0x2D, 0x63, 0x85, 0xCC, 0x52, 0x8D, 0x0D, 0x5B, 0x8A, 0x2D, 0x63, 0x87,
  0x4E, 0x63, 0x83, 0x6F, 0x6B, 0xA7, 0xB0, 0x73, 0xB7, 0xD0, 0x73, 0xB3, 0xD0, 0x73, 0xB3, 0x72,
  0x8C, 0xB3, 0x93, 0x8C, 0xB3, 0x93, 0x8C, 0xB3, 0x92, 0x8C, 0xB3, 0x52, 0x84, 0xB5, 0x31, 0x84,
  0xB6, 0x31, 0x84, 0xB7, 0x11, 0x7C, 0xB7, 0x11, 0x7C, 0xB7, 0x11, 0x7C, 0xB7, 0x31, 0x7C, 0xB7,
  0x31, 0x7C, 0xB7, 0x31, 0x7C, 0xB7, 0x31, 0x7C, 0xB7, 0x11, 0x7C, 0xB7, 0x11, 0x7C, 0xB7, 0x11,
  0x7C, 0xB7, 0x11, 0x7C, 0xB7, 0x11, 0x7C, 0xB7, 0x31, 0x7C, 0xB7, 0x31, 0x7C, 0xB7, 0x31, 0x7C,
  0xB7, 0x31, 0x7C, 0xB7, 0x31, 0x7C, 0xB7, 0x11, 0x7C, 0xB7, 0x11, 0x7C, 0xB7, 0x11, 0x7C, 0xB7,
  0x11, 0x7C, 0xB7, 0x11, 0x7C, 0xB7, 0x11, 0x7C, 0xB7, 0x11, 0x7C, 0xB7, 0x11, 0x7C, 0xB7, 0x11,
  0x7C, 0xB7, 0x31, 0x7C, 0xB7, 0x31, 0x84, 0xB7, 0x31, 0x84, 0xB7, 0x31, 0x7C, 0xB7, 0x31, 0x7C,
  0xB7, 0x31, 0x7C, 0xB7, 0x31, 0x7C, 0xB7, 0x31, 0x7C, 0xB7, 0x11, 0x7C, 0xB7, 0x11, 0x7C, 0xB7,
  0x11, 0x7C, 0xB7, 0x11, 0x7C, 0xB7, 0x11, 0x7C, 0xB6, 0x11, 0x7C, 0xB6, 0x11, 0x7C, 0xB5, 0x11,
  0x7C, 0xB5, 0x11, 0x7C, 0xB5, 0x11, 0x7C, 0xB5, 0x31, 0x7C, 0xB5, 0x31, 0x84, 0xB4, 0x52, 0x84,
  0xB7, 0x52, 0x84, 0xA6, 0xF0, 0x7B, 0x7D, 0xF0, 0x7B, 0x7F, 0xD0, 0x73, 0x83, 0xB0, 0x73, 0x83,
  0xD0, 0x73, 0x82, 0xAF, 0x73, 0x82, 0x8F, 0x6B, 0x83, 0x8F, 0x6B, 0x83, 0x8F, 0x6B, 0x83, 0x8F,
  0x6B, 0x82, 0x8F, 0x6B, 0x81, 0xAF, 0x73, 0x7F, 0x31, 0x84, 0x7C, 0x35, 0xA5, 0x7D, 0x35, 0xA5,
  0x74, 0x8F, 0x6B, 0x45, 0x8B, 0x4A, 0x39, 0x0C, 0x5B, 0x3C, 0x0C, 0x5B, 0x3C, 0x4D, 0x63, 0x3C,
  0x6E, 0x6B, 0x3F, 0x6E, 0x6B, 0x30, 0xAF, 0x73, 0x16, 0x35, 0xA5, 0x16, 0x9B, 0xD6, 0x18, 0xD8,
  0xBD, 0x21, 0x18, 0xC6, 0x30, 0x19, 0xC6, 0x38, 0x7A, 0xCE, 0x1B, 0xBB, 0xD6, 0x12, 0xDB, 0xD6,
  0x05,
};

const lv_img_dsc_t tiltdash_back_105_alpha = {
  .header.cf = LV_IMG_CF_TRUE_COLOR_ALPHA,
  .header.always_zero = 0,
  .header.reserved = 0,
  .header.w = 115,
  .header.h = 105,
  .data_size = 36225,
  .data = tiltdash_back_105_alpha_map,
};
